timestamp,open,high,low,close,volume
1785924900000,64149.61,64242.93,64080.77,64209.03,108.28452
1785925800000,64209.04,64238.43,64180.01,64195.28,59.90756
1785926700000,64195.28,64209.26,64020,64062.23,108.88689
1785927600000,64062.23,64116.64,64058.02,64089.33,71.24053
1785928500000,64089.33,64091.5,64044.5,64076.79,63.18126
1785929400000,64076.79,64150,64060.97,64100.78,81.0347
1785930300000,64100.78,64100.79,64058,64075.28,43.13168
1785931200000,64075.28,64233.53,64050,64206,177.88877
1785932100000,64205.99,64581.43,64190,64515.81,611.13765
1785933000000,64515.81,64547.99,64389.65,64472.01,147.36774
1785933900000,64472,64472.01,64330,64332.43,101.5802
1785934800000,64332.43,64342,64105.26,64141.99,167.11642
1785935700000,64142,64212.81,64115.45,64145.19,139.87907
1785936600000,64145.2,64294,63880,64176,391.84157
1785937500000,64176,64412,64036,64407.99,323.45616
1785938400000,64407.99,64529.99,64310,64472.56,360.52372
1785939300000,64472.55,64578,64319.31,64356,308.31207
1785940200000,64355.99,64464,64300,64429.13,214.12153
1785941100000,64429.12,64536,64319.16,64476.39,164.54977
1785942000000,64476.4,64744,64453.45,64628,329.72783
1785942900000,64628,64635.55,64440.55,64505.25,345.06085
1785943800000,64505.25,64721,64505.25,64557.12,182.41505
1785944700000,64557.13,64557.13,64385.49,64388.01,129.63501
1785945600000,64388.01,64613.98,64388,64613.98,101.05159
1785946500000,64613.99,64760.99,64570.8,64747.74,209.35454
1785947400000,64747.75,64758.83,64655.07,64687.73,139.00441
1785948300000,64687.72,64687.72,64619.79,64661.99,89.52386
1785949200000,64661.99,64696.93,64590,64590.21,69.78826
1785950100000,64590.21,64616,64541.71,64605.16,69.16739
1785951000000,64605.16,64749.99,64585.37,64698,147.09991
1785951900000,64698,64804,64676.99,64770,194.01988
1785952800000,64770,64807.97,64670.01,64800.31,167.29118
1785953700000,64800.31,64813.62,64680.12,64730.77,115.05075
1785954600000,64730.77,64804.19,64678.31,64804.18,108.36252
1785955500000,64804.18,64844.99,64760.01,64799.1,118.46781
1785956400000,64799.1,64917.17,64781.79,64885.5,162.59173
1785957300000,64885.51,64930,64868,64914.99,111.86507
1785958200000,64915,64925.27,64870.88,64898.01,67.31403
1785959100000,64898.01,64936.18,64838.52,64840.28,125.21596
1785960000000,64840.27,64921.97,64806.46,64921.97,108.44176
1785960900000,64921.96,65025.22,64873.26,64982.11,280.36552
1785961800000,64982.12,64991.88,64931.69,64975.76,64.30293
1785962700000,64975.77,64991.66,64822.89,64822.89,45.27879
1785963600000,64822.88,64825.78,64702.57,64779.47,142.75622
1785964500000,64779.47,64782,64657.69,64665.92,158.49563
1785965400000,64665.92,64748.05,64665.92,64723.23,104.47948
1785966300000,64723.22,64763.77,64676,64733.13,61.64158
1785967200000,64733.13,64767.26,64648.01,64684.01,90.23379
1785968100000,64684,64730,64678.96,64729.99,56.48579
1785969000000,64730,64783.84,64684,64693.95,40.22085
1785969900000,64693.95,64716,64629.81,64636,84.13002
1785970800000,64636,64692,64579.15,64678.67,77.47985
1785971700000,64678.66,64749.99,64629.35,64699.55,120.99097
1785972600000,64699.56,64708,64665.12,64665.12,134.88154
1785973500000,64665.11,64680.01,64580.57,64665.23,227.64886
1785974400000,64665.24,64682.92,64598.72,64604.07,274.25057
1785975300000,64604.07,64711.06,64572,64686.79,101.52222
1785976200000,64686.8,64724.38,64645.71,64645.72,57.03308
1785977100000,64645.71,64695.02,64622,64644.99,44.18753
1785978000000,64644.92,64658.01,64582.55,64606.83,182.22434
1785978900000,64606.84,64609.29,64518.08,64518.08,48.32002
1785979800000,64518.09,64616.76,64498,64565.99,104.92236
1785980700000,64565.99,64659.65,64565.99,64580.07,58.47318
1785981600000,64580.08,64650.62,64533.03,64560.51,51.08683
1785982500000,64560.5,64585.2,64439.34,64527.82,150.89972
1785983400000,64527.81,64579.12,64482.14,64579.11,56.24245
1785984300000,64579.12,64598,64540.63,64579.36,174.02607
1785985200000,64579.36,64579.36,64519.08,64572,44.64841
1785986100000,64572,64572,64510.75,64541.73,44.91329
1785987000000,64541.74,64583.63,64505.13,64505.14,84.55406
1785987900000,64505.13,64543.27,64493.2,64531.03,23.87685
1785988800000,64531.03,64590.55,64496.27,64582.61,54.14763
1785989700000,64582.6,64696,64582.6,64695.92,60.34897
1785990600000,64695.93,64730,64656.9,64660,127.90229
1785991500000,64659.99,64755.72,64634.41,64734.65,111.98346
1785992400000,64734.65,64996,64730.26,64913.88,162.85888
1785993300000,64913.88,64996,64887.01,64889.99,163.57503
1785994200000,64889.99,64916.79,64851.59,64902.54,123.11013
1785995100000,64902.54,64911.89,64860.08,64908.09,65.69423
1785996000000,64908.1,64908.1,64778.06,64781.19,73.59526
1785996900000,64781.2,64828.82,64745.69,64828,46.77756
1785997800000,64828,64858.11,64813.88,64837.99,49.67963
1785998700000,64838,64860,64809.43,64860,63.24136
1785999600000,64860,64945.72,64820,64945.71,103.27328
1786000500000,64945.71,64965.66,64894.01,64903,131.59617
1786001400000,64902.99,64903,64776,64815.99,223.54812
1786002300000,64815.99,64841.93,64785.99,64809.7,221.42325
1786003200000,64809.7,64854,64763.11,64772,89.98302
1786004100000,64772,64897.5,64760,64897.5,73.67527
1786005000000,64897.5,64922.79,64867.4,64884.39,73.91347
1786005900000,64884.39,64999,64881.34,64941.99,85.93392
1786006800000,64942,64944,64750,64769.72,156.25893
1786007700000,64769.72,64841.14,64722.12,64729.65,104.11581
1786008600000,64729.65,64729.66,64630,64667.22,79.81311
1786009500000,64667.21,64697.93,64637.99,64683.62,63.896
1786010400000,64683.62,64683.62,64594.29,64602.01,68.53253
1786011300000,64602.01,64685.05,64581.21,64682,63.06464
1786012200000,64681.99,64682,64625.17,64625.18,41.13857
1786013100000,64625.17,64648.79,64608.31,64615.95,35.14736
1786014000000,64615.95,64623.48,64503.54,64574.3,99.3741
1786014900000,64574.31,64642.29,64574.3,64584.11,76.14215
1786015800000,64584.11,64661.26,64584.11,64643.63,139.2169
1786016700000,64643.64,64646,64583.78,64622.09,57.40856
1786017600000,64622.08,64637.68,64471.04,64478.06,99.93987
1786018500000,64478.06,64545.55,64450,64545.55,48.84721
1786019400000,64545.54,64592.57,64506.55,64526.55,77.96978
1786020300000,64526.56,64534.91,64381.96,64424,109.70119
1786021200000,64424.01,64436.88,64205.72,64256.27,229.57359
1786022100000,64256.26,64298,64180,64243.78,235.46306
1786023000000,64243.78,64431.09,64172,64398.01,250.50277
1786023900000,64398.01,64524.21,64382,64434.01,154.65606
1786024800000,64434.01,64556,64380.42,64468.4,184.19974
1786025700000,64468.39,64580,64420,64429.7,159.66215
1786026600000,64429.7,64833.19,64362,64810.31,266.47661
1786027500000,64810.32,64850,64682,64778,170.78874
1786028400000,64778.01,64987.26,64764,64852.33,254.2994
1786029300000,64852.33,64894,64705.42,64826,220.03707
1786030200000,64826,64873.2,64708,64754,125.46135
1786031100000,64754.01,64868.83,64624.29,64631.87,173.0362
1786032000000,64631.88,64717.99,64600,64637.99,130.5744
1786032900000,64637.99,64685.57,64592.37,64654.57,88.15026
1786033800000,64654.57,64756,64618.93,64716.8,90.31986
1786034700000,64716.8,64778,64662.18,64757.99,61.27271
1786035600000,64758,64834,64721.74,64721.74,83.58668
1786036500000,64721.73,64742.39,64680,64688.45,57.93822
1786037400000,64688.45,64715.99,64548.81,64597.72,85.86863
1786038300000,64597.73,64649.07,64582,64621.69,66.35855
1786039200000,64621.68,64621.69,64472.16,64539.98,129.83496
1786040100000,64539.99,64594,64508.01,64518.01,79.39483
1786041000000,64518.01,64520,64412.85,64420.01,77.90087
1786041900000,64420.01,64449.05,64378.67,64418.47,60.1624
1786042800000,64418.48,64464.04,64418.14,64441.52,98.34038
1786043700000,64441.53,64459.79,64392.38,64405.39,152.92824
1786044600000,64405.39,64454.96,64365,64430,95.67013
1786045500000,64430,64474.71,64400,64446,102.65482
1786046400000,64446.01,64536.32,64446,64527.68,59.56733
1786047300000,64527.68,64527.68,64444.46,64483.99,48.75526
1786048200000,64483.99,64488.26,64460.85,64461.51,51.96822
1786049100000,64461.52,64476.61,64439.7,64439.7,35.18448
1786050000000,64439.71,64499.29,64439.7,64486,73.94435
1786050900000,64486,64513.99,64450,64450.01,36.04861
1786051800000,64450,64483.45,64404.74,64456.01,111.15515
1786052700000,64456,64480,64436.83,64440.74,28.58472
1786053600000,64440.74,64450,64382.81,64435.61,71.16841
1786054500000,64435.62,64435.62,64330.4,64361.38,53.9948
1786055400000,64361.38,64386,64336.55,64336.55,47.57475
1786056300000,64336.56,64370,64336.56,64351.49,37.96871
1786057200000,64351.48,64360.01,64332.21,64337.92,35.14941
1786058100000,64337.93,64338,64224.57,64247.29,84.31453
1786059000000,64247.29,64251.7,64200,64221.98,197.24525
1786059900000,64221.98,64330,64200,64323.61,78.68756
1786060800000,64323.61,64410,64282.93,64290,82.17508
1786061700000,64290,64317.18,64230.59,64264.99,99.75581
1786062600000,64265,64337.56,64237.85,64323.92,53.6322
1786063500000,64323.91,64342.52,64261.09,64317.99,49.88922
1786064400000,64318,64448,64317.99,64363.6,92.84746
1786065300000,64363.6,64430,64314.28,64427.26,90.2866
1786066200000,64427.26,64476.78,64300,64375.99,93.09024
1786067100000,64376,64445.44,64375.99,64422.55,74.79737
1786068000000,64422.54,64435.81,64252.09,64396.79,92.19922
1786068900000,64396.8,64544,64310,64314.74,161.66389
1786069800000,64314.74,64418.14,64280,64414.72,87.32848
1786070700000,64414.71,64471.73,64396.63,64399.87,47.50289
1786071600000,64399.88,64407.73,64320.29,64336.14,46.1405
1786072500000,64336.14,64344.6,64260,64320.48,42.06558
1786073400000,64320.49,64374,64308.38,64343.33,52.51506
1786074300000,64343.33,64368,64277,64289.99,59.24189
1786075200000,64289.99,64323.6,64250.55,64308.93,38.57023
1786076100000,64308.93,64364.08,64290.07,64302.01,53.94835
1786077000000,64302,64355.2,64258,64258,49.42766
1786077900000,64258.01,64266.68,64166,64255.13,80.95125
1786078800000,64255.14,64261.21,64192.53,64252.02,60.23523
1786079700000,64252.02,64256.67,64177.62,64178,46.48758
1786080600000,64178.01,64278,64178,64276.01,51.82784
1786081500000,64276.01,64400,64256.04,64336.43,162.65531
1786082400000,64336.42,64416.45,64316.12,64413.84,59.38598
1786083300000,64413.85,64463.75,64382.05,64416.15,84.72476
1786084200000,64416.16,64426,64344.53,64353.5,84.23913
1786085100000,64353.5,64372.51,64283.91,64304.12,223.9185
1786086000000,64304.12,64371.06,64264,64338.4,100.84466
1786086900000,64338.39,64436.13,64333,64408.45,132.22285
1786087800000,64408.45,64418.14,64371.86,64371.86,73.98199
1786088700000,64371.86,64374.64,64311.35,64319.84,75.34199
1786089600000,64319.84,64385.84,64304.22,64370.65,79.90868
1786090500000,64370.65,64455.25,64370.65,64450.84,88.07804
1786091400000,64450.83,64672.1,64450.17,64632,164.89466
1786092300000,64632.01,64632.01,64580.01,64600,100.3427
1786093200000,64600,64773.12,64599.99,64733.26,124.0555
1786094100000,64733.27,64885.91,64733.26,64833.99,317.59007
1786095000000,64834,64965,64809.07,64905.62,345.04639
1786095900000,64905.62,64910,64825.32,64839.32,130.45963
1786096800000,64839.32,64872.12,64803.82,64846.96,95.57172
1786097700000,64846.97,64895.04,64802,64895.04,104.6503
1786098600000,64895.03,64916,64855.73,64863.99,98.66657
1786099500000,64864,64910.7,64861.87,64893.98,63.82767
1786100400000,64893.99,64977.85,64893.64,64963,86.48191
1786101300000,64962.99,65213.33,64934.52,65084.82,344.28376
1786102200000,65084.82,65099.99,65015.99,65026.87,150.58058
1786103100000,65026.87,65044.37,65000,65029.98,71.32816
1786104000000,65029.98,65280.6,65029.97,65213.99,237.3827
1786104900000,65214,65235.89,65055.93,65128.51,152.29176
1786105800000,65129.11,65365.6,64986.26,65160.28,562.05632
1786106700000,65160.27,65390.99,65160.27,65292.32,461.03282
1786107600000,65292.31,65330,65189.31,65223.48,195.52188
1786108500000,65223.47,65277.77,65114.67,65163.16,187.77637
1786109400000,65163.16,65328.31,65106.81,65308.35,354.42793
1786110300000,65308.35,65338,64984.68,65009.24,533.52607
1786111200000,65009.23,65041.99,64788,64830.84,309.88553
1786112100000,64830.84,65235.99,64800,65190,222.75101
1786113000000,65190,65275.03,65091.63,65100.46,253.74615
1786113900000,65100.46,65155.99,64950,64957.98,196.20302
1786114800000,64957.98,65040.84,64894.83,64966,128.28261
1786115700000,64965.99,65066,64933.82,65025.99,87.27509
1786116600000,65026,65136.17,64992.72,65020.82,120.77109
1786117500000,65020.82,65026,64910.12,64912.72,131.69911
1786118400000,64912.71,65072.31,64912.71,65045.05,111.12731
1786119300000,65045.04,65051.82,64894.83,64932.36,138.28413
1786120200000,64932.37,64971.71,64872.62,64949.64,130.70342
1786121100000,64949.63,64950.78,64814,64814,105.22138
1786122000000,64814.01,64828.82,64700,64700.39,208.26067
1786122900000,64700.39,64735.02,64582.42,64599.99,151.34069
1786123800000,64599.99,64688,64525,64679.99,151.18816
1786124700000,64680,64764.33,64660.02,64764.33,92.86764
1786125600000,64764.33,64881.13,64762,64847.99,66.40143
1786126500000,64848,64864.66,64794.68,64809.38,46.27636
1786127400000,64809.39,64839.85,64727.26,64727.27,59.75153
1786128300000,64727.26,64750.93,64676,64735.51,53.01272
1786129200000,64735.52,64872,64735.52,64839.97,73.41198
1786130100000,64839.97,64984.86,64839.97,64940.69,84.72752
1786131000000,64940.7,65039.42,64936,64972.01,148.68887
1786131900000,64972.01,65006.04,64945.37,64960.47,91.72385
1786132800000,64960.46,65053.56,64953.08,64987.45,119.58002
1786133700000,64987.45,65002,64957.5,64980.09,44.29459
1786134600000,64980.09,64980.09,64948,64956.02,33.64691
1786135500000,64956.03,64975.01,64956.02,64972,40.97499
1786136400000,64972,65020,64967.82,65001.01,52.2543
1786137300000,65001.01,65012.01,64950.97,64996.3,36.2142
1786138200000,64996.3,65102,64996.29,65024.73,67.04652
1786139100000,65024.74,65034.15,64928,64928.01,32.06904
1786140000000,64928.02,64932.08,64900.86,64932.08,44.21509
1786140900000,64932.07,64947.7,64909.55,64924.97,82.56863
1786141800000,64924.96,64924.97,64846,64877.29,66.56001
1786142700000,64877.28,64921.53,64877.28,64888,110.77106
1786143600000,64888,64890.14,64883.78,64890.02,47.33052
1786144500000,64890.02,64890.02,64869.99,64888.7,108.97557
1786145400000,64888.7,64901.2,64886.01,64901.2,68.14659
1786146300000,64901.2,64923.2,64901.19,64923.19,35.47773
1786147200000,64923.2,64954,64900.14,64901,89.19936
1786148100000,64901.01,64901.01,64784.19,64881.78,134.07796
1786149000000,64881.78,64900.9,64870.27,64900.89,127.52962
1786149900000,64900.9,64929.01,64899.78,64929.01,81.78776
1786150800000,64929.01,64965,64910.01,64957.15,147.06616
1786151700000,64957.16,64957.16,64908.97,64908.97,32.72131
1786152600000,64908.98,64940.25,64908.97,64935,50.89645
1786153500000,64934.99,64934.99,64909.55,64911.79,52.43911
1786154400000,64911.8,64913.39,64894.49,64904.4,76.5414
1786155300000,64904.39,64929.94,64901.09,64929.94,58.80643
1786156200000,64929.94,64957.47,64911.68,64922.46,138.56211
1786157100000,64922.45,64930.13,64918.27,64923.97,43.55117
1786158000000,64923.98,64950.03,64918.28,64932.87,97.80613
1786158900000,64932.87,65046.24,64932.86,65030.01,80.35453
1786159800000,65030,65074.18,65007.49,65015.61,73.34732
1786160700000,65015.6,65033.14,65000,65033,25.88444
1786161600000,65033,65067.73,64971.18,64981.6,62.83288
1786162500000,64981.61,65001.46,64976,65001.45,25.41162
1786163400000,65001.45,65071.15,65000,65038.66,63.69771
1786164300000,65038.67,65038.67,65000.52,65013.58,47.89393
1786165200000,65013.58,65013.58,64994,64994.01,39.62639
1786166100000,64994.01,65018.64,64994,65018.63,19.14345
1786167000000,65018.63,65018.64,65012.29,65017.72,21.8407
1786167900000,65017.72,65017.74,64976,64995.39,38.30275
1786168800000,64995.39,65000.49,64980.25,64980.26,17.81343
1786169700000,64980.25,64985.75,64967.67,64967.99,72.89008
1786170600000,64968,64990.02,64959.81,64990.02,112.63161
1786171500000,64990.01,65014,64990.01,65006.61,95.02162
1786172400000,65006.61,65006.61,64994.22,64994.23,49.44768
1786173300000,64994.23,64995.95,64989.57,64995.94,33.02076
1786174200000,64995.94,64995.95,64951.34,64954.1,66.82657
1786175100000,64954.11,64960,64952.69,64960,19.73878
1786176000000,64959.99,64966,64948.56,64965.99,30.65661
1786176900000,64966,64976,64963.07,64975.99,29.18364
1786177800000,64976,65020.5,64975.99,65015.54,59.34168
1786178700000,65015.53,65015.54,64991.68,64993.87,31.62244
1786179600000,64993.88,65007.42,64993.87,65007.42,65.86727
1786180500000,65007.41,65022.88,65007.41,65020.32,78.06728
1786181400000,65020.32,65050,65007.62,65012.55,116.29372
1786182300000,65012.56,65013.88,64992.98,64994.31,43.30749
1786183200000,64994.31,65008.93,64994.31,64996.77,33.77687
1786184100000,64996.78,65021.17,64996.77,65021.16,17.4454
1786185000000,65021.16,65022.43,65010,65010.01,40.97959
1786185900000,65010.01,65012.12,65005.87,65005.87,52.10667
1786186800000,65005.88,65024.1,65001.45,65018.79,59.27079
1786187700000,65018.79,65018.8,64973.97,64973.98,44.93095
1786188600000,64973.98,64973.98,64970,64970,31.53726
1786189500000,64970.01,64970.01,64957,64967.35,42.42246
1786190400000,64967.36,65007.72,64924,65007.72,71.11676
1786191300000,65007.72,65050.55,64974.09,64974.1,64.79753
1786192200000,64974.1,65023.06,64974.1,65005.82,45.23064
1786193100000,65005.82,65026,65005.81,65008.34,53.30584
1786194000000,65008.33,65017.85,65001.07,65005.45,62.8841
1786194900000,65005.45,65018,65005.45,65018,23.04433
1786195800000,65017.99,65018,65006,65008.3,40.21071
1786196700000,65008.29,65015.28,65000,65015.27,61.71835
1786197600000,65015.27,65058.69,65015.27,65058.69,28.66239
1786198500000,65058.69,65156.59,65045.3,65136.69,164.54576
1786199400000,65136.7,65192.54,65116.3,65116.3,99.51785
1786200300000,65116.31,65180,65116.3,65129.02,63.63329
1786201200000,65129.01,65149.57,65097.75,65105.44,61.75923
1786202100000,65105.43,65105.44,65078.08,65092.72,51.71913
1786203000000,65092.72,65092.73,65061.31,65061.31,26.14228
1786203900000,65061.32,65093.82,65061.31,65080.82,46.96416
1786204800000,65080.83,65116.82,65080.82,65087.02,23.60296
1786205700000,65087.03,65088.01,65080,65080.01,33.53534
1786206600000,65080.01,65080.01,65039,65060.85,38.24117
1786207500000,65060.85,65087.75,65060.85,65086.45,33.45582
1786208400000,65086.46,65132.57,65075.46,65118.13,69.56453
1786209300000,65118.13,65122,65104.6,65108.01,46.85201
1786210200000,65108.01,65150,65108,65122.18,36.98652
1786211100000,65122.18,65122.2,65109.09,65119.75,34.3229
1786212000000,65119.75,65119.75,65101.6,65101.6,59.77179
1786212900000,65101.61,65101.61,65025.54,65038.2,57.31559
1786213800000,65038.2,65057.07,65038.19,65048.17,22.1307
1786214700000,65048.17,65052,65044.07,65044.07,29.30205
1786215600000,65044.08,65044.08,65021,65021,24.85481
1786216500000,65021.01,65021.01,65018.99,65019,44.68885
1786217400000,65018.99,65044.01,65017.39,65044,60.84027
1786218300000,65044.01,65093.7,65044,65075.41,75.01341
1786219200000,65075.4,65076.45,65068.64,65076.45,33.89391
1786220100000,65076.44,65082.28,65060,65060,14.64563
1786221000000,65060,65078,65060,65073.92,32.92765
1786221900000,65073.93,65100.61,65060.72,65082.41,300.85016
1786222800000,65082.42,65082.42,65046.5,65046.5,39.09144
1786223700000,65046.5,65049.12,65032.41,65032.41,79.13292
1786224600000,65032.41,65065,65032.41,65057.55,65.68637
1786225500000,65057.56,65058,65000.53,65012.96,32.62056
1786226400000,65012.95,65038,65000,65000,108.08975
1786227300000,65000.01,65015.01,64993.5,64993.51,109.23497
1786228200000,64993.5,64999.29,64963.85,64977.51,144.65994
1786229100000,64977.51,64977.52,64948.17,64950.61,65.31916
1786230000000,64950.62,64950.62,64936.01,64936.01,32.50125
1786230900000,64936.01,64970,64936.01,64938.01,71.49356
1786231800000,64938,64975.99,64938,64970.7,41.00052
1786232700000,64970.71,64974.76,64951.25,64962.6,59.74278
1786233600000,64962.6,64969.5,64960.27,64960.27,65.06166
1786234500000,64960.27,64969.49,64958.17,64969.49,34.97143
1786235400000,64969.49,64991.93,64969.48,64977.1,30.22852
1786236300000,64977.11,64980.72,64965.67,64973.65,83.79092
1786237200000,64973.65,65002,64972.1,64983.49,42.76039
1786238100000,64983.49,64985.29,64863.03,64863.03,101.01423
1786239000000,64863.03,64891.39,64858,64889.67,38.21614
1786239900000,64889.68,64889.68,64838.33,64861.46,148.75517
1786240800000,64861.46,64863.16,64809.73,64858.58,55.35389
1786241700000,64858.58,64858.59,64840.69,64842.61,58.00733
1786242600000,64842.61,64845.23,64777.99,64777.99,108.05391
1786243500000,64777.92,64820.01,64777.92,64820.01,33.98539
1786244400000,64820.01,64820.01,64732.01,64732.01,38.2452
1786245300000,64732.01,64784.16,64730.08,64780,54.51556
1786246200000,64779.99,64802.8,64774.76,64800.18,39.11717
1786247100000,64800.19,64800.19,64788.79,64788.8,21.87983
1786248000000,64788.8,64816.85,64788.79,64816.85,27.49561
1786248900000,64816.85,64826.13,64809.01,64826.01,53.84163
1786249800000,64826,64826.01,64809.95,64809.96,40.99739
1786250700000,64809.95,64809.96,64785,64785,33.98309
1786251600000,64785.01,64786.3,64785,64786.29,62.3279
1786252500000,64786.29,64793.01,64786,64790.84,62.87596
1786253400000,64790.85,64790.85,64786,64786.01,44.45774
1786254300000,64786,64801.58,64777,64801.58,24.73146
1786255200000,64801.57,64815.45,64801.57,64815.45,86.50613
1786256100000,64815.44,64845.98,64815.44,64841.2,25.53436
1786257000000,64841.19,64867.11,64841.19,64867.1,39.55604
1786257900000,64867.11,64867.11,64849.99,64849.99,64.76876
1786258800000,64850,64860.01,64848.34,64853.56,114.04696
1786259700000,64853.57,64856,64840.85,64840.85,64.78082
1786260600000,64840.86,64842.7,64829.99,64840.75,92.42294
1786261500000,64840.76,64840.76,64826.14,64826.14,67.13792
1786262400000,64826.15,64960.06,64826.14,64922.67,144.20652
1786263300000,64922.67,64933.7,64886.81,64886.82,70.5355
1786264200000,64886.82,64893.83,64792.1,64792.11,59.67784
1786265100000,64792.1,64824.17,64792.1,64824.16,54.51548
1786266000000,64824.17,64830.69,64824.16,64824.17,24.22615
1786266900000,64824.18,64831.27,64809.68,64809.69,39.38395
1786267800000,64809.69,64814.56,64809.68,64814.56,28.62553
1786268700000,64814.56,64877.86,64814.53,64877.85,56.98561
1786269600000,64877.86,64951.26,64877.85,64950.99,48.43779
1786270500000,64951,64994.07,64944.45,64970.37,78.33907
1786271400000,64970.37,64973.93,64942,64944,54.71086
1786272300000,64944.01,64977.22,64944,64959.86,68.00126
1786273200000,64959.87,64978.01,64959.86,64975.99,30.29509
1786274100000,64975.99,64978.01,64975.99,64978,10.25646
1786275000000,64978,64994.92,64978,64990.46,36.92607
1786275900000,64990.46,65000,64950,64950,73.29459
1786276800000,64950.01,64950.01,64914.73,64937.58,52.93713
1786277700000,64937.59,64949.99,64937.58,64942,49.8153
1786278600000,64942,64942,64938.5,64938.52,15.72765
1786279500000,64938.52,64962.41,64938.52,64960.11,48.40567
1786280400000,64960.12,65032.51,64960.11,65017.89,35.9413
1786281300000,65017.9,65088,65017.89,65087.99,56.0991
1786282200000,65088,65266,65087.99,65219.79,254.61021
1786283100000,65219.8,65222,65197.48,65219.78,60.25525
1786284000000,65219.78,65239.26,65198,65237.79,69.34945
1786284900000,65237.8,65237.8,65160.49,65184.99,60.8417
1786285800000,65184.99,65222,65150.95,65167.64,86.9166
1786286700000,65167.64,65300,65167.64,65260.01,63.69975
1786287600000,65260.01,65264,65214,65250.7,138.52895
1786288500000,65250.7,65250.7,65229.39,65236,148.31892
1786289400000,65236,65236.01,65226.25,65226.26,37.3997
1786290300000,65226.25,65238,65226.25,65228.68,39.93883
1786291200000,65228.68,65266.06,65220,65233.54,74.512
1786292100000,65233.55,65243.88,65182.36,65195.71,59.28416
1786293000000,65195.71,65258.68,65195.71,65255.99,74.25508
1786293900000,65255.98,65255.99,65232.14,65232.14,81.36158
1786294800000,65232.15,65232.16,65222,65222,44.95714
1786295700000,65222,65239.18,65222,65239.15,41.9196
1786296600000,65239.16,65239.16,65229.22,65229.22,23.09635
1786297500000,65229.23,65229.23,65198.68,65198.68,20.0779
1786298400000,65198.68,65203.51,65198.68,65203.5,24.86679
1786299300000,65203.51,65213.78,65192,65213.78,24.41551
1786300200000,65213.78,65220,65213.78,65220,10.9543
1786301100000,65220,65220,65199.68,65199.68,22.98339
1786302000000,65199.69,65199.99,65190.26,65199.99,57.68082
1786302900000,65199.98,65210,65198.87,65208.28,69.19416
1786303800000,65208.27,65208.28,65197.94,65197.94,46.71164
1786304700000,65197.94,65197.94,65179.72,65180.66,84.04458
1786305600000,65180.66,65181.99,65046.25,65073.3,197.05171
1786306500000,65073.3,65149.34,65073.29,65127.73,123.65381
1786307400000,65127.73,65163.31,65127.73,65139.96,86.77377
1786308300000,65139.96,65139.96,65127.53,65137.96,58.51825
1786309200000,65137.96,65137.98,65126,65126,87.13496
1786310100000,65126,65141.89,65115.05,65133.46,127.44248
1786311000000,65133.47,65250,65133.46,65222.95,219.46638
1786311900000,65222.96,65223.76,65184.38,65192.99,51.27853
1786312800000,65192.99,65474.46,65192.99,65408.05,434.64401
1786313700000,65408.05,65443.27,65212.15,65230.62,186.0751
1786314600000,65230.62,65243.9,64971.41,65029.69,245.56397
1786315500000,65029.7,65099.59,64971.5,65077.13,75.27013
1786316400000,65077.13,65108,64989,65022,83.31855
1786317300000,65022,65052,64901,64915.85,94.48115
1786318200000,64915.84,64940.16,64851.01,64903.04,169.41398
1786319100000,64903.04,64930,64842.59,64901.59,74.20955
1786320000000,64901.59,65322.58,64846.69,65144.67,221.23192
1786320900000,65144.66,65169.78,64980.59,65006.01,130.50636
1786321800000,65006,65045.65,64826.78,64838,130.59077
1786322700000,64838,65040.61,64838,64968.01,74.1202
1786323600000,64968.21,65030,64900.79,65001.38,68.9855
1786324500000,65001.39,65070,65001.38,65008.01,48.32257
1786325400000,65008,65013.74,64900,64970.71,69.90152
1786326300000,64970.7,65391.14,64970.7,65189.99,223.05189
1786327200000,65190,65205.84,65078,65103.37,173.32611
1786328100000,65103.38,65103.38,64903.54,64955.78,106.33766
1786329000000,64955.78,65220,64955.78,65200.48,82.31983
1786329900000,65200.22,65200.22,65078.01,65099.99,70.7296
1786330800000,65099.99,65104.73,64962.79,64962.8,89.8858
1786331700000,64962.8,65172,64904.99,65028.95,96.55382
1786332600000,65028.94,65095.62,65004.75,65024.81,67.67867
1786333500000,65024.82,65059.77,64957.01,64982.01,81.5122
1786334400000,64982,65072,64960.01,65071.99,52.51353
1786335300000,65071.99,65100,65025.53,65025.54,109.12164
1786336200000,65025.53,65037.03,64924,65009.33,139.84948
1786337100000,65009.34,65052.99,64982.25,65006.73,32.00848
1786338000000,65006.74,65052.99,64979.88,64987.59,82.75752
1786338900000,64987.6,65064,64987.6,65041.17,98.77314
1786339800000,65041.18,65083.8,65028,65083.59,24.46611
1786340700000,65083.6,65159.25,65054.75,65134,93.63926
1786341600000,65134,65281.54,65130.01,65200.99,114.96058
1786342500000,65200.98,65237.94,65150,65167.99,76.4199
1786343400000,65168,65270,65167.99,65245.64,130.86059
1786344300000,65245.65,65339.7,65241.92,65299.4,111.69554
1786345200000,65299.4,65307.28,65258.98,65266.01,57.49581
1786346100000,65266,65334.34,65232.58,65323.6,81.64685
1786347000000,65323.6,65379.13,65312.01,65326.46,255.37658
1786347900000,65326.45,65332,65196.53,65202.73,159.49263
1786348800000,65202.72,65309.09,65202.72,65262.15,83.93622
1786349700000,65262.16,65328.73,65230,65289.28,91.6129
1786350600000,65289.29,65300,65192,65224.79,89.76189
1786351500000,65224.8,65266.8,65212,65245.58,51.50055
1786352400000,65245.59,65245.59,65186,65224.01,65.16937
1786353300000,65224,65224.01,65162,65164.62,48.49952
1786354200000,65164.61,65164.61,65040.43,65052.58,94.38818
1786355100000,65052.58,65052.58,64958.87,64967.24,181.28902
1786356000000,64967.25,65074.61,64967.24,65043.6,72.77537
1786356900000,65043.61,65064.9,65001.04,65017.08,107.65857
1786357800000,65017.08,65056.14,64999.97,65002.61,150.67128
1786358700000,65002.62,65053.88,65002.61,65013.06,97.39088
1786359600000,65013.07,65033.81,64977.93,65011.37,50.07603
1786360500000,65011.37,65090,65011.36,65079.72,40.58103
1786361400000,65079.72,65099.09,65059.12,65061.6,38.32679
1786362300000,65061.6,65130.16,65061.6,65125.98,31.35345
1786363200000,65125.99,65237.8,65106,65126,113.49348
1786364100000,65126.01,65126.01,65041.45,65055,114.80616
1786365000000,65055,65056.8,64911.18,65018,188.90806
1786365900000,65018,65018,64850,64870.75,178.91617
1786366800000,64870.74,64912.32,64848.38,64884.16,140.36
1786367700000,64884.15,64973.72,64883.52,64929.45,185.21561
1786368600000,64929.46,64940.31,64607.26,64646.01,648.13588
1786369500000,64646,64685.84,64518.01,64561.98,323.5309
1786370400000,64561.98,64753.6,64544.01,64752,285.94444
1786371300000,64752,64829.74,64715.7,64786.01,134.64798
1786372200000,64786,64888.32,64759.95,64828.55,108.47018
1786373100000,64828.56,64861.67,64608,64625.77,121.23554
1786374000000,64625.77,64711.43,64534,64562,160.03429
1786374900000,64562,64639.79,64310,64396,391.31406
1786375800000,64396,64413.46,64239.22,64338.64,250.56939
1786376700000,64338.65,64357.41,64203.15,64299.99,294.42217
1786377600000,64299.99,64354,64196.01,64218.01,296.0051
1786378500000,64218,64218.01,63988,64123.63,485.07389
1786379400000,64123.62,64180.71,63949.99,63966,312.19083
1786380300000,63966,63972.29,63830.57,63904.65,404.79943
1786381200000,63904.65,64014,63832,63996,365.57559
1786382100000,63996.01,64004.87,63923.07,63923.08,275.03651
1786383000000,63923.07,64027.12,63903.98,63949.62,292.46862
1786383900000,63949.61,63976,63876,63953.04,357.47346
1786384800000,63953.04,64020.64,63895.49,63938.06,278.26703
1786385700000,63938.05,64003.8,63881.75,63900.13,215.30482
1786386600000,63900.13,63931.18,63806.27,63888,307.66376
1786387500000,63888,63928,63843.98,63889.39,142.82977
1786388400000,63889.39,63932,63888.01,63927.28,132.00251
1786389300000,63927.27,64025.88,63906.15,64025.87,134.0484
1786390200000,64025.88,64101.34,63931.07,64031.35,176.68757
1786391100000,64031.36,64049.15,63986.23,64045.7,100.52436
1786392000000,64045.7,64089.97,64023.06,64051.99,74.12558
1786392900000,64051.99,64122.75,64046.76,64122.75,87.22344
1786393800000,64122.75,64215.21,64106,64176.35,77.70377
1786394700000,64176.34,64176.35,64140.59,64158.5,47.28956
1786395600000,64158.49,64158.5,64094,64113.83,52.86551
1786396500000,64113.83,64119.03,64072.72,64117.16,52.92505
1786397400000,64117.17,64119.03,64033.25,64040.81,65.53084
1786398300000,64040.81,64045.86,63987,63987,68.36247
1786399200000,63987,64045.42,63960,64040.65,100.68594
1786400100000,64040.66,64055.95,64010,64014.51,39.6011
1786401000000,64014.51,64014.52,63944,63986,57.48512
1786401900000,63986,64016,63985.99,64016,19.19511
1786402800000,64015.99,64020,63980.69,63984,67.00748
1786403700000,63984.01,63998.45,63948.54,63993.01,97.92487
1786404600000,63993.01,63993.01,63920.69,63968,95.29851
1786405500000,63968,63984.86,63947.25,63970.01,68.10535
1786406400000,63970.01,63995.01,63895.64,63995.01,267.94368
1786407300000,63995,63999.99,63926,63986.18,212.45408
1786408200000,63986.19,64006.03,63947.8,63973.99,117.09118
1786409100000,63974,64058,63974,64040,92.77932
1786410000000,64040.01,64079.88,63986,64061.88,64.80108
1786410900000,64061.89,64080.1,63980.51,64076.23,190.3862
1786411800000,64076.23,64076.23,63958.2,63991.26,46.78653
1786412700000,63991.27,64073.32,63987.02,64060.8,53.10131
1786413600000,64060.8,64086,64030,64030,165.81899
1786414500000,64030,64070,64030,64054.54,31.54241
1786415400000,64054.53,64055.72,64032.02,64045.04,32.37757
1786416300000,64045.04,64052.96,64035.28,64044.59,33.50572
1786417200000,64044.6,64102,64044.59,64100.8,57.94874
1786418100000,64100.8,64176,64100.79,64138,78.37404
1786419000000,64138.01,64160.01,64129.91,64129.92,51.488
1786419900000,64129.93,64155.01,64119.96,64155.01,336.32435
1786420800000,64155,64159.65,64119.99,64120,126.62952
1786421700000,64119.99,64132,64106,64108.57,76.41081
1786422600000,64108.58,64110.19,64100.34,64100.34,18.43224
1786423500000,64100.35,64102.45,64021.02,64023.51,138.69992
1786424400000,64023.51,64051.93,64002,64046.81,38.33594
1786425300000,64046.8,64051.59,63964,63972.86,72.42604
1786426200000,63972.87,64041.88,63972.85,64036,38.78518
1786427100000,64036,64042.26,64000,64000,67.76531
1786428000000,64000,64050.43,63975,64034.72,57.50954
1786428900000,64034.72,64034.72,63936,63936,65.42223
1786429800000,63936,63968.41,63910,63920,278.18567
1786430700000,63919.99,63969.29,63852,63969.28,280.7597
1786431600000,63969.29,64010.73,63969.28,63970.22,59.10269
1786432500000,63970.22,63970.23,63911.09,63913.1,72.60797
1786433400000,63913.1,64087.7,63913.09,64073.26,130.33719
1786434300000,64073.26,64108,64047.99,64065.99,118.78258
1786435200000,64066,64110.82,64048.99,64048.99,50.22197
1786436100000,64049,64085.19,64044.72,64060.01,34.49481
1786437000000,64060.01,64118,64060,64117.99,42.24038
1786437900000,64117.99,64148.78,64096.01,64136.41,41.70323
1786438800000,64136.41,64160,64121.51,64129.98,130.11736
1786439700000,64129.98,64200,64129.98,64190,85.52313
1786440600000,64190.01,64246.97,64180.6,64243.13,124.22079
1786441500000,64243.13,64300,64243.13,64300,113.37875
1786442400000,64300,64312.7,64244,64244,112.07981
1786443300000,64244,64312.46,64200,64307.23,88.92306
1786444200000,64307.23,64312,64258.61,64275.98,104.33027
1786445100000,64275.99,64275.99,64219.62,64233.23,102.78722
1786446000000,64233.23,64390.48,64233.23,64358.48,228.50303
1786446900000,64358.48,64364.68,64339.99,64340.32,52.79131
1786447800000,64340.33,64349.51,64333.46,64340,52.32662
1786448700000,64340,64400,64330,64389.57,204.47686
1786449600000,64389.58,64515.43,64380,64475.58,231.88602
1786450500000,64475.59,64475.59,64294.07,64324.7,194.7674
1786451400000,64324.69,64383.87,64319.08,64328.89,121.52841
1786452300000,64328.88,64338.6,64274.57,64330.01,166.25382
1786453200000,64330,64368.42,64278.61,64319.62,121.45112
1786454100000,64319.61,64327.41,64174,64199.57,175.41014
1786455000000,64199.57,64240,64050,64169.73,539.29973
1786455900000,64169.73,64216,64051,64200.28,554.58691
1786456800000,64200.29,64230,64116,64219.62,141.53256
1786457700000,64219.63,64263.83,63918.01,64026.67,207.26005
1786458600000,64026.66,64062,63898.29,63957.64,243.31187
1786459500000,63958,64005.29,63714.75,63770.03,392.91865
1786460400000,63770.03,63864.36,63730,63782,249.42243
1786461300000,63782,63868,63710.01,63866.53,295.19261
1786462200000,63866.52,63866.52,63451,63564,548.77001
1786463100000,63564,63635.1,63475,63609.87,193.18732
1786464000000,63609.86,63660,63542.22,63602,245.0785
1786464900000,63602.01,63648,63579.97,63594.05,207.3992
1786465800000,63594.05,63619.15,63491.83,63493.14,138.33519
1786466700000,63493.15,63545.29,63459.54,63512.59,150.0146
1786467600000,63512.59,63536.85,63461.88,63508.01,106.45617
1786468500000,63508.01,63606.39,63492,63575.51,127.29867
1786469400000,63575.51,63588.51,63522.3,63554,128.95726
1786470300000,63554,63632.94,63536.01,63607.88,120.13028
1786471200000,63607.87,63626.03,63550,63589.98,115.35816
1786472100000,63589.98,63603.47,63475.2,63475.66,94.2259
1786473000000,63475.67,63506.68,63251.59,63307.68,414.71328
1786473900000,63307.67,63387.82,63306.49,63373.07,124.72173
1786474800000,63373.07,63380,63238,63248.54,147.80674
1786475700000,63248.53,63384.69,63248.53,63355.1,96.70257
1786476600000,63355.1,63460.47,63355.1,63453.69,99.71459
1786477500000,63453.69,63536,63388.51,63536,107.82389
1786478400000,63536,63715.78,63536,63673.28,149.83462
1786479300000,63673.27,63675.99,63610.51,63675.99,46.42957
1786480200000,63676,63748.21,63657.26,63678,68.76915
1786481100000,63678.01,63748.37,63678,63740,56.52386
1786482000000,63740,63753.34,63732.36,63735.29,62.05575
1786482900000,63735.29,63768.58,63653.75,63671.6,99.19535
1786483800000,63671.61,63689.05,63622,63666.78,77.9652
1786484700000,63666.78,63691.3,63648.36,63672.73,30.2007
1786485600000,63672.73,63768,63672.72,63736,71.25337
1786486500000,63736.01,63763.94,63703.07,63720.28,78.64126
1786487400000,63720.28,63730.01,63655,63655.01,62.93896
1786488300000,63655,63675.59,63626.25,63668.49,40.44576
1786489200000,63668.5,63668.5,63565.21,63580.01,37.54566
1786490100000,63580,63614.72,63543.55,63593.17,61.78777
1786491000000,63593.17,63639.85,63582,63639.84,71.49458
1786491900000,63639.85,63650,63600,63600,34.00081
1786492800000,63600.01,63607.58,63534.01,63607.57,93.82599
1786493700000,63607.57,63698,63578,63666.91,58.83592
1786494600000,63666.91,63721.06,63666.91,63718,56.64688
1786495500000,63718,63745.53,63717.99,63742.07,38.11218
1786496400000,63742.07,63784.34,63713.4,63784.33,87.94401
1786497300000,63784.34,63784.34,63742,63752.19,69.6662
1786498200000,63752.18,63820.58,63698.18,63820.58,48.44348
1786499100000,63820.58,63855.5,63789.99,63813.8,293.86989
1786500000000,63813.8,63879.99,63813.8,63851.84,195.40241
1786500900000,63851.84,63898.3,63782.41,63898.29,318.82149
1786501800000,63898.3,63908.01,63764.29,63778.48,56.6054
1786502700000,63778.47,63783.1,63730.72,63749.76,41.46202
1786503600000,63749.77,63798,63709.85,63713.08,215.63747
1786504500000,63713.08,63779.17,63709.85,63756.58,82.45341
1786505400000,63756.57,63845.91,63738.08,63814.79,73.76676
1786506300000,63814.79,63844.79,63780,63835.59,166.9961
1786507200000,63835.58,63840.37,63768,63785.62,33.44516
1786508100000,63785.63,63891.42,63785.62,63796.81,115.82729
1786509000000,63796.8,63796.8,63739.99,63771.13,47.79206
1786509900000,63771.12,63830,63749.99,63769.58,371.2948
1786510800000,63769.58,63816.98,63724.25,63816.98,42.92775
1786511700000,63816.98,63838.53,63814.76,63838.53,58.65749
1786512600000,63838.53,63869.56,63824.72,63852.62,219.08761
1786513500000,63852.63,63865.01,63821.44,63849.94,219.79275
1786514400000,63849.94,63849.94,63709.58,63709.58,151.13653
1786515300000,63709.58,63754,63622.26,63636.95,153.05352
1786516200000,63636.94,63678,63606.15,63653.77,118.91939
1786517100000,63653.77,63711.97,63630.88,63711.97,140.17761
1786518000000,63711.97,63799.15,63710,63760.57,124.06137
1786518900000,63760.57,63760.57,63729.25,63736.01,94.13094
1786519800000,63736.01,63772.82,63685.13,63700.97,138.4613
1786520700000,63700.97,63838,63644.1,63837.99,101.77675
1786521600000,63838,63867.2,63784.01,63791.77,113.47775
1786522500000,63791.77,63836,63791.76,63824.47,102.26529
1786523400000,63824.47,63824.47,63773.98,63779.37,39.85788
1786524300000,63779.37,63824.13,63779.36,63794.94,47.51867
1786525200000,63794.95,63862.29,63768.01,63856,43.5501
1786526100000,63856,64002,63855.99,63983.99,206.17201
1786527000000,63983.99,64088,63983.99,64042.55,138.32758
1786527900000,64042.55,64130.47,64034,64108.81,165.48017
1786528800000,64108.82,64218,64102.4,64123.63,482.53499
1786529700000,64123.64,64133.61,64059.99,64068,335.60202
1786530600000,64068,64160.89,64068,64146,80.8093
1786531500000,64146,64156.13,64080.01,64143.36,97.19127
1786532400000,64143.36,64213.68,64113.5,64136.47,59.29536
1786533300000,64136.47,64208,64130,64200.01,192.04592
1786534200000,64200,64218,64160,64196.58,89.50462
1786535100000,64196.58,64249.5,64195,64240.04,73.45841
1786536000000,64240.04,64319.32,64215,64265.67,167.78172
1786536900000,64265.67,64444,64262.5,64412,363.25121
1786537800000,64412,64500,64047.82,64097.99,600.84881
1786538700000,64097.99,64183.66,63976.37,64119.71,165.17773
1786539600000,64119.72,64159.36,63939.4,63984,136.94965
1786540500000,63983.99,64044,63912.36,63960,124.32446
1786541400000,63960,64014.96,63868,63983.15,239.42146
1786542300000,63983.14,64070.28,63840,63840,226.74541
1786543200000,63840,63926.13,63600,63792.12,320.76522
1786544100000,63792.12,63832,63649.99,63658.01,203.60958
1786545000000,63658,63695.07,63528.86,63608,319.07903
1786545900000,63608,63639.37,63362.74,63363.39,320.43045
1786546800000,63363.39,63528.63,63316,63500.01,304.55791
1786547700000,63500.01,63544,63438.96,63501.37,159.7543
1786548600000,63501.38,63570.01,63401,63530,168.11613
1786549500000,63530.01,63560.75,63419.23,63441.47,138.62728
1786550400000,63441.48,63500,63368.35,63476.06,236.78667
1786551300000,63476.06,63571.78,63466,63564.59,130.16972
1786552200000,63564.59,63578,63510,63520.39,61.39853
1786553100000,63520.39,63520.39,63468,63492.12,59.43727
1786554000000,63492.12,63541.99,63476.25,63540.73,105.73472
1786554900000,63540.72,63556,63426.36,63447.4,77.18268
1786555800000,63447.4,63504,63416.4,63476.01,56.83017
1786556700000,63476.01,63541.22,63455.03,63471,52.6202
1786557600000,63470.99,63504.15,63422.77,63474.8,84.16198
1786558500000,63474.8,63474.8,63380,63435.69,168.61288
1786559400000,63435.69,63522.56,63415.82,63443.01,71.55314
1786560300000,63443.02,63443.02,63373.97,63386.59,72.59457
1786561200000,63386.58,63431.94,63386.15,63386.16,94.71815
1786562100000,63386.16,63465.13,63310.34,63380.38,125.31809
1786563000000,63380.37,63402,63340.32,63340.32,68.62197
1786563900000,63340.32,63429.83,63322.52,63421.11,92.87492
1786564800000,63421.11,63514.57,63421.11,63462.4,69.47621
1786565700000,63462.4,63517.35,63427.08,63506.82,91.14498
1786566600000,63506.82,63570.01,63506.82,63546.01,74.05103
1786567500000,63546,63600,63528.57,63599.99,72.58977
1786568400000,63600,63661.24,63558.6,63584.63,77.66036
1786569300000,63584.62,63595.81,63468,63485.18,62.93155
1786570200000,63485.18,63544,63421.61,63535.27,67.7026
1786571100000,63535.27,63580,63456.58,63469.83,59.28194
1786572000000,63469.84,63536,63425.08,63496.82,69.60497
1786572900000,63496.82,63532,63485.33,63490.35,34.67227
1786573800000,63490.34,63494.69,63370,63406.2,97.19227
1786574700000,63406.2,63438,63396.01,63432.28,38.53945
1786575600000,63432.28,63439.99,63383.54,63413.13,77.67634
1786576500000,63413.14,63444.36,63378.23,63430.51,345.03131
1786577400000,63430.51,63482.89,63389.99,63416.97,508.7452
1786578300000,63416.96,63482.89,63406.67,63479.99,66.58869
1786579200000,63479.99,63602.96,63460.32,63602.96,94.81693
1786580100000,63602.96,63717.31,63584.76,63626.66,174.59962
1786581000000,63626.19,63626.19,63504.59,63515.71,56.99385
1786581900000,63515.71,63602,63501.36,63556.92,80.35969
1786582800000,63556.91,63631.67,63519.89,63631.66,56.32864
1786583700000,63631.66,63631.67,63400,63416.37,106.82363
1786584600000,63416.37,63539.95,63407.67,63412.36,65.20294
1786585500000,63412.35,63516,63382.45,63456.11,89.52923
1786586400000,63456.1,63480,63426.58,63470.01,95.17676
1786587300000,63470,63483.99,63426.72,63470.01,78.12268
1786588200000,63470.01,63498.26,63380,63498.26,235.83411
1786589100000,63498.26,63582,63478,63550.01,49.03135
1786590000000,63550.01,63584.82,63514.21,63576.77,61.12525
1786590900000,63576.77,63639.61,63559.37,63570,221.4286
1786591800000,63570,63635.76,63567.86,63576.21,52.62445
1786592700000,63576.22,63686.4,63576.22,63646.99,66.53989
1786593600000,63647,63679.6,63624.97,63679.55,70.49315
1786594500000,63679.55,63679.55,63591.56,63595.13,23.08273
1786595400000,63595.13,63711.09,63595.12,63696.47,43.15292
1786596300000,63696.48,63778,63691.18,63693.74,86.69604
1786597200000,63693.73,63881.99,63671.64,63881.18,105.19052
1786598100000,63881.19,64010,63881.19,63942.66,288.0558
1786599000000,63942.67,63955.2,63901.45,63926.64,64.25498
1786599900000,63926.63,63933.08,63878,63878,42.60752
1786600800000,63878.01,63886.73,63815.28,63835.88,94.21445
1786601700000,63835.88,63850.08,63814.35,63826.38,33.06276
1786602600000,63826.38,63826.38,63760.88,63760.89,43.93797
1786603500000,63760.88,63942.36,63757.47,63942.35,84.82201
1786604400000,63942.36,63947.09,63864.81,63878.02,199.95212
1786605300000,63878.02,63919.98,63862,63899.21,105.22704
1786606200000,63899.21,63903.19,63875.51,63875.52,131.14371
1786607100000,63875.52,63875.52,63856.13,63865.84,96.77298
1786608000000,63865.84,63915,63836,63836,129.68822
1786608900000,63836.01,63840.01,63774.29,63784.61,125.50131
1786609800000,63784.61,63801.99,63774.99,63801.99,98.18382
1786610700000,63801.99,63801.99,63742,63766.8,86.44533
1786611600000,63766.8,63768.77,63620,63620.01,70.71943
1786612500000,63620,63710,63587.99,63657.73,112.68737
1786613400000,63657.72,63703.94,63657.72,63700.48,55.32415
1786614300000,63700.47,63786.49,63700.47,63782.64,99.09231
1786615200000,63782.65,63818.16,63617.36,63621.06,178.16456
1786616100000,63621.07,63676,63617.36,63628.01,32.30559
1786617000000,63628.01,63637.87,63586,63637.37,74.28159
1786617900000,63637.37,63651.2,63637.36,63651.19,33.04808
1786618800000,63651.2,63660.76,63613.96,63622.97,49.52165
1786619700000,63622.96,63632.48,63442.63,63442.64,130.90173
1786620600000,63442.63,63480,63350,63465.66,116.90072
1786621500000,63465.66,63502.4,63460,63484.3,58.31128
1786622400000,63484.31,63563.45,63450,63563.45,90.88127
1786623300000,63563.45,63590.01,63555.49,63582.11,41.08982
1786624200000,63582.11,63691.99,63468,63587.16,192.34156
1786625100000,63587.16,63710,63564,63697.76,60.16029
1786626000000,63697.76,63804.28,63697.76,63743.66,92.91005
1786626900000,63743.67,63743.67,63570.13,63607.68,109.31027
1786627800000,63607.68,63850,63566,63807.92,181.27888
1786628700000,63807.92,63845.83,63690,63724,178.36589
1786629600000,63723.99,63846.17,63686,63812.01,133.04478
1786630500000,63812,63884.07,63768.17,63810.47,160.56078
1786631400000,63810.47,63999,63772,63960,219.32522
1786632300000,63960,63968,63854.01,63859.45,156.45134
1786633200000,63859.46,63940.08,63819.19,63826.21,95.656
1786634100000,63826.2,63888,63590.8,63627.15,156.49995
1786635000000,63627.15,63752,63607.87,63727.29,71.46001
1786635900000,63727.29,63727.29,63420,63420.01,181.54272
1786636800000,63420.01,63509.4,63390.23,63464.29,234.00946
1786637700000,63464.29,63568.97,63323.34,63361.48,264.25526
1786638600000,63361.48,63438.29,62802.27,62996,951.80303
1786639500000,62995.99,63237,62930.74,63160.13,302.30406
1786640400000,63160.13,63160.14,63074.44,63129.78,198.89721
1786641300000,63129.78,63262,63104.68,63184.6,179.46675
1786642200000,63184.6,63264.26,63107.63,63244.7,152.2841
1786643100000,63244.7,63294.61,63144.37,63144.38,113.83588
1786644000000,63144.37,63288,63122,63209.63,74.9262
1786644900000,63209.64,63251.3,63120,63120.01,72.7355
1786645800000,63120.01,63200,63105.44,63200,78.88517
1786646700000,63200,63369.63,63184.39,63310,99.34494
1786647600000,63310,63519.39,63310,63406.17,142.659
1786648500000,63406.17,63428,63381.45,63418.24,73.21041
1786649400000,63418.25,63442,63388,63415.28,76.40809
1786650300000,63415.28,63466,63392.93,63407.99,56.87046
1786651200000,63408,63466,63368,63414.25,80.23356
1786652100000,63414.26,63459.78,63414.26,63453.32,55.4375
1786653000000,63453.31,63474.34,63408.9,63417.95,52.19995
1786653900000,63417.94,63417.95,63382.5,63415.55,51.8121
1786654800000,63415.56,63477.13,63390,63432.58,39.87423
1786655700000,63432.58,63455.68,63415.76,63455.59,43.10008
1786656600000,63455.59,63500,63449.46,63450.12,55.42543
1786657500000,63450.11,63474,63438.4,63474,49.9337
1786658400000,63474,63628,63473.99,63612.66,93.75293
1786659300000,63612.66,63640,63574,63619.99,66.78085
1786660200000,63620,63626,63554.97,63554.97,36.91412
1786661100000,63554.97,63560.46,63530,63530.01,29.52861
1786662000000,63530.01,63539.03,63450,63478.01,64.57693
1786662900000,63478,63488.88,63455.41,63479.52,76.1772
1786663800000,63479.51,63501.14,63448,63459.97,121.2049
1786664700000,63459.97,63495.57,63400,63490.86,135.85063
1786665600000,63490.86,63508,63421.64,63503.24,134.41493
1786666500000,63503.23,63552.99,63422.77,63444.34,76.78667
1786667400000,63444.34,63548.87,63410,63526.01,103.54218
1786668300000,63526.01,63552.99,63478.46,63541.45,63.05988
1786669200000,63541.45,63585.92,63482,63507.83,82.00556
1786670100000,63507.83,63566.27,63458,63486.09,81.79485
1786671000000,63486.09,63558,63468.07,63557.99,40.00075
1786671900000,63557.99,63585.01,63521.12,63575.86,107.11275
1786672800000,63575.86,63617.45,63502.34,63568.83,327.66299
1786673700000,63568.83,63582,63479.85,63487.54,67.67636
1786674600000,63487.55,63557.79,63487.54,63516.42,53.49822
1786675500000,63516.42,63559.76,63465.38,63465.39,40.55718
1786676400000,63465.39,63492.11,63418.74,63492.11,53.80073
1786677300000,63492.11,63576,63453.3,63464,77.18962
1786678200000,63464,63464.01,63357.34,63380.1,81.79477
1786679100000,63380.09,63380.1,63301.58,63310,84.05651
1786680000000,63310,63408.27,63276,63408.26,64.78443
1786680900000,63408.27,63472.5,63370.75,63423.5,280.12326
1786681800000,63423.49,63429,63383,63389.99,157.37453
1786682700000,63390,63397.99,63367.72,63372.56,28.37817
1786683600000,63372.56,63400.3,63332.73,63337.22,50.84911
1786684500000,63337.22,63356,63286.67,63322.65,67.08042
1786685400000,63322.64,63370.91,63306,63350.01,49.06989
1786686300000,63350.01,63395.81,63345.95,63379.83,34.71631
1786687200000,63379.83,63379.83,63294.52,63294.52,150.1424
1786688100000,63294.53,63299.6,63183.87,63183.87,122.98107
1786689000000,63183.88,63243.53,63174.04,63180.53,82.77298
1786689900000,63180.54,63207.78,62942,62974.14,271.83616
1786690800000,62974.14,63086.16,62952.17,63072,128.61582
1786691700000,63072,63110,63071.99,63103.18,100.60928
1786692600000,63103.18,63104.13,62965.9,63024.42,258.17048
1786693500000,63024.42,63024.42,62920,62920.78,242.8382
1786694400000,62920.78,62946.88,62900,62913.54,181.49299
1786695300000,62913.84,62997.83,62735.2,62781.17,382.31227
1786696200000,62781.17,62876.19,62700,62843.49,224.61963
1786697100000,62843.48,62942.58,62818.08,62940.01,104.05954
1786698000000,62940.01,62940.01,62856,62877.04,88.87721
1786698900000,62877.05,62912.32,62794.98,62794.98,176.40675
1786699800000,62794.99,62817.59,62744,62763.78,108.81967
1786700700000,62763.78,62841.37,62763.78,62792.75,127.04556
1786701600000,62792.75,62864.95,62739.98,62861.17,208.01337
1786702500000,62861.16,62919.99,62850.29,62888.45,115.56668
1786703400000,62888.45,62946,62858.04,62874.84,172.06127
1786704300000,62874.85,62893.54,62803.1,62814.14,102.90942
1786705200000,62814.14,62889.69,62814,62859.8,111.88136
1786706100000,62859.8,62920.84,62840.59,62894.78,132.10597
1786707000000,62894.79,62936.82,62842.62,62896.3,97.39458
1786707900000,62896.31,62930.52,62853.83,62868.83,103.54074
1786708800000,62868.83,62902,62764.18,62824.77,160.87788
1786709700000,62824.77,62891.99,62802.01,62891.99,110.16421
1786710600000,62891.99,62913.3,62761.96,62761.96,93.92921
1786711500000,62761.91,62811.79,62726.26,62741.69,121.54519
1786712400000,62741.68,62754.95,62605,62688.43,317.37351
1786713300000,62688.42,62796.18,62640.5,62782.56,174.65738
1786714200000,62782.56,62822.33,62612.01,62718.39,275.30501
1786715100000,62718.39,62750.61,62607.02,62668,220.45227
1786716000000,62668,62734,62600.33,62610,264.63218
1786716900000,62610,62707.23,62573.23,62673.25,214.54002
1786717800000,62673.26,62797.88,62658.77,62746.02,208.80932
1786718700000,62746.02,62784.86,62535.24,62620.01,310.25736
1786719600000,62620.01,62720,62612,62705.55,271.52611
1786720500000,62705.56,62855.32,62681.29,62855.32,139.53396
1786721400000,62855.32,63030,62792.01,63006.14,379.01364
1786722300000,63006.14,63089.18,62950.78,62990.95,198.02547
1786723200000,62990.94,63103.96,62966.86,63043.3,156.28021
1786724100000,63043.31,63166.48,63035.51,63118.52,149.77256
1786725000000,63118.51,63215.58,63096.68,63210.31,114.31204
1786725900000,63210.32,63210.32,63105.26,63133.48,145.85704
1786726800000,63133.49,63179.77,63116,63179.76,89.11308
1786727700000,63179.76,63247.05,63166.14,63202,148.76789
1786728600000,63202,63220,63075.72,63109.97,106.87441
1786729500000,63109.98,63127.16,63000,63013.69,109.3029
1786730400000,63013.7,63070,62958,63004,113.81893
1786731300000,63004,63088.21,63004,63037.82,78.00113
1786732200000,63037.81,63039.15,62948.03,62972.02,77.46779
1786733100000,62972.02,62974.53,62894.85,62930.01,98.48253
1786734000000,62930.01,62930.01,62852.34,62859.26,96.34406
1786734900000,62859.26,62936.49,62830,62929.1,102.13675
1786735800000,62929.1,62982.99,62888.91,62982.99,88.43663
1786736700000,62982.99,62996,62943.39,62968.05,108.06801
1786737600000,62968.06,63020.74,62964.78,62974.76,192.6101
1786738500000,62974.77,62987.44,62934,62949.74,77.02483
1786739400000,62949.73,62957.28,62912,62912.51,53.27144
1786740300000,62912.51,62937.22,62896.85,62907.59,36.53128
1786741200000,62907.59,62937.22,62898.58,62904,40.13328
1786742100000,62904.01,62922.53,62888,62892.71,39.06011
1786743000000,62892.71,62912,62873.25,62889.01,50.25102
1786743900000,62889.01,62928.49,62876.89,62928.49,50.20159
1786744800000,62928.49,62957.28,62833.33,62833.33,79.10094
1786745700000,62833.33,62840.16,62800,62823.99,62.08563
1786746600000,62823.99,62884,62823.99,62883.99,46.14339
1786747500000,62884,62895.99,62868.53,62886.88,39.24209
1786748400000,62886.87,62930,62884.35,62929.99,24.55807
1786749300000,62930,62956.81,62865.03,62948.11,156.81793
1786750200000,62948.11,63029.53,62905.99,63008.89,96.46606
1786751100000,63008.89,63066.13,63008.88,63043.56,51.24908
1786752000000,63043.56,63059.5,63008.01,63012.37,27.75528
1786752900000,63012.37,63033.41,63000,63010,82.49782
1786753800000,63010,63023.97,63000.67,63019.98,42.91884
1786754700000,63019.99,63031.81,62992.91,63019.88,55.47039
1786755600000,63019.89,63035.27,62993.57,63012.89,164.71868
1786756500000,63012.89,63037.92,62999.89,63034,149.22205
1786757400000,63034,63051.78,63015.7,63030,128.63789
1786758300000,63030.01,63045.14,63023.64,63045.13,42.6567
1786759200000,63045.14,63065.8,63035.95,63051.99,144.30663
1786760100000,63052,63118.41,63052,63102.57,50.70654
1786761000000,63102.58,63134.82,63102.57,63121.12,26.52992
1786761900000,63121.12,63134.41,63121.12,63134.41,22.0012
1786762800000,63134.41,63155,63134.4,63154,22.44777
1786763700000,63154,63187.98,63088,63091.75,38.19975
1786764600000,63091.75,63091.75,63046,63064.34,20.39171
1786765500000,63064.34,63075.03,63039.99,63051.25,103.42852
1786766400000,63051.25,63100,63051.25,63099.99,96.959
1786767300000,63099.99,63130,63099.99,63124.57,35.87925
1786768200000,63124.57,63151.64,63123.29,63151.64,20.15058
1786769100000,63151.64,63151.65,63122,63122,19.3136
1786770000000,63122.01,63149.54,63122,63149.54,12.76098
1786770900000,63149.54,63155.76,63124.53,63124.54,18.68543
1786771800000,63124.53,63124.54,63056.18,63075.07,28.51697
1786772700000,63075.07,63094.64,63039.99,63089,153.31714
1786773600000,63089,63095.32,63037.76,63037.76,78.21469
1786774500000,63037.77,63067.85,63027.89,63036.5,170.81733
1786775400000,63036.5,63069.29,63036.5,63069.29,27.06863
1786776300000,63069.29,63134.84,63069.28,63114.68,97.65253
1786777200000,63114.68,63134.83,63068,63134.83,315.12109
1786778100000,63134.83,63134.83,63069.83,63076.75,199.78956
1786779000000,63076.75,63099.48,63063.01,63079.93,80.75231
1786779900000,63079.92,63082,63042,63075.43,93.06878
1786780800000,63075.43,63085.8,63061.87,63061.88,68.90812
1786781700000,63061.87,63065.97,63052.7,63052.71,13.58386
1786782600000,63052.71,63052.72,63020,63020.01,18.33923
1786783500000,63020,63057.58,62933.71,62935.72,77.16524
1786784400000,62935.72,62960.27,62920,62956.64,38.15571
1786785300000,62956.64,62982.76,62956.63,62981.37,47.35874
1786786200000,62981.38,63029.15,62981.37,63026.61,57.81172
1786787100000,63026.62,63045.83,63026.61,63030.38,40.66754
1786788000000,63030.39,63033.25,63002.12,63018.81,19.28356
1786788900000,63018.81,63020,63018.8,63019.99,7.51988
1786789800000,63020,63044,63018.76,63035.99,23.29754
1786790700000,63036,63051.74,63027.12,63046.1,29.48013
1786791600000,63046.1,63046.11,63029.67,63030,48.88588
1786792500000,63030,63044.95,63030,63032.54,19.78777
1786793400000,63032.53,63047.78,63032.53,63047.77,13.77798
1786794300000,63047.78,63054.69,62996.85,63022.01,93.26028
1786795200000,63022.01,63022.01,62986.36,62986.37,30.46479
1786796100000,62986.36,62987.26,62984.73,62987.26,25.52752
1786797000000,62987.25,62987.26,62960.46,62960.47,16.27308
1786797900000,62960.46,63055.36,62946.58,63050.13,37.46863
1786798800000,63050.12,63080.88,63028.11,63073.14,43.66261
1786799700000,63073.14,63078.96,63036,63036.01,35.82211
1786800600000,63036,63049.6,63031.43,63031.43,20.19495
1786801500000,63031.44,63060.35,63031.43,63060.35,32.61713
1786802400000,63060.34,63060.35,63034.45,63055.01,66.46544
1786803300000,63055.01,63055.01,62996.77,63040,87.00855
1786804200000,63040.01,63040.08,63029.89,63040,32.59758
1786805100000,63040,63051.43,63040,63040,57.96594
1786806000000,63040.01,63045.7,63040,63040.01,42.26197
1786806900000,63040.01,63078.96,63032,63073.55,59.63124
1786807800000,63073.55,63120.09,63073.54,63115.59,93.13997
1786808700000,63115.59,63115.6,63100.55,63100.55,19.34244
1786809600000,63100.55,63100.56,63076,63083.03,78.76845
1786810500000,63083.03,63121.6,63066.73,63121.59,65.1944
1786811400000,63121.6,63124.99,63092.92,63096.6,40.92232
1786812300000,63096.6,63096.63,63095.56,63096.63,17.95455
1786813200000,63096.62,63096.63,63096.58,63096.59,17.1801
1786814100000,63096.58,63100.69,63066.21,63070.5,37.35476
1786815000000,63070.49,63070.5,63070.49,63070.49,27.9419
1786815900000,63070.49,63070.5,63070.48,63070.5,14.08737
1786816800000,63070.49,63115.58,63070,63097.16,58.21249
1786817700000,63097.15,63097.16,63050.05,63050.05,37.29877
1786818600000,63050.06,63050.06,63050.05,63050.06,13.34099
1786819500000,63050.05,63057.58,63044.37,63057.58,185.93861
1786820400000,63057.58,63090.98,63057.57,63086.6,243.59412
1786821300000,63086.61,63125,63086.6,63101.31,196.83582
1786822200000,63101.31,63127.4,63101.31,63115.58,62.69996
1786823100000,63115.58,63126.08,63115.57,63126.08,12.93281
1786824000000,63126.07,63126.08,63076.96,63078.62,21.02399
1786824900000,63078.62,63078.63,63078.62,63078.63,5.14323
1786825800000,63078.62,63081.17,63078.62,63081.17,15.94039
1786826700000,63081.17,63103.3,63081.16,63103.29,13.21145
1786827600000,63103.29,63104.57,63103.29,63104.56,11.1855
1786828500000,63104.55,63154.98,63104.55,63154.97,78.43261
1786829400000,63154.98,63168.17,63139.57,63168.17,46.55106
1786830300000,63168.17,63168.95,63155.07,63159.04,34.83035
1786831200000,63159.04,63165.53,63150,63150,14.79931
1786832100000,63150.01,63152.63,63135.52,63152.62,26.44492
1786833000000,63152.63,63159.33,63152.62,63158.8,31.25022
1786833900000,63158.81,63175,63135.52,63135.52,23.07487
1786834800000,63135.52,63139.96,63112.9,63134,35.56623
1786835700000,63134,63134,63112,63112,9.18353
1786836600000,63112.01,63112.01,63100,63102.75,21.50924
1786837500000,63102.76,63104,63086,63086.01,19.07137
1786838400000,63086.01,63086.01,63067.47,63071.74,21.9339
1786839300000,63071.75,63071.75,63071.74,63071.75,5.93546
1786840200000,63071.74,63071.75,63061.47,63070,24.59993
1786841100000,63070,63085.82,63069.99,63085.82,42.10443
1786842000000,63085.81,63085.82,63052.25,63052.25,22.46885
1786842900000,63052.26,63078.75,63052.25,63059.68,31.4945
1786843800000,63059.67,63066.94,63012,63066.94,52.43347
1786844700000,63066.94,63084.78,63054.68,63084.78,74.15875
1786845600000,63084.78,63084.78,63024.22,63024.22,24.72363
1786846500000,63024.23,63120.99,63024.22,63115.01,52.33053
1786847400000,63115,63151.59,63115,63151.58,118.21354
1786848300000,63151.58,63151.59,63115.6,63121.91,50.08127
1786849200000,63121.92,63125,63121.91,63122.98,29.26607
1786850100000,63122.99,63122.99,63115.61,63119.99,16.99735
1786851000000,63120,63124.04,63119.99,63124.03,17.44781
1786851900000,63124.03,63130.01,63120.93,63130,42.23651
1786852800000,63130.01,63134.73,63130,63134.72,22.34752
1786853700000,63134.73,63158.8,63134.72,63153.56,36.63995
1786854600000,63153.55,63153.56,63116.89,63116.9,28.24184
1786855500000,63116.89,63124.43,63090,63090.01,43.09183
1786856400000,63090,63094,63074.27,63093.99,21.95178
1786857300000,63093.99,63094,63070,63070.01,15.47598
1786858200000,63070,63075,63051.99,63053.27,65.85266
1786859100000,63053.27,63070,63040,63069.43,131.84015
1786860000000,63069.43,63078.41,63043.21,63044,89.80545
1786860900000,63044,63072.32,63043.99,63072.32,111.37584
1786861800000,63072.31,63072.32,63057.03,63058.48,55.22753
1786862700000,63058.49,63083.79,63058.48,63069.31,23.90967
1786863600000,63069.32,63069.32,63054.34,63054.34,18.5635
1786864500000,63054.35,63061.03,63054.34,63061.02,48.5776
1786865400000,63061.03,63063.03,63061.02,63061.03,54.69352
1786866300000,63061.03,63061.03,63061.02,63061.02,25.10536
1786867200000,63061.03,63064.11,63061.02,63064.1,34.86408
1786868100000,63064.1,63079.76,63064.1,63079.76,38.74631
1786869000000,63079.76,63079.76,63071.71,63072.42,17.94344
1786869900000,63072.43,63072.43,63072.42,63072.42,17.36827
1786870800000,63072.43,63072.43,63072.42,63072.43,11.72887
1786871700000,63072.42,63072.43,63072.42,63072.42,24.34903
1786872600000,63072.42,63072.43,63000,63000,131.9421
1786873500000,63000,63008.69,62968.45,62992.69,122.91169
1786874400000,62992.68,62992.69,62968.45,62987.79,71.80564
1786875300000,62987.78,63013.62,62987.78,63013.62,30.58505
1786876200000,63013.62,63013.62,63008.56,63008.57,16.97563
1786877100000,63008.56,63008.57,63008.56,63008.57,13.92827
1786878000000,63008.56,63008.57,63006.54,63006.54,35.531
1786878900000,63006.55,63006.55,62981.93,62981.95,24.54324
1786879800000,62981.94,63003.5,62981.94,62999.63,56.10453
1786880700000,62999.64,63013.66,62983.97,63013.66,97.4383
1786881600000,63013.66,63025.42,63013.65,63025.39,19.40581
1786882500000,63025.4,63025.4,63025.35,63025.36,8.46539
1786883400000,63025.35,63025.36,62997.77,62997.77,22.70821
1786884300000,62997.77,63021.99,62997.77,63021.98,28.16371
1786885200000,63021.99,63063.34,63021.98,63063.34,42.55405
1786886100000,63063.34,63070,63058.02,63063,41.28661
1786887000000,63063,63070.05,63062.99,63067.01,17.85015
1786887900000,63067.02,63067.02,63060,63060.01,45.07117
1786888800000,63060.01,63063.05,63060,63063.04,32.52318
1786889700000,63063.05,63100.9,63063.04,63080.01,66.39491
1786890600000,63080.01,63100.9,63075.18,63100.89,42.42758
1786891500000,63100.89,63102.86,63100.89,63102.85,17.88906
1786892400000,63102.86,63120,63102.86,63110.25,44.04715
1786893300000,63110.26,63110.26,63110.25,63110.26,16.36346
1786894200000,63110.26,63140,63110.25,63114.02,60.63225
1786895100000,63114.01,63146.4,63114.01,63146.39,52.35054
1786896000000,63146.39,63212,63137.35,63207.99,96.40261
1786896900000,63207.99,63352.94,63206.96,63324.5,131.15937
1786897800000,63324.51,63390,63290,63290.01,91.84057
1786898700000,63290.01,63290.01,63205.32,63260.01,74.63933
1786899600000,63260,63276.61,63209.4,63219.99,58.68703
1786900500000,63220,63231.73,63185,63190,40.50121
1786901400000,63190,63190,63126,63126,62.17021
1786902300000,63126,63164,63120.22,63159.3,29.46122
1786903200000,63159.31,63166.39,63120,63140,48.56773
1786904100000,63139.99,63173.71,63139.99,63157.44,23.68634
1786905000000,63157.45,63157.45,63145.14,63145.14,11.67131
1786905900000,63145.15,63145.15,63140.05,63140.06,5.99633
1786906800000,63140.05,63190,63140.05,63182.01,54.65223
1786907700000,63182.01,63220,63182,63219.99,36.6818
1786908600000,63219.99,63230,63155.86,63157.91,45.9069
1786909500000,63157.91,63170.15,63100.89,63108.81,49.05077
1786910400000,63108.8,63140,63108.8,63135.97,21.82198
1786911300000,63135.96,63135.96,63094.58,63094.58,13.70413
1786912200000,63094.58,63110,63046,63071.58,49.15403
1786913100000,63071.57,63072.2,63027.6,63067.79,38.30368
1786914000000,63067.79,63067.8,63030,63057.99,32.52857
1786914900000,63058,63085.15,63031.41,63032,26.45061
1786915800000,63032,63041,62754,62939.59,203.93641
1786916700000,62939.59,62978,62886,62929.61,65.68424
1786917600000,62929.61,62931.68,62790.05,62922.44,147.01568
1786918500000,62922.45,62954,62834.39,62845.22,63.13432
1786919400000,62845.22,62845.23,62716,62790,157.47021
1786920300000,62790,62913.7,62742,62913.7,86.26719
1786921200000,62913.7,62993.77,62842.69,62842.7,93.42514
1786922100000,62842.69,62913.92,62830,62846,70.17925
1786923000000,62845.99,62898.13,62840,62898.12,40.84036
1786923900000,62898.13,62927.55,62880.98,62900,42.21573
1786924800000,62900,62932.87,62865,62909.53,51.99902
1786925700000,62909.53,62909.53,62760,62866.02,163.20151
1786926600000,62866.02,62956,62751.1,62947.84,192.21986
1786927500000,62947.84,62947.85,62846.57,62917.54,169.82237
1786928400000,62917.54,63192,62896,63054.68,233.84334
1786929300000,63054.68,63160,63028,63121.72,73.44745
1786930200000,63121.72,63246.91,63121.72,63214,115.93865
1786931100000,63214,63237.42,63116.11,63116.12,72.29075
1786932000000,63116.12,63133.45,63037.09,63082,63.18499
1786932900000,63082,63206.74,63049.36,63186.01,51.396
1786933800000,63186,63359.25,63136,63256.69,154.15126
1786934700000,63256.7,63500,63253.18,63403.34,191.07291
1786935600000,63403.33,63447.99,63366.9,63420,227.06431
1786936500000,63420,63420.16,63345.32,63355.51,40.67257
1786937400000,63355.51,63382,63339.78,63343,254.76703
1786938300000,63342.99,63520,63342.99,63429.21,115.15543
1786939200000,63429.21,63520,63429.21,63486.53,113.6919
1786940100000,63486.53,63524.41,63472,63518.01,144.20529
1786941000000,63518,63520,63473.2,63480,341.18364
1786941900000,63479.99,63580,63479.99,63532.44,115.11114
1786942800000,63532.43,63552.01,63449.03,63537.01,461.45651
1786943700000,63537,63594.76,63474.63,63482.65,234.50681
1786944600000,63482.66,63500,63446.59,63463.18,35.54248
1786945500000,63463.17,63523.25,63460.96,63520.18,39.20039
1786946400000,63520.18,63616,63477.95,63574.03,105.55479
1786947300000,63574.03,63589.72,63560.7,63583.01,42.59385
1786948200000,63583,63604.8,63566.41,63600.14,54.78229
1786949100000,63600.14,63717.17,63600.14,63667.99,109.76094
1786950000000,63668,63668,63566.73,63584.65,78.05496
1786950900000,63584.66,63596.92,63534.63,63596.91,180.57448
1786951800000,63596.91,63596.92,63538.5,63538.5,93.40062
1786952700000,63538.5,63557.7,63500,63514.45,344.38918
1786953600000,63514.45,63545.08,63422.58,63433.77,228.70996
1786954500000,63433.77,63450.61,63405,63418.22,128.45102
1786955400000,63418.23,63435.08,63377.75,63377.75,86.28751
1786956300000,63377.75,63408.01,63350,63380.84,76.91645
1786957200000,63380.83,63423.3,63380.83,63423.29,52.99252
1786958100000,63423.29,63428,63334.37,63381.58,72.7675
1786959000000,63381.57,63381.58,63310,63310.11,108.40268
1786959900000,63310.11,63323.99,63295,63323.96,77.10656
1786960800000,63323.97,63338.3,63300.25,63336.9,98.38687
1786961700000,63336.91,63448,63304,63447.99,99.00081
1786962600000,63448,63646.68,63448,63639.99,238.34354
1786963500000,63640,63694.26,63600.06,63692.21,247.26979
1786964400000,63692.2,63705.46,63634.97,63664.5,123.32312
1786965300000,63664.5,63694.18,63636.87,63660,107.08227
1786966200000,63660,63693,63659.99,63692.99,42.05012
1786967100000,63692.99,63781.69,63587.05,63631.1,155.82467
1786968000000,63631.11,63680,63589.59,63662.95,110.28618
1786968900000,63662.95,63663.82,63533.06,63579.57,127.65054
1786969800000,63579.58,63644,63534,63569.71,68.1434
1786970700000,63569.71,63628,63548.07,63554.69,99.57991
1786971600000,63554.7,63578,63509.82,63566.01,79.2501
1786972500000,63566.01,63566.01,63444.17,63499.05,90.30107
1786973400000,63499.05,63799.64,63481.06,63655.83,258.50859
1786974300000,63655.84,63730,63596,63672.36,157.23603
1786975200000,63672.37,63730,63588,63699.42,148.45467
1786976100000,63699.43,63740,63592,63623.66,140.9461
1786977000000,63623.65,63704,63594,63625.04,102.18889
1786977900000,63625.04,63904.76,63616,63902.63,191.882
1786978800000,63902.63,63990,63864,63869.03,374.05596
1786979700000,63869.02,64115.96,63812.35,64044.83,402.26767
1786980600000,64044.83,64120,63988,64083.07,293.45965
1786981500000,64083.07,64227.27,64080.45,64200,286.36022
1786982400000,64200,64216.42,64060.87,64078.03,203.83136
1786983300000,64078.02,64145.99,64058,64097.07,174.68183
1786984200000,64097.08,64174,64080,64084,194.31425
1786985100000,64084.01,64138.62,64076.1,64115.76,99.01682
1786986000000,64115.76,64116,63984,63984,105.40307
1786986900000,63984,64425,63979.3,64207.27,545.05051
1786987800000,64207.28,64284.82,64066,64224.53,424.21167
1786988700000,64224.54,64343.61,64224.53,64325.99,344.31785
1786989600000,64325.99,64383.68,64280.49,64376.55,224.20352
1786990500000,64376.54,64610.01,64372.37,64487.44,492.97233
1786991400000,64487.64,64513.85,64398,64461.56,147.25966
1786992300000,64461.55,64490,64413.03,64428.87,176.01724
1786993200000,64428.88,64428.88,64320,64332.01,154.22372
1786994100000,64332.01,64417.66,64331.28,64404,124.65675
1786995000000,64404.01,64414.78,64340.67,64368.8,90.13096
1786995900000,64368.8,64373.99,64288.35,64309.96,83.67731
1786996800000,64309.95,64309.96,64266,64309.19,65.48855
1786997700000,64309.19,64434,64293.54,64416.09,84.36662
1786998600000,64416.1,64416.1,64354,64393.27,40.05333
1786999500000,64393.27,64409.15,64332,64392.73,54.22951
1787000400000,64392.72,64434.76,64364.73,64373.11,72.92368
1787001300000,64373.11,64409.41,64328.24,64329.18,32.69366
1787002200000,64329.18,64377.92,64296,64338,75.52135
1787003100000,64338.01,64392,64338,64382.02,37.00779
1787004000000,64382.02,64416,64310,64310,78.29845
1787004900000,64310,64340,64288.91,64295.45,140.60905
1787005800000,64295.44,64340,64283.49,64310.1,67.01822
1787006700000,64310.1,64319.86,64290.35,64291.25,35.69661
1787007600000,64291.26,64372,64288.24,64365.22,42.63266
1787008500000,64365.23,64486.8,64365.22,64486.79,88.83296
1787009400000,64486.8,64563.1,64460.95,64481.82,111.61059
1787010300000,64481.83,64578,64476.42,64532.1,106.97216
1787011200000,64532.11,64568.46,64420,64440.01,117.94267
1787012100000,64440,64501.83,64440,64457.49,64.16126
1787013000000,64457.49,64457.5,64388,64397.06,64.53168
1787013900000,64397.06,64398,64367.27,64383.71,86.26749
1787014800000,64383.72,64387.71,64296.97,64347.78,135.22668
1787015700000,64347.79,64360,64305.39,64325.92,71.35506
1787016600000,64325.92,64345.4,64243.58,64284,91.67237
1787017500000,64284.01,64284.01,64156,64200.06,80.23126
1787018400000,64200.06,64272,64191.1,64192.01,85.25658
1787019300000,64192,64204,64157.68,64157.69,110.17256
1787020200000,64157.68,64204.82,64128,64128.57,94.58969
1787021100000,64128.57,64136,64048,64103.22,152.32981
1787022000000,64103.22,64132.47,64088.67,64088.67,66.51481
1787022900000,64088.68,64144,64088.68,64112,190.54824
1787023800000,64112,64180,64047.73,64179.99,204.92708
1787024700000,64179.99,64195.45,64146,64185.01,115.504
1787025600000,64185,64185.01,64090,64148,410.77421
1787026500000,64148,64155.74,64124.2,64155.73,55.85577
1787027400000,64155.74,64250.69,64155.73,64216.9,211.36728
1787028300000,64216.9,64226.19,64188,64210.32,61.25648
1787029200000,64210.33,64276,64181.47,64225.01,583.532
1787030100000,64225.01,64255.01,64199.99,64254.46,187.42159
1787031000000,64254.46,64259.01,64140,64256.12,257.20035
1787031900000,64256.13,64263.01,64200.08,64242.76,295.75418
1787032800000,64242.76,64279.93,64170,64230,204.88001
1787033700000,64229.99,64355.39,64229.99,64339.11,146.7714
1787034600000,64339.11,64446,64339.11,64430.66,111.83743
1787035500000,64430.67,64440.01,64272.86,64318.03,231.27686
1787036400000,64318.03,64342.33,64282.9,64338.82,80.36646
1787037300000,64338.82,64350,64280,64280,54.94625
1787038200000,64280,64280,64236,64248.46,119.50373
1787039100000,64248.46,64248.47,64164,64198.97,139.23883
1787040000000,64198.97,64210.01,64087.98,64156,137.81046
1787040900000,64156,64238.55,64155.99,64210.86,64.03056
1787041800000,64210.87,64336,64206.57,64286.81,111.76457
1787042700000,64286.82,64296.07,64244,64296.02,88.80115
1787043600000,64296.01,64296.01,64233.39,64246.25,82.41834
1787044500000,64246.25,64246.25,64150.35,64164.01,57.2374
1787045400000,64164.01,64183.03,64140,64150,72.55313
1787046300000,64150,64185.48,64140,64171.95,57.29006
1787047200000,64171.95,64203.82,64136.39,64153.32,50.02524
1787048100000,64153.32,64176,64123.42,64159.66,77.11009
1787049000000,64159.65,64216,64159.65,64188.19,41.41741
1787049900000,64188.19,64210.01,64185.23,64202.8,51.19977
1787050800000,64202.81,64338.93,64192.42,64323.56,117.22042
1787051700000,64323.56,64375.4,64323.56,64374.03,81.54978
1787052600000,64374.03,64392,64344.17,64385.2,57.29018
1787053500000,64385.2,64402.35,64340.51,64351.19,54.46621
1787054400000,64351.18,64355.64,64284.52,64296.62,52.85566
1787055300000,64296.62,64330.06,64284.92,64298.01,37.54207
1787056200000,64298.01,64305.55,64254,64254.01,93.51293
1787057100000,64254,64254,64218.45,64230.02,53.03427
1787058000000,64230.02,64230.02,64164.84,64196.01,79.63928
1787058900000,64196.02,64196.02,64061.96,64073.72,178.52288
1787059800000,64073.72,64250.03,64027.85,64192.82,660.82357
1787060700000,64192.81,64284,64124.39,64219.99,260.80152
1787061600000,64219.99,64379.3,64219.99,64261.76,158.79387
1787062500000,64261.76,65052.39,64259.62,64995.07,913.32628
1787063400000,64995.08,65058.81,64740,64786,479.12716
1787064300000,64786.01,64846.83,64668.92,64714.16,206.06728
1787065200000,64714.16,64808,64652,64743.78,138.76769
1787066100000,64743.79,64837.45,64722,64807.43,128.61147
1787067000000,64807.43,64875.02,64798.26,64820.36,126.95891
1787067900000,64820.37,64888,64800.1,64855.06,118.83656
1787068800000,64855.06,64891.81,64744,64750,101.18823
1787069700000,64750.01,64750.26,64696.83,64704,68.36418
1787070600000,64704,64818,64675.5,64781.04,133.73348
1787071500000,64781.03,64870.89,64780.33,64840,115.785
1787072400000,64840,64840.01,64770.2,64798.82,120.70907
1787073300000,64798.83,64822.33,64751.93,64822.33,101.20421
1787074200000,64822.32,64825.99,64714,64725.4,123.34882
1787075100000,64725.4,64728.55,64670.02,64670.02,54.92567
1787076000000,64670.02,64734.99,64656,64734.34,68.868
1787076900000,64734.34,64806,64727.99,64799.74,50.19907
1787077800000,64799.75,64822,64760,64760.01,53.51354
1787078700000,64760,64800,64753.52,64772,46.80899
1787079600000,64771.99,64772,64716,64719.31,42.19589
1787080500000,64719.31,64796,64705.89,64779.62,35.4703
1787081400000,64779.62,64779.63,64676,64676,47.05733
1787082300000,64676,64683.41,64642.36,64643.26,60.37502
1787083200000,64643.27,64654.87,64592,64653.35,52.99588
1787084100000,64653.35,64653.35,64614.1,64614.1,34.02827
1787085000000,64614.11,64647.99,64601.05,64611.04,32.49577
1787085900000,64611.04,64617.64,64568,64582.39,72.40089
1787086800000,64582.38,64653.97,64582.38,64624.38,32.75072
1787087700000,64624.38,64624.38,64607.68,64624.38,53.14028
1787088600000,64624.38,64624.38,64571.48,64583.37,56.53466
1787089500000,64583.37,64612.46,64577.32,64604.58,45.24659
1787090400000,64604.58,64608,64568.77,64571.96,44.43234
1787091300000,64571.96,64604,64562.25,64592.13,42.92879
1787092200000,64592.14,64648,64592.13,64637.69,52.74342
1787093100000,64637.7,64637.7,64601.8,64634,59.98967
1787094000000,64634,64710.75,64631.15,64696.25,84.70299
1787094900000,64696.25,64732,64696.24,64722.81,27.25081
1787095800000,64722.81,64775.43,64722.8,64773.35,42.58166
1787096700000,64773.34,64780,64725.41,64725.42,59.32334
1787097600000,64725.42,64736.27,64582.97,64582.97,82.41993
1787098500000,64582.97,64668,64548,64603.79,63.2309
1787099400000,64603.79,64654.1,64549,64563.1,41.53524
1787100300000,64563.1,64581.41,64488,64488,60.61911
1787101200000,64488,64551.47,64436,64530,129.87277
1787102100000,64530,64530,64450,64487.16,73.7511
1787103000000,64487.16,64490,64396,64415.72,57.60006
1787103900000,64415.71,64440.56,64389.27,64400.48,53.05747
1787104800000,64400.47,64413.01,64360,64405.44,196.21797
1787105700000,64405.44,64413.86,64350,64389.71,159.54956
1787106600000,64389.71,64408.04,64373.92,64385.51,70.2364
1787107500000,64385.51,64414.65,64350.28,64351.9,121.93441
1787108400000,64351.86,64357.55,64278,64348.65,95.22193
1787109300000,64348.64,64414,64348.64,64361.78,81.99965
1787110200000,64361.77,64361.78,64330.1,64339.19,40.96658
1787111100000,64339.18,64370.36,64330,64330.71,40.51629
1787112000000,64330.7,64330.7,64293.43,64314.55,45.84923
1787112900000,64314.56,64391.8,64314.55,64359.27,39.42635
1787113800000,64359.28,64376.29,64330.69,64350,278.38048
1787114700000,64349.99,64371.97,64307.92,64316.22,38.41326
1787115600000,64316.22,64409.93,64316.21,64406.13,87.60761
1787116500000,64406.13,64406.14,64316,64360.6,60.09482
1787117400000,64360.6,64360.6,64316.12,64316.13,41.83895
1787118300000,64316.13,64317.16,64236,64236.01,68.7758
1787119200000,64236.01,64249.04,64166,64176.59,77.58705
1787120100000,64176.58,64303.46,64176.58,64277.52,82.01295
1787121000000,64277.53,64293.8,64261.99,64270,139.04819
1787121900000,64270,64344,64259.99,64339.8,232.74689
1787122800000,64339.8,64394.74,64271.78,64363.57,382.78272
1787123700000,64363.57,64366,64306.73,64342.58,125.9602
1787124600000,64342.59,64395.78,64340,64364.31,72.99845
1787125500000,64364.31,64374,64296,64296,48.92249
1787126400000,64296.01,64325.93,64262,64262,121.55118
1787127300000,64262.01,64288,64255,64288,66.65552
1787128200000,64288,64510.95,64287.99,64450.12,133.20136
1787129100000,64450.12,64473.58,64413.95,64413.95,59.82358
1787130000000,64413.95,64470.66,64391.64,64391.64,99.4826
1787130900000,64391.64,64416,64374,64382.99,52.65552
1787131800000,64383,64395.61,64360.7,64365.09,48.91948
1787132700000,64365.1,64427.07,64365.09,64427.06,27.1375
1787133600000,64427.07,64427.07,64377.51,64389.96,41.23528
1787134500000,64389.96,64398.07,64373.24,64397.02,35.2196
1787135400000,64397.02,64422.17,64381.25,64409.75,122.62513
1787136300000,64409.75,64456.71,64397.9,64456.71,63.7687
1787137200000,64456.71,64539.05,64454.99,64506.88,108.10321
1787138100000,64506.87,64526.71,64480.35,64506.78,66.717
1787139000000,64506.78,64523.86,64461.54,64471.2,53.76498
1787139900000,64471.2,64527.23,64471.19,64515.63,57.43709
1787140800000,64515.62,64515.63,64474.86,64505.8,41.60567
1787141700000,64505.81,64505.81,64488.63,64493.52,25.32499
1787142600000,64493.53,64947.49,64481.59,64943.45,429.08273
1787143500000,64943.42,64988,64826.35,64882.15,289.08512
1787144400000,64882.15,64990.1,64793.29,64920.53,223.61563
1787145300000,64920.54,65035.8,64918.43,65005.36,225.23277
1787146200000,65005.37,65217.86,64808,65044.01,728.49717
1787147100000,65044.01,65180,64986.22,65012.12,442.1217
1787148000000,65012.12,65440,65012.11,65407.43,628.20672
1787148900000,65407.43,65473,65322.17,65410.89,408.29931
1787149800000,65410.89,65505.48,65350,65456.96,422.81654
1787150700000,65456.97,65970,65446,65923.21,906.24536
1787151600000,65923.21,66799.66,65892,66654,1528.05429
1787152500000,66654,69500,66583.22,68291.89,4033.64668
1787153400000,68292.16,68865.82,67718.27,68679.98,2600.2645
1787154300000,68679.62,68686.34,68234.19,68554,1100.90418
1787155200000,68554,68997,68525.45,68565.53,684.45052
1787156100000,68565.54,68921.42,68565.53,68892.66,486.12812
1787157000000,68892.66,68892.67,68551.16,68589.64,311.19437
1787157900000,68589.64,68704.14,68416.36,68465.27,531.81217
1787158800000,68465.26,68546.22,68224,68242.39,619.64715
1787159700000,68242.38,68314.85,67836.01,68005.9,496.54541
1787160600000,68005.91,68052.06,67825.03,68045.35,324.30335
1787161500000,68045.35,68261.4,68044.78,68197.29,267.96894
1787162400000,68197.3,68250.76,68042,68193.4,246.05026
1787163300000,68193.4,68320.75,68177.96,68279.63,124.6609
1787164200000,68279.63,68434,68225.29,68431.41,130.37511
1787165100000,68431.42,68453.43,68322,68395.99,124.92661
1787166000000,68396,68453.86,68103.71,68122.01,222.24135
1787166900000,68122.01,68392,68122,68181.99,164.41515
1787167800000,68181.99,68417.81,68130,68399.99,207.45144
1787168700000,68399.99,68483.52,68367.33,68429.44,136.41602
1787169600000,68429.44,68706.71,68390,68683.99,227.04515
1787170500000,68683.99,68813.46,68556,68702.02,183.22786
1787171400000,68702.01,68799.63,68647.1,68671.35,123.77445
1787172300000,68671.35,69579.99,68624,69048.06,885.18803
1787173200000,69048.06,69910.37,68984.78,69434,911.57982
1787174100000,69433.99,69760,69266,69639.28,295.39422
1787175000000,69639.28,69842.73,69384,69671.99,292.61584
1787175900000,69672,70000,69500,69709.46,602.93674
1787176800000,69709.47,69833.99,69304.35,69304.35,432.43422
1787177700000,69304.35,69405.52,69143.7,69144.01,238.99336
1787178600000,69144,69473.14,68980,69344.93,323.75288
1787179500000,69344.92,69344.93,69105.75,69258.9,245.47598
1787180400000,69258.9,69407.5,69213.39,69356.87,259.61375
1787181300000,69356.87,69453.88,69270,69369.06,218.79966
1787182200000,69369.07,69389.58,69239.54,69317.98,225.36199
1787183100000,69317.99,69334.79,69160,69334.79,127.04304
1787184000000,69334.78,69665.84,69314.01,69572.72,607.94031
1787184900000,69572.86,69793.21,69566,69629.96,257.87922
1787185800000,69629.95,69696,69480.99,69571.98,258.75873
1787186700000,69571.98,69715.17,69382,69420,267.93076
1787187600000,69420,69516,69289.09,69382.01,223.65435
1787188500000,69382,69440,69283.25,69330,190.00997
1787189400000,69329.99,69638,69294.07,69634,184.77283
1787190300000,69633.99,69894.5,69633.99,69721.92,265.80244
1787191200000,69721.92,69824,69572.03,69678,358.42978
1787192100000,69677.99,69700.58,69488,69510.01,197.47532
1787193000000,69510,69544,69320,69320.01,189.31287
1787193900000,69320.01,69366.17,69268,69301.27,184.37311
1787194800000,69301.27,69304.21,68902.22,68986.59,348.5335
1787195700000,68986.58,69197.63,68942,68966.07,205.56507
1787196600000,68966.08,69200,68966.07,69190.35,205.8544
1787197500000,69190.36,69340,69159.44,69195.64,181.82327
1787198400000,69195.64,69383.03,69166,69369.58,231.71253
1787199300000,69369.57,69403.32,69296.46,69359.93,166.32592
1787200200000,69359.93,69381.46,69234,69346,150.25368
1787201100000,69346.01,69599.01,69346.01,69492.01,164.06939
1787202000000,69492,69558.61,69465.08,69471.24,185.27721
1787202900000,69471.23,69668,69450.49,69592,214.50531
1787203800000,69592.01,69632.42,69520.4,69552.56,305.97425
1787204700000,69552.55,69552.56,69349.16,69406.54,555.71938
1787205600000,69406.53,69435.26,69350.49,69370.48,639.97047
1787206500000,69370.48,69694,69336.97,69600.09,327.28726
1787207400000,69600.09,69793.63,69600.08,69782.8,194.29143
1787208300000,69782.8,69927.97,69777.01,69851.99,184.92827
1787209200000,69851.99,70022,69758.04,69804,586.8579
1787210100000,69804,69804.01,69618.9,69692.43,136.59203
1787211000000,69692.43,69692.43,69506.91,69602.56,717.47854
1787211900000,69602.56,69816.45,69559.62,69816.45,666.21689
1787212800000,69816.45,71365.02,69772.36,71300.01,1518.34479
1787213700000,71300,71570.17,71019.67,71349.73,1175.22352
1787214600000,71349.73,71667.04,71180.74,71508.62,746.9236
1787215500000,71508.63,71826.26,71448.04,71592.1,733.35285
1787216400000,71592.11,71979.75,71500,71940.52,797.8242
1787217300000,71940.53,72067.46,71762,71828.74,1095.71539
1787218200000,71828.74,72053.83,71732.92,72000.01,469.8404
1787219100000,72000,72036,71678.66,71789.97,802.85326
1787220000000,71789.97,72172.72,71686.58,72145.86,880.14033
1787220900000,72145.86,72490,71975.13,72039.99,909.7412
1787221800000,72039.99,72048,71766,71809.78,355.50533
1787222700000,71809.79,71995.99,71809.79,71995.99,205.57774
1787223600000,71995.99,72147.54,71837.56,71983.99,399.01986
1787224500000,71983.99,72043.93,71872.08,71898.19,322.83743
1787225400000,71898.19,72322,71862.77,72154.01,407.44888
1787226300000,72154.01,72284.75,71820,71927.07,228.27862
1787227200000,71927.07,71983.06,71501,71792.11,509.42244
1787228100000,71792.11,71884.19,71690.36,71844.76,405.20636
1787229000000,71844.76,72015.42,71660,71686,363.83001
1787229900000,71686,71954,71502.94,71952.04,298.40521
1787230800000,71952.04,72108.8,71899.86,72052.85,352.88569
1787231700000,72052.85,72052.85,71847.74,71964.87,374.4334
1787232600000,71964.87,71964.87,71132,71672.93,1004.89423
1787233500000,71672.93,71843.65,71442.85,71691.99,419.69528
1787234400000,71692,71990.09,71615.98,71822.01,471.29797
1787235300000,71822.01,71828,71364.01,71450.16,385.83644
1787236200000,71450.16,71717.14,71416,71548,333.62241
1787237100000,71548,71830,71416,71826.85,250.28489
1787238000000,71826.85,72564.01,71789.01,72246.95,1040.66842
1787238900000,72246.94,72414,71978.53,72413.99,657.6912
1787239800000,72414,72830,72174.97,72247.34,737.5102
1787240700000,72247.35,72570,72170,72470.83,490.86538
1787241600000,72470.84,72508,72275.17,72308.97,411.85389
1787242500000,72308.97,72417.29,72205.88,72406.83,208.33965
1787243400000,72406.82,72693.21,72284,72630.89,305.99924
1787244300000,72630.89,72905,72517.22,72837.15,398.21108
1787245200000,72837.15,72876,72534.71,72692,455.54777
1787246100000,72692,72843.36,72566,72810,246.80448
1787247000000,72810.01,72859.13,72666,72762,276.56835
1787247900000,72761.99,72966,72716,72737.5,289.49891
1787248800000,72737.51,72810,72470,72617.78,283.07131
1787249700000,72617.78,72741.52,72488.09,72688,196.48731
1787250600000,72688.01,72700,72394,72501.42,303.19854
1787251500000,72501.43,72622,72418,72431.36,185.24946
1787252400000,72431.35,72508,72330,72484.61,196.78556
1787253300000,72484.61,72637.34,72476.74,72610,191.7649
1787254200000,72610.01,72774,72544.98,72719.54,216.20445
1787255100000,72719.53,72750.43,72588,72690.76,213.89593
1787256000000,72690.76,72786,72630.19,72695.87,188.458
1787256900000,72695.86,72919.44,72630,72830,169.47344
1787257800000,72830,73110.7,72706,72763.99,379.98598
1787258700000,72764,72792.36,72594,72671.75,133.7021
1787259600000,72671.76,72701.87,72557,72701.87,203.95865
1787260500000,72701.87,72848,72651.65,72655.45,126.09784
1787261400000,72655.45,72837.16,72655.44,72742,105.27348
1787262300000,72742,72776,72710,72741.81,66.54507
1787263200000,72741.81,72754.62,72498,72610,148.94183
1787264100000,72610.01,72827.74,72562,72792,102.96136
1787265000000,72791.99,72804,72678,72692.73,102.46679
1787265900000,72692.74,72878,72674,72676.22,165.89328
1787266800000,72676.23,72928,72664.56,72927.99,84.59787
1787267700000,72927.99,73400,72906,73212,495.57117
1787268600000,73212,73390.15,73073.57,73108.01,189.03299
1787269500000,73108.01,73155.37,72981.31,73025.15,161.59887
1787270400000,73027.02,73500,73027.02,73495.4,371.20282
1787271300000,73495.41,73899,73356,73716,742.71487
1787272200000,73716,73990,73530.85,73690.01,565.08119
1787273100000,73690,73850,73588.24,73708.02,240.94117
1787274000000,73707.82,73999,73668,73990.5,243.26233
1787274900000,73990.5,74866.66,73960,74726.77,1158.06313
1787275800000,74726.78,75045.2,74540.96,74744.04,667.52614
1787276700000,74744.05,75785.82,74701.95,75129.23,1104.47787
1787277600000,75129.23,75197.08,74681.88,74876.05,528.33092
1787278500000,74876.05,74991.7,74652.95,74970.92,485.00668
1787279400000,74970.92,75095.16,74574.81,74725.27,358.71417
1787280300000,74725.62,74730.62,74384.63,74439.74,344.10309
1787281200000,74439.75,74500,74247.46,74459.31,309.48666
1787282100000,74459.31,74645.08,74316.99,74609.12,229.07675
1787283000000,74609.12,74733.77,74442.83,74674.56,248.27201
1787283900000,74674.55,74882.24,74500,74510.77,252.9653
1787284800000,74510.77,74900,74510.77,74870.82,186.20671
1787285700000,74870.83,74950,74787.5,74818.07,179.034
1787286600000,74818.07,75000,74783.01,74958.93,201.21635
1787287500000,74958.92,75054.46,74926,75026,259.05979
1787288400000,75026,75365.23,74918.79,75325.98,264.4673
1787289300000,75325.99,75500,75053,75200.82,330.03678
1787290200000,75200.81,75386,75096.96,75277.51,259.67412
1787291100000,75277.52,75472.73,75214,75472.73,284.50405
1787292000000,75472.73,75524,75274.01,75289.6,325.99819
1787292900000,75289.61,75511.33,75104,75342.01,293.44141
1787293800000,75342,75753,75324,75394.97,500.75232
1787294700000,75394.98,75660.95,75300,75646.21,261.90881
1787295600000,75646.2,76013.5,75620,75969.99,538.07333
1787296500000,75970,76916.95,75931.79,76410.38,1284.8595
1787297400000,76410.37,76809.94,76300,76595.89,967.74655
1787298300000,76595.88,76640.06,76199.48,76308.65,984.88495
1787299200000,76308.66,77200,76235.76,76892.01,641.05435
1787300100000,76892.01,77426.83,76852.32,77240.33,745.23862
1787301000000,77240.33,77800,77179.06,77647.34,909.98033
1787301900000,77647.34,79500,77582,79258.03,2070.19976
1787302800000,79258.02,79363.79,77251,77883.87,2035.60607
1787303700000,77883.88,77945.9,77465.26,77711.09,798.52481
1787304600000,77711.1,78366.65,77626,78194.16,608.97158
1787305500000,78194.16,78367.89,77577.01,77910.71,723.97571
1787306400000,77910.71,78110,77621.8,78048.89,504.54403
1787307300000,78048.9,78250,77666.37,77928.54,572.09976
1787308200000,77928.54,77966.73,77625.01,77844.21,260.38773
1787309100000,77844.21,78000,77744,77810.02,267.15232
1787310000000,77810.01,77855.78,77338.65,77551.19,322.45954
1787310900000,77551.2,77675.09,77240,77419.01,480.48474
1787311800000,77419.01,77442.44,76411.38,76836.21,1000.5981
1787312700000,76836.21,77024,76516.57,76722.32,584.19808
1787313600000,76722.31,76999.99,76538,76912.29,844.65783
1787314500000,76912.29,76912.29,76640,76680.5,597.68716
1787315400000,76680.5,77437.99,76620.81,77428.01,817.28956
1787316300000,77428.01,77477.24,77121.45,77223.66,420.54198
1787317200000,77223.66,77397.83,77051.4,77194,259.28519
1787318100000,77194,77206.21,76846,77083.93,509.92131
1787319000000,77083.94,77325.51,76243.04,77308,724.50457
1787319900000,77308,77700,77116.59,77266.87,528.80199
1787320800000,77266.88,77266.88,76701,76764.01,547.01595
1787321700000,76764.01,77200,76552.74,77067.99,607.75596
1787322600000,77067.99,77235.95,76856.16,77143.99,381.37109
1787323500000,77143.99,77448.26,77124,77384.68,319.62073
1787324400000,77384.69,77794,77328,77703.03,395.07002
1787325300000,77703.04,77871.33,77524,77614.36,302.17575
1787326200000,77614.36,77749.39,77487.98,77503.54,244.3111
1787327100000,77503.54,77544,77170,77221.98,374.80888
1787328000000,77221.98,77310,76858.57,76858.57,321.27712
1787328900000,76858.57,77390.68,76784.81,77383.87,333.45206
1787329800000,77383.88,77416,77239.63,77362.04,345.85614
1787330700000,77362.04,77563.53,77318,77486.01,367.63441
1787331600000,77486.01,77722.12,77468.46,77561.3,312.30592
1787332500000,77561.3,77562,77189.95,77558.64,335.39507
1787333400000,77558.64,77650,77349.34,77395.48,303.95154
1787334300000,77395.49,77513.26,77324,77392.68,147.68603
1787335200000,77392.69,77550,77278.62,77326,272.17379
1787336100000,77326.01,77495.58,77266,77388,201.62072
1787337000000,77388,77462.3,76860.32,76945.99,360.87194
1787337900000,76946,77146,76643.72,77146,412.73053
1787338800000,77145.99,77195.76,76856.2,77145.46,286.43828
1787339700000,77145.47,77349.35,76973.72,77322.81,269.05439
1787340600000,77322.8,77360,77106.45,77174,261.49526
1787341500000,77173.99,77273.76,77014.32,77028.94,334.35006
1787342400000,77028.94,77321.98,76863.56,77275.02,296.44017
1787343300000,77275.03,77548.99,77275.03,77490,256.58164
1787344200000,77489.99,77545.77,77354,77474.01,206.61439
1787345100000,77474.01,77543.4,77316,77520.19,145.85388
1787346000000,77520.19,77814.99,77388,77690.01,218.24297
1787346900000,77690.01,78203.38,77588,78090,345.02528
1787347800000,78090,78500,78000,78240.71,454.08258
1787348700000,78240.72,78675.1,78233,78505.15,334.62891
1787349600000,78505.14,78760.68,78178.59,78749.86,371.22535
1787350500000,78749.85,78749.85,78349.99,78499.84,250.42802
1787351400000,78499.84,78582.15,78081.8,78514.01,229.55113
1787352300000,78514,78618,78238.85,78460.14,171.6176
1787353200000,78460.13,78618,78344,78550,214.83741
1787354100000,78550,78720,78360,78409.45,311.00882
1787355000000,78409.44,78507.99,78100.26,78389,165.1275
1787355900000,78389,78404,78136,78338.03,130.62291
1787356800000,78338.03,78500,77738,77909.02,292.53621
1787357700000,77909.02,78105.9,77864,77919.99,134.23396
1787358600000,77919.99,78059.99,77755.05,77832.85,160.72623
1787359500000,77832.84,77988,77683.37,77953.3,234.60975
1787360400000,77953.3,78197.99,77908,78110.7,135.43714
1787361300000,78110.71,78168.1,77902,78016,106.30246
1787362200000,78016,78234,77896.51,77923.91,219.43364
1787363100000,77923.9,78014,77816.66,77830.01,151.78719
1787364000000,77830.01,78113.89,77791.19,78058.01,145.94573
1787364900000,78058.01,78473.72,78048,78398,187.69134
1787365800000,78398,78519.99,78172,78510.26,313.21107
1787366700000,78510.25,78563.83,78320.92,78470,318.32079
1787367600000,78470,78696.25,78380,78394.21,207.46507
1787368500000,78394.21,78797.99,78372,78768.01,187.12876
1787369400000,78768.01,78828.15,78561.38,78647.58,180.24731
1787370300000,78647.57,78685.28,78394.01,78410.98,159.96196
1787371200000,78410.98,78466.86,78244.6,78397.05,168.81729
1787372100000,78397.06,78590.43,78207.61,78590.42,154.87258
1787373000000,78590.43,78818,78522,78660.9,226.64137
1787373900000,78660.89,78686,78456,78470,188.02181
1787374800000,78470,78584,76500,77336.61,1918.97923
1787375700000,77336.61,77549.52,76724.68,77305.15,1123.4272
1787376600000,77305.15,77571.29,76920.62,77175.88,522.45245
1787377500000,77175.88,77508.96,77074.31,77380.75,251.49312
1787378400000,77380.75,77454.18,77150.01,77181.07,187.66746
1787379300000,77181.07,77399.51,77181.07,77245.6,215.59003
1787380200000,77245.6,77572.16,76985.14,77394.6,260.97141
1787381100000,77394.61,77541.19,77383.45,77486.09,174.08369
1787382000000,77486.09,77669.28,77278,77375.3,225.19627
1787382900000,77375.3,77488.3,77220,77485.44,132.02587
1787383800000,77485.44,77506,77302,77418.24,156.90093
1787384700000,77418.24,77442,77274.4,77289.18,120.22646
1787385600000,77289.18,77435.34,77194,77424.28,182.9814
1787386500000,77424.28,77445.6,77115.33,77226,217.51144
1787387400000,77226.01,77322,77037.42,77297.52,298.13707
1787388300000,77297.52,77297.53,77117.11,77210.55,171.84618
1787389200000,77210.55,77376.05,77050,77376.04,334.30793
1787390100000,77376.05,77395.04,77176.46,77222.35,322.30648
1787391000000,77222.35,77261.81,77158,77203.45,110.31533
1787391900000,77203.45,77203.46,76851.25,77061.99,322.38014
1787392800000,77062,77088.92,76680,76714.41,265.71501
1787393700000,76714.42,76946,76533.87,76934.02,402.95067
1787394600000,76934.02,77177.49,76870,77167.17,145.47001
1787395500000,77167.18,77187.46,76884.85,76976,244.70005
1787396400000,76976.01,77062,76822,76863.56,148.87262
1787397300000,76863.56,76999.7,76772.05,76987.23,224.73768
1787398200000,76987.22,77190.22,76946.89,77175.01,201.80362
1787399100000,77175.02,77204.68,77061.81,77130.02,153.96611
1787400000000,77130.01,77284.21,77073.86,77242.62,133.82008
1787400900000,77242.63,77341.3,77199.72,77330.01,222.45132
1787401800000,77330.01,77344,77208.13,77344,80.82925
1787402700000,77344,77387.99,77258,77300.27,92.74347
1787403600000,77300.27,77310.29,77194.55,77225.91,78.88189
1787404500000,77225.92,77252,77126.03,77170.86,140.18881
1787405400000,77170.86,77185.99,77116,77150,107.76412
1787406300000,77149.99,77362.03,77149.99,77288.62,144.75258
1787407200000,77288.62,77305.14,76949.56,77030.01,169.45595
1787408100000,77030,77093.22,76957.82,77093.21,82.27323
1787409000000,77093.22,77163.53,76960,76960,160.31735
1787409900000,76960.01,77081.73,76930,77003.62,122.00359
1787410800000,77003.62,77086.56,76944.77,76944.77,109.90016
1787411700000,76944.77,77033.43,76880,76992.01,149.91735
1787412600000,76992,77100.77,76989.79,77060.01,78.3403
1787413500000,77060,77091.91,76922,76978.83,127.12981
1787414400000,76978.83,77066.25,76956.36,77053.38,123.41156
1787415300000,77053.39,77232,77046.8,77198,116.3976
1787416200000,77198,77460,77150.45,77395.88,164.44212
1787417100000,77395.87,77547.96,77288,77288.01,133.26931
1787418000000,77288.01,77334.86,77240,77275.02,123.459
1787418900000,77275.03,77334.57,77066.66,77084.94,74.55717
1787419800000,77084.95,77220.75,77084.95,77220.74,59.4056
1787420700000,77220.74,77369.99,77220.73,77278.01,110.47094
1787421600000,77278.01,77360.92,77207.09,77240.25,84.19048
1787422500000,77240.24,77344,77240.24,77295.99,41.34705
1787423400000,77295.99,77320,77220.81,77227.9,59.95543
1787424300000,77227.9,77257.87,77138,77257.86,60.84085
1787425200000,77257.87,77337.72,77206.53,77329.77,84.65495
1787426100000,77329.78,77337.69,77254,77281.98,66.27528
1787427000000,77281.97,77422,77281.97,77422,45.47809
1787427900000,77422,77469.64,77410.07,77418.25,64.00821
1787428800000,77418.26,77467.53,77366.02,77412.25,69.68961
1787429700000,77412.25,77428.1,77298.15,77298.15,118.99388
1787430600000,77298.16,77408,77258,77352.18,98.76031
1787431500000,77352.19,77374.62,77264.5,77311.69,64.24663
1787432400000,77311.69,77311.69,77026,77048,112.92012
1787433300000,77048.01,77206.8,77048.01,77183.47,60.96733
1787434200000,77183.46,77196.03,76924.28,77030.33,143.42423
1787435100000,77030.33,77030.33,76828.78,76856.01,155.23026
1787436000000,76856,77155.46,76772,77101.69,204.8443
1787436900000,77101.68,77154.01,77042.46,77048.2,172.94392
1787437800000,77048.21,77090.01,76876,77070.01,402.71159
1787438700000,77070.01,77148,76958.1,76997.76,153.48333
1787439600000,76997.77,77084.23,76946.46,76974.79,190.45579
1787440500000,76974.79,77021.57,76939.99,76939.99,90.71428
1787441400000,76940,77034,76900,77022.58,99.98829
1787442300000,77022.58,77126.53,77008,77074.93,61.79418
1787443200000,77074.94,77143.94,77042.91,77080.01,68.37339
1787444100000,77080.01,77250,77055.99,77227.91,62.58045
1787445000000,77227.91,77356,77227.9,77282.47,110.73133
1787445900000,77282.47,77359.53,77256,77302.65,180.96278
1787446800000,77302.65,77400,77172,77399.99,98.77653
1787447700000,77400,77400,77260,77268.09,44.60617
1787448600000,77268.09,77318.26,77169.08,77253.04,76.90853
1787449500000,77253.04,77329.42,77158,77190.29,95.64337
1787450400000,77190.29,77211.08,77050.01,77050.02,89.43611
1787451300000,77050.02,77125.02,77005.88,77114.47,59.30815
1787452200000,77114.48,77207.3,77114.47,77175.95,47.69068
1787453100000,77175.96,77232.55,77064.22,77079.46,76.01127
1787454000000,77079.46,77114,77002.39,77083.77,137.51506
1787454900000,77083.78,77136.78,76988,76988.01,90.91221
1787455800000,76988,76988.01,76837,76849.99,163.99909
1787456700000,76849.99,76985.01,76849.99,76927.87,149.61156
1787457600000,76927.87,77025.99,76706.45,77004.3,283.86959
1787458500000,77004.31,77036.58,76795.83,76961.8,137.07866
1787459400000,76961.81,76974,76812.16,76821.23,269.69933
1787460300000,76821.23,76823.4,76477.04,76602,451.66619
1787461200000,76602,76730.99,75810.01,75889.21,732.76335
1787462100000,75889.21,76315.2,75545.67,76228.07,798.08191
1787463000000,76228.07,76333.83,76100,76166.88,242.14191
1787463900000,76166.88,76247.08,76030,76053.37,248.53751
1787464800000,76053.38,76148,75872.89,76078.02,257.61426
1787465700000,76078.01,76302.4,76069.11,76226,238.85652
1787466600000,76226,76357.51,76176.79,76254.89,155.22348
1787467500000,76254.9,76270.76,76025.4,76096.95,136.75066
1787468400000,76096.96,76318,76029.46,76299.99,125.37174
1787469300000,76300,76345.31,76230,76230.01,89.54926
1787470200000,76230.01,76231.68,76051.17,76058.72,109.56055
1787471100000,76058.72,76148,75907.82,76007.13,173.93967
1787472000000,76007.12,76300,75952.09,76206.13,339.76423
1787472900000,76206.12,76299,76203.83,76236.35,150.90055
1787473800000,76236.35,76654.78,76236.34,76519.75,188.04451
1787474700000,76519.76,76612.39,76448.37,76486.49,94.78295
1787475600000,76486.49,76639.99,76470,76579.18,95.61709
1787476500000,76579.18,76605.32,76476.36,76556.01,67.55572
1787477400000,76556,76576.39,76467,76564.5,83.29315
1787478300000,76564.5,76640.21,76505.01,76549.98,99.9066
1787479200000,76549.99,76732.36,76542,76656.55,146.50038
1787480100000,76656.55,76923.52,76646,76757.53,180.40667
1787481000000,76757.53,76924.29,76749.27,76856.67,115.66324
1787481900000,76856.68,76877.19,76780.15,76790.35,91.14128
1787482800000,76790.35,76892,76744.94,76883.38,88.17952
1787483700000,76884.62,77314,76824,77170,343.54737
1787484600000,77169.99,77393.69,77132,77283.25,212.81195
1787485500000,77283.25,77400,77189.99,77311.02,140.28458
1787486400000,77311.02,77311.99,76975.63,77080.02,266.37054
1787487300000,77080.01,77127.72,77020,77047.83,55.79635
1787488200000,77047.84,77248,77047.83,77238.1,83.41733
1787489100000,77238.1,77260,77164,77206,41.01467
1787490000000,77206.01,77341.35,77192.21,77338.87,104.18005
1787490900000,77338.87,77765.8,77338.22,77438.77,572.23865
1787491800000,77439.65,77629,77350.72,77522,139.92363
1787492700000,77521.99,77564,77373.89,77487.62,139.58592
1787493600000,77487.62,77617.89,77330.4,77552.72,146.63117
1787494500000,77552.72,77640.58,77421.06,77452.55,154.64457
1787495400000,77452.54,77487.99,76802,77025.14,500.57743
1787496300000,77025.13,77315.01,77025.13,77186,213.83128
1787497200000,77186,77336.93,77070.01,77170,210.26403
1787498100000,77170,77244,76913.49,77199.99,190.77556
1787499000000,77200,77324.71,77144,77282.01,102.36913
1787499900000,77282.01,77282.01,77144,77156.13,58.75064
1787500800000,77156.14,77303.31,77156.13,77277.66,50.54341
1787501700000,77277.66,77328,77216.8,77327.99,83.25857
1787502600000,77328,77440.42,77318.05,77388,101.85386
1787503500000,77388,77475,77360,77429.88,67.58376
1787504400000,77429.87,77443.95,77148.2,77283.26,118.734
1787505300000,77283.26,77380,77196.18,77250,94.61673
1787506200000,77250,77314,77161.81,77245.05,72.43921
1787507100000,77245.05,77327.09,77176.41,77176.41,110.36993
1787508000000,77176.41,77411.07,77116,77353.94,352.09173
1787508900000,77353.95,77415.33,77275.18,77356.01,140.79873
1787509800000,77356.01,77369.91,77311.95,77345.51,105.92373
1787510700000,77345.51,77349.77,77261.16,77341.98,71.35775
1787511600000,77341.99,77411.03,77255.99,77322,145.12498
1787512500000,77322,77396.94,77300.83,77355.24,35.24449
1787513400000,77355.25,77445.11,77257.99,77443.86,55.41926
1787514300000,77443.86,77487.04,77329.27,77346.01,59.14985
1787515200000,77346,77346.01,77200.03,77272,58.313
1787516100000,77272,77410.43,77272,77387.19,36.98428
1787517000000,77387.2,77460,77385.99,77428.01,40.1296
1787517900000,77428,77434.89,77390.94,77401.6,34.55067
1787518800000,77401.59,77709.87,77401.59,77697.68,157.84314
1787519700000,77697.69,78052.85,77697.69,78024.18,352.48263
1787520600000,78024.18,78037.99,77545.84,77622,218.31165
1787521500000,77622,77864.26,77621.99,77833.23,132.9946
1787522400000,77833.23,77979,77579.99,77703.56,252.43257
1787523300000,77703.56,77808,77638,77668,116.80637
1787524200000,77668,77727.16,77600,77648.01,104.89507
1787525100000,77648.01,77704.79,77560.02,77598.88,113.23093
1787526000000,77598.87,77622.86,77290.22,77470.6,189.00253
1787526900000,77470.6,77670,77445.34,77667.51,132.43145
1787527800000,77667.51,77829.7,77400,77483.99,215.76545
1787528700000,77483.99,77793.85,77483.99,77734,124.00591
1787529600000,77734,77742,77514,77627.9,121.25196
1787530500000,77627.9,77643.88,77268,77432,179.93014
1787531400000,77432,77597.84,77219.34,77236.04,143.81917
1787532300000,77236.04,77679.51,77142.85,77679.5,185.62871
1787533200000,77679.51,77717.28,77439.28,77439.29,171.13024
1787534100000,77439.29,77464.29,77226.01,77246.01,175.49081
1787535000000,77246,77368,77178.06,77213.99,169.89612
1787535900000,77213.99,77264,76918,76922.1,336.95504
1787536800000,76922.11,77420,76883.61,77372,275.00206
1787537700000,77372,77509.05,77371.99,77447.93,143.80345
1787538600000,77447.93,77545.08,77404.83,77453.04,102.66971
1787539500000,77453.05,77528.52,77244.42,77478.69,210.96868
1787540400000,77478.7,77532.37,77204.87,77204.92,453.9609
1787541300000,77204.91,77273,77122.8,77122.81,320.50502
1787542200000,77122.8,77161.36,76964.01,76987.01,384.89385
1787543100000,76987.01,77152,76933,76933.02,288.13092
1787544000000,76933.02,77091.16,76933.02,77009.01,409.11099
1787544900000,77009,77247.12,77009,77208.45,180.32307
1787545800000,77208.45,77219.85,77050,77098.94,157.61547
1787546700000,77098.94,77122.01,76670.01,76897.44,444.31794
1787547600000,76897.44,77208.6,76844,77208.6,288.35771
1787548500000,77208.6,77226.93,76946.01,77055.03,214.64813
1787549400000,77055.02,77181.72,76842.72,77079.22,204.72069
1787550300000,77079.22,77177.33,76992.45,77149.4,176.79092
1787551200000,77149.39,77435.64,77071,77396.01,259.06439
1787552100000,77396.01,77470.23,77296.16,77360.91,210.81536
1787553000000,77360.91,77382.7,77232,77351.9,125.09503
1787553900000,77351.9,77525.09,77344.01,77464.33,151.00912
1787554800000,77464.33,77790.19,77464.31,77760,216.12682
1787555700000,77759.99,77760,77550,77593.27,113.24505
1787556600000,77593.27,77593.28,77344.06,77344.06,161.79667
1787557500000,77344.06,77425.34,77281.68,77307.15,190.16271
1787558400000,77307.14,77414.88,77206,77248.97,154.68689
1787559300000,77248.97,77248.97,76838,76923.67,440.19711
1787560200000,76923.67,77129.97,76913.99,77129.97,161.87624
1787561100000,77129.96,77145.07,77020.06,77041.47,164.7042
1787562000000,77041.46,77306.87,77028,77288.25,101.14968
1787562900000,77288.25,77420,77217,77418.79,186.92125
1787563800000,77418.79,77510.09,77399.82,77467.96,94.50293
1787564700000,77467.96,77602.8,77442.42,77554.08,140.43591
1787565600000,77554.08,77885.23,77542,77846.42,298.83626
1787566500000,77846.41,77946.34,77774.94,77858.35,304.38683
1787567400000,77858.36,78017,77696.03,77726.31,340.9882
1787568300000,77726.3,77827.79,77534.09,77617.22,168.87359
1787569200000,77617.23,77854,77450,77819.05,188.24215
1787570100000,77819.05,77896,77723.07,77835.23,148.21039
1787571000000,77835.22,78569.99,77822.41,78568.7,682.36585
1787571900000,78568.7,78600,78090.04,78443.65,305.64248
1787572800000,78443.65,78451.69,78110,78154,280.24732
1787573700000,78154,78517.27,77982,78460.01,334.43011
1787574600000,78460,78882,78380,78729.26,496.75662
1787575500000,78729.25,79326.48,78724,79159.99,747.40946
1787576400000,79159.98,79450,78961.76,79223.01,650.25462
1787577300000,79223.02,79238.53,78885.73,79023.99,787.78498
1787578200000,79024,79049.36,78210,78288.4,1179.09017
1787579100000,78288.4,78622,77851.9,78597.99,683.45431
1787580000000,78597.99,79243.72,78597.99,79202.01,694.83802
1787580900000,79202,79651.59,78883.01,79391.73,1126.98451
1787581800000,79391.72,79841.12,79337.16,79662.16,952.99676
1787582700000,79662.16,79773.77,79279.5,79510.92,455.32404
1787583600000,79510.93,79733.58,79364,79548.83,346.57904
1787584500000,79548.82,79989,79528,79895.88,734.61397
1787585400000,79895.87,80000,79016,79298.3,1557.46923
1787586300000,79298.3,79552.09,78824.78,79100.01,1027.51341
1787587200000,79100.01,79539.27,79100.01,79488,593.23382
1787588100000,79488.01,79877.87,79486,79668,402.15339
1787589000000,79668,79771.91,79368,79371.01,236.78287
1787589900000,79371.01,79389.97,78901.1,79047.6,645.11834
1787590800000,79047.61,79198,78601.44,79103.97,705.83822
1787591700000,79103.96,79173.92,78468.61,78546,499.52494
1787592600000,78546,78851.25,78485.13,78635.96,265.61372
1787593500000,78635.97,78825.99,78561.98,78761.14,166.95314
1787594400000,78761.14,79018,78746.9,79012,230.45854
1787595300000,79012,79077.4,78933.86,79013.99,195.16603
1787596200000,79014,79084.22,78718.01,78968,200.36386
1787597100000,78968,79080,78862,78928.35,157.8426
1787598000000,78928.35,79118.42,78783.11,79030,270.02111
1787598900000,79030,79045.99,78621.39,78875.95,235.76286
1787599800000,78875.95,78962.54,78766.53,78886,226.4747
1787600700000,78885.99,78892,78600,78758,330.80635
1787601600000,78757.99,78820,78560,78686.07,148.78476
1787602500000,78686.07,78792,78617.11,78695.56,77.96
1787603400000,78695.55,78996,78637.95,78904.54,132.10005
1787604300000,78904.53,78942.73,78824,78932.33,62.36486
1787605200000,78932.33,79044,78932.32,79027.19,65.28231
1787606100000,79027.19,79036,78853.43,78918,89.77017
1787607000000,78918,79023.72,78918,78982,65.63414
1787607900000,78982,79049.4,78922,78984.23,81.79003
1787608800000,78984.23,78988,78833.33,78870,100.07774
1787609700000,78870,78931.89,78753.43,78773.99,46.42852
1787610600000,78774,78926,78740.44,78772.01,132.15907
1787611500000,78772,78838,78692,78740,73.10493
1787612400000,78740,78822,78622.13,78740.44,203.91671
1787613300000,78740.44,78977.38,78739.99,78904,86.64923
1787614200000,78904.01,78999.82,78867.17,78956.01,106.23522
1787615100000,78956.01,79017.76,78823.03,78992.75,239.9183
1787616000000,78992.76,79083.49,78900.83,78963.99,268.44561
1787616900000,78963.99,78963.99,78715.63,78800.09,149.00254
1787617800000,78800.08,79372,78743.32,79372,268.53518
1787618700000,79372,79888,79336.91,79739.99,447.5113
1787619600000,79739.99,79985.41,79609.84,79648,283.28204
1787620500000,79648,79958.33,79478,79823.2,229.78106
1787621400000,79823.19,79920,79670.27,79700.01,338.00551
1787622300000,79700.01,79846,79512,79828,216.16558
1787623200000,79828,79930,79742,79867.99,351.07489
1787624100000,79868,81090,79826,81010.01,1883.65128
1787625000000,81010,81272.62,80776,80827.01,629.44568
1787625900000,80827.01,80866,80433.83,80649.63,450.73347
1787626800000,80649.62,80956,80590.67,80791.98,381.23825
1787627700000,80791.98,80820,80508.76,80636.69,367.34627
1787628600000,80636.69,80880.17,80544,80592,322.48114
1787629500000,80592,80674,80314.31,80488.01,288.4251
1787630400000,80488.01,80608,80266,80496.13,215.112
1787631300000,80496.13,80498.65,80233.62,80256,278.36729
1787632200000,80256,80391.14,80150,80237.25,233.25612
1787633100000,80237.25,80363.74,80214.18,80363.73,172.0767
1787634000000,80363.74,80577.62,80322,80554,203.95185
1787634900000,80554,80739.5,80486,80642,275.5649
1787635800000,80641.99,80821.53,80598,80708,132.95166
1787636700000,80708.01,80816.23,80640,80731.9,381.57151
1787637600000,80731.9,80860,80683.25,80852.19,245.62281
1787638500000,80852.19,80923.69,80747.66,80747.66,176.10134
1787639400000,80747.66,80748.14,80512.01,80532.34,186.77725
1787640300000,80532.35,80574.09,80420,80574.09,136.89741
1787641200000,80574.09,80819.67,80541.67,80718.01,188.94461
1787642100000,80718,80742.71,80606.31,80670.01,86.85876
1787643000000,80670,80697.79,80484,80513.18,186.44853
1787643900000,80513.17,80529.84,79369.17,79705.79,845.43193
1787644800000,79705.79,79975.67,79622,79926.08,226.85409
1787645700000,79926.07,80249,79926.07,80198.39,233.44235
1787646600000,80198.4,80228.93,79907.45,80111.99,169.00127
1787647500000,80111.99,80124,79840,79930.77,159.01788
1787648400000,79930.76,79952.06,79704.28,79844.01,440.00591
1787649300000,79844,79958,79776,79822,154.36889
1787650200000,79821.99,79940,79748,79748,140.64132
1787651100000,79748.01,79776,78888,79187.2,740.26898
1787652000000,79187.2,79342,78992,79313.99,240.55761
1787652900000,79314,79429.94,79219.96,79274.01,172.33016
1787653800000,79274,79327.77,79235.09,79320.74,175.76477
1787654700000,79320.75,79484.01,79306,79309.63,248.29414
1787655600000,79309.63,79396,79086.52,79100.89,148.42047
1787656500000,79100.9,79300.15,79064.89,79253.99,113.79207
1787657400000,79253.99,79463.59,79160.74,79160.74,168.30331
1787658300000,79160.75,79185.65,79044.18,79117.99,186.77847
1787659200000,79118,79171.88,78682,79080.82,360.97962
1787660100000,79080.83,79083.6,78640,78884,311.47025
1787661000000,78883.99,79000,78772,78933.31,160.7091
1787661900000,78933.32,79090.09,78898.59,78980,174.18173
1787662800000,78980.01,79078,78720,78812,191.28348
1787663700000,78812,78820,78571.62,78648.01,289.83801
1787664600000,78648,79222,78604.89,78646.01,620.7609
1787665500000,78646.01,78662,78120.74,78647.99,632.23981
1787666400000,78648,79050,78531.55,78995.3,323.27707
1787667300000,78995.31,79305.2,78909.15,79211.88,354.16214
1787668200000,79211.89,79386.94,79033.01,79167.53,286.64763
1787669100000,79167.52,79376,79158.36,79235.99,251.97844
1787670000000,79236,79360,79060.28,79107.28,197.55356
1787670900000,79108,79280,79020.04,79235.8,168.77698
1787671800000,79235.79,79475,79184,79400.54,265.29766
1787672700000,79400.53,79527.09,79263.09,79502.01,162.45442
1787673600000,79502.01,79563.71,79158.22,79168.98,253.59193
1787674500000,79168.99,79270,79067.72,79150,130.16079
1787675400000,79149.99,79357.99,79145.05,79228,135.27748
1787676300000,79228.01,79372.08,79092.1,79156.02,157.1485
1787677200000,79156.02,79156.02,78862,78966,223.00712
1787678100000,78966,79020,78752.06,78798,159.12643
1787679000000,78798,79184.15,78797.99,79139.91,230.38086
1787679900000,79139.92,79256.08,79139.92,79240.01,134.76762
1787680800000,79240.02,79380,79217.51,79317.55,140.35163
1787681700000,79317.56,79332.59,79237.18,79276.01,114.3689
1787682600000,79276,79276.01,79108,79172.02,91.33411
1787683500000,79172.02,79236.95,79048.44,79128,123.44618
1787684400000,79128.01,79190,79018,79161.49,171.99772
1787685300000,79161.49,79233.57,78909.28,78933.89,152.62226
1787686200000,78933.88,78946.42,78728.35,78746.72,192.11672
1787687100000,78746.72,78944.79,78737.56,78925.95,186.13203
1787688000000,78925.96,78976,78668.15,78881.98,158.56584
1787688900000,78881.99,78962,78768,78772.03,73.52896
1787689800000,78772.03,78788,78366,78465.99,201.49534
1787690700000,78466,78545.99,78165.27,78206.13,343.96082
1787691600000,78206.14,78298,77851,78285.99,453.49095
1787692500000,78286,78480,78208,78466.47,164.40781
1787693400000,78466.47,78654,78380.86,78584,112.88671
1787694300000,78583.99,78664,78542,78570,110.10336
1787695200000,78569.99,78944,78569.99,78932.43,193.89408
1787696100000,78932.43,79000,78606,78643.48,147.58633
1787697000000,78643.48,78866,78596,78780.01,105.12482
1787697900000,78780,78979.57,78777.17,78889.51,130.7331
1787698800000,78889.51,78977.49,78807.97,78952.92,201.3236
1787699700000,78952.91,78966.4,78630.29,78734.93,163.9243
1787700600000,78734.93,78796,78516.45,78591.66,82.04687
1787701500000,78591.66,78620.61,78396.88,78539.14,243.09871
1787702400000,78539.13,78625.99,78312,78356,227.6182
1787703300000,78356,78605.99,78338,78591.98,117.93252
1787704200000,78591.99,78668,78367.29,78390.63,140.1713
1787705100000,78390.62,78721.48,78369.36,78631.79,194.92836
1787706000000,78631.7,78902,78607.29,78746,199.34322
1787706900000,78745.99,78879.88,78693.29,78711.95,201.45964
1787707800000,78711.96,78960,78711.96,78872.34,116.95995
1787708700000,78872.35,78872.35,78764.2,78815.13,54.63493
1787709600000,78815.13,78879.08,78748.56,78782,72.69411
1787710500000,78782.01,79251.6,78762.08,79230.54,211.12038
1787711400000,79230.54,79243.86,79124,79148.2,131.91518
1787712300000,79148.2,79194.51,79044.01,79108,89.79838
1787713200000,79108.01,79184,79046,79046.01,94.31356
1787714100000,79046,79135.22,78993.72,79043.51,142.09959
1787715000000,79043.52,79120,78900,79060.66,119.07424
1787715900000,79060.66,79112.21,78950.91,79088.62,98.01892
1787716800000,79088.61,79200,78968.95,79039.5,184.91601
1787717700000,79039.51,79140,78980,79009.99,133.68197
1787718600000,79010,79050.08,78892.11,78965.1,74.12751
1787719500000,78965.1,78965.11,78790.68,78826,90.20878
1787720400000,78826,78952.46,78638,78902,133.96549
1787721300000,78902,79073.33,78752,79026.22,175.01513
1787722200000,79026.23,79143.62,78984.82,79120.1,107.59573
1787723100000,79120.09,79120.1,78956.83,79085.98,98.66054
1787724000000,79085.98,79206,78970,79008,132.08648
1787724900000,79008,79056,78817.42,78898.18,137.65398
1787725800000,78898.18,78962,78816,78935.64,97.54853
1787726700000,78935.64,78969.06,78866.37,78947.92,92.06871
1787727600000,78947.92,79096,78867,78987.75,124.53674
1787728500000,78987.75,79047.99,78900.92,78950,92.0694
1787729400000,78950,79050.5,78888.88,78997.46,151.39563
1787730300000,78997.46,79062,78920,78925.56,148.23941
1787731200000,78925.57,79119.37,78828,79044.01,140.80077
1787732100000,79044.01,79116.3,78914.16,78989.68,82.24641
1787733000000,78989.69,79022.44,78896.02,78998.98,349.81258
1787733900000,78998.97,79011.09,78600,78707.59,422.56717
1787734800000,78707.59,78877.02,78668.48,78775.3,112.59319
1787735700000,78775.31,78775.31,78387.12,78525.05,185.57217
1787736600000,78525.05,78592,78325,78327.12,115.70488
1787737500000,78327.11,78492,78244.83,78444.49,139.49797
1787738400000,78444.5,78474,78291.09,78430.46,87.94379
1787739300000,78430.46,78636,78424.4,78624.13,83.50303
1787740200000,78624.13,78808.15,78570.77,78722,106.18853
1787741100000,78722.01,78879.75,78700,78727.45,89.64846
1787742000000,78727.46,78782,78662.44,78709.31,57.66919
1787742900000,78709.31,78736.57,78617.75,78629.78,54.39677
1787743800000,78629.78,78629.78,78317,78482.41,203.13993
1787744700000,78482.4,78574,78380,78487.26,98.23504
1787745600000,78487.26,78562,78359.12,78400.01,120.19665
1787746500000,78400.01,78713.79,78288,78713.71,135.88262
1787747400000,78713.7,78713.7,77918.25,78265.99,593.60333
1787748300000,78265.99,78448,78206,78319.59,173.26665
1787749200000,78319.58,78444,77983.74,78120.67,279.79044
1787750100000,78120.68,78172.79,77913.19,78052.01,159.62405
1787751000000,78052.01,78495.03,78052,78492,275.51752
1787751900000,78491.99,78554,78116,78448.66,228.29086
1787752800000,78448.66,78603.41,78297.71,78456,196.63229
1787753700000,78455.99,78572,78202.86,78247.99,172.18107
1787754600000,78247.98,78278.02,77935,77979.87,228.73255
1787755500000,77979.86,78041.41,77774,77790.48,453.60104
1787756400000,77790.48,77957.98,77632.58,77836.99,281.12053
1787757300000,77836.99,78161.4,77732,78159.64,162.87616
1787758200000,78159.65,78167.26,77918,78035.7,140.17261
1787759100000,78035.7,78145.79,77974.86,78011.65,128.07189
1787760000000,78011.64,78159.99,77976.5,78077.51,88.92854
1787760900000,78077.51,78130.55,77984,78060.62,153.12294
1787761800000,78060.62,78145.2,77858,77873.99,151.84199
1787762700000,77874,78161.73,77874,77991.3,206.65439
1787763600000,77991.29,78128.91,77991.29,78128.91,73.84068
1787764500000,78128.9,78512.05,78128.9,78512.05,249.02495
1787765400000,78512.05,78603,78493.54,78514.76,157.62392
1787766300000,78514.77,78514.81,78368,78442.83,104.63369
1787767200000,78442.84,78650.26,78402.8,78562.52,107.1162
1787768100000,78562.52,78601.3,78442.16,78468,95.25291
1787769000000,78468,78490,78280.01,78296.62,76.61065
1787769900000,78296.62,78502.91,78293.82,78472.41,58.26513
1787770800000,78472.41,78514,78381.27,78381.98,100.01668
1787771700000,78381.98,78572,78292,78531.97,150.55103
1787772600000,78531.97,78551.65,78384.01,78436.56,101.90467
1787773500000,78436.57,78546,78436.56,78475.49,114.37896
1787774400000,78475.49,78521.7,78400,78420,67.00207
1787775300000,78420,78459.78,78200,78396.6,102.9255
1787776200000,78396.59,78433.86,78293.85,78404.9,81.74951
1787777100000,78404.9,78466.16,78388,78452.04,70.54718
1787778000000,78452.04,78800,78392.19,78794.28,156.82465
1787778900000,78794.28,78845.06,78707.99,78750,116.01176
1787779800000,78750.01,78840.01,78652.15,78714.99,107.12849
1787780700000,78714.99,78802.38,78669.61,78724.01,48.51949
1787781600000,78724,78871.15,78680,78782.98,332.22449
1787782500000,78782.97,78975.85,78763.47,78821.05,143.45808
1787783400000,78821.04,78821.04,78590,78687.67,109.69951
1787784300000,78687.66,78738,78554,78700,345.88005
1787785200000,78700,78752,78654,78708.74,65.38123
1787786100000,78708.73,78903.38,78670.7,78865.34,102.63883
1787787000000,78865.35,79058,78863.65,79049.99,214.22617
1787787900000,79050,79174.12,78999.83,79023.75,314.84187
1787788800000,79023.75,79028.49,78818,78837.5,101.34154
1787789700000,78837.5,78940,78819.88,78902,59.09525
1787790600000,78902,78907.77,78791.99,78897.99,258.33307
1787791500000,78897.99,78897.99,78690.01,78690.01,109.05739
1787792400000,78690.02,78778,78633.3,78667.63,119.01545
1787793300000,78667.63,78961.48,78546.13,78936.04,213.62255
1787794200000,78936.04,78979.76,78717.97,78717.98,86.5153
1787795100000,78717.97,79017.99,78708.01,78898.67,101.56415
1787796000000,78898.68,78978,78852,78884.26,67.70235
1787796900000,78884.27,78884.27,78727.42,78757.21,51.00218
1787797800000,78757.22,78800,78712,78736.64,39.65932
1787798700000,78736.64,78791.99,78704.62,78717.76,270.65796
1787799600000,78717.76,78778,78670,78677.34,130.96583
1787800500000,78677.34,78990,78643.23,78896.01,88.50233
1787801400000,78896,78926,78834.51,78876.5,79.02797
1787802300000,78876.51,78919.97,78775.44,78830.68,58.79466
1787803200000,78830.68,78888.69,78800,78862.47,39.57399
1787804100000,78862.46,78900,78785.05,78785.06,43.06633
1787805000000,78785.06,78814,78684.18,78813.99,51.91525
1787805900000,78814,78820,78708.95,78783.99,47.05835
1787806800000,78783.99,78784,78650,78650.01,56.4523
1787807700000,78650.01,78804,78629.75,78662.52,64.54783
1787808600000,78662.52,78800,78600,78715.87,89.74831
1787809500000,78715.88,78928,78707.95,78912.55,86.5801
1787810400000,78912.54,78912.55,78651.73,78677.77,88.66748
1787811300000,78677.77,78796,78604.78,78651.85,163.51639
1787812200000,78651.85,78794,78651.84,78750,95.68951
1787813100000,78749.99,78842.38,78749.99,78817.49,51.27665
1787814000000,78817.5,78861.46,78768.87,78832.42,34.37709
1787814900000,78832.41,78841.33,78754,78795.45,65.52024
1787815800000,78795.45,78877.93,78795.44,78838,93.58335
1787816700000,78838,79095.99,78838,79082.17,152.46048
1787817600000,79082.18,79875,79048,79635.93,804.26616
1787818500000,79635.94,79749.99,79442.55,79749.99,286.91577
1787819400000,79749.99,79995.85,79718,79917.32,280.68426
1787820300000,79917.32,80022,79700,79755.99,333.75598
1787821200000,79756,79884.54,79683.09,79877.28,178.95995
1787822100000,79877.27,80497.76,79787.58,80493.86,472.7806
1787823000000,80493.87,80520,80199.53,80253.57,215.94019
1787823900000,80253.57,80277,79919.6,79986,264.1991
1787824800000,79986,80158.15,79806.17,79932.76,167.98483
1787825700000,79932.76,80020,79342,79664.56,247.54901
1787826600000,79664.56,79676,79368.5,79609.1,158.28847
1787827500000,79609.11,79626,79496,79626,110.84944
1787828400000,79625.99,79754,79553.23,79754,105.76368
1787829300000,79753.99,79766.3,79496,79523.99,105.17836
1787830200000,79524,79562.38,79390,79438.51,192.92789
1787831100000,79438.5,79500,79172.65,79477.67,217.24453
1787832000000,79477.66,79555.98,79378,79498.01,175.07201
1787832900000,79498.01,79596,79394,79551,84.48899
1787833800000,79551,79551,79268.77,79273.63,140.42746
1787834700000,79273.62,79355.92,79266,79282.31,105.97672
1787835600000,79282.31,79377.99,79269.52,79362.46,151.22443
1787836500000,79362.5,79486,79300.14,79352.62,188.61732
1787837400000,79352.63,79364,79090.27,79236.23,395.42962
1787838300000,79236.24,79568,78920,79533.15,408.05051
1787839200000,79533.16,79799.99,79354.47,79457.22,364.40059
1787840100000,79457.23,79911.45,79395.29,79911.45,283.21208
1787841000000,79911.45,80388,79804,80365.08,460.86581
1787841900000,80365.09,80365.09,80004.47,80204.05,355.71332
1787842800000,80204.06,80799.91,80094,80677.08,534.18882
1787843700000,80677.09,80729.99,80397.23,80600,364.98004
1787844600000,80600,80608,80342.1,80491.78,306.54607
1787845500000,80491.78,80508.09,80299.14,80302.32,209.63471
1787846400000,80302.32,80536,80189.39,80408,269.17024
1787847300000,80408,80533.99,80392,80412,236.29069
1787848200000,80412,80624,80268,80572,254.58644
1787849100000,80572.01,80603.36,80350,80374,197.93321
1787850000000,80374,80662,80230,80623.72,227.3681
1787850900000,80623.71,80848.74,80593.58,80713.59,310.03487
1787851800000,80713.59,80806.76,80462,80484,335.66602
1787852700000,80484,80566.39,80432,80442.46,100.69176
1787853600000,80442.47,80442.47,79982.38,80076.76,222.03517
1787854500000,80076.76,80194,79749.7,79912,234.9064
1787855400000,79911.99,80014.81,79826.9,79964.07,112.45163
1787856300000,79964.06,80159.11,79910,80150.69,93.43224
1787857200000,80150.69,80294.11,80115.45,80163.26,95.67814
1787858100000,80163.26,80232,80042.41,80177.03,103.86491
1787859000000,80177.04,80226,79980,80007.6,149.80518
1787859900000,80007.61,80051.4,79886,79910.19,165.26029
1787860800000,79910.19,80051.68,79882.86,79957.2,99.89692
1787861700000,79957.21,80120,79952.01,79988.02,75.3055
1787862600000,79988.03,80051.75,79978,80020.02,34.06216
1787863500000,80020.01,80096,79966.05,80096,73.60795
1787864400000,80096,80155.99,80018,80097.55,105.73539
1787865300000,80097.55,80129.9,79992,80034.19,59.10351
1787866200000,80034.19,80126,79975.74,80023.99,62.91133
1787867100000,80024,80184,80008.01,80184,50.66519
1787868000000,80184,80321.04,80183.99,80250.1,75.18532
1787868900000,80250.11,80432.36,80204.33,80238.71,272.16209
1787869800000,80238.71,80289.61,80150,80284.04,102.40625
1787870700000,80284.03,80303.22,80218,80303.21,84.48707
1787871600000,80303.21,80312.86,80150,80167.03,125.28221
1787872500000,80167.02,80393.6,80134,80321.96,69.12175
1787873400000,80321.95,80327.04,80248,80262.06,55.94696
1787874300000,80262.06,80315.25,80192.08,80249.58,79.47439
1787875200000,80249.59,80270,80153.99,80216.59,117.43507
1787876100000,80216.59,80460.52,80216.58,80421.58,152.25704
1787877000000,80421.58,80500,80358.61,80418.23,98.84376
1787877900000,80418.22,80705.37,80349.1,80576,148.06109
1787878800000,80575.99,80876.04,80575.99,80754.45,188.50654
1787879700000,80754.45,81175.94,80692,81130.98,479.54479
1787880600000,81130.97,81478.87,80810.81,80844.03,576.32979
1787881500000,80844.03,80884,80434.15,80500.38,218.66977
1787882400000,80500.38,80500.38,80229.04,80235.83,241.17041
1787883300000,80235.83,80293.92,79917.88,79917.89,466.25028
1787884200000,79917.88,80153.48,79822.4,80037.99,253.15353
1787885100000,80038,80038,79723.02,79926.11,229.63087
1787886000000,79926.11,79974,79775.61,79876,116.47994
1787886900000,79876,80060.01,79874,79910,172.91101
1787887800000,79910.01,79991.32,79812,79814.57,130.49142
1787888700000,79814.56,79863.04,79778.66,79810.49,110.81216
1787889600000,79810.48,79844.69,79603.81,79844.69,224.54992
1787890500000,79844.68,79970.5,79816,79816.01,172.79041
1787891400000,79816,79840,79630.05,79705.26,75.84724
1787892300000,79705.26,79744.75,79617.74,79643.81,89.68035
1787893200000,79643.8,79720.87,79558.11,79634,126.85578
1787894100000,79634,79731.5,79574.38,79731.5,61.28888
1787895000000,79731.49,79861.46,79703.83,79806.23,54.97257
1787895900000,79806.23,79872.6,79647.64,79686,83.46381
1787896800000,79686,79903.26,79685.99,79903.26,110.93048
1787897700000,79903.26,79903.26,79800.45,79827.15,79.87914
1787898600000,79827.14,79874,79800,79861.98,66.2916
1787899500000,79861.99,79999,79861.98,79904.21,102.03108
1787900400000,79904.21,79904.21,79662.13,79687.62,109.62977
1787901300000,79687.62,79813.74,79678,79805.27,67.43658
1787902200000,79805.27,79805.28,79573.36,79578.15,397.07246
1787903100000,79578.15,79675.61,79575.27,79660,443.96761
1787904000000,79660,79840,79659.99,79738.52,113.65215
1787904900000,79738.51,79835.81,79738.51,79788.72,74.5468
1787905800000,79788.73,79819.45,79716.48,79716.48,176.15679
1787906700000,79716.48,79724.53,79480,79516.78,161.85222
1787907600000,79516.77,79516.78,79259.43,79382.86,219.2346
1787908500000,79382.86,79460.41,79377.33,79377.34,95.82538
1787909400000,79377.34,79445,79276,79277.82,133.24376
1787910300000,79277.81,79350,79273.78,79285.19,93.44069
1787911200000,79285.19,79308.01,79001.01,79220.48,280.12601
1787912100000,79220.49,79308.39,79152,79303.65,96.77274
1787913000000,79303.65,79373.39,79294.57,79328.76,64.56269
1787913900000,79328.75,79571.99,79316.17,79565.89,107.31007
1787914800000,79565.9,79720.36,79555.22,79694,111.16337
1787915700000,79694,79770.29,79650,79668.83,120.37439
1787916600000,79668.83,79745.2,79582.9,79626.03,108.32128
1787917500000,79626.03,79644.88,79560.12,79604.13,54.22033
1787918400000,79604.12,79672.77,79512.34,79535.73,77.32838
1787919300000,79535.73,79727.36,79526,79526,99.12629
1787920200000,79526,79532.52,79306.11,79416.88,144.62704
1787921100000,79416.88,79440,79356.07,79421.05,78.97146
1787922000000,79421.04,79477.67,79288,79371.28,82.21118
1787922900000,79371.28,79375.24,79070,79199.22,143.97492
1787923800000,79199.21,79356.08,79034.56,79088,199.38694
1787924700000,79087.99,79635.01,79072.56,79330.75,417.65166
1787925600000,79330.34,79706.64,78423.03,78626,1379.32754
1787926500000,78626,79030.9,78512,78946.08,461.39121
1787927400000,78946.07,79703.11,78848,79416.87,750.76635
1787928300000,79416.88,79599.26,79100,79542.44,338.64492
1787929200000,79542.44,79838.73,79290,79306.13,289.66389
1787930100000,79306.13,79512,79236.92,79334,143.85819
1787931000000,79334,79346,78774.42,78789.09,427.38201
1787931900000,78789.09,78908.97,78312.64,78331.13,394.11185
1787932800000,78331.13,78404,77816.57,77825.73,801.7568
1787933700000,77825.73,77856,76888,77530.5,1376.26539
1787934600000,77530.5,77965.6,77512,77800.03,498.52056
1787935500000,77800.03,77993.15,77778,77788.46,279.07363
1787936400000,77788.45,78000,77642.78,78000,299.95225
1787937300000,78000,78131.86,77832,77940.01,160.43253
1787938200000,77940.01,77997.4,77698,77783.58,120.88003
1787939100000,77783.58,77986,77783.57,77904,141.49533
1787940000000,77904,77935.5,77742,77744,89.12873
1787940900000,77744,77793.27,77500.01,77592,149.92578
1787941800000,77592.01,77621.61,77332.21,77408.13,206.02184
1787942700000,77408.14,77554,77270,77554,130.28724
1787943600000,77554,77742,77522,77678.18,139.48161
1787944500000,77678.17,77797.35,77633.28,77705.07,116.24536
1787945400000,77705.07,77708.48,77536.79,77536.79,91.80598
1787946300000,77536.79,77595.6,77376,77580.03,153.51905
1787947200000,77580.03,77609.83,77480,77562.7,107.12877
1787948100000,77562.71,77562.71,77406.41,77510.72,51.93373
1787949000000,77510.71,77510.71,77310.24,77402.01,59.6204
1787949900000,77402.01,77470,77346,77407.34,45.42436
1787950800000,77407.34,77437.74,77328.44,77405.15,47.0622
1787951700000,77405.15,77432,77325.37,77412.9,192.53376
1787952600000,77412.9,77537.33,77412.86,77476,53.91312
1787953500000,77476,77476,77255.69,77364,98.87807
1787954400000,77364,77454.5,77342,77448.8,58.87244
1787955300000,77448.8,77594.48,77403.33,77573,66.0696
1787956200000,77572.99,77746,77565.24,77738.72,83.61638
1787957100000,77738.73,77773.2,77686,77758.69,130.5841
1787958000000,77758.69,77807.18,77678.76,77774.76,324.25087
1787958900000,77774.76,77774.78,77666.45,77684.41,119.75423
1787959800000,77684.41,77720.07,77666.02,77696.07,88.15459
1787960700000,77696.07,77846.72,77640.74,77845.87,67.38548
1787961600000,77845.88,77895.94,77776,77818.24,76.24269
1787962500000,77818.24,77963.92,77818.24,77903.85,89.2265
1787963400000,77903.86,77903.86,77772.07,77788.72,62.00949
1787964300000,77788.72,77818.12,77722,77733.63,94.33111
1787965200000,77733.63,77733.63,77631.28,77637.65,81.7842
1787966100000,77637.65,77789.5,77637.65,77789.49,38.83826
1787967000000,77789.49,77832.67,77758.1,77828.38,45.41771
1787967900000,77828.39,77849.29,77759.14,77794.11,69.02951
1787968800000,77794.11,77829.72,77748,77748.01,43.99965
1787969700000,77748.01,77748.01,77584.53,77629.44,68.78965
1787970600000,77629.43,77677.78,77596,77618.04,178.1561
1787971500000,77618.04,77717.78,77618.04,77671.18,76.67539
1787972400000,77671.18,77731.43,77671.18,77680.96,50.68851
1787973300000,77680.97,77715.56,77634.81,77684.45,64.01002
1787974200000,77684.45,77707.09,77580.01,77622.73,64.82605
1787975100000,77622.72,77622.72,77507.16,77507.17,59.36729
1787976000000,77507.17,77597.2,77507.17,77583.76,45.766
1787976900000,77583.76,77615.13,77583.75,77602.46,37.92012
1787977800000,77602.46,77646.6,77590.27,77620.49,52.52952
1787978700000,77620.49,77678.67,77613.9,77648.91,93.69034
1787979600000,77648.91,77716.12,77624.81,77701.35,65.1655
1787980500000,77701.36,77702.6,77634.47,77660.01,38.74636
1787981400000,77660.01,77714,77634.71,77688.35,54.47363
1787982300000,77688.35,77694,77604.06,77632.53,36.93704
1787983200000,77632.52,77632.53,77478.61,77478.62,59.38446
1787984100000,77478.61,77516.78,77382.37,77409.86,97.87323
1787985000000,77409.86,77491.16,77409.86,77446.12,79.83301
1787985900000,77446.13,77475.84,77427.24,77466.82,67.93852
1787986800000,77466.83,77536.68,77438.01,77466.65,75.74597
1787987700000,77466.65,77530.6,77450.34,77524.73,88.38904
1787988600000,77524.73,77660.04,77514.41,77655.14,304.97792
1787989500000,77655.15,77672,77625.63,77626.01,464.78559
1787990400000,77626.01,77626.01,77487.73,77525.99,115.00495
1787991300000,77525.99,77593.06,77516.58,77589.75,54.35824
1787992200000,77589.76,77590.03,77514.04,77580,53.21745
1787993100000,77580,77634,77538,77633.99,59.09785
1787994000000,77634,77679.58,77566.01,77644,80.85817
1787994900000,77644,77664.28,77612.07,77626.5,34.98559
1787995800000,77626.49,77754.23,77626.49,77661.84,54.0561
1787996700000,77661.85,77674,77650.02,77650.03,42.62805
1787997600000,77650.02,77650.03,77526,77581.67,66.55137
1787998500000,77581.67,77720,77581.66,77671.51,61.42052
1787999400000,77671.5,77724.55,77671.47,77688.47,54.22283
1788000300000,77688.48,77732,77635.16,77635.17,45.96734
1788001200000,77635.17,77720,77627.03,77720,39.40644
1788002100000,77720,77724.99,77679.53,77700.01,45.9548
1788003000000,77700,77702,77643,77643.01,32.67134
1788003900000,77643,77668,77573.32,77584.67,151.57256
1788004800000,77584.66,77612,77567.49,77596.58,124.53415
1788005700000,77596.59,77657.99,77538,77584,71.61946
1788006600000,77583.99,77600,77506.63,77575.05,44.39541
1788007500000,77575.05,77596,77554,77583.74,75.82731
1788008400000,77583.74,77668,77559.45,77658.54,46.84398
1788009300000,77658.54,77722,77642.34,77659.14,63.73244
1788010200000,77659.14,77714,77640,77662,43.21944
1788011100000,77662.01,77720.96,77658,77704.32,41.78913
1788012000000,77704.32,77722,77663.83,77686.7,57.61062
1788012900000,77686.7,77756.4,77671.87,77694.52,59.23666
1788013800000,77694.52,78034.4,77687.38,77926.01,193.2252
1788014700000,77926,78150,77926,78014.37,146.34916
1788015600000,78014.37,78014.37,77857.93,77935.92,85.46461
1788016500000,77935.92,77989.8,77864,77903.95,115.58952
1788017400000,77903.84,77903.84,77811.04,77834.73,53.99614
1788018300000,77834.74,77936.85,77806.9,77865.36,59.82517
1788019200000,77865.36,77988,77858.29,77987.99,80.6378
1788020100000,77988,78130.43,77914,77946,98.15526
1788021000000,77946,78027.02,77894.01,78018,70.47238
1788021900000,78018,78099.99,78000,78027.17,81.21802
1788022800000,78027.17,78086.81,78019.65,78048.43,72.16354
1788023700000,78048.43,78100,77989.52,77990.77,30.09468
1788024600000,77990.78,78029.66,77896,78020,46.94221
1788025500000,78020,78100,77990.05,78100,60.90583
1788026400000,78099.99,78158,78069.31,78072.89,52.30475
1788027300000,78072.89,78099.4,78028.08,78053.27,45.2407
1788028200000,78053.27,78212.81,78018.02,78145.99,108.29144
1788029100000,78145.99,78250,78145.99,78158.01,47.09857
1788030000000,78158.01,78309.16,78158,78309.16,68.43371
1788030900000,78309.15,78330,78240.87,78240.9,57.19474
1788031800000,78240.9,78260.44,78193.59,78252.29,53.47439
1788032700000,78252.3,78260,78138.87,78182,52.24282
1788033600000,78181.99,78298,78170.72,78227.99,43.575
1788034500000,78227.99,78263.51,78182,78182.01,28.75615
1788035400000,78182,78182,78117.95,78137.64,39.94149
1788036300000,78137.63,78153.22,78117.95,78129.92,20.02024
1788037200000,78129.92,78188.65,78062,78154.91,64.66462
1788038100000,78154.92,78175.01,78102,78107.61,24.16801
1788039000000,78107.61,78119.53,78070,78098.96,20.87599
1788039900000,78098.97,78198,78098.54,78161.63,22.32889
1788040800000,78161.62,78220,78110,78137.37,143.42131
1788041700000,78137.38,78158,78086,78146.78,57.7543
1788042600000,78146.79,78184.92,78134.99,78180,78.16912
1788043500000,78180,78239.4,78179.99,78228.34,18.88343
1788044400000,78228.33,78250,78200.58,78241.68,27.05302
1788045300000,78241.67,78265.27,78190,78261.43,68.11325
1788046200000,78261.44,78283.7,78218.48,78218.49,137.70698
1788047100000,78218.49,78282.53,78218.49,78230,93.21955
1788048000000,78230,78238.22,78147.17,78177.5,53.68268
1788048900000,78177.5,78330,78177.49,78216.52,58.36094
1788049800000,78216.52,78299.79,78194.24,78209.3,42.56271
1788050700000,78209.29,78251.93,78179.85,78179.86,30.59591
1788051600000,78179.86,78190,78070,78072.01,56.19425
1788052500000,78072.01,78072.01,77995.81,78016.17,102.84265
1788053400000,78016.17,78069.97,77994.02,78061.66,48.65624
1788054300000,78061.65,78131.99,78044.9,78081.5,49.35957
1788055200000,78081.49,78129.98,78066.64,78086.33,32.46553
1788056100000,78086.32,78087.92,78018.06,78042.5,24.26685
1788057000000,78042.49,78121.9,78014.74,78102.45,26.1111
1788057900000,78102.45,78178.02,78090.57,78106.01,36.80118
1788058800000,78106,78127.85,78066.46,78084.93,40.91716
1788059700000,78084.93,78168,78065.99,78168,71.25263
1788060600000,78168,78233.7,78146.22,78190.43,65.57603
1788061500000,78190.44,78191.37,78144.68,78144.68,76.65871
1788062400000,78144.68,78220,78144.68,78157.21,45.15818
1788063300000,78157.22,78173.04,78093.01,78122.04,44.72811
1788064200000,78122.03,78122.04,78020.06,78021.62,83.58421
1788065100000,78021.63,78109.75,77990,78109.75,42.06376
1788066000000,78109.74,78214,78109.74,78146.01,74.89223
1788066900000,78146,78146.01,78136.78,78140,17.6756
1788067800000,78140,78140,78122,78126.23,32.68598
1788068700000,78126.23,78135.28,78121.81,78127.71,36.03932
1788069600000,78127.72,78146,78106.07,78123.32,32.5835
1788070500000,78123.33,78194,78123.32,78177.41,40.69926
1788071400000,78177.41,78298.59,78177.41,78245.91,69.21992
1788072300000,78245.91,78310.71,78233.67,78280.34,66.17754
1788073200000,78280.34,78291.27,78256,78256.01,22.05437
1788074100000,78256.01,78256.01,78230,78230,15.70499
1788075000000,78230.01,78230.01,78146,78146.01,46.62663
1788075900000,78146.01,78162,78118,78118,53.11951
1788076800000,78118,78195.57,78118,78148.07,53.19358
1788077700000,78148.06,78207.22,78148.06,78154.09,33.87079
1788078600000,78154.09,78154.1,78040,78062,32.28082
1788079500000,78061.99,78086,78034,78074.01,24.33075
1788080400000,78074.01,78100,78074.01,78100,14.66228
1788081300000,78099.99,78118.87,77986,77991.65,65.39114
1788082200000,77991.65,78052.76,77989.03,78035.03,53.33151
1788083100000,78035.02,78060,78000,78000.01,31.88302
1788084000000,78000.01,78072.01,77962.49,78017.51,51.50675
1788084900000,78017.51,78122.44,77998,78050,71.1085
1788085800000,78050.01,78122.12,78050,78112.5,28.06701
1788086700000,78112.51,78145.29,78112.5,78145.29,17.62288
1788087600000,78145.29,78198.26,78144.18,78167.75,27.46661
1788088500000,78167.76,78220,78153.18,78220,21.42599
1788089400000,78219.99,78242,78153.18,78190.9,56.63165
1788090300000,78190.9,78190.9,78117.11,78166,66.51669
1788091200000,78165.99,78725.98,78165.99,78660,303.95076
1788092100000,78660,78660,78496.69,78627.99,173.04102
1788093000000,78627.99,78850.81,78550,78658.01,205.99026
1788093900000,78658.01,78785.54,78590.04,78785.06,131.12778
1788094800000,78785.06,78826,78625.54,78633.85,143.06821
1788095700000,78633.86,78729.9,78590.14,78729.9,74.20527
1788096600000,78729.89,78821.59,78680,78790.92,82.2608
1788097500000,78790.93,78966.76,78790.92,78860,189.28592
1788098400000,78860.01,78945.94,78778,78929.01,169.19501
1788099300000,78929.02,78939.2,78800,78868.74,111.30926
1788100200000,78868.75,78935.71,78722,78761.96,88.16714
1788101100000,78761.96,78825.6,78724,78783.71,70.65836
1788102000000,78783.7,78876.11,78646.88,78665.63,215.69277
1788102900000,78665.64,78841.58,78626,78791.68,193.37325
1788103800000,78791.67,78860,78787.3,78859.99,67.3181
1788104700000,78860,78912.94,78790.79,78823.63,77.43696
1788105600000,78823.62,79187.5,78750,79124,218.18932
1788106500000,79124,79250,79012,79043.77,190.6572
1788107400000,79043.78,79266.85,79014.92,79204,114.53335
1788108300000,79204,79400,79144,79337.93,144.18401
1788109200000,79337.93,79337.93,79137.35,79178.49,108.46875
1788110100000,79178.49,79178.49,78774.85,78940.62,217.958
1788111000000,78940.61,79060,78882,79044.82,71.38907
1788111900000,79044.81,79080.01,78962.83,79021.02,62.91103
1788112800000,79021.02,79074,78776,78839.29,133.67586
1788113700000,78839.3,79009.61,78839.29,79009.61,42.20752
1788114600000,79009.61,79181.99,79009.61,79088.56,79.09085
1788115500000,79088.55,79088.56,79020,79036.69,38.80447
1788116400000,79036.68,79041.96,78942,79035.59,63.23976
1788117300000,79035.58,79038.09,78912.3,78917.24,53.96651
1788118200000,78917.24,78944,78778,78794,62.99281
1788119100000,78794,78871.46,78721.98,78856.39,51.9921
1788120000000,78856.39,78918.01,78838.02,78864.01,44.20898
1788120900000,78864.02,78931.49,78842,78842,34.77519
1788121800000,78842,78887.02,78438.23,78475.99,132.85143
1788122700000,78476,78742.31,78476,78597.33,82.3778
1788123600000,78597.32,78597.33,78229.82,78503.59,288.70229
1788124500000,78503.59,78667.87,78476,78644,62.94196
1788125400000,78644,78733.77,78602,78635.87,64.53251
1788126300000,78635.87,78690,78550.47,78653,45.23412
1788127200000,78653,78804,78530,78571.28,98.42671
1788128100000,78571.28,78571.28,78304.47,78382.11,116.00897
1788129000000,78382.11,78540,78280,78460.01,72.3353
1788129900000,78460,78508,78380,78422.01,103.65269
1788130800000,78422.01,78454,78311.6,78366.16,285.21214
1788131700000,78366.16,78404,77646.28,77678.09,484.47443
1788132600000,77678.1,77882.16,77350,77476.77,463.05852
1788133500000,77476.78,77734.61,77000,77682,567.68231
1788134400000,77682,77827.99,77436.4,77754.7,315.10082
1788135300000,77754.71,77971.47,77720.88,77901.33,148.64341
1788136200000,77901.34,78185.89,77892,78032.01,156.06934
1788137100000,78032.02,78034.01,77922,77937.04,91.62022
1788138000000,77937.03,77993.03,77565.08,77660.16,235.00852
1788138900000,77660.17,77851.41,77578,77775.26,103.48453
1788139800000,77775.27,77953.99,77654,77750,140.96556
1788140700000,77749.99,77854,77622,77640.94,87.80197
1788141600000,77640.93,78000,77526.01,77952.8,150.07212
1788142500000,77952.81,77954,77824,77875.05,193.19567
1788143400000,77875.05,77931.78,77716.41,77716.42,91.46011
1788144300000,77716.42,77764,77392,77473.99,138.67144
1788145200000,77474,77691.56,77394,77658.01,104.73812
1788146100000,77658,77756.5,77590.01,77731.11,60.11133
1788147000000,77731.1,77838,77676,77818.31,50.32444
1788147900000,77818.31,77872,77752,77756.71,63.75147
1788148800000,77756.7,77769.11,77572.25,77590.42,116.93962
1788149700000,77590.42,77604.28,77492.03,77514.01,149.62476
1788150600000,77514,77583.01,77458.83,77568,174.16676
1788151500000,77568,77651.86,77471.99,77622.28,109.29659
1788152400000,77622.29,77800,77514,77762,105.49547
1788153300000,77762,78156.78,77758.01,77998.84,190.45981
1788154200000,77998.83,78061.99,77872.66,77974.02,118.9279
1788155100000,77974.01,78062.88,77949.01,78016,97.03773
1788156000000,78016.01,78079.18,77864.16,78023.13,161.5845
1788156900000,78023.13,78122,77972,78007.99,256.74174
1788157800000,78007.99,78156.77,77924,78084,128.82149
1788158700000,78084.01,78123.8,78011.74,78093.87,420.87437
1788159600000,78093.88,78170,78034.01,78127.9,313.70595
1788160500000,78127.91,78322.56,78127.9,78213.01,139.13129
1788161400000,78213,78290,78128,78270.72,160.80892
1788162300000,78270.72,78289.86,78194,78196.01,102.38762
1788163200000,78196.01,78348.88,78048,78157.6,124.583
1788164100000,78157.59,78157.6,77982,78094,130.51146
1788165000000,78094,78464,78077.44,78324,234.71026
1788165900000,78323.99,78521.89,78320,78480.8,292.94074
1788166800000,78480.79,78802,78396.35,78652,263.976
1788167700000,78652.01,78799.78,78596.01,78652.06,158.97332
1788168600000,78652.07,78715.96,78597.21,78699.26,105.73606
1788169500000,78699.25,78800,78511.02,78511.03,96.08148
1788170400000,78511.03,78525.39,78316.91,78519.99,151.26074
1788171300000,78519.99,78520,78402,78438.16,67.84825
1788172200000,78438.16,78547.38,78376,78534.1,185.44502
1788173100000,78534.1,78732,78510.01,78710.01,172.16433
1788174000000,78710.02,78710.02,78567.1,78623.71,136.51081
1788174900000,78623.71,78640.01,78472,78480.08,109.79825
1788175800000,78480.09,78482.97,78356.43,78387.85,147.56948
1788176700000,78387.86,78419.86,78302,78315.43,88.47718
1788177600000,78315.43,78543.86,78276,78410.01,169.35561
1788178500000,78410,78482,78060,78092.01,219.404
1788179400000,78092,78158.2,77675.04,77885.56,268.8835
1788180300000,77885.55,77930.4,77776.48,77930.39,158.96947
1788181200000,77930.4,78200,77930.4,78086.55,183.2141
1788182100000,78086.55,78086.56,77892.52,78055.64,148.43832
1788183000000,78055.65,78282,77838,78000,368.76546
1788183900000,78000.01,78060,77716.75,77867.39,382.85372
1788184800000,77867.39,78072.65,77806,77902.01,251.702
1788185700000,77902.01,78080,77746.6,78030.08,237.26194
1788186600000,78030.08,78686.94,77970,78517.19,406.49581
1788187500000,78517.18,78657.51,78378,78600.14,473.20299
1788188400000,78601.93,78695.4,78317.46,78325.59,436.4835
1788189300000,78325.59,78543.56,78212.3,78462.94,251.28445
1788190200000,78462.94,78777.9,78408,78718,270.08015
1788191100000,78718.01,78770.51,78542,78580.42,161.80841
1788192000000,78580.43,78794.94,78530.45,78675.99,170.32251
1788192900000,78675.98,78752,78524,78647.2,146.22853
1788193800000,78647.2,78766,78581.45,78726,106.29431
1788194700000,78726,78884.48,78638,78639.57,153.41917
1788195600000,78639.57,78808,78616,78737.22,124.59099
1788196500000,78737.23,78743.52,78494,78534.26,116.89011
1788197400000,78534.25,79019.86,78534.25,78911.33,219.74356
1788198300000,78911.34,78960,78840.68,78897.36,143.47386
1788199200000,78897.35,78956.93,78779.24,78956.93,65.24546
1788200100000,78956.92,79087.38,78844.03,78908,128.92084
1788201000000,78908,79212,78885.59,79188.07,146.41553
1788201900000,79188.08,79188.08,78992.49,79016,132.93408
1788202800000,79016.01,79250,79016,79188.08,129.58231
1788203700000,79188.08,79188.08,79025,79090.01,88.35554
1788204600000,79090.01,79140,78930,78981.99,101.05777
1788205500000,78981.99,79100,78851.93,78898.06,104.46773
1788206400000,78898.06,78966,78864,78960.51,71.423
1788207300000,78960.51,79172,78923.07,78923.08,104.8067
1788208200000,78923.07,78950,78784.32,78883.68,85.91991
1788209100000,78883.69,78920.21,78832,78864.72,104.5338
1788210000000,78864.73,78890.87,78732.22,78838,126.84674
1788210900000,78838,78964,78817.01,78960.38,99.61326
1788211800000,78960.39,79066.32,78960.39,79054,90.19622
1788212700000,79054,79071.12,78958,78964.32,88.05491
1788213600000,78964.33,79015.83,78894,78894,88.89042
1788214500000,78894.01,78894.01,78746.56,78761.92,77.32197
1788215400000,78761.91,78769,78654.72,78665.36,90.74129
1788216300000,78665.37,78665.37,78579.3,78593.15,89.25945
1788217200000,78593.15,78593.16,78405.01,78457.56,122.65077
1788218100000,78457.57,78593.61,78457.56,78580.57,74.03735
1788219000000,78580.57,78586,78504.6,78559.41,100.29967
1788219900000,78559.42,78582,78550.3,78581.29,79.55486
1788220800000,78581.3,78796.51,78562,78754.74,140.45653
1788221700000,78754.73,78900.01,78742.42,78872.73,104.91977
1788222600000,78872.73,78891.93,78678,78707.98,148.33588
1788223500000,78707.97,78808,78584,78652,128.99695
1788224400000,78652,78797.99,78530,78545.83,132.92059
1788225300000,78545.83,78643.46,78412.7,78421.38,132.05394
1788226200000,78421.38,78585.01,78375.83,78575.99,95.39319
1788227100000,78575.99,78576,78388,78410.62,80.57658
1788228000000,78410.62,78410.62,78189.93,78293.99,151.81638
1788228900000,78293.99,78329.62,78200.01,78215.99,146.97069
1788229800000,78215.99,78407.28,78215.99,78362,124.45478
1788230700000,78362,78457.55,78340.91,78449.99,101.65308
1788231600000,78449.99,78500,78406.29,78430.86,72.28172
1788232500000,78430.86,78506.01,78400.18,78477.87,47.37197
1788233400000,78477.87,78874,78477.87,78792.91,238.94404
1788234300000,78792.9,78794,78670.95,78679.01,183.60867
1788235200000,78679.01,78800,78653.96,78672.6,151.42147
1788236100000,78672.6,78915.09,78672.59,78829.54,88.33907
1788237000000,78829.53,78853.45,78708.07,78720.01,56.12955
1788237900000,78720.01,78778,78683.88,78727.11,148.23639
1788238800000,78727.11,78970.82,78727.11,78858.76,113.88273
1788239700000,78858.76,79000,78792,78993.19,119.34966
1788240600000,78993.19,79177.18,78968.78,79167.51,179.65824
1788241500000,79167.5,79220.61,79091.96,79179.99,134.07258
1788242400000,79179.99,79179.99,78974,79030.64,124.99459
1788243300000,79030.64,79030.64,78821.67,78897.64,128.55557
1788244200000,78897.64,78950.34,78865.44,78878,107.14134
1788245100000,78878,78886.45,78745.38,78745.39,104.01386
1788246000000,78745.39,78806,78718.6,78724.46,75.05025
1788246900000,78724.46,78797.53,78707.42,78781.5,63.61578
1788247800000,78781.5,78796,78500,78622.71,198.08687
1788248700000,78622.71,78686,78594,78632.37,68.9601
1788249600000,78632.37,78658.01,78272.72,78309.99,171.25754
1788250500000,78309.99,78338.5,77870.5,77888,324.17691
1788251400000,77887.99,78052.64,77835.77,77979.87,269.13662
1788252300000,77979.87,78040,77820,77883.28,174.53958
1788253200000,77883.28,77928.22,77786.18,77827.28,183.15273
1788254100000,77827.27,77977.61,77804.07,77931.29,318.15478
1788255000000,77931.3,78062.24,77852.04,78062.24,280.24266
1788255900000,78062.23,78062.24,77910,77915,169.79228
1788256800000,77915,77999.16,77806,77881.88,112.17362
1788257700000,77881.88,78048,77758.69,78005.85,123.20551
1788258600000,78005.85,78196,78005.84,78136.01,117.29529
1788259500000,78136.01,78174.29,77987.49,78029.67,71.26713
1788260400000,78029.67,78054,77922.79,77989.14,82.89195
1788261300000,77989.14,78023.86,77890,78009.12,76.49378
1788262200000,78009.12,78202.52,77958,78106.55,100.76482
1788263100000,78106.54,78198.65,78056.72,78098.97,77.29677
1788264000000,78098.96,78156,77954,78031.99,98.38269
1788264900000,78032,78100.96,77913.86,77994.01,95.84924
1788265800000,77994,77994.01,77742.01,77970.53,164.38534
1788266700000,77970.52,78074.68,77928.48,78004,115.83899
1788267600000,78004.01,78016.01,77515.07,77818.91,334.39022
1788268500000,77818.9,77897.69,77732,77888.39,140.97532
1788269400000,77888.39,78038.8,77510,77924,511.48744
1788270300000,77924.01,78202,77858.43,78071.99,298.35956
1788271200000,78072,78420,78052,78269.11,268.81167
1788272100000,78269.1,78411.8,78147.16,78262.15,239.63457
1788273000000,78262.14,78405,78232.36,78399.99,135.37944
1788273900000,78400,78424,78144,78167.99,156.73015
1788274800000,78168,78169.69,77727.61,77826.25,259.32068
1788275700000,77826.24,77886,77762.11,77869.21,103.55405
1788276600000,77869.22,78023.12,77811.73,78018.45,114.22075
1788277500000,78018.44,78104,77918.96,77919.06,83.0106
1788278400000,77919.07,77976,77647.45,77668.9,120.8652
1788279300000,77668.89,77746.61,77468,77623.13,228.95048
1788280200000,77623.12,77623.13,77318,77443.01,256.86125
1788281100000,77443.01,77652,77430.57,77596.01,85.5614
1788282000000,77596.01,77652,77504.73,77523.04,80.70164
1788282900000,77523.04,77620,77416.83,77513.92,129.20444
1788283800000,77513.93,77721.26,77508.33,77520,99.63392
1788284700000,77520,77520.01,77241.12,77265.79,175.22204
1788285600000,77265.79,77319.64,77141.09,77224.15,163.19856
1788286500000,77224.16,77248,76737,77057.21,530.27758
1788287400000,77057.21,77122,76577,76577.01,438.69675
1788288300000,76577,77157.52,76420,77153.9,353.72546
1788289200000,77153.89,77306.22,77112,77204.16,152.46941
1788290100000,77204.16,77466.55,77138,77362.45,121.34963
1788291000000,77362.45,77385.53,77298,77309.79,95.00819
1788291900000,77309.79,77332,77200,77312,76.21545
1788292800000,77312,77425.99,77236.48,77425.99,85.66131
1788293700000,77425.99,77469.87,77325.12,77400,74.84068
1788294600000,77400,77471.9,77340.36,77386.72,57.86059
1788295500000,77386.72,77469.01,77349.66,77448.45,48.01369
1788296400000,77448.46,77516.3,77068.24,77114.44,139.41036
1788297300000,77114.43,77268,76920.36,77188.68,142.77815
1788298200000,77188.69,77225.73,77035.12,77146.1,90.12781
1788299100000,77146.1,77272.72,77135,77211.32,42.67078
1788300000000,77211.32,77312,77188,77295.35,58.30387
1788300900000,77295.35,77295.35,77072,77072,88.3188
1788301800000,77072.01,77189.23,77030,77151.43,95.55764
1788302700000,77151.44,77364.01,77151.43,77274.02,93.11813
1788303600000,77274.02,77320,77218,77262.01,53.46458
1788304500000,77262,77396.84,77262,77396.84,59.97528
1788305400000,77396.83,77591.82,77383.99,77537.5,94.49212
1788306300000,77537.5,77638.18,77418,77439,133.66881
1788307200000,77439.01,77512,77358,77397.03,124.66593
1788308100000,77397.02,77462,77255.86,77262.9,72.75931
1788309000000,77262.91,77338.22,77132,77229.31,98.56312
1788309900000,77229.31,77273.41,77182.79,77213.25,56.52883
1788310800000,77213.24,77372,77154.37,77351.46,130.59503
1788311700000,77351.46,77351.46,77150,77150,148.7651
1788312600000,77150.01,77188,76848,76886.93,156.90703
1788313500000,76886.93,77044,76718.48,77020.68,225.32995
1788314400000,77020.67,77210,76948.97,77088.4,145.95603
1788315300000,77088.39,77343.74,77080.73,77325.48,130.0862
1788316200000,77325.47,77325.47,77171.51,77226,86.81678
1788317100000,77225.99,77329.2,77204,77329.2,74.32044
1788318000000,77329.2,77600,77314.51,77512,169.5729
1788318900000,77512,77792,77494,77660.56,215.24278
1788319800000,77660.56,77660.56,77514,77552,99.14923
1788320700000,77552,77640,77508.02,77563.5,134.40962
1788321600000,77563.5,77563.5,77359.99,77376.39,105.3585
1788322500000,77376.38,77446.64,77294.56,77431.27,85.94115
1788323400000,77431.27,77591.82,77431.27,77589.32,71.92097
1788324300000,77589.31,77612.84,77537.31,77561.82,36.70648
1788325200000,77561.82,77600.02,77438,77600.02,67.27657
1788326100000,77600.02,77761.93,77600.02,77744.78,97.90236
1788327000000,77744.78,77749.24,77672.1,77704.68,60.07931
1788327900000,77704.68,77756.51,77567.8,77651.07,116.57026
1788328800000,77651.08,77724,77576.51,77581.73,106.23978
1788329700000,77581.73,77666.9,77545.93,77545.93,72.6544
1788330600000,77545.94,77683.47,77462,77614,146.70899
1788331500000,77614.01,77620.01,77500,77611.54,71.4482
1788332400000,77611.53,77765.99,77594,77671,99.12515
1788333300000,77670.99,77696.81,77594,77598,82.3819
1788334200000,77598.01,77631.58,77560,77560.01,130.81168
1788335100000,77560,77599.76,77473.84,77473.85,203.58837
1788336000000,77473.86,77546,77381.65,77417.57,166.53775
1788336900000,77417.58,77475.14,77248.01,77248.01,110.70583
1788337800000,77248.02,77248.02,76945.35,76970.87,188.14746
1788338700000,76970.88,77046.93,76746.81,76854.11,239.72355
1788339600000,76854.11,77049.4,76852.88,76945.13,147.14558
1788340500000,76945.13,76968,76600,76891.96,254.27031
1788341400000,76891.96,76897.98,76517.24,76563.51,276.92836
1788342300000,76563.52,76760,76484.64,76752.26,357.70807
1788343200000,76752.26,76753.83,76569.56,76640.01,155.08546
1788344100000,76640,76703.12,76571.8,76571.8,124.98758
1788345000000,76571.8,76610,76478,76605.99,139.91154
1788345900000,76605.98,76695.4,76264,76680.88,504.90969
1788346800000,76680.88,76727.47,76519.99,76727.46,202.78241
1788347700000,76727.47,76758,76356,76502,133.06851
1788348600000,76502,76738.98,76488,76646.1,148.65309
1788349500000,76646.1,76848.73,76600,76828.76,157.25514
1788350400000,76828.75,76841.9,76677.76,76827.99,175.54655
1788351300000,76827.99,77049.4,76772,76988.5,142.30573
1788352200000,76988.49,76991.83,76800,76822.56,111.15413
1788353100000,76822.55,76825.18,76611.67,76613.88,152.90808
1788354000000,76613.87,76881.23,76613.87,76744.02,124.76383
1788354900000,76744.01,76960.02,76712,76881.11,133.32489
1788355800000,76881.12,77400.56,76625,77381.65,310.83286
1788356700000,77381.66,77443.61,76996,77146,243.91069
1788357600000,77146,77346.84,77010.24,77346.83,186.45619
1788358500000,77346.83,77490,77232.28,77336.51,149.975
1788359400000,77336.52,77396.97,77110,77324.96,120.66932
1788360300000,77324.97,77334.2,77066.42,77066.42,98.30028
1788361200000,77066.42,77182,76748.01,76819.99,327.00015
1788362100000,76819.99,77147.7,76816.87,77039.92,145.66993
1788363000000,77039.91,77386,76994.01,77369.78,197.84436
1788363900000,77369.78,77372,77140,77288.98,154.42369
1788364800000,77288.97,77396,77210,77356.01,216.1706
1788365700000,77356.01,77582,77332.66,77464.02,605.58493
1788366600000,77464.03,77567.42,77264.28,77264.28,262.83694
1788367500000,77264.29,77330,77171.5,77171.5,95.33157
1788368400000,77171.51,77246,77066.42,77128.83,151.60676
1788369300000,77128.83,77162.12,76950.56,77100,107.81276
1788370200000,77099.99,77308.91,77083.76,77308.9,109.94672
1788371100000,77308.91,77406,77308.91,77381.66,95.65535
1788372000000,77381.65,77442.85,77326.05,77411.84,78.09635
1788372900000,77411.85,77524,77382,77447.28,133.99367
1788373800000,77447.28,77454.78,77298,77314,119.6648
1788374700000,77314.01,77413.8,77296.52,77377.76,43.24031
1788375600000,77377.76,77401.88,77328,77391.78,82.12494
1788376500000,77391.77,77416,77168.66,77168.66,61.90845
1788377400000,77168.66,77249.55,77124,77230.12,72.30999
1788378300000,77230.12,77354.08,77152,77341.47,73.07042
1788379200000,77341.48,77520,77287.02,77364.33,92.58268
1788380100000,77364.34,77464.18,77207.47,77382.36,96.46958
1788381000000,77382.35,77481.41,77320,77369.99,97.47431
1788381900000,77369.99,77474.62,77300,77406.01,95.60869
1788382800000,77406,77406.01,77316,77328,85.39221
1788383700000,77328.01,77332.76,77243,77283.48,33.60952
1788384600000,77283.49,77431.78,77242,77426.69,60.07534
1788385500000,77426.68,77426.69,77268.4,77284,111.98744
1788386400000,77284.01,77284.01,77076,77158.8,66.49248
1788387300000,77158.8,77171.51,77023.11,77024.53,43.68101
1788388200000,77024.52,77157.58,77024.52,77124.28,36.40816
1788389100000,77124.29,77124.29,77032.76,77034.03,41.61863
1788390000000,77034.03,77221.82,77007.36,77221.82,81.95771
1788390900000,77221.82,77221.82,77142,77195.08,36.09957
1788391800000,77195.09,77258,77112.28,77145.99,34.39378
1788392700000,77145.99,77372.62,77145.99,77340.01,40.48417
1788393600000,77340.01,77394,77171.5,77171.51,78.6084
1788394500000,77171.5,77171.51,77035.87,77035.87,109.10576
1788395400000,77035.88,77134.37,76980.01,77109.48,85.39067
1788396300000,77109.48,77138,77032.83,77068.01,54.22044
1788397200000,77068,77428,76968,77417.64,154.98037
1788398100000,77417.63,77442.86,77288.41,77438,137.82744
1788399000000,77438,77546.8,77324,77350.47,170.25765
1788399900000,77350.47,77468,77295.05,77356.7,70.22099
1788400800000,77356.69,77488,77238.89,77488,125.8229
1788401700000,77487.99,77617.64,77432.09,77598.67,116.27266
1788402600000,77598.66,77900,77558,77772.25,200.17179
1788403500000,77772.25,77873.08,77734.85,77816.01,121.25269
1788404400000,77816.02,77860,77704.88,77834,126.29267
1788405300000,77834.01,77880,77718.91,77750,122.15047
1788406200000,77750.01,77776,77647.93,77670.53,90.10437
1788407100000,77670.54,77741.99,77642.09,77708,47.38584
1788408000000,77708.01,77833.1,77618.5,77644.27,152.18361
1788408900000,77644.26,77658,77550,77576.15,70.09224
1788409800000,77576.15,77623.66,77547.16,77557.55,38.3319
1788410700000,77557.56,77792.24,77557.55,77776,75.54751
1788411600000,77775.99,77824,77608,77636.35,126.58751
1788412500000,77636.34,77648,77101.01,77200.01,202.38997
1788413400000,77200.01,77514,77172.11,77486.74,109.72937
1788414300000,77486.73,77829.8,77407.43,77809.91,178.82301
1788415200000,77809.91,77856.16,77698.75,77709.85,122.53183
1788416100000,77709.85,77790,77706.27,77748.46,113.09375
1788417000000,77748.46,77828.67,77724,77828.67,93.84891
1788417900000,77828.66,77852,77770.4,77835.19,78.65682
1788418800000,77835.2,78183.91,77812,78061.84,307.65177
1788419700000,78061.83,78061.84,77887.13,77954.01,112.53316
1788420600000,77954.02,78070,77862.05,77900,142.45354
1788421500000,77900.01,77938.9,77600,77663.15,133.58119
1788422400000,77663.14,78066,77663.14,77928,150.09341
1788423300000,77928,77979.14,77826.18,77979.13,60.9534
1788424200000,77979.14,77993.46,77872.33,77882.78,71.61608
1788425100000,77882.77,77910.93,77766,77843.34,80.56623
1788426000000,77843.34,77975.46,77807.99,77874.35,85.08718
1788426900000,77874.36,77913.76,77742.66,77742.67,60.78108
1788427800000,77742.66,77779.89,77660.63,77724.36,95.68322
1788428700000,77724.36,77783.57,77608,77615.24,99.45709
1788429600000,77615.25,77680.8,77540,77562.89,125.48206
1788430500000,77562.9,77708,77528.73,77630.96,73.51753
1788431400000,77630.97,77650.59,77478,77508.66,113.02175
1788432300000,77508.65,77773.26,77502.33,77735.88,94.37126
1788433200000,77735.88,77822.89,77709.52,77822.89,79.69078
1788434100000,77822.89,77959.03,77822.88,77927.21,97.50011
1788435000000,77927.21,77982,77838.01,77929.91,119.82536
1788435900000,77929.91,78004.94,77884,77948.39,99.75275
1788436800000,77948.39,78100,77896.07,78085,139.64774
1788437700000,78085.01,78142.01,77948.96,77970.09,92.56135
1788438600000,77970.09,78446.54,77970.09,78308,358.78982
1788439500000,78307.99,78782.75,78239.77,78652.38,388.94331
1788440400000,78652.37,78712,78516,78548.6,219.56971
1788441300000,78548.61,78600,78450.25,78494.83,131.69314
1788442200000,78494.84,78926,78458.36,78896.01,397.7253
1788443100000,78896.01,79000,78729.78,78840.52,303.75562
1788444000000,78840.52,79000,78704,78990,268.65329
1788444900000,78990,79678.77,78988.66,79664.01,699.59169
1788445800000,79664,79875,79599.99,79764.72,552.13692
1788446700000,79764.71,80561,79760.45,80549.97,993.1263
1788447600000,80549.97,80966.63,80354.65,80557.84,1512.26035
1788448500000,80557.83,80782.53,80465.54,80743.75,474.13173
1788449400000,80743.76,81000,80690,80861.2,423.23456
1788450300000,80861.2,81370.33,80731.18,81348,646.5587
1788451200000,81348,81360,80782.69,80944.5,505.22632
1788452100000,80944.5,80952.49,80613.52,80765.96,302.00656
1788453000000,80765.96,80942.4,80765.61,80801.01,214.70723
1788453900000,80801.01,81035.99,80777.03,80969.37,217.84564
1788454800000,80969.37,81112.06,80886,81109.5,262.72341
1788455700000,81109.5,81145.88,80932,80997.23,297.32804
1788456600000,80997.24,81165,80997.23,81078.58,158.248
1788457500000,81078.58,81188.17,81006,81042,157.19589
1788458400000,81042,81333.33,81019.57,81259.55,223.8755
1788459300000,81259.55,81281.07,80948,80948,125.73756
1788460200000,80948.01,81046,80904,80979.49,127.20484
1788461100000,80979.5,81263.63,80963.24,81254.32,118.80592
1788462000000,81254.31,81640,81171.98,81199.99,352.5209
1788462900000,81200,81606.96,81177.69,81546.71,164.74721
1788463800000,81546.71,81613.57,81377.69,81540,185.04886
1788464700000,81540,81790,81460.92,81755.41,400.64926
1788465600000,81755.41,81780,81401.99,81412.3,191.53548
1788466500000,81412.3,81595.95,81392.74,81535.58,121.31776
1788467400000,81535.57,81632,81407.81,81470.01,99.69282
1788468300000,81470.01,81576.02,81416.01,81473,188.98966
1788469200000,81473,81620.67,81288,81598.01,186.23308
1788470100000,81598.01,81777.75,81506.55,81762,176.13143
1788471000000,81762,82300,81522.54,81522.54,770.55841
1788471900000,81522.54,81748,81416,81590,159.64829
1788472800000,81590,81604.65,81260.99,81378.35,184.95508
1788473700000,81378.35,81399.39,81124.51,81131.82,158.78476
1788474600000,81131.81,81239.6,80905.05,81194.93,249.77409
1788475500000,81194.94,81272,81064.04,81140,119.05812
1788476400000,81140,81213.01,81078,81172.02,114.45743
1788477300000,81172.01,81282,81160,81281.99,109.13886
1788478200000,81281.99,81338,81126,81234,99.69722
1788479100000,81234.01,81328.76,81181.95,81270.37,84.69882
1788480000000,81270.37,81270.38,81084,81244,140.48996
1788480900000,81244,81349.1,81148.01,81148.01,134.5267
1788481800000,81148,81427.75,81126,81224,181.4931
1788482700000,81224,81240,80960,80972.12,186.69156
1788483600000,80972.11,81097.92,80906.43,80944.19,135.74465
1788484500000,80944.19,81022,80786.44,80827.07,155.73813
1788485400000,80827.08,80931.4,80759.52,80785,136.3888
1788486300000,80785.01,81031.63,80774.39,80968.01,77.69437
1788487200000,80968.01,80968.01,80777.98,80799.5,97.91507
1788488100000,80799.51,80871.16,80685,80716.65,164.38603
1788489000000,80716.64,80846.25,80686,80744.01,86.01612
1788489900000,80744.01,80831.99,80669.45,80831.99,85.45782
1788490800000,80832,81021.8,80831.99,80931.78,157.79567
1788491700000,80931.78,80947.99,80842,80842.01,131.58971
1788492600000,80842,80887.18,80806,80873.69,119.14946
1788493500000,80873.7,80969.84,80850,80850,115.2822
1788494400000,80850.01,80973.99,80820,80973.99,100.21683
1788495300000,80973.99,81288,80962.12,81267.64,187.86935
1788496200000,81267.65,81275.58,81019,81039.29,194.44022
1788497100000,81039.3,81142,81028.31,81070.54,119.93841
1788498000000,81070.54,81079.69,80974.45,80980.01,141.90194
1788498900000,80980.01,81143.3,80951,81024.32,162.59794
1788499800000,81024.16,81024.16,80905.05,80985.99,147.37249
1788500700000,80986,81060,80863.03,80996.15,141.86007
1788501600000,80996.15,81090,80910,81018.28,102.15406
1788502500000,81018.27,81036,80700,80725.38,106.36217
1788503400000,80725.37,80856.36,80573.21,80847.84,139.34656
1788504300000,80847.84,80859.05,80700.02,80797.39,87.75246
1788505200000,80797.4,80966.75,80789.61,80938.02,130.82517
1788506100000,80938.01,80964.76,80846,80862.05,84.53322
1788507000000,80862.05,80905.06,80744,80769.91,228.11488
1788507900000,80769.92,80785.36,80641.65,80656.87,262.36155
1788508800000,80656.86,80773.97,80502.87,80773.96,169.61377
1788509700000,80773.96,80997.36,80773.96,80982.57,95.72139
1788510600000,80982.57,81154.4,80974,81048.29,246.75687
1788511500000,81048.29,81237,81000,81147.16,241.95351
1788512400000,81147.16,81230,81081.94,81091.16,171.59307
1788513300000,81091.16,81310,80934.24,81037.65,287.61586
1788514200000,81037.66,81224.76,80984,81169.09,190.19661
1788515100000,81169.09,81223.97,81031.96,81056.63,319.46791
1788516000000,81056.63,81069.06,80976,81052.76,26.49398
