timestamp,open,high,low,close,volume
1785924900000,1871.62,1874.4,1869.05,1873.62,1077.0393
1785925800000,1873.62,1876.06,1872.4,1873.76,942.9323
1785926700000,1873.77,1874.36,1866.16,1868.33,2069.4022
1785927600000,1868.32,1871.15,1868.28,1869.85,878.7724
1785928500000,1869.86,1869.97,1868.21,1868.57,863.5828
1785929400000,1868.56,1870.7,1867.97,1868.49,1756.7635
1785930300000,1868.48,1869.6,1867.27,1868.92,1383.4015
1785931200000,1868.92,1873.4,1867.47,1872.1,1200.634
1785932100000,1872.09,1884.53,1871.64,1882.87,7752.9082
1785933000000,1882.87,1885.29,1878.19,1880.08,2870.5785
1785933900000,1880.07,1880.08,1875.04,1876.25,1893.2455
1785934800000,1876.26,1877.57,1867.21,1868.65,3934.273
1785935700000,1868.64,1872,1867.73,1869.62,2096.8127
1785936600000,1869.63,1872.6,1855.5,1870.07,11497.8868
1785937500000,1870.07,1879.51,1866.26,1878.53,4442.7574
1785938400000,1878.52,1882.84,1873.41,1878.97,4991.0974
1785939300000,1878.98,1881.28,1871.12,1871.86,4856.9154
1785940200000,1871.85,1875.34,1869.24,1874.95,2818.0717
1785941100000,1874.94,1878.86,1871,1875.89,3279.9336
1785942000000,1875.89,1882.76,1875,1877.44,2865.0495
1785942900000,1877.44,1878.71,1872.95,1877.04,2288.6868
1785943800000,1877.05,1882.4,1877.05,1877.86,1604.5286
1785944700000,1877.87,1878.93,1873.1,1873.91,1397.8812
1785945600000,1873.91,1882.68,1873.4,1882.68,1948.9504
1785946500000,1882.68,1897,1880.72,1896.14,10511.8605
1785947400000,1896.14,1897.32,1890.47,1892.53,3130.0263
1785948300000,1892.52,1895.74,1888.46,1895.56,4753.8989
1785949200000,1895.55,1898.49,1893.34,1894.01,4583.2712
1785950100000,1894,1894,1891.07,1892.52,1787.9525
1785951000000,1892.52,1911.56,1892.17,1908.34,8939.3519
1785951900000,1908.35,1917.72,1907.04,1916.75,9529.6582
1785952800000,1916.75,1921.1,1913.9,1920.34,8185.92
1785953700000,1920.34,1928,1918.42,1919.53,6143.7861
1785954600000,1919.54,1921.2,1915.14,1921.06,2788.4891
1785955500000,1921.06,1921.46,1915.8,1918.06,2761.4215
1785956400000,1918.05,1920.08,1915.6,1918.66,2710.7446
1785957300000,1918.66,1921,1917.24,1919.27,2467.4459
1785958200000,1919.26,1920.25,1915.83,1920.16,2175.861
1785959100000,1920.16,1921,1916.71,1917.03,2079.0376
1785960000000,1917.02,1921.45,1916.71,1921.1,2572.7148
1785960900000,1921.1,1922.47,1918.74,1920.12,1541.8738
1785961800000,1920.11,1924.01,1918.53,1924.01,1315.872
1785962700000,1924,1924.56,1916.71,1917.1,1534.58
1785963600000,1917.1,1917.47,1907.83,1913.83,3699.0983
1785964500000,1913.84,1914.33,1910,1910.54,1233.6371
1785965400000,1910.54,1912.04,1907.07,1908.9,1950.4352
1785966300000,1908.89,1910.8,1907.59,1908.75,1296.8311
1785967200000,1908.75,1913.19,1906.59,1911.69,1258.4623
1785968100000,1911.7,1913.43,1909.5,1912.12,1001.1953
1785969000000,1912.11,1912.86,1909.22,1909.41,855.9314
1785969900000,1909.41,1911.52,1906.59,1906.86,1097.8519
1785970800000,1906.85,1910.51,1904.34,1909.4,1441.5698
1785971700000,1909.4,1912.31,1908.4,1910.06,621.779
1785972600000,1910.06,1911.44,1909.22,1910.52,645.2321
1785973500000,1910.52,1910.78,1908.08,1908.9,904.7893
1785974400000,1908.91,1911.94,1907.29,1910.5,2066.0981
1785975300000,1910.5,1914.02,1909.54,1911.67,1032.477
1785976200000,1911.67,1912.46,1909.35,1909.36,727.3415
1785977100000,1909.36,1912.25,1908.6,1910.4,1050.6759
1785978000000,1910.4,1911.21,1908.18,1909.37,1458.2971
1785978900000,1909.37,1910.35,1905.01,1905.01,1349.6569
1785979800000,1905.01,1908.87,1903.36,1906.28,1530.9354
1785980700000,1906.28,1909.82,1906.2,1906.75,1298.6901
1785981600000,1906.74,1910.82,1903.34,1903.77,1950.3567
1785982500000,1903.77,1905.74,1895.34,1898.56,4663.0803
1785983400000,1898.56,1900.47,1895.1,1900.43,1763.4182
1785984300000,1900.44,1901.54,1898.18,1899.21,1254.2956
1785985200000,1899.21,1899.33,1896.69,1898.11,849.1695
1785986100000,1898.11,1898.16,1895.37,1896.93,1352.3437
1785987000000,1896.93,1899.04,1895.95,1897.39,1164.73
1785987900000,1897.4,1899.7,1896.25,1899.03,1509.1997
1785988800000,1899.04,1900,1895.73,1899.74,1406.7544
1785989700000,1899.74,1906.54,1899.73,1906.19,3272.1855
1785990600000,1906.2,1908.05,1904.78,1905.62,1246.1649
1785991500000,1905.63,1908.05,1904.67,1907.7,845.0731
1785992400000,1907.7,1917.7,1907.29,1914.93,3387.1795
1785993300000,1914.93,1918.7,1911.28,1911.77,2401.7903
1785994200000,1911.77,1913.5,1910.62,1913.04,1029.9722
1785995100000,1913.04,1914.34,1911.32,1914.34,1590.6731
1785996000000,1914.35,1914.77,1909.95,1910.29,1150.9218
1785996900000,1910.28,1914.15,1909.6,1913.2,939.8094
1785997800000,1913.2,1914.23,1911.95,1913.79,632.2526
1785998700000,1913.78,1914.35,1912.65,1913.66,651.436
1785999600000,1913.67,1914.58,1911.73,1914.58,1064.8823
1786000500000,1914.58,1915.33,1912.65,1912.66,1109
1786001400000,1912.65,1912.72,1907.65,1908.61,1850.3396
1786002300000,1908.61,1911.4,1908.02,1909.33,2319.8102
1786003200000,1909.33,1911.24,1908.41,1909.73,2144.4187
1786004100000,1909.73,1913.77,1909.05,1913.59,1674.2694
1786005000000,1913.58,1914.82,1911.7,1913.38,1639.8481
1786005900000,1913.38,1920.51,1913.38,1916.26,3630.9877
1786006800000,1916.26,1917.03,1905.9,1907.54,4559.7688
1786007700000,1907.54,1911.63,1906.61,1908.77,2851.5147
1786008600000,1908.76,1908.99,1906.36,1906.37,955.7768
1786009500000,1906.36,1908.5,1904.83,1907.67,1425.2808
1786010400000,1907.67,1907.67,1902.88,1903.01,1692.7613
1786011300000,1903.01,1906.26,1901.62,1905.42,1338.3017
1786012200000,1905.42,1905.76,1903.87,1904.3,964.9675
1786013100000,1904.29,1904.91,1901.62,1902.58,1169.3977
1786014000000,1902.59,1902.95,1897,1902.33,2533.5021
1786014900000,1902.34,1907,1902.33,1905.38,1252.6519
1786015800000,1905.38,1909.2,1905.38,1908.88,1064.4617
1786016700000,1908.87,1908.88,1905.84,1907.77,1069.8231
1786017600000,1907.77,1908.02,1901.29,1901.72,1845.0936
1786018500000,1901.72,1906.14,1901.42,1904.81,963.0037
1786019400000,1904.8,1906.26,1903.1,1903.89,1155.0826
1786020300000,1903.89,1904.69,1899.02,1899.09,1888.0307
1786021200000,1899.1,1900.56,1892.38,1896.25,4664.5576
1786022100000,1896.26,1898.01,1894.75,1897.71,2381.537
1786023000000,1897.71,1908.06,1893.34,1906.75,5995.9655
1786023900000,1906.74,1911.11,1905.1,1907.43,3497.5928
1786024800000,1907.44,1911.84,1905.15,1908.26,3253.0366
1786025700000,1908.25,1912.83,1892.04,1906.86,6066.251
1786026600000,1906.86,1918.72,1903.28,1915.44,6839.5064
1786027500000,1915.45,1916.19,1910.6,1915.01,2636.3252
1786028400000,1915.01,1919.68,1912.81,1915.15,2903.9512
1786029300000,1915.16,1917.69,1912.5,1917.25,3195.0287
1786030200000,1917.25,1919.44,1912.96,1913.45,3036.5037
1786031100000,1913.44,1918.78,1910.38,1910.69,2667.191
1786032000000,1910.7,1911.8,1908.46,1909.88,2279.572
1786032900000,1909.88,1913.63,1909.26,1911.64,1940.4717
1786033800000,1911.63,1916.8,1910.38,1915,2164.4699
1786034700000,1915,1916.52,1912.77,1915.77,1376.4769
1786035600000,1915.78,1918.47,1914.52,1914.53,1894.2766
1786036500000,1914.52,1916.45,1913.62,1914.31,1152.1261
1786037400000,1914.32,1917.06,1910.38,1912.63,1633.2559
1786038300000,1912.63,1915.29,1911.11,1914.08,1016.6768
1786039200000,1914.08,1914.1,1908.89,1911.58,1180.9111
1786040100000,1911.58,1914.01,1910,1911.39,821.0173
1786041000000,1911.4,1911.53,1905.34,1905.84,1543.9558
1786041900000,1905.84,1907.61,1903.08,1905.95,4412.4452
1786042800000,1905.95,1909.29,1905.95,1908.49,2277.3611
1786043700000,1908.49,1909.84,1906.63,1907.04,2545.0252
1786044600000,1907.04,1909.07,1906.36,1908.6,2223.832
1786045500000,1908.6,1911.29,1907.33,1910.06,2958.5582
1786046400000,1910.07,1910.85,1909.08,1909.58,721.5497
1786047300000,1909.59,1909.95,1906.2,1906.9,875.5835
1786048200000,1906.89,1908.97,1906,1907.93,537.5084
1786049100000,1907.93,1907.93,1906.67,1907.14,735.1162
1786050000000,1907.15,1909.14,1906.55,1908.25,1105.8988
1786050900000,1908.26,1909.45,1906.96,1907.37,787.2275
1786051800000,1907.37,1908.81,1905.88,1907.51,848.6265
1786052700000,1907.5,1907.5,1905.9,1906.28,568.0707
1786053600000,1906.28,1907.44,1903.74,1907.11,1187.5631
1786054500000,1907.11,1907.35,1902.77,1904.08,878.2723
1786055400000,1904.07,1904.84,1902.27,1903.3,904.8197
1786056300000,1903.3,1905.6,1903.3,1905.25,509.2892
1786057200000,1905.24,1905.79,1904.06,1905.04,456.4957
1786058100000,1905.03,1905.2,1900.22,1901.68,1440.7352
1786059000000,1901.69,1902.16,1898.94,1900.16,978.826
1786059900000,1900.17,1904.27,1899.52,1904.1,698.2993
1786060800000,1904.1,1905.47,1900.61,1901.2,970.1295
1786061700000,1901.2,1902.82,1899.84,1901.76,1103.4408
1786062600000,1901.76,1904.22,1900.12,1903.5,794.0868
1786063500000,1903.5,1904.48,1901.81,1903.88,648.5582
1786064400000,1903.89,1907.55,1903.11,1903.64,998.5408
1786065300000,1903.64,1905.87,1902.49,1905.52,968.2789
1786066200000,1905.51,1906.33,1899.04,1902.14,1695.6592
1786067100000,1902.14,1904.85,1901.95,1903.36,1160.9909
1786068000000,1903.36,1903.86,1897.52,1902.69,1810.9515
1786068900000,1902.69,1908.61,1900.47,1900.65,2306.9552
1786069800000,1900.65,1902.97,1899.65,1902.67,1059.0274
1786070700000,1902.68,1905,1902.46,1902.73,525.7949
1786071600000,1902.72,1903.95,1900.63,1901.07,899.8198
1786072500000,1901.07,1901.67,1899.05,1900.19,1275.0353
1786073400000,1900.19,1902.24,1899.23,1899.9,1194.4551
1786074300000,1899.91,1900.66,1896.16,1897.43,900.0657
1786075200000,1897.43,1900,1895.99,1898.76,1508.9219
1786076100000,1898.76,1900.76,1897.67,1899.19,2755.6116
1786077000000,1899.19,1900.74,1897.87,1898.36,1185.7886
1786077900000,1898.36,1898.54,1894.35,1897.44,1303.8819
1786078800000,1897.44,1898.74,1896.24,1897.79,652.9289
1786079700000,1897.78,1898.08,1896.02,1896.38,603.4969
1786080600000,1896.38,1898.83,1895.41,1898.03,1102.535
1786081500000,1898.02,1902.4,1897.9,1901.58,1665.0946
1786082400000,1901.59,1904,1900,1904,1168.4463
1786083300000,1903.99,1907.58,1903.48,1905.76,1226.3604
1786084200000,1905.76,1906.56,1903.93,1904.66,776.6855
1786085100000,1904.67,1905.6,1902.98,1904.53,1692.8283
1786086000000,1904.54,1907.3,1902.65,1906.31,1056.5556
1786086900000,1906.32,1907.44,1905.37,1905.58,1753.9986
1786087800000,1905.57,1905.58,1903.01,1903.34,1261.5827
1786088700000,1903.33,1903.86,1902.35,1902.36,1094.0781
1786089600000,1902.35,1906.7,1901.91,1906.57,1617.2154
1786090500000,1906.56,1907.22,1905,1906.25,1120.7691
1786091400000,1906.25,1914.9,1906.05,1913.23,5851.0139
1786092300000,1913.24,1913.25,1909.69,1910.7,2073.3729
1786093200000,1910.7,1914.99,1910.7,1912.62,3856.546
1786094100000,1912.62,1913.85,1910.54,1911.02,6728.9379
1786095000000,1911.02,1917.67,1910.3,1916.12,11258.5065
1786095900000,1916.12,1916.37,1912.79,1913.04,6758.9638
1786096800000,1913.04,1916,1912.67,1915.17,2094.3916
1786097700000,1915.17,1915.17,1913,1914.58,694.8549
1786098600000,1914.58,1914.87,1912.64,1913.54,774.9873
1786099500000,1913.53,1914.7,1912.69,1912.85,944.8242
1786100400000,1912.85,1916.7,1912.62,1915.8,1079.7224
1786101300000,1915.79,1921,1914.04,1916.72,4739.9772
1786102200000,1916.72,1917.6,1915.24,1916.22,1302.9896
1786103100000,1916.22,1916.59,1914.85,1916.33,1634.0672
1786104000000,1916.33,1937.75,1916.33,1933.85,11473.364
1786104900000,1933.85,1934.46,1927.66,1932.93,5036.8584
1786105800000,1932.93,1943.02,1922,1929.11,11326.2448
1786106700000,1929.1,1936,1929.07,1932.13,3167.7611
1786107600000,1932.14,1934.06,1928.28,1929.1,3020.8307
1786108500000,1929.11,1931.68,1925.99,1928.09,2986.1793
1786109400000,1928.1,1935.05,1926.44,1932.47,4864.2062
1786110300000,1932.47,1932.67,1921.53,1923.5,4739.242
1786111200000,1923.5,1923.54,1910.79,1912.63,7806.5433
1786112100000,1912.62,1925.31,1910.53,1923.87,4099.668
1786113000000,1923.87,1926.5,1917.55,1918.11,4094.7407
1786113900000,1918.11,1921.06,1911.76,1913.57,2779.5759
1786114800000,1913.57,1919.75,1913.02,1915.53,2091.9543
1786115700000,1915.52,1918.73,1914.04,1916.84,1146.6081
1786116600000,1916.85,1921,1916.09,1920.28,1769.5867
1786117500000,1920.29,1920.65,1917.26,1917.88,1332.4227
1786118400000,1917.87,1925,1917.87,1923.4,1753.7875
1786119300000,1923.39,1924.02,1913.75,1914.97,2442.3924
1786120200000,1914.98,1916.31,1912.03,1915.39,1569.0402
1786121100000,1915.39,1916.6,1909.34,1909.51,2203.39
1786122000000,1909.5,1911.49,1905.45,1907.16,3300.6693
1786122900000,1907.15,1910.69,1906.14,1908.22,1861.7524
1786123800000,1908.22,1912.41,1905.4,1912,2131.7189
1786124700000,1912,1912.99,1907.28,1912.45,2096.6482
1786125600000,1912.45,1915.29,1912.06,1913.94,1547.2993
1786126500000,1913.94,1915.21,1912.46,1912.65,876.1548
1786127400000,1912.64,1913.98,1908,1908.01,989.3116
1786128300000,1908.01,1910.55,1906.28,1909.86,924.6263
1786129200000,1909.87,1914.76,1909.87,1913.39,2830.1282
1786130100000,1913.38,1918.46,1913.38,1916.8,3497.3778
1786131000000,1916.8,1919.45,1916.66,1918.46,2462.6052
1786131900000,1918.45,1920.24,1917.42,1918.85,1388.3884
1786132800000,1918.84,1920.36,1917.46,1918.74,1100.3488
1786133700000,1918.73,1918.74,1916.47,1916.91,550.1723
1786134600000,1916.9,1916.9,1915.35,1915.42,726.3812
1786135500000,1915.43,1915.78,1914.38,1914.81,1373.2176
1786136400000,1914.82,1915.64,1913.93,1914.74,1005.2306
1786137300000,1914.75,1916.12,1912.72,1914,638.7064
1786138200000,1913.99,1922.81,1913.53,1918.22,3649.3728
1786139100000,1918.21,1918.28,1916.16,1916.55,1007.4055
1786140000000,1916.55,1916.56,1914.83,1915.49,1472.4602
1786140900000,1915.5,1916.44,1915,1915.26,1052.9343
1786141800000,1915.26,1915.59,1913.92,1914.59,581.439
1786142700000,1914.58,1914.84,1914.33,1914.84,340.7719
1786143600000,1914.84,1916.07,1914.83,1916,201.1254
1786144500000,1915.99,1916.04,1914.88,1915.07,331.5961
1786145400000,1915.06,1915.89,1914.99,1915.82,285.5277
1786146300000,1915.83,1916.41,1913.92,1914.18,697.0377
1786147200000,1914.19,1915.1,1912.72,1914.34,1147.7098
1786148100000,1914.34,1914.34,1912.5,1914.21,369.7724
1786149000000,1914.2,1914.72,1914.2,1914.72,394.6926
1786149900000,1914.71,1914.72,1914.11,1914.35,473.4618
1786150800000,1914.36,1915.33,1914.04,1914.81,1619.2175
1786151700000,1914.82,1916.62,1914.26,1914.67,956.9705
1786152600000,1914.68,1915.36,1914.67,1915.3,314.0928
1786153500000,1915.29,1915.29,1914.3,1914.65,287.5689
1786154400000,1914.66,1914.66,1913.34,1913.35,280.618
1786155300000,1913.34,1913.5,1912.27,1913.5,370.5879
1786156200000,1913.5,1914.25,1913.13,1913.13,265.5223
1786157100000,1913.14,1913.18,1912.73,1913.18,453.7791
1786158000000,1913.18,1914.42,1913.17,1914.3,366.0828
1786158900000,1914.3,1916.5,1914.29,1916.5,586.7658
1786159800000,1916.5,1919.02,1916.5,1917.37,673.666
1786160700000,1917.38,1918.47,1916.79,1918.08,471.1103
1786161600000,1918.09,1919.58,1916.42,1916.91,893.3446
1786162500000,1916.91,1917.46,1916.4,1917.39,333.7854
1786163400000,1917.38,1918.96,1916.91,1918.1,622.6882
1786164300000,1918.1,1918.18,1916.64,1917,396.168
1786165200000,1917,1917.32,1916.66,1916.81,319.0849
1786166100000,1916.81,1917.51,1916.13,1916.99,177.2959
1786167000000,1917,1918.78,1916.89,1917.93,295.4382
1786167900000,1917.93,1917.97,1915.81,1917.56,384.6752
1786168800000,1917.55,1917.89,1916.87,1917.28,354.381
1786169700000,1917.28,1917.28,1916.48,1916.61,263.8536
1786170600000,1916.6,1917.27,1916.17,1916.87,524.5706
1786171500000,1916.88,1917.83,1916.2,1916.44,266.9038
1786172400000,1916.45,1916.75,1915.69,1916.02,416.5547
1786173300000,1916.01,1916.23,1915.54,1915.67,335.4791
1786174200000,1915.66,1915.67,1914,1914.52,376.9349
1786175100000,1914.52,1915.27,1914.52,1915.11,670.6848
1786176000000,1915.11,1915.57,1914.58,1915.57,485.8614
1786176900000,1915.56,1915.91,1915.21,1915.9,218.913
1786177800000,1915.9,1917.73,1915.9,1917.73,364.8789
1786178700000,1917.73,1917.73,1916.81,1916.85,411.8173
1786179600000,1916.85,1917.47,1916.66,1916.87,554.0097
1786180500000,1916.87,1917.06,1916.25,1916.67,460.2533
1786181400000,1916.66,1923.22,1916.66,1919.32,1973.6589
1786182300000,1919.32,1920.09,1918.83,1918.95,526.3345
1786183200000,1918.94,1920.94,1918.94,1920.29,586.7993
1786184100000,1920.28,1922.72,1920.28,1922.61,692.1241
1786185000000,1922.61,1922.61,1921.07,1921.14,308.5993
1786185900000,1921.15,1921.35,1920.54,1921.17,579.5852
1786186800000,1921.18,1923.57,1921.17,1921.95,984.321
1786187700000,1921.94,1921.95,1919.76,1919.98,717.5119
1786188600000,1919.98,1920.09,1919.53,1919.73,463.3865
1786189500000,1919.73,1921.14,1919.6,1920.99,390.3366
1786190400000,1920.99,1921,1918.7,1920.99,1207.5999
1786191300000,1920.99,1922.47,1919.93,1919.93,417.3401
1786192200000,1919.94,1920.9,1919.88,1920.06,435.6956
1786193100000,1920.06,1920.8,1919.08,1919.19,315.6841
1786194000000,1919.2,1920.55,1919.2,1919.48,508.7418
1786194900000,1919.49,1919.89,1919.12,1919.19,351.5742
1786195800000,1919.18,1919.3,1918.61,1919.25,622.4659
1786196700000,1919.26,1920,1918.68,1920,498.4367
1786197600000,1920,1921.69,1919.99,1921.46,992.0295
1786198500000,1921.47,1924,1921.04,1923.74,1225.3879
1786199400000,1923.74,1926.72,1922.03,1922.22,1758.964
1786200300000,1922.21,1925.21,1922.21,1923.77,1083.0797
1786201200000,1923.78,1924.56,1922.29,1923.69,786.7547
1786202100000,1923.69,1924.17,1922.49,1922.73,845.2132
1786203000000,1922.72,1922.73,1921.35,1922.12,517.0285
1786203900000,1922.12,1923.7,1921.6,1922.62,796.9004
1786204800000,1922.63,1925,1922.62,1922.81,724.2814
1786205700000,1922.81,1923.43,1922.34,1922.51,682.2133
1786206600000,1922.51,1922.52,1921.65,1921.96,447.1947
1786207500000,1921.96,1922.46,1921.94,1922.46,385.6191
1786208400000,1922.45,1923.31,1922.25,1923.1,861.648
1786209300000,1923.1,1924.1,1922.88,1924.05,1078.6889
1786210200000,1924.04,1926.45,1923.84,1924.99,1119.4459
1786211100000,1925,1925.3,1923.84,1923.85,867.7585
1786212000000,1923.84,1923.84,1922.88,1922.88,492.0673
1786212900000,1922.88,1922.89,1919.77,1920.71,1271.7334
1786213800000,1920.71,1921.55,1920.36,1921.33,660.6916
1786214700000,1921.32,1921.33,1921.02,1921.1,356.6997
1786215600000,1921.1,1921.54,1921.09,1921.23,306.9703
1786216500000,1921.23,1921.31,1919.9,1919.9,453.1977
1786217400000,1919.9,1920.53,1919.67,1920.16,409.484
1786218300000,1920.15,1921.51,1919.7,1920.41,609.859
1786219200000,1920.41,1920.41,1920,1920.16,323.2151
1786220100000,1920.17,1920.67,1919.95,1919.95,368.3367
1786221000000,1919.96,1921.21,1919.95,1920.93,338.6874
1786221900000,1920.92,1921.2,1920.33,1920.39,314.1564
1786222800000,1920.39,1920.85,1920.27,1920.55,306.9499
1786223700000,1920.55,1921.7,1920.54,1921.02,383.689
1786224600000,1921.02,1922.73,1920.67,1922.62,613.9292
1786225500000,1922.61,1922.61,1920.28,1920.82,538.0314
1786226400000,1920.82,1921.59,1919.53,1919.54,647.0817
1786227300000,1919.53,1920.63,1919.43,1920.63,562.9284
1786228200000,1920.63,1920.63,1919.24,1919.68,532.8117
1786229100000,1919.68,1919.68,1916.66,1916.75,690.425
1786230000000,1916.74,1916.93,1915.09,1915.8,598.9561
1786230900000,1915.81,1917.51,1914.69,1916.91,660.9192
1786231800000,1916.91,1919,1916.9,1918.62,559.3071
1786232700000,1918.62,1918.62,1916.69,1916.74,960.6675
1786233600000,1916.75,1918.46,1916.34,1918.4,1796.1296
1786234500000,1918.4,1918.4,1917.54,1917.6,288.0728
1786235400000,1917.6,1918.53,1917.6,1917.94,259.0933
1786236300000,1917.94,1918.66,1916.47,1918.09,449.1655
1786237200000,1918.08,1920.21,1917.49,1918.95,640.0974
1786238100000,1918.95,1919.04,1914.38,1914.38,522.7133
1786239000000,1914.38,1916.18,1913.37,1916.07,593.7345
1786239900000,1916.08,1916.47,1914.64,1916.14,419.4854
1786240800000,1916.15,1916.71,1915.17,1916.7,380.1868
1786241700000,1916.71,1916.71,1915.06,1916.26,243.8414
1786242600000,1916.25,1916.26,1914.54,1914.54,300.369
1786243500000,1914.55,1915.25,1913.64,1914.8,417.5777
1786244400000,1914.79,1914.79,1912.36,1912.94,862.9133
1786245300000,1912.94,1913.85,1912.75,1913.85,600.3013
1786246200000,1913.85,1914.43,1913.84,1913.96,314.2541
1786247100000,1913.96,1914.3,1913.95,1914.04,257.5176
1786248000000,1914.04,1915.6,1913.87,1915.13,387.2852
1786248900000,1915.13,1915.63,1913.75,1914.28,385.6023
1786249800000,1914.28,1914.32,1913.4,1913.4,187.003
1786250700000,1913.41,1913.7,1912.99,1913.16,434.3293
1786251600000,1913.17,1914.79,1913.11,1913.85,366.5608
1786252500000,1913.85,1915.04,1913.82,1914.09,264.7619
1786253400000,1914.08,1914.59,1914.02,1914.04,310.357
1786254300000,1914.03,1914.46,1913.86,1914.46,513.8117
1786255200000,1914.45,1915.56,1912.83,1915.5,2019.9362
1786256100000,1915.49,1917.16,1915.48,1916.98,1303.0598
1786257000000,1916.98,1918.01,1916.97,1917.91,318.5983
1786257900000,1917.91,1919.51,1917.91,1919.33,673.3955
1786258800000,1919.34,1919.79,1918.29,1918.3,2229.6594
1786259700000,1918.29,1918.32,1917.14,1918,1033.1832
1786260600000,1917.99,1918,1917.19,1917.71,1191.1454
1786261500000,1917.7,1918.97,1917.47,1918.97,496.8236
1786262400000,1918.97,1925,1918.97,1922.56,1478.0465
1786263300000,1922.56,1922.69,1920.92,1921.49,472.9748
1786264200000,1921.49,1921.57,1914,1914.62,1269.0919
1786265100000,1914.62,1916.12,1914.19,1915.94,799.127
1786266000000,1915.94,1916.48,1915.19,1915.31,515.118
1786266900000,1915.3,1915.6,1913.39,1914.21,1643.7592
1786267800000,1914.2,1916.98,1914.2,1916.55,826.1751
1786268700000,1916.56,1921.45,1916.55,1921.45,1417.5182
1786269600000,1921.45,1922.96,1921.31,1921.75,1238.8749
1786270500000,1921.75,1922.02,1920.32,1920.6,1266.4139
1786271400000,1920.6,1920.61,1919.64,1920.03,543.71
1786272300000,1920.04,1920.79,1919.94,1920.1,739.5944
1786273200000,1920.09,1920.7,1920.09,1920.7,254.9542
1786274100000,1920.69,1921.51,1920.53,1920.79,340.3311
1786275000000,1920.79,1921.3,1920.43,1920.64,511.607
1786275900000,1920.64,1920.7,1918.37,1919.23,478.8945
1786276800000,1919.23,1919.23,1916.51,1918.01,799.5777
1786277700000,1918.02,1918.24,1917.59,1918.08,238.1222
1786278600000,1918.08,1918.51,1917.44,1917.45,507.0529
1786279500000,1917.45,1917.89,1917.37,1917.5,772.3027
1786280400000,1917.5,1920,1917.5,1920,315.8688
1786281300000,1920,1926.31,1919.99,1925.29,3186.925
1786282200000,1925.28,1925.58,1922.22,1922.79,1774.8371
1786283100000,1922.79,1923.58,1922.79,1923.36,809.9818
1786284000000,1923.36,1926.58,1922.61,1925.63,1644.3732
1786284900000,1925.62,1925.62,1922.97,1923.63,657.7645
1786285800000,1923.64,1925.45,1923.3,1923.71,831.4772
1786286700000,1923.7,1926.41,1923.7,1925.07,649.4827
1786287600000,1925.08,1927.27,1924.16,1926.84,1143.7
1786288500000,1926.85,1927.12,1926.38,1926.39,867.3984
1786289400000,1926.39,1926.66,1926.03,1926.28,520.3521
1786290300000,1926.27,1927.36,1926.27,1926.56,761.8898
1786291200000,1926.57,1926.95,1924.73,1924.96,801.4776
1786292100000,1924.97,1925.42,1921.6,1922.4,864.6005
1786293000000,1922.4,1925.33,1922.4,1925.06,519.7218
1786293900000,1925.06,1925.25,1924.1,1924.11,341.8687
1786294800000,1924.1,1924.84,1923.39,1924.75,554.3501
1786295700000,1924.74,1924.74,1923.67,1924.56,719.9951
1786296600000,1924.56,1924.68,1924.11,1924.28,441.3116
1786297500000,1924.28,1924.28,1923.11,1923.11,446.1571
1786298400000,1923.1,1923.8,1922.71,1922.71,441.9662
1786299300000,1922.72,1922.72,1920.15,1922.16,669.2091
1786300200000,1922.15,1922.37,1921.23,1921.23,331.2279
1786301100000,1921.23,1921.69,1921.22,1921.52,451.5645
1786302000000,1921.51,1922.08,1921.35,1921.39,414.1548
1786302900000,1921.39,1922.37,1921.38,1922.16,321.9946
1786303800000,1922.17,1922.47,1922.15,1922.44,351.9833
1786304700000,1922.43,1922.44,1921.58,1922.04,258.4595
1786305600000,1922.04,1922.27,1919.07,1919.11,1647.3083
1786306500000,1919.11,1920.82,1918,1920.2,846.8482
1786307400000,1920.2,1921.28,1920.2,1920.3,667.3196
1786308300000,1920.3,1920.82,1920.16,1920.73,555.5235
1786309200000,1920.72,1921.45,1919.84,1921.45,569.3335
1786310100000,1921.44,1924.36,1921.33,1924.27,386.8824
1786311000000,1924.26,1926.84,1923.83,1925.57,1118.2856
1786311900000,1925.58,1926.91,1924.46,1924.73,1058.5857
1786312800000,1924.73,1936.73,1924.73,1933.34,4068.9334
1786313700000,1933.33,1938.22,1929.17,1929.61,3471.6958
1786314600000,1929.62,1930.46,1916.34,1919.29,3432.3783
1786315500000,1919.28,1920.42,1915,1919.55,1528.3645
1786316400000,1919.54,1920.61,1916.74,1917.69,1471.9035
1786317300000,1917.68,1918.38,1913.2,1914.4,3401.7101
1786318200000,1914.4,1914.4,1908.49,1910.71,4210.0931
1786319100000,1910.71,1912.4,1907.56,1910.65,1751.855
1786320000000,1910.65,1928.28,1908.67,1921.68,3959.0307
1786320900000,1921.69,1922.57,1913.57,1914.16,1643.4875
1786321800000,1914.16,1916.33,1906.17,1907.08,2865.4177
1786322700000,1907.08,1917.19,1906.77,1912.78,1741.7797
1786323600000,1912.79,1915.53,1908.01,1914.28,1697.3273
1786324500000,1914.27,1918.4,1914.27,1915.17,1153.3382
1786325400000,1915.17,1916.7,1912.6,1915.33,1382.2739
1786326300000,1915.33,1931.57,1914.9,1925.23,3867.9714
1786327200000,1925.23,1926.1,1920.75,1921.61,1820.8216
1786328100000,1921.61,1921.73,1912.86,1915.48,2105.241
1786329000000,1915.48,1926.72,1915.47,1925.92,1689.4972
1786329900000,1925.92,1925.92,1922.52,1923.52,1243.1405
1786330800000,1923.51,1924.51,1915.04,1915.92,1377.5348
1786331700000,1915.92,1924.66,1913.66,1918.13,2077.6622
1786332600000,1918.13,1920.97,1917.3,1919.72,1836.9533
1786333500000,1919.72,1920.68,1916.24,1917.44,1052.9025
1786334400000,1917.44,1920.24,1916.51,1920.09,2314.2641
1786335300000,1920.08,1921.01,1918.76,1919.58,1449.2512
1786336200000,1919.59,1920.49,1912.6,1916.77,2452.7836
1786337100000,1916.76,1918.52,1914.51,1915.79,1650.4899
1786338000000,1915.79,1918.74,1915.33,1916.16,1068.3134
1786338900000,1916.16,1920.52,1916.16,1920.25,840.6326
1786339800000,1920.24,1922.28,1919.58,1921.41,1222.3583
1786340700000,1921.4,1925.02,1920.76,1923.17,1189.1046
1786341600000,1923.18,1927.61,1923.01,1925.61,1946.6629
1786342500000,1925.62,1929.43,1924.21,1925.47,3562.3773
1786343400000,1925.48,1927.52,1925,1927.5,1035.4966
1786344300000,1927.5,1929.12,1926.49,1928.03,1360.4805
1786345200000,1928.03,1928.76,1926.19,1926.83,647.9334
1786346100000,1926.82,1929.89,1925.9,1929.54,949.8129
1786347000000,1929.53,1930.84,1927.53,1927.53,3139.8755
1786347900000,1927.53,1928.03,1924.8,1925.26,1191.4043
1786348800000,1925.26,1928.35,1925.26,1927.32,982.2127
1786349700000,1927.32,1929.74,1926.4,1928.2,1305.8537
1786350600000,1928.2,1928.49,1923.21,1925.23,1504.6834
1786351500000,1925.23,1927.36,1924.32,1926.8,629.0622
1786352400000,1926.8,1927.09,1925.06,1926.52,629.205
1786353300000,1926.51,1926.6,1922.9,1922.9,1080.6542
1786354200000,1922.91,1922.91,1917.99,1918.27,2452.2705
1786355100000,1918.27,1918.27,1916.21,1916.39,2751.3456
1786356000000,1916.38,1919.66,1916.12,1919.18,1501.8702
1786356900000,1919.18,1920.7,1918.93,1919.3,1638.2603
1786357800000,1919.3,1919.46,1916.7,1917.72,1024.9679
1786358700000,1917.71,1918.97,1917.24,1917.75,730.1976
1786359600000,1917.75,1917.89,1914.68,1916.55,1263.2952
1786360500000,1916.55,1919.8,1916.54,1919.26,1219.8723
1786361400000,1919.25,1920.44,1918.37,1918.39,937.3673
1786362300000,1918.4,1921.11,1918.17,1920.42,923.0388
1786363200000,1920.42,1923.34,1919.85,1920.72,1628.0477
1786364100000,1920.73,1920.73,1916.58,1916.96,1577.919
1786365000000,1916.96,1916.96,1912.01,1915.59,3731.0967
1786365900000,1915.59,1915.6,1905,1906,6126.2931
1786366800000,1905.99,1909.72,1905.06,1908.97,3187.4109
1786367700000,1908.96,1910.46,1906.65,1908.38,1988.2731
1786368600000,1908.39,1908.93,1898.37,1901.12,7907.8269
1786369500000,1901.11,1902.98,1894.56,1897.6,7101.1761
1786370400000,1897.61,1902.84,1896.94,1901.31,3261.6658
1786371300000,1901.32,1902.55,1897.03,1899.5,1540.1435
1786372200000,1899.49,1902.33,1897.38,1900.07,1460.2705
1786373100000,1900.06,1901.23,1891.6,1893.59,3786.1639
1786374000000,1893.58,1893.58,1875.26,1876.39,13197.4594
1786374900000,1876.38,1881.07,1871.37,1876.98,8055.482
1786375800000,1876.99,1880.37,1874.38,1878.43,4793.7488
1786376700000,1878.42,1880.33,1876.37,1877,3384.1215
1786377600000,1876.99,1878.71,1875,1875.95,4312.0053
1786378500000,1875.94,1877.17,1867.96,1875.05,5989.8307
1786379400000,1875.04,1878,1872.5,1872.88,3972.1306
1786380300000,1872.88,1873.38,1868.84,1872.36,3493.9853
1786381200000,1872.38,1876.02,1868.71,1874.84,2844.8937
1786382100000,1874.83,1876.84,1873.01,1874.28,1795.3586
1786383000000,1874.28,1877.39,1873.9,1875.67,2325.0625
1786383900000,1875.66,1875.76,1872.86,1873.7,1257.3553
1786384800000,1873.7,1875.24,1871.66,1871.67,2678.767
1786385700000,1871.67,1874.54,1870.92,1872.07,1966.657
1786386600000,1872.07,1873.07,1869.57,1873.06,1893.9033
1786387500000,1873.06,1873.43,1868,1872.95,2063.3222
1786388400000,1872.95,1875.48,1871.86,1875.26,2119.0949
1786389300000,1875.26,1878.5,1875.26,1878.49,1636.6337
1786390200000,1878.5,1880.47,1876.36,1878.92,1615.2795
1786391100000,1878.92,1879.72,1876.69,1878.51,1557.2022
1786392000000,1878.52,1879.39,1877.74,1878.59,1005.6439
1786392900000,1878.59,1879.46,1878,1879.46,858.4996
1786393800000,1879.45,1881.31,1879,1880.55,1102.2502
1786394700000,1880.54,1880.54,1878.8,1879.73,684.1812
1786395600000,1879.72,1879.72,1875.79,1876.04,946.1032
1786396500000,1876.03,1877.07,1874.58,1877.07,558.8072
1786397400000,1877.07,1877.88,1875.13,1876.17,1255.5956
1786398300000,1876.18,1876.42,1873.54,1874.45,1383.6651
1786399200000,1874.45,1877.77,1872.55,1877.15,1845.318
1786400100000,1877.16,1878.13,1875.35,1876.86,578.591
1786401000000,1876.87,1876.94,1872.13,1874.47,1478.0264
1786401900000,1874.47,1876.15,1874.27,1876.14,1062.4844
1786402800000,1876.15,1876.15,1874.13,1874.5,1537.5296
1786403700000,1874.5,1875.24,1872.4,1873.84,805.0928
1786404600000,1873.85,1873.85,1870.12,1872.95,1367.9847
1786405500000,1872.95,1873.94,1871.56,1873.16,980.891
1786406400000,1873.16,1874.03,1871,1873.61,1941.1912
1786407300000,1873.62,1875.99,1871.78,1875.99,1251.8079
1786408200000,1875.99,1876.04,1872.45,1874.1,1509.1894
1786409100000,1874.11,1875.77,1873.44,1875.32,658.6236
1786410000000,1875.31,1877.85,1873.49,1877.23,1076.2811
1786410900000,1877.24,1878.57,1873.9,1878.06,1170.2868
1786411800000,1878.06,1878.06,1874.25,1875.77,1545.4386
1786412700000,1875.76,1878.6,1875.52,1878.14,812.8152
1786413600000,1878.13,1881.78,1877.7,1878.04,3070.8379
1786414500000,1878.04,1878.55,1877.41,1877.48,917.4619
1786415400000,1877.48,1878.66,1877.36,1878.65,658.5528
1786416300000,1878.66,1878.82,1877.97,1878.6,798.194
1786417200000,1878.61,1880.44,1878.6,1880.13,879.7643
1786418100000,1880.13,1881.29,1879.61,1880.33,1027.729
1786419000000,1880.33,1881.78,1880.22,1880.62,626.6467
1786419900000,1880.63,1881.22,1880.3,1881.03,1232.2488
1786420800000,1881.02,1882.18,1879.85,1879.86,804.1797
1786421700000,1879.85,1880.42,1879.78,1879.96,1144.8293
1786422600000,1879.97,1880.05,1877.7,1877.94,933.5641
1786423500000,1877.94,1878.2,1876.22,1876.25,857.4318
1786424400000,1876.25,1876.81,1875.73,1876.76,660.2369
1786425300000,1876.76,1876.76,1872.19,1873.8,1459.1374
1786426200000,1873.8,1876.79,1873.34,1876.5,1522.3705
1786427100000,1876.51,1876.67,1874.02,1874.03,1539.6565
1786428000000,1874.03,1875.02,1872.12,1874.16,2239.4265
1786428900000,1874.16,1874.76,1871.91,1872.52,1596.4277
1786429800000,1872.53,1874.73,1871.62,1873.31,3731.4839
1786430700000,1873.32,1874.27,1870.86,1874.24,1848.2085
1786431600000,1874.25,1875.71,1873.68,1873.69,876.4157
1786432500000,1873.69,1873.69,1870.29,1871.76,1847.2081
1786433400000,1871.77,1879.27,1871.77,1877.96,4276.0901
1786434300000,1877.96,1879.34,1876.36,1877.95,3253.8459
1786435200000,1877.95,1879.22,1875.85,1876,1409.3283
1786436100000,1876.01,1877.69,1875.75,1876.92,2164.2144
1786437000000,1876.92,1879.17,1876.5,1878.38,2375.5141
1786437900000,1878.38,1880.39,1877.28,1879.21,2493.6831
1786438800000,1879.2,1879.48,1877.32,1877.56,2354.341
1786439700000,1877.56,1880.41,1877.34,1879.55,2008.6224
1786440600000,1879.56,1880.47,1878.64,1880.31,1200.4198
1786441500000,1880.31,1885.41,1879.96,1885.41,2679.0386
1786442400000,1885.41,1889,1884.2,1885.16,2829.6582
1786443300000,1885.16,1887.96,1882.66,1887.41,1899.6028
1786444200000,1887.41,1888.08,1885.74,1886.45,1240.6039
1786445100000,1886.46,1888.08,1885.83,1886.16,1439.3031
1786446000000,1886.17,1895.6,1886.17,1893.66,4951.6871
1786446900000,1893.67,1894.03,1891,1891.7,1836.3702
1786447800000,1891.7,1892.87,1891.54,1891.99,1111.9094
1786448700000,1892,1894,1892,1892.97,1287.1978
1786449600000,1892.96,1897.8,1892.96,1895.33,3179.0032
1786450500000,1895.33,1895.42,1889.24,1890.13,3325.6376
1786451400000,1890.13,1892.32,1888.48,1888.67,2688.2892
1786452300000,1888.67,1889.45,1887.34,1888,1204.2425
1786453200000,1888,1891.85,1887.12,1889.67,1701.6806
1786454100000,1889.68,1889.68,1884.79,1886.96,1304.8583
1786455000000,1886.96,1892.69,1883.63,1890.37,4021.266
1786455900000,1890.36,1892.14,1887.75,1890.03,2042.5012
1786456800000,1890.02,1890.66,1886.27,1889.56,1293.1439
1786457700000,1889.56,1891.61,1876.55,1880.76,3971.4938
1786458600000,1880.76,1881.25,1874.34,1877.33,2922.1474
1786459500000,1877.34,1878.6,1870.33,1873.69,6290.4677
1786460400000,1873.68,1877.63,1872.87,1873.66,3283.3348
1786461300000,1873.65,1877.71,1869.43,1877.36,3522.8131
1786462200000,1877.35,1877.4,1853.62,1859.67,11105.2825
1786463100000,1859.66,1864.08,1856.73,1862.74,4142.7538
1786464000000,1862.75,1866.26,1859.78,1864.96,3255.481
1786464900000,1864.97,1867.06,1863.02,1864.15,1867.4606
1786465800000,1864.14,1866.42,1862.7,1863.59,2716.4503
1786466700000,1863.59,1865.57,1862.94,1864.82,1102.9958
1786467600000,1864.83,1866.57,1863,1864.12,1344.7059
1786468500000,1864.13,1867.95,1862.88,1865.49,1618.8765
1786469400000,1865.49,1866.31,1863.01,1864.97,1306.4513
1786470300000,1864.97,1866.89,1863.18,1864.69,2222.2584
1786471200000,1864.69,1865.37,1863.41,1864.26,1399.8494
1786472100000,1864.25,1866.02,1861.85,1862,1553.2126
1786473000000,1861.99,1867.09,1860,1863.88,3591.8289
1786473900000,1863.88,1866.03,1863.46,1866.03,800.4537
1786474800000,1866.03,1866.27,1862.9,1863.01,1208.9227
1786475700000,1863.01,1869.97,1863,1869.8,1269.0954
1786476600000,1869.8,1872.5,1868.52,1871.63,1701.6365
1786477500000,1871.64,1884.83,1870.97,1881.9,5785.6352
1786478400000,1881.9,1885.38,1881.12,1882.58,2711.0345
1786479300000,1882.59,1882.59,1879.09,1881.13,1766.2375
1786480200000,1881.13,1884.1,1879.42,1879.43,1292.9987
1786481100000,1879.43,1882.47,1879.42,1882.22,1530.3566
1786482000000,1882.22,1885.32,1881.58,1884.13,1106.8173
1786482900000,1884.12,1884.58,1880.67,1881.15,1474.2153
1786483800000,1881.15,1882.77,1880.43,1882.63,2724.1713
1786484700000,1882.64,1885.19,1881.9,1884.68,1631.188
1786485600000,1884.68,1887.64,1882.83,1883.99,3038.7565
1786486500000,1884,1885.68,1882.97,1883.8,888.458
1786487400000,1883.8,1884.77,1880.61,1880.62,962.6466
1786488300000,1880.61,1883.16,1879.61,1882.16,1014.6851
1786489200000,1882.17,1882.17,1879,1879.52,746.8739
1786490100000,1879.53,1880.92,1878.92,1880.92,718.1606
1786491000000,1880.92,1884.41,1880.55,1884.18,1182.1717
1786491900000,1884.17,1884.41,1882.58,1882.59,718.4392
1786492800000,1882.58,1882.58,1880.78,1882.2,1313.2809
1786493700000,1882.2,1883.48,1880.65,1882.03,1014.68
1786494600000,1882.03,1883.72,1881.34,1881.72,1015.2343
1786495500000,1881.72,1883.35,1881.72,1882.35,707.6727
1786496400000,1882.36,1885.83,1882.35,1885.67,1161.7621
1786497300000,1885.67,1886.53,1882.22,1883.01,1199.5525
1786498200000,1883.01,1885.95,1881.11,1885.43,630.2123
1786499100000,1885.43,1886.48,1883.35,1884.77,1170.5704
1786500000000,1884.77,1887.91,1884.77,1885.67,1354.6965
1786500900000,1885.66,1886.77,1883.96,1886.76,958.4907
1786501800000,1886.77,1887.27,1883.97,1884.81,630.5683
1786502700000,1884.81,1885.59,1883.59,1884.47,510.9398
1786503600000,1884.48,1885.7,1882.9,1883.11,558.0754
1786504500000,1883.11,1884.37,1882.66,1883.74,774.6606
1786505400000,1883.75,1887.33,1883.22,1886.26,891.4499
1786506300000,1886.25,1887.17,1885.9,1886.62,718.6649
1786507200000,1886.63,1887.66,1885.47,1887.26,797.542
1786508100000,1887.27,1893.37,1887.11,1889.71,3600.2513
1786509000000,1889.71,1889.71,1887.37,1888.58,911.5353
1786509900000,1888.58,1891.16,1888.43,1889.42,937.5772
1786510800000,1889.41,1890.89,1886.77,1890.13,702.0848
1786511700000,1890.12,1890.9,1889.82,1890,586.1911
1786512600000,1890,1891.88,1890,1891.81,892.2744
1786513500000,1891.81,1892.44,1891.06,1891.71,1025.1588
1786514400000,1891.7,1891.71,1887.65,1887.65,824.1698
1786515300000,1887.65,1889.72,1885.78,1886.44,2361.8244
1786516200000,1886.43,1886.85,1885.38,1885.69,1026.0672
1786517100000,1885.69,1887.74,1885.69,1887.73,676.3861
1786518000000,1887.74,1891.16,1887.64,1889.75,888.1073
1786518900000,1889.75,1890.59,1889.49,1889.5,740.0089
1786519800000,1889.5,1891.62,1888.25,1888.82,1347.6415
1786520700000,1888.83,1891.82,1886.34,1891.69,1148.5166
1786521600000,1891.7,1896.11,1890.63,1892.4,2572.4576
1786522500000,1892.4,1894.86,1892.4,1892.88,841.662
1786523400000,1892.87,1892.87,1891.12,1891.12,585.3213
1786524300000,1891.13,1892.37,1890.76,1890.95,725.9045
1786525200000,1890.94,1893.23,1890,1892.87,993.9804
1786526100000,1892.88,1905.31,1892.87,1903.7,5878.857
1786527000000,1903.69,1909.63,1902.84,1905.03,4182.2123
1786527900000,1905.03,1906,1902.88,1905.84,2372.1052
1786528800000,1905.84,1915.54,1905.84,1911.68,4875.1196
1786529700000,1911.68,1914.78,1910.84,1910.85,2969.8629
1786530600000,1910.85,1913.2,1910.12,1911.69,1996.9563
1786531500000,1911.69,1912.16,1907.66,1909.17,3132.7776
1786532400000,1909.18,1911.38,1907.41,1908.87,1444.2247
1786533300000,1908.88,1913.63,1908.87,1913.53,1323.761
1786534200000,1913.54,1915.42,1911.83,1913.33,1770.9933
1786535100000,1913.34,1915.99,1913.22,1915.57,2244.1697
1786536000000,1915.58,1918.14,1914.5,1914.5,2535.4563
1786536900000,1914.51,1925,1914.03,1922.34,5641.9744
1786537800000,1922.38,1925,1907.56,1909.46,9515.6084
1786538700000,1909.46,1913.58,1905.52,1911.32,4874.1693
1786539600000,1911.31,1912.6,1905.28,1908.61,2556.7061
1786540500000,1908.61,1910.67,1906.03,1907.42,1601.2099
1786541400000,1907.43,1908.11,1901.51,1904.72,4088.7286
1786542300000,1904.72,1908.32,1900.04,1901.32,3237.7889
1786543200000,1901.31,1903.71,1889.24,1899.83,5949.3475
1786544100000,1899.82,1899.83,1891.89,1892.19,1934.8691
1786545000000,1892.2,1894.06,1887.3,1892.18,3948.0725
1786545900000,1892.18,1895.31,1885,1887.79,3886.3329
1786546800000,1887.78,1893.86,1884.54,1892.78,2236.4943
1786547700000,1892.79,1895.8,1891.22,1894.47,1909.1176
1786548600000,1894.47,1896.29,1891.36,1894.52,1699.8015
1786549500000,1894.52,1895.76,1892.52,1892.75,1834.3424
1786550400000,1892.75,1893.55,1889.24,1892.96,1578.374
1786551300000,1892.96,1895.77,1892.42,1894.92,1501.4031
1786552200000,1894.92,1895.35,1892.36,1892.52,1330.4846
1786553100000,1892.52,1892.62,1890.41,1890.7,813.3054
1786554000000,1890.7,1891.89,1889.5,1889.77,1375.0089
1786554900000,1889.77,1890.2,1885.12,1886.92,2559.3432
1786555800000,1886.92,1890.46,1885.21,1888.1,1220.919
1786556700000,1888.09,1890.13,1887.26,1888.14,889.9785
1786557600000,1888.13,1890.45,1887,1889.63,868.5742
1786558500000,1889.62,1889.62,1886.01,1887.15,775.3399
1786559400000,1887.15,1891.33,1886.83,1887.8,1144.2113
1786560300000,1887.8,1887.81,1885.5,1885.55,883.4218
1786561200000,1885.54,1886.67,1883.92,1884.11,1059.2376
1786562100000,1884.1,1886.8,1882.06,1884.55,1367.9838
1786563000000,1884.55,1885.38,1879.14,1880.12,2262.8247
1786563900000,1880.11,1880.65,1877.98,1879.38,1977.3213
1786564800000,1879.37,1882.53,1877.81,1880.49,1525.5844
1786565700000,1880.49,1884.26,1879.39,1884.26,839.4552
1786566600000,1884.25,1887.4,1884.25,1886.47,1241.9479
1786567500000,1886.48,1887.68,1885.65,1886.6,625.1638
1786568400000,1886.6,1889.47,1885.86,1886.06,1059.8041
1786569300000,1886.06,1886.98,1873.29,1878.41,2926.4134
1786570200000,1878.4,1883.23,1875.52,1883.18,1786.2518
1786571100000,1883.19,1884.32,1877.17,1877.95,2085.4856
1786572000000,1877.94,1881.37,1875.63,1879.11,2604.4554
1786572900000,1879.12,1881.15,1878.76,1879.91,787.1248
1786573800000,1879.91,1879.97,1876.72,1878.02,1003.4565
1786574700000,1878.03,1878.91,1877.04,1878.45,839.3506
1786575600000,1878.46,1878.94,1875.3,1876.54,1574.3641
1786576500000,1876.54,1878.28,1874.81,1876.98,896.8289
1786577400000,1876.98,1879.25,1876.98,1878.2,634.0596
1786578300000,1878.2,1880.11,1878,1879.81,782.287
1786579200000,1879.8,1883.73,1878.9,1882.85,2412.7888
1786580100000,1882.85,1885.55,1881.44,1882.34,1330.1543
1786581000000,1882.34,1882.35,1877.26,1879.07,2120.0511
1786581900000,1879.08,1883.51,1878.18,1880.29,1013.0983
1786582800000,1880.28,1882.83,1878.78,1882.83,1288.6136
1786583700000,1882.83,1882.83,1875.25,1876.37,1855.0555
1786584600000,1876.37,1880.43,1876.11,1876.16,1026.7549
1786585500000,1876.15,1880.04,1875.01,1878.09,2008.6067
1786586400000,1878.09,1879.09,1876.85,1877.82,1599.9319
1786587300000,1877.82,1878.23,1876.35,1877.26,956.3041
1786588200000,1877.25,1877.26,1873.17,1876.89,1542.4417
1786589100000,1876.89,1883.28,1876.02,1881.93,1577.3055
1786590000000,1881.94,1884.78,1881.68,1883.45,1932.2195
1786590900000,1883.45,1884.99,1882.8,1883.01,1066.4498
1786591800000,1883.01,1886.32,1883.01,1883.96,1519.9642
1786592700000,1883.97,1888.89,1883.96,1887.52,1785.6271
1786593600000,1887.52,1887.93,1886.09,1887.3,573.0694
1786594500000,1887.3,1887.3,1885.46,1886.03,745.9246
1786595400000,1886.03,1891.1,1886.03,1891.09,1369.2818
1786596300000,1891.09,1894.99,1891.09,1892.37,1796.1607
1786597200000,1892.37,1898.56,1891.77,1898.35,3315.6787
1786598100000,1898.35,1900,1896.55,1898.63,2317.6622
1786599000000,1898.64,1899.41,1896.43,1897.38,1307.5315
1786599900000,1897.39,1898.13,1895.81,1895.81,677.4635
1786600800000,1895.8,1896.07,1892.54,1894.17,897.461
1786601700000,1894.17,1895.71,1893.85,1894.6,688.4133
1786602600000,1894.61,1894.61,1892.17,1892.91,798.5285
1786603500000,1892.92,1898.62,1892.91,1898.62,1076.7051
1786604400000,1898.62,1898.93,1896.12,1897.08,794.0766
1786605300000,1897.08,1898,1896.45,1897.99,721.0966
1786606200000,1898,1898.13,1896.84,1896.85,1374.2135
1786607100000,1896.85,1896.88,1895.31,1895.57,1323.0878
1786608000000,1895.57,1897,1892.73,1892.91,1294.0129
1786608900000,1892.92,1893.33,1892.23,1892.64,826.2328
1786609800000,1892.64,1893.15,1891.75,1892.07,2408.326
1786610700000,1892.07,1892.07,1888.38,1890.05,3056.3174
1786611600000,1890.05,1890.05,1882.11,1883.04,1766.4023
1786612500000,1883.04,1886.83,1881.39,1885.75,1283.2431
1786613400000,1885.75,1888.02,1885.74,1887.9,988.5843
1786614300000,1887.89,1890.59,1887.56,1889.78,1818.2555
1786615200000,1889.78,1890.24,1882.45,1884.9,4888.9117
1786616100000,1884.9,1886.97,1884.69,1885.05,1365.4283
1786617000000,1885.05,1885.13,1882.08,1883.69,1701.0021
1786617900000,1883.7,1884.11,1882.95,1883.17,1010.5155
1786618800000,1883.18,1883.72,1881.04,1881.47,1135.0687
1786619700000,1881.47,1881.47,1876.71,1876.92,2504.9884
1786620600000,1876.92,1879.99,1875.49,1879.87,2199.5024
1786621500000,1879.86,1881.19,1878.69,1880.39,1161.143
1786622400000,1880.4,1883.7,1879.17,1883.61,1057.947
1786623300000,1883.62,1885.12,1882.52,1884.77,1038.7599
1786624200000,1884.77,1890.18,1882.43,1887.38,2728.0593
1786625100000,1887.39,1889.5,1886.83,1889.04,1911.0387
1786626000000,1889.04,1895.71,1889.04,1892.23,4430.4798
1786626900000,1892.24,1892.47,1887.15,1888.35,2184.8502
1786627800000,1888.33,1895.44,1887.06,1893.54,2903.3105
1786628700000,1893.54,1894.37,1889.71,1890.39,2097.277
1786629600000,1890.39,1894.92,1888.64,1892.82,1736.0255
1786630500000,1892.83,1894.29,1890.01,1891.17,1609.5679
1786631400000,1891.16,1897.36,1890.09,1896.39,2726.5905
1786632300000,1896.39,1896.62,1892.98,1893.43,1175.8679
1786633200000,1893.44,1896.04,1891.02,1892,1340.205
1786634100000,1891.99,1894.32,1882.82,1885.7,2351.5985
1786635000000,1885.69,1892,1884.57,1890.83,1726.1576
1786635900000,1890.82,1890.83,1880,1880.01,1914.8034
1786636800000,1880.01,1884.05,1878.24,1880.77,3720.4163
1786637700000,1880.77,1884.94,1878.34,1879.18,2472.7934
1786638600000,1879.18,1881.54,1863.67,1871.16,10987.7408
1786639500000,1871.15,1877.24,1869.12,1874.85,3607.649
1786640400000,1874.86,1877.46,1873.73,1876.11,1523.9281
1786641300000,1876.11,1879.76,1874.64,1877.15,1446.4785
1786642200000,1877.16,1880.09,1875.8,1879.62,1245.6046
1786643100000,1879.62,1881.01,1876.88,1876.98,1076.3497
1786644000000,1876.98,1881.83,1876.86,1879.38,771.4203
1786644900000,1879.39,1881.26,1876.9,1877.28,836.8057
1786645800000,1877.28,1879.81,1876.63,1879.79,679.9837
1786646700000,1879.79,1887.3,1879.37,1885.52,1568.9566
1786647600000,1885.52,1892.73,1885.16,1888.31,2726.9324
1786648500000,1888.31,1889.7,1886.8,1887.95,1554.6108
1786649400000,1887.95,1888.53,1885.41,1887.6,1363.6482
1786650300000,1887.6,1889.48,1886.72,1887.41,1101.469
1786651200000,1887.41,1889.34,1886.16,1887.27,945.9581
1786652100000,1887.28,1888.51,1887,1887.65,635.5246
1786653000000,1887.64,1889.56,1886.78,1887.05,385.876
1786653900000,1887.04,1887.06,1885.32,1886.43,607.8902
1786654800000,1886.43,1888.79,1886.01,1887.18,430.6214
1786655700000,1887.18,1888.46,1886.6,1888.45,302.8472
1786656600000,1888.46,1889.47,1887.85,1888.37,579.0496
1786657500000,1888.37,1888.91,1887.45,1888.76,594.2194
1786658400000,1888.77,1893.03,1888.6,1891.81,1095.3425
1786659300000,1891.8,1892.77,1890.6,1890.99,608.4964
1786660200000,1891,1891.21,1889.55,1890.84,461.5834
1786661100000,1890.83,1890.98,1889.07,1889.4,470.9537
1786662000000,1889.41,1889.41,1886.55,1886.71,521.6488
1786662900000,1886.71,1887.16,1885.6,1886,567.8592
1786663800000,1886.01,1887.36,1886,1886.66,1115.4752
1786664700000,1886.66,1886.66,1884.6,1886.15,980.3031
1786665600000,1886.16,1887.5,1885.79,1886.25,687.0065
1786666500000,1886.24,1888.83,1884.91,1886.11,845.282
1786667400000,1886.12,1889.49,1883.53,1889.1,871.6776
1786668300000,1889.1,1889.4,1886.78,1889.4,712.9429
1786669200000,1889.4,1889.45,1885.92,1886.25,1113.5147
1786670100000,1886.25,1889.45,1884.85,1886.35,895.8946
1786671000000,1886.34,1889.65,1885.78,1889.62,618.6909
1786671900000,1889.62,1890.23,1888.04,1889.41,473.0846
1786672800000,1889.41,1891.3,1887.76,1888.38,1177.5488
1786673700000,1888.38,1889.09,1886.05,1886.65,749.8903
1786674600000,1886.66,1888.79,1886.66,1888.33,486.9685
1786675500000,1888.32,1889.24,1886.62,1886.62,383.3344
1786676400000,1886.63,1886.73,1883.35,1885.72,1034.0571
1786677300000,1885.72,1889.07,1885.66,1887.09,510.4139
1786678200000,1887.1,1887.1,1883.82,1884.98,613.4663
1786679100000,1884.97,1884.98,1882.44,1883,788.7749
1786680000000,1883,1885.18,1882.16,1885.12,596.4287
1786680900000,1885.12,1887.87,1885.08,1886.16,1120.5936
1786681800000,1886.17,1886.7,1885.83,1885.84,248.8428
1786682700000,1885.83,1885.97,1884.09,1884.77,316.6596
1786683600000,1884.78,1885.54,1882.53,1882.95,598.7749
1786684500000,1882.96,1883.14,1880.55,1882.77,861.3448
1786685400000,1882.76,1884.48,1882.24,1883.81,528.0973
1786686300000,1883.81,1884.58,1883.39,1884.07,582.3868
1786687200000,1884.07,1884.08,1880.21,1880.44,1057.3872
1786688100000,1880.44,1880.55,1877.51,1877.52,1186.9471
1786689000000,1877.51,1879.33,1875.97,1877.44,1633.7452
1786689900000,1877.43,1878.45,1872.83,1872.85,2739.5162
1786690800000,1872.86,1876.52,1872.28,1875.36,1718.9602
1786691700000,1875.37,1878.29,1875.36,1877.9,1308.688
1786692600000,1877.89,1877.93,1873.82,1875.29,1266.0917
1786693500000,1875.29,1876.09,1873.27,1873.4,1361.7068
1786694400000,1873.4,1875.32,1873.39,1873.71,1592.1209
1786695300000,1873.71,1875.51,1869.32,1871.78,3049.7058
1786696200000,1871.79,1875.91,1870.14,1873.6,1737.4901
1786697100000,1873.6,1878.71,1873.28,1878.71,1140.921
1786698000000,1878.72,1878.91,1875.51,1876.48,917.7978
1786698900000,1876.48,1877.8,1874.96,1875.1,668.371
1786699800000,1875.09,1875.09,1871.34,1872.69,1777.0248
1786700700000,1872.69,1875.28,1872.69,1873.22,597.536
1786701600000,1873.21,1876,1872.51,1875.61,708.4243
1786702500000,1875.6,1877.91,1875.42,1877.2,2366.2225
1786703400000,1877.2,1878.43,1876.18,1876.39,869.5724
1786704300000,1876.38,1877.64,1875,1876.19,1079.4438
1786705200000,1876.18,1878.6,1875.07,1876.38,1330.0458
1786706100000,1876.39,1878.67,1875.93,1877.75,980.3302
1786707000000,1877.75,1881.19,1877.24,1879.56,929.2172
1786707900000,1879.56,1880.73,1877.84,1878.2,758.4684
1786708800000,1878.2,1878.89,1873.67,1875.73,1714.8934
1786709700000,1875.73,1878.63,1875.14,1878.62,993.1099
1786710600000,1878.62,1879.59,1874.95,1874.96,1369.3441
1786711500000,1874.96,1876.8,1873,1873.51,1188.1588
1786712400000,1873.51,1873.94,1867.37,1870.31,2396.4687
1786713300000,1870.31,1872.65,1867.08,1871.73,1842.498
1786714200000,1871.73,1872.66,1866.43,1869.84,2773.362
1786715100000,1869.84,1870.7,1866.9,1869.97,2101.4617
1786716000000,1869.98,1872.12,1866.7,1867.06,1926.6677
1786716900000,1867.06,1869.75,1864.28,1868.55,2209.4325
1786717800000,1868.56,1873.54,1867.86,1870.69,1478.6405
1786718700000,1870.7,1872.25,1864.52,1866.93,1504.0235
1786719600000,1866.94,1869.25,1866.28,1868.75,869.7764
1786720500000,1868.76,1879.84,1868.29,1879.72,2716.3248
1786721400000,1879.72,1884.71,1876.2,1884.12,3673.409
1786722300000,1884.12,1884.5,1881.56,1881.56,2268.4196
1786723200000,1881.56,1883.41,1879.32,1881.1,1738.5515
1786724100000,1881.11,1885.14,1880.58,1884.2,1760.7924
1786725000000,1884.21,1888.42,1883.76,1886.22,1751.3512
1786725900000,1886.22,1886.23,1884.21,1885.41,1051.104
1786726800000,1885.41,1886.15,1883.31,1885.23,836.4843
1786727700000,1885.24,1887.66,1884.4,1885.68,984.4007
1786728600000,1885.68,1886.94,1882.38,1883.15,784.7378
1786729500000,1883.15,1883.83,1876.71,1878.57,2038.9185
1786730400000,1878.57,1878.87,1874.8,1876.44,1915.4583
1786731300000,1876.43,1879,1875.61,1875.9,1070.2689
1786732200000,1875.89,1878.29,1874.51,1877.48,988.2212
1786733100000,1877.49,1877.8,1873.7,1875.76,827.0068
1786734000000,1875.75,1875.75,1873.86,1874.01,954.5385
1786734900000,1874,1878.34,1873.9,1877.87,818.2854
1786735800000,1877.88,1880.24,1876.8,1879.91,835.6053
1786736700000,1879.91,1881.96,1879.3,1880.89,1096.6228
1786737600000,1880.89,1881.9,1879.86,1880.18,422.8023
1786738500000,1880.18,1880.95,1879.25,1880.25,672.2148
1786739400000,1880.25,1880.43,1878.95,1879.67,398.2361
1786740300000,1879.67,1880.54,1879.38,1880.42,319.0266
1786741200000,1880.42,1881.25,1877.74,1878.83,477.1461
1786742100000,1878.84,1880.44,1877.7,1879.87,453.7666
1786743000000,1879.86,1880.1,1878,1878,636.2815
1786743900000,1878,1879.75,1877.35,1879.44,566.0983
1786744800000,1879.43,1881.16,1877.34,1877.56,763.1348
1786745700000,1877.56,1878.01,1876.1,1876.5,707.8447
1786746600000,1876.51,1879.85,1876.46,1879.84,336.4736
1786747500000,1879.85,1880.09,1879.06,1879.77,367.8884
1786748400000,1879.77,1881.17,1879.42,1880.92,376.3142
1786749300000,1880.92,1881.28,1879.56,1880.88,500.44
1786750200000,1880.88,1881.84,1878.74,1880.59,588.3078
1786751100000,1880.59,1882.67,1880.38,1882.2,468.0485
1786752000000,1882.2,1883,1881.71,1882.19,594.6678
1786752900000,1882.2,1883.19,1882.01,1882.68,355.7482
1786753800000,1882.69,1883.48,1882.2,1882.71,391.5898
1786754700000,1882.72,1882.98,1881.91,1882.41,264.5352
1786755600000,1882.41,1882.82,1881.12,1882.81,697.9898
1786756500000,1882.81,1884.37,1882.46,1884.02,601.5484
1786757400000,1884.02,1884.69,1883.36,1883.86,304.9513
1786758300000,1883.86,1884.39,1883.82,1884,232.8817
1786759200000,1884,1885,1883.99,1885,391.8393
1786760100000,1884.99,1885.82,1884.99,1885,471.2179
1786761000000,1885,1885.54,1884.28,1884.56,483.0971
1786761900000,1884.56,1884.94,1884.14,1884.94,348.8245
1786762800000,1884.94,1886.35,1884.93,1886.02,545.4547
1786763700000,1886.02,1886.59,1884.7,1884.75,683.816
1786764600000,1884.76,1884.9,1883.08,1883.09,568.7195
1786765500000,1883.09,1883.45,1882.68,1882.68,206.6811
1786766400000,1882.69,1883.8,1882.69,1883.8,262.1734
1786767300000,1883.79,1884.42,1883.46,1884.41,190.0673
1786768200000,1884.41,1885.69,1884.21,1885.69,484.3428
1786769100000,1885.69,1885.69,1884.37,1884.37,415.8714
1786770000000,1884.38,1885.36,1883.78,1884.79,498.1221
1786770900000,1884.79,1884.9,1883.27,1883.35,352.0286
1786771800000,1883.34,1883.58,1880.26,1881.43,524.6513
1786772700000,1881.43,1881.6,1880,1880.66,506.0744
1786773600000,1880.67,1881.92,1880.16,1880.17,410.3148
1786774500000,1880.17,1881.32,1880.12,1880.42,902.7982
1786775400000,1880.43,1881.77,1880.02,1881.77,761.4816
1786776300000,1881.76,1883.61,1881.75,1882.16,366.0499
1786777200000,1882.17,1882.59,1880.67,1882.59,582.372
1786778100000,1882.59,1882.59,1881.12,1881.18,334.0116
1786779000000,1881.18,1881.5,1880.86,1881.25,192.993
1786779900000,1881.24,1881.25,1880.19,1880.4,262.1514
1786780800000,1880.4,1880.95,1879.38,1880.79,1125.0583
1786781700000,1880.8,1881.69,1880.79,1881.22,584.1114
1786782600000,1881.23,1881.23,1878.56,1878.7,1063.017
1786783500000,1878.7,1879.2,1876.53,1877.05,675.3911
1786784400000,1877.04,1877.79,1876.01,1877.79,823.6323
1786785300000,1877.79,1878.49,1877.58,1878.49,624.1832
1786786200000,1878.48,1879.88,1878.48,1879.72,454.6686
1786787100000,1879.71,1881.32,1879.71,1880.44,335.9933
1786788000000,1880.45,1880.58,1878.42,1879.26,390.666
1786788900000,1879.26,1879.41,1879.25,1879.41,188.0386
1786789800000,1879.42,1880.99,1878.93,1880.14,608.7368
1786790700000,1880.14,1881.39,1880.14,1881.01,255.1178
1786791600000,1881,1881.3,1880.57,1880.68,219.8968
1786792500000,1880.68,1880.74,1879.83,1879.92,247.6102
1786793400000,1879.93,1880.43,1879.35,1880.31,284.8198
1786794300000,1880.3,1880.4,1879.24,1879.49,228.2499
1786795200000,1879.49,1879.53,1878.6,1878.6,430.6285
1786796100000,1878.6,1879.11,1878.56,1878.76,231.133
1786797000000,1878.75,1879.07,1878.37,1878.74,363.6888
1786797900000,1878.74,1883.97,1878.19,1883.86,1205.665
1786798800000,1883.86,1884.86,1882.33,1884.12,1054.0391
1786799700000,1884.12,1884.36,1882.76,1883.11,592.857
1786800600000,1883.11,1883.99,1883.05,1883.43,1030.7769
1786801500000,1883.43,1884.93,1883.04,1883.86,993.1113
1786802400000,1883.85,1883.86,1882.52,1883.15,681.4889
1786803300000,1883.15,1883.38,1881.47,1882.14,699.9647
1786804200000,1882.14,1883.01,1882.14,1882.8,402.9096
1786805100000,1882.8,1884.61,1882.53,1883.56,332.3785
1786806000000,1883.55,1884.16,1883.12,1883.66,454.9979
1786806900000,1883.67,1885,1883.11,1884.23,559.2268
1786807800000,1884.23,1885.83,1884.15,1885.51,820.5815
1786808700000,1885.52,1885.61,1884.83,1884.91,520.2575
1786809600000,1884.92,1885.36,1883.92,1884.56,1176.02
1786810500000,1884.56,1885.7,1883.95,1885.69,322.331
1786811400000,1885.69,1885.7,1884.45,1884.45,429.3398
1786812300000,1884.45,1885.17,1884.28,1884.98,874.0304
1786813200000,1884.98,1885.7,1884.91,1885.7,752.6989
1786814100000,1885.7,1886.58,1883.03,1883.29,1066.1031
1786815000000,1883.29,1884.29,1883.28,1883.88,918.5447
1786815900000,1883.87,1884.49,1883.78,1884.49,340.4184
1786816800000,1884.49,1885.8,1884.48,1884.54,496.9952
1786817700000,1884.54,1884.83,1882.59,1882.6,299.9055
1786818600000,1882.59,1882.96,1882.59,1882.95,269.8168
1786819500000,1882.95,1883,1882.82,1882.82,169.0903
1786820400000,1882.82,1883.26,1882.82,1883.25,356.3917
1786821300000,1883.26,1884.6,1883.26,1884.02,231.3879
1786822200000,1884.02,1884.97,1884.01,1884.27,313.5621
1786823100000,1884.27,1884.84,1884.27,1884.55,212.9069
1786824000000,1884.55,1884.56,1883.9,1883.9,205.6668
1786824900000,1883.9,1883.91,1883,1883.21,302.3682
1786825800000,1883.21,1883.22,1882.8,1883.03,168.1212
1786826700000,1883.03,1883.42,1883.03,1883.42,171.3961
1786827600000,1883.41,1884.49,1883.41,1884.06,378.2831
1786828500000,1884.06,1884.81,1884.05,1884.62,263.8576
1786829400000,1884.62,1885.3,1884.6,1885.29,562.0105
1786830300000,1885.29,1885.6,1884.63,1885.17,990.317
1786831200000,1885.16,1885.64,1884.46,1884.85,534.7314
1786832100000,1884.86,1885.8,1884.68,1885.79,429.6674
1786833000000,1885.8,1885.8,1884.68,1884.82,539.4306
1786833900000,1884.82,1885.5,1884.48,1884.84,386.0328
1786834800000,1884.84,1884.85,1881.98,1883.6,893.8937
1786835700000,1883.6,1883.61,1882.3,1883.17,524.1382
1786836600000,1883.18,1883.88,1882.89,1883.24,376.085
1786837500000,1883.24,1883.3,1882.61,1882.64,569.5864
1786838400000,1882.64,1883.33,1882.46,1882.72,474.4645
1786839300000,1882.72,1882.75,1882.26,1882.74,529.3469
1786840200000,1882.74,1883.06,1882.22,1882.88,505.6933
1786841100000,1882.88,1883.2,1881.67,1882.57,425.5296
1786842000000,1882.57,1882.57,1880.19,1881.33,688.1584
1786842900000,1881.33,1882.08,1880.42,1880.42,314.8722
1786843800000,1880.41,1880.8,1877.01,1880.61,1180.3989
1786844700000,1880.6,1880.61,1879.34,1880.54,518.3365
1786845600000,1880.54,1881.3,1879.09,1879.18,327.0025
1786846500000,1879.18,1885,1879.17,1884.22,1219.3991
1786847400000,1884.21,1885,1883.32,1884.18,552.5615
1786848300000,1884.17,1884.18,1882.98,1883.71,455.0391
1786849200000,1883.71,1884.24,1883.58,1884.08,487.1591
1786850100000,1884.09,1884.28,1883.24,1883.35,627.9262
1786851000000,1883.35,1883.84,1883.34,1883.67,280.7681
1786851900000,1883.67,1883.68,1883.03,1883.3,310.2076
1786852800000,1883.31,1883.56,1882.79,1882.95,301.4431
1786853700000,1882.94,1884.56,1882.8,1884.23,270.3663
1786854600000,1884.23,1884.24,1882.2,1882.67,458.5973
1786855500000,1882.66,1882.67,1880.6,1881.7,263.2746
1786856400000,1881.7,1881.92,1881.29,1881.71,392.3245
1786857300000,1881.7,1881.71,1879.75,1880.63,468.2074
1786858200000,1880.62,1881.34,1880.4,1880.67,506.3359
1786859100000,1880.66,1880.68,1879.16,1879.81,678.1905
1786860000000,1879.82,1880.58,1879.8,1879.8,317.6847
1786860900000,1879.8,1880.11,1879,1880.11,744.7278
1786861800000,1880.1,1880.82,1879.66,1880.7,496.6595
1786862700000,1880.69,1881.59,1880.57,1880.58,330.8403
1786863600000,1880.58,1880.58,1879.91,1880.55,301.821
1786864500000,1880.56,1881.65,1880.55,1881.41,282.8423
1786865400000,1881.4,1881.41,1881.14,1881.14,184.5295
1786866300000,1881.15,1881.54,1881.14,1881.54,330.508
1786867200000,1881.54,1881.56,1880.8,1880.8,368.2855
1786868100000,1880.8,1880.95,1880.8,1880.8,194.6944
1786869000000,1880.79,1881.24,1880.48,1880.48,329.1521
1786869900000,1880.48,1880.94,1880.48,1880.94,337.2525
1786870800000,1880.94,1882.09,1880.93,1882.09,794.3211
1786871700000,1882.09,1882.52,1881.78,1881.78,1077.2921
1786872600000,1881.78,1882.01,1879.87,1880.05,822.148
1786873500000,1880.05,1881.28,1879.27,1880.43,476.8638
1786874400000,1880.42,1880.78,1879.62,1879.63,845.3004
1786875300000,1879.63,1880.55,1879.62,1880.54,446.3034
1786876200000,1880.55,1880.75,1880.19,1880.74,505.0068
1786877100000,1880.74,1881.17,1880.74,1880.79,248.7622
1786878000000,1880.8,1881.08,1880.71,1880.78,302.7083
1786878900000,1880.78,1880.83,1880.3,1880.64,179.4819
1786879800000,1880.64,1880.82,1880.54,1880.55,277.6992
1786880700000,1880.54,1880.95,1880.16,1880.94,512.3149
1786881600000,1880.94,1880.95,1880.05,1880.05,353.2614
1786882500000,1880.04,1880.62,1880.04,1880.61,151.2073
1786883400000,1880.62,1880.62,1879.32,1879.5,308.9089
1786884300000,1879.51,1880.17,1879.5,1879.83,294.2474
1786885200000,1879.82,1881.11,1879.82,1880.96,274.8579
1786886100000,1880.96,1881.35,1880.81,1880.81,336.5226
1786887000000,1880.81,1881.96,1880.81,1881.53,608.9186
1786887900000,1881.52,1881.97,1881.52,1881.96,403.5471
1786888800000,1881.96,1882.67,1881.96,1882.5,502.3265
1786889700000,1882.5,1884.49,1882.05,1882.06,1392.1761
1786890600000,1882.05,1883.74,1882.05,1882.8,609.2936
1786891500000,1882.81,1883.51,1882.8,1883.5,429.0466
1786892400000,1883.51,1883.73,1883.5,1883.68,360.7518
1786893300000,1883.69,1884,1883.68,1884,632.7935
1786894200000,1884,1885,1882.33,1882.62,1213.3994
1786895100000,1882.63,1884.78,1882.63,1884.06,1260.968
1786896000000,1884.06,1885.7,1884.06,1885.66,861.9763
1786896900000,1885.65,1889.41,1885.4,1888.15,2681.5229
1786897800000,1888.15,1892.31,1888.15,1890.17,2887.2152
1786898700000,1890.18,1890.73,1888.13,1889.58,804.4152
1786899600000,1889.59,1891.03,1887.66,1888.12,748.0735
1786900500000,1888.13,1888.13,1886.51,1887.32,481.8802
1786901400000,1887.31,1887.32,1883.81,1884.76,845.2346
1786902300000,1884.76,1886.41,1884.75,1885.17,441.8633
1786903200000,1885.18,1885.95,1882.63,1884.61,966.9067
1786904100000,1884.62,1886.41,1884.62,1886.05,709.2471
1786905000000,1886.06,1886.33,1884.62,1885.14,664.7163
1786905900000,1885.14,1885.9,1885.14,1885.49,306.1033
1786906800000,1885.49,1886.96,1885.49,1886.48,445.8371
1786907700000,1886.48,1887.76,1886.14,1887.76,388.2317
1786908600000,1887.76,1888.75,1885.26,1885.44,1001.6135
1786909500000,1885.44,1886.39,1884.48,1885.83,677.5495
1786910400000,1885.83,1887.04,1885.6,1887.03,366.4267
1786911300000,1887.03,1887.58,1885.96,1886.29,610.8933
1786912200000,1886.28,1886.29,1882.97,1883.83,914.054
1786913100000,1883.84,1884.27,1881.59,1882,775.621
1786914000000,1881.99,1882.92,1880.36,1882,1033.72
1786914900000,1882,1882.91,1879.16,1880.13,1272.1809
1786915800000,1880.13,1881.19,1869.17,1874.82,3854.0196
1786916700000,1874.81,1876.88,1872,1875.56,1843.7872
1786917600000,1875.55,1877.8,1870.62,1877.7,2847.3014
1786918500000,1877.69,1878.26,1874.68,1875.29,1366.4832
1786919400000,1875.29,1875.3,1869.26,1873.47,2766.3783
1786920300000,1873.47,1876.05,1872.33,1876.05,957.6763
1786921200000,1876.05,1877.48,1873.91,1873.91,1168.1699
1786922100000,1873.91,1876.2,1873.85,1873.9,802.0083
1786923000000,1873.89,1876.23,1873.54,1876.23,600.2605
1786923900000,1876.22,1877.17,1875.35,1876,408.0266
1786924800000,1876.01,1876.8,1874.41,1875.77,744.7705
1786925700000,1875.77,1876.63,1872.46,1876.63,1273.2656
1786926600000,1876.63,1877.95,1873.22,1877.92,1258.2018
1786927500000,1877.92,1880.19,1875.09,1878.93,1354.3049
1786928400000,1878.92,1896.9,1878.21,1889.52,7708.7729
1786929300000,1889.52,1896.53,1888.5,1894.47,3444.4944
1786930200000,1894.48,1897.29,1892.08,1894.72,2557.7655
1786931100000,1894.73,1895.38,1891.65,1891.65,2508.9088
1786932000000,1891.66,1893,1888.72,1890.23,1024.3783
1786932900000,1890.22,1895,1888.97,1893.78,1275.6959
1786933800000,1893.78,1897,1892.4,1895.75,3626.868
1786934700000,1895.74,1908.62,1895.6,1902.36,7170.0129
1786935600000,1902.35,1905,1901.99,1903.03,3430.5417
1786936500000,1903.04,1903.52,1898.33,1898.59,1589.914
1786937400000,1898.59,1900.87,1898.06,1900.1,2048.8713
1786938300000,1900.1,1903.12,1899.62,1900.92,1180.6002
1786939200000,1900.93,1904.62,1900.93,1903.9,1085.904
1786940100000,1903.9,1904.73,1902.6,1902.62,1204.0255
1786941000000,1902.63,1903.2,1901.46,1902.32,1380.2533
1786941900000,1902.33,1904.5,1902.32,1903.34,953.3076
1786942800000,1903.33,1903.5,1900.01,1901.53,1140.8366
1786943700000,1901.54,1904,1901.13,1901.31,871.3766
1786944600000,1901.31,1901.35,1898.25,1898.89,1270.6574
1786945500000,1898.89,1900,1898.59,1899.65,868.3913
1786946400000,1899.66,1901.34,1897.13,1901.02,3551.7088
1786947300000,1901.02,1902.04,1900.01,1901.41,1049.1664
1786948200000,1901.4,1903.31,1900.83,1903.31,1184.2913
1786949100000,1903.31,1912.6,1903,1907.05,7049.4301
1786950000000,1907.06,1907.93,1903.33,1905.26,3224.9783
1786950900000,1905.26,1906,1902.72,1905.39,990.1915
1786951800000,1905.39,1905.39,1902.37,1902.4,1762.8002
1786952700000,1902.4,1902.77,1900.77,1900.93,2569.8679
1786953600000,1900.93,1901.72,1892.9,1895.8,3269.8247
1786954500000,1895.81,1896.63,1891.57,1895.37,2249.768
1786955400000,1895.37,1895.65,1892.94,1893.41,1346.5947
1786956300000,1893.4,1895.34,1891.92,1894.43,1149.7732
1786957200000,1894.44,1897.4,1894.43,1896.88,1202.8176
1786958100000,1896.88,1897.4,1894,1895.78,803.4088
1786959000000,1895.79,1895.79,1893.5,1893.78,697.7414
1786959900000,1893.77,1894.37,1893.15,1894.02,582.3697
1786960800000,1894.02,1894.12,1892.62,1893.78,403.0871
1786961700000,1893.79,1898.77,1892.16,1898.77,1379.6877
1786962600000,1898.76,1907.2,1898.28,1907.2,2794.5669
1786963500000,1907.2,1909.49,1904.78,1907.16,2472.182
1786964400000,1907.15,1907.57,1905.73,1907.08,1431.8478
1786965300000,1907.08,1907.28,1905.4,1905.88,914.2172
1786966200000,1905.88,1906.72,1905.64,1906.03,872.2147
1786967100000,1906.03,1908.55,1904.09,1904.46,1618.1785
1786968000000,1904.46,1906.71,1902.35,1904.45,1231.3459
1786968900000,1904.45,1904.46,1898.4,1899.22,2471.1082
1786969800000,1899.23,1901.11,1896.46,1898.41,1553.6542
1786970700000,1898.41,1900.58,1897.7,1899.22,1091.5133
1786971600000,1899.22,1900.68,1897.65,1899.23,1468.0454
1786972500000,1899.23,1899.23,1896.28,1898.6,1493.4195
1786973400000,1898.59,1909.11,1897.42,1904.52,5089.513
1786974300000,1904.51,1907.7,1902.81,1904.92,2123.4416
1786975200000,1904.92,1904.92,1899.48,1902.11,1799.8453
1786976100000,1902.1,1903.6,1898.37,1899.85,1651.9837
1786977000000,1899.85,1902.62,1898.44,1901.31,1283.4259
1786977900000,1901.3,1911.51,1901,1909.61,3251.0842
1786978800000,1909.61,1909.8,1904.87,1904.87,2725.4427
1786979700000,1904.87,1911,1904.54,1909.43,3142.5088
1786980600000,1909.43,1910.7,1907.12,1909.61,2385.3327
1786981500000,1909.61,1915.5,1909.42,1913.22,7010.1729
1786982400000,1913.22,1913.85,1908.39,1909.11,1948.63
1786983300000,1909.11,1910.74,1908.11,1908.11,919.1561
1786984200000,1908.11,1910.94,1907.41,1907.71,1297.4264
1786985100000,1907.7,1909.07,1905.37,1907.22,1341.2414
1786986000000,1907.21,1907.22,1905.01,1905.21,2222.4698
1786986900000,1905.21,1914.19,1905,1908.64,3999.0022
1786987800000,1908.65,1909.55,1904.59,1907.86,1837.0376
1786988700000,1907.85,1909.77,1907.85,1908.91,868.2582
1786989600000,1908.9,1909.77,1907.33,1908.74,1112.9253
1786990500000,1908.75,1912.91,1908.54,1910.62,1917.215
1786991400000,1910.63,1911.07,1908.54,1910.82,1420.1212
1786992300000,1910.82,1911.52,1909.27,1910.01,1144.5628
1786993200000,1910,1910.2,1906.91,1906.92,1004.6974
1786994100000,1906.91,1910.43,1906.69,1909.84,990.4497
1786995000000,1909.83,1910.92,1907.73,1909.64,970.7343
1786995900000,1909.63,1909.64,1907.1,1907.25,759.5993
1786996800000,1907.24,1907.64,1905.88,1906.62,614.5888
1786997700000,1906.63,1909.18,1905,1908.81,1373.8888
1786998600000,1908.81,1910.6,1907.19,1910.6,1088.038
1786999500000,1910.6,1910.77,1905.32,1906.73,1408.0038
1787000400000,1906.73,1908.82,1906.36,1908.15,1461.1462
1787001300000,1908.15,1908.49,1906.07,1906.24,377.8931
1787002200000,1906.23,1907.62,1905.91,1906.31,638.5215
1787003100000,1906.31,1907.06,1905.99,1906.35,480.4397
1787004000000,1906.35,1908.03,1905.2,1905.23,798.3215
1787004900000,1905.22,1906.06,1903.59,1904.22,526.2197
1787005800000,1904.21,1905.17,1903.59,1904.53,383.6984
1787006700000,1904.53,1904.89,1904.24,1904.55,371.7896
1787007600000,1904.56,1908.36,1904.01,1908.03,933.5411
1787008500000,1908.03,1915.33,1908,1915.33,2058.3008
1787009400000,1915.33,1918.71,1912.54,1912.55,3388.9565
1787010300000,1912.55,1914.48,1912.41,1913.6,755.7421
1787011200000,1913.59,1914.38,1910.21,1910.67,1032.6918
1787012100000,1910.68,1913,1910.67,1911.92,881.9675
1787013000000,1911.92,1911.92,1908.62,1909.88,1039.9589
1787013900000,1909.89,1910.25,1909.01,1910.11,654.1031
1787014800000,1910.12,1910.33,1906.21,1908.24,1000.4741
1787015700000,1908.24,1908.47,1906.87,1907.31,510.6762
1787016600000,1907.31,1907.95,1903.93,1905.14,839.65
1787017500000,1905.15,1905.15,1899.78,1901.54,3035.668
1787018400000,1901.53,1903.6,1899.77,1899.78,1576.3869
1787019300000,1899.77,1900.69,1897.75,1897.76,1477.4483
1787020200000,1897.75,1898.22,1894.06,1894.6,1366.5621
1787021100000,1894.6,1896.64,1889.28,1893.19,4920.7594
1787022000000,1893.19,1895.3,1891.58,1891.66,1427.4911
1787022900000,1891.66,1893.9,1889.25,1891.03,2478.4298
1787023800000,1891.03,1895.46,1885.78,1895.46,3620.9974
1787024700000,1895.45,1895.49,1893.72,1894.69,1906.2281
1787025600000,1894.68,1895.5,1891.53,1895.08,1060.9104
1787026500000,1895.08,1895.08,1893.88,1894.85,899.9176
1787027400000,1894.85,1897.43,1894.85,1896.88,1507.6621
1787028300000,1896.89,1897.7,1895.85,1896.66,543.7288
1787029200000,1896.66,1898.95,1895.16,1897.84,1037.3259
1787030100000,1897.84,1898.59,1895.86,1896.11,1388.6393
1787031000000,1896.1,1896.93,1892.75,1896.9,1345.0247
1787031900000,1896.9,1896.91,1895.11,1895.63,779.5563
1787032800000,1895.62,1897.09,1893.64,1896.33,1298.4134
1787033700000,1896.33,1900.6,1896.32,1900.08,1321.7551
1787034600000,1900.09,1906.94,1900.09,1905.49,1674.8577
1787035500000,1905.49,1906.16,1901.09,1902.83,816.8979
1787036400000,1902.84,1903.27,1901.53,1902.48,895.625
1787037300000,1902.48,1902.84,1899.48,1899.48,703.7528
1787038200000,1899.48,1902.34,1898.92,1900.35,1711.4973
1787039100000,1900.34,1900.35,1897.07,1898.84,2568.181
1787040000000,1898.83,1899.04,1893.8,1897.18,1678.6668
1787040900000,1897.19,1900.4,1897.19,1897.82,2289.6146
1787041800000,1897.82,1901.83,1897.43,1900.01,681.7835
1787042700000,1900,1900.39,1898.1,1900.3,1045.0125
1787043600000,1900.31,1900.31,1898.23,1898.97,726.1422
1787044500000,1898.97,1899.11,1895.58,1896.36,1923.9642
1787045400000,1896.37,1897.75,1895.87,1896.58,2244.1764
1787046300000,1896.57,1897.52,1895.95,1896.93,847.2597
1787047200000,1896.93,1898.38,1895.21,1896.12,780.3073
1787048100000,1896.12,1897,1895.4,1896.77,616.0403
1787049000000,1896.78,1899.56,1896.69,1897.49,1162.8198
1787049900000,1897.49,1898.35,1897.49,1898.02,569.2075
1787050800000,1898.01,1902.01,1897.65,1902,1300.5433
1787051700000,1902.01,1905.65,1902,1904.89,1547.8315
1787052600000,1904.89,1905.32,1903.91,1904.58,731.7028
1787053500000,1904.58,1905.17,1902.77,1903.11,734.4097
1787054400000,1903.12,1904.07,1901.05,1901.6,724.316
1787055300000,1901.6,1902.73,1900.72,1901.59,574.0356
1787056200000,1901.59,1901.82,1899.61,1899.61,788.0297
1787057100000,1899.6,1900.96,1899.11,1899.48,607.6965
1787058000000,1899.48,1899.48,1897.16,1898.11,822.436
1787058900000,1898.11,1898.11,1895.64,1895.8,859.4211
1787059800000,1895.8,1900,1894,1897.28,3366.213
1787060700000,1897.27,1900,1894.72,1897.84,1245.0374
1787061600000,1897.84,1902.32,1897.69,1897.93,1514.1913
1787062500000,1897.92,1919.7,1897.31,1918.23,8128.2902
1787063400000,1918.23,1923.27,1911.22,1912.36,7684.2943
1787064300000,1912.36,1915.76,1909.22,1911.02,2707.029
1787065200000,1911.03,1917.27,1908.44,1912.66,5663.144
1787066100000,1912.66,1917,1912.33,1916.01,2550.6725
1787067000000,1916.01,1919.93,1915.43,1916.97,2879.2233
1787067900000,1916.96,1918.63,1915.7,1917.7,2528.8324
1787068800000,1917.71,1919.4,1914.67,1914.95,1957.8638
1787069700000,1914.95,1915.92,1913.5,1913.68,1220.6595
1787070600000,1913.68,1918.9,1912.78,1918.27,2576.558
1787071500000,1918.27,1922.3,1917.88,1918.47,2302.1589
1787072400000,1918.47,1918.62,1914.78,1915.7,1642.6009
1787073300000,1915.71,1917,1914.53,1916.31,938.7105
1787074200000,1916.31,1916.39,1913,1914.16,2236.5085
1787075100000,1914.15,1914.41,1911.34,1911.38,863.3804
1787076000000,1911.38,1914.32,1910.81,1914.32,691.9354
1787076900000,1914.31,1916.4,1914.14,1916.39,594.5495
1787077800000,1916.39,1917.54,1915.67,1915.99,1316.0819
1787078700000,1915.99,1917.24,1915.59,1916.6,911.8169
1787079600000,1916.6,1916.6,1914.18,1914.19,701.9845
1787080500000,1914.19,1917.58,1913.33,1916.7,1028.2098
1787081400000,1916.7,1916.89,1914.58,1914.72,904.7022
1787082300000,1914.72,1915.26,1913.14,1913.28,749.4505
1787083200000,1913.28,1914.62,1911.98,1914.62,549.1174
1787084100000,1914.61,1914.62,1912.27,1913.05,1059.2547
1787085000000,1913.05,1915.71,1912.84,1913.93,686.502
1787085900000,1913.94,1914.23,1911.81,1913.02,1405.3678
1787086800000,1913.01,1915.01,1913.01,1913.63,747.0222
1787087700000,1913.63,1914.12,1913.01,1913.37,514.5289
1787088600000,1913.37,1913.38,1910.87,1911.82,936.898
1787089500000,1911.81,1912.41,1911.26,1912.22,759.1641
1787090400000,1912.21,1914.92,1911.81,1913.93,1259.4191
1787091300000,1913.92,1915,1913.07,1914.58,1476.421
1787092200000,1914.58,1915.35,1913.71,1913.79,1064.6193
1787093100000,1913.78,1913.86,1912.56,1913.42,891.6014
1787094000000,1913.42,1916.93,1912.97,1916.69,694.2518
1787094900000,1916.7,1919.34,1916.7,1918.66,1119.6638
1787095800000,1918.65,1920,1918.65,1919.41,888.2932
1787096700000,1919.4,1920.1,1917.21,1917.85,902.0301
1787097600000,1917.85,1918.8,1912.14,1913.61,1842.2426
1787098500000,1913.6,1919.15,1912.42,1916.48,1216.5161
1787099400000,1916.47,1918,1914.13,1914.89,1091.3773
1787100300000,1914.88,1915.72,1913.3,1913.62,1014.8879
1787101200000,1913.62,1918.08,1912.76,1916.6,2063.2993
1787102100000,1916.6,1916.63,1912.28,1915.35,1584.2039
1787103000000,1915.35,1915.68,1912.8,1914.02,1335.8777
1787103900000,1914.02,1915.13,1912.98,1913.68,925.9653
1787104800000,1913.68,1913.88,1911.06,1912.73,1351.3658
1787105700000,1912.73,1912.73,1907.43,1910.38,2054.3711
1787106600000,1910.38,1910.51,1908.5,1909.07,1291.3613
1787107500000,1909.07,1910.48,1907.51,1907.7,983.2238
1787108400000,1907.71,1911.81,1906.19,1911.6,2286.3497
1787109300000,1911.6,1915.57,1911.52,1912.8,1579.5927
1787110200000,1912.8,1912.9,1910.72,1912.06,1088.8216
1787111100000,1912.06,1913.88,1911.32,1912.15,586.9685
1787112000000,1912.15,1912.15,1910.38,1910.95,827.2113
1787112900000,1910.96,1913.78,1910.95,1912.35,802.5593
1787113800000,1912.34,1914.56,1911.38,1911.58,1585.649
1787114700000,1911.59,1912.74,1910.17,1910.85,1068.5572
1787115600000,1910.84,1914.14,1910.36,1913.31,941.8565
1787116500000,1913.3,1913.79,1911.05,1913.6,738.4375
1787117400000,1913.6,1914.12,1912.13,1912.65,1191.6257
1787118300000,1912.64,1912.65,1909.97,1910.27,1214.606
1787119200000,1910.28,1911.17,1906,1907.06,2245.0903
1787120100000,1907.07,1912.97,1907.06,1910.91,1314.3584
1787121000000,1910.91,1912.18,1909.82,1912.13,1314.918
1787121900000,1912.13,1917.64,1912.13,1917.63,2330.4864
1787122800000,1917.64,1920.97,1915.4,1920.89,3414.7342
1787123700000,1920.9,1920.91,1917.55,1917.98,1939.1668
1787124600000,1917.98,1921.32,1917.57,1919.65,2598.4931
1787125500000,1919.65,1920.49,1915.71,1916.01,1142.2682
1787126400000,1916.01,1917.98,1915.92,1915.92,887.8999
1787127300000,1915.92,1917.17,1915.32,1917.16,617.403
1787128200000,1917.16,1929.94,1917.16,1924.35,6508.268
1787129100000,1924.35,1926.71,1921.52,1921.52,2342.8648
1787130000000,1921.52,1923.85,1921.38,1922.36,1427.2816
1787130900000,1922.36,1923.55,1921.02,1921.1,1033.5114
1787131800000,1921.11,1921.25,1918.2,1918.49,1026.0144
1787132700000,1918.49,1919.48,1918.25,1919.3,1128.2602
1787133600000,1919.3,1919.3,1917.7,1918.83,1131.6021
1787134500000,1918.83,1919.46,1917.31,1918.37,727.7682
1787135400000,1918.37,1919.23,1917.7,1918.99,392.59
1787136300000,1918.98,1920.24,1918.61,1920.22,1150.4613
1787137200000,1920.23,1926.43,1919.92,1924.75,2194.5805
1787138100000,1924.75,1924.76,1920.27,1922.1,1555.2951
1787139000000,1922.1,1924.15,1922.09,1922.15,832.1487
1787139900000,1922.15,1923.2,1922.14,1923.06,894.6432
1787140800000,1923.06,1924.15,1922.05,1924.14,1666.4415
1787141700000,1924.15,1924.15,1922.82,1923.32,1117.3938
1787142600000,1923.33,1933.51,1922.54,1933.05,7189.2398
1787143500000,1933.05,1943.21,1932.12,1937.21,11671.6581
1787144400000,1937.21,1938.44,1932.74,1935.83,8423.4706
1787145300000,1935.82,1939.21,1935.68,1937.55,5760.0339
1787146200000,1937.56,1941.65,1928.1,1932.86,8176.679
1787147100000,1932.85,1934.89,1928.69,1932.9,3207.1148
1787148000000,1932.91,1939.18,1932.79,1937.05,6145.7615
1787148900000,1937.05,1939.53,1935.56,1936.31,6785.688
1787149800000,1936.3,1941.39,1932.98,1940,4618.995
1787150700000,1939.99,1980,1939.59,1970.6,40951.0168
1787151600000,1970.61,2020,1967.4,2011.73,52688.8832
1787152500000,2011.73,2115,2008.45,2074.79,83979.0894
1787153400000,2074.78,2089.9,2056.99,2087.16,39271.1969
1787154300000,2087.16,2089.39,2076.52,2085.83,19149.8058
1787155200000,2085.83,2108,2082.24,2089.66,26235.8189
1787156100000,2089.66,2103,2089.46,2100.09,17921.6082
1787157000000,2100.1,2101.3,2085.46,2089.02,11967.3031
1787157900000,2089.01,2093.6,2086,2089.55,7426.2567
1787158800000,2089.55,2090.62,2078.52,2079.43,14351.7567
1787159700000,2079.43,2079.97,2067.43,2078.41,8211.126
1787160600000,2078.41,2087,2071.2,2085.77,6614.874
1787161500000,2085.77,2093.11,2085.23,2091.02,5362.7084
1787162400000,2091.03,2092.5,2079.04,2085.42,6675.6947
1787163300000,2085.43,2089.48,2084.81,2087.02,4210.9172
1787164200000,2087.03,2091.31,2085.78,2090.28,2955.6931
1787165100000,2090.29,2092.6,2088.38,2091.93,4129.5641
1787166000000,2091.92,2102.48,2088.92,2090.15,10552.9218
1787166900000,2090.15,2100.97,2090.14,2092.95,5129.1798
1787167800000,2092.95,2101.36,2091.49,2099.45,4773.727
1787168700000,2099.45,2105.4,2097.11,2102.02,4869.772
1787169600000,2102.02,2119.82,2102.02,2113.35,11371.9029
1787170500000,2113.35,2132.95,2108.3,2125.95,9343.5848
1787171400000,2125.95,2129.71,2121.75,2124.55,4074.171
1787172300000,2124.55,2241.56,2122.98,2218.12,53349.2853
1787173200000,2218.13,2333.65,2215.88,2259.69,84886.3631
1787174100000,2259.7,2294.1,2254.3,2283.48,20198.9882
1787175000000,2283.49,2298.78,2268.76,2284.99,17537.4267
1787175900000,2284.99,2305.52,2278.05,2286,15952.7618
1787176800000,2286,2290,2261.36,2267.98,20391.6078
1787177700000,2267.97,2273.72,2256.86,2256.86,11884.8201
1787178600000,2256.86,2266.84,2241.27,2258.74,10308.9184
1787179500000,2258.74,2259.47,2243.9,2249.99,6707.4969
1787180400000,2250,2252.56,2243.36,2246.32,6212.8115
1787181300000,2246.33,2255.17,2243.86,2252.48,4666.7013
1787182200000,2252.48,2261.7,2246.09,2257.53,5535.5463
1787183100000,2257.53,2257.7,2247.84,2252.8,4122.5339
1787184000000,2252.81,2262.59,2251.93,2259.51,9247.4133
1787184900000,2259.5,2269.77,2257.67,2264.16,6364.3194
1787185800000,2264.17,2274.25,2261.66,2268.84,5352.0554
1787186700000,2268.87,2274.12,2255.83,2262.24,12589.7515
1787187600000,2262.24,2268.12,2250,2257.43,9230.3663
1787188500000,2257.44,2260.9,2252.76,2254.68,3508.6967
1787189400000,2254.67,2266.48,2252.35,2265.78,6383.2241
1787190300000,2265.78,2270.94,2265.06,2266.66,3124.6875
1787191200000,2266.66,2270.68,2264.66,2268.37,4088.5547
1787192100000,2268.36,2268.88,2257.46,2258.28,3417.1396
1787193000000,2258.27,2262.51,2254.5,2257.29,2866.5716
1787193900000,2257.29,2258,2250,2251.89,2839.1141
1787194800000,2251.88,2252.36,2221.54,2228.63,21928.2091
1787195700000,2228.63,2243.01,2228.38,2234.52,6953.6353
1787196600000,2234.53,2251.7,2234.52,2250.54,6327.861
1787197500000,2250.54,2257.58,2249.84,2251.21,3927.4218
1787198400000,2251.21,2258.39,2249.59,2255.79,4595.4378
1787199300000,2255.79,2257.21,2253.27,2255.92,3185.9886
1787200200000,2255.92,2256.54,2248.46,2251,3535.7203
1787201100000,2251,2257.33,2250.27,2250.28,2482.5756
1787202000000,2250.27,2254.81,2249.67,2249.67,3142.1964
1787202900000,2249.68,2256.99,2249.67,2252.01,5455.3934
1787203800000,2252.01,2254.37,2250.6,2251.83,2277.6749
1787204700000,2251.83,2251.83,2243.86,2248.36,2968.6626
1787205600000,2248.36,2248.75,2238.97,2243.59,7292.8614
1787206500000,2243.58,2255.67,2242.21,2251.41,6614.8712
1787207400000,2251.41,2263.68,2251.1,2262.19,6582.6042
1787208300000,2262.2,2267.3,2261.6,2262.76,4817.893
1787209200000,2262.77,2264.77,2256.58,2256.59,4595.0152
1787210100000,2256.58,2258,2248.83,2253.17,4876.9778
1787211000000,2253.17,2253.17,2244.94,2245.09,5864.3135
1787211900000,2245.08,2251.81,2244.1,2251.81,5879.0235
1787212800000,2251.81,2287.26,2249.19,2284.03,15455.0842
1787213700000,2284.02,2284.64,2270.24,2278.34,12691.7862
1787214600000,2278.35,2278.44,2266.08,2275.45,6059.5888
1787215500000,2275.44,2286.09,2273.85,2282.25,5706.8811
1787216400000,2282.26,2297.38,2277.52,2294.99,9287.8234
1787217300000,2295,2298.39,2284.55,2284.56,11174.6224
1787218200000,2284.56,2294.13,2278.63,2289.33,7072.6757
1787219100000,2289.32,2290.36,2275.23,2278.56,6264.5633
1787220000000,2278.56,2289.72,2275.54,2288.44,16784.714
1787220900000,2288.45,2295.87,2282.51,2286.08,6244.592
1787221800000,2286.08,2288,2281,2281.72,3049.3071
1787222700000,2281.73,2287,2280.54,2287,2598.3666
1787223600000,2286.99,2295.49,2282.31,2288.83,5488.6411
1787224500000,2288.83,2296.78,2285.15,2295.37,5589.4079
1787225400000,2295.36,2315.81,2294.03,2307.26,21209.3711
1787226300000,2307.26,2320,2294,2296.58,13808.6453
1787227200000,2296.59,2300.97,2268.89,2274.43,16339.6639
1787228100000,2274.42,2282.08,2273.29,2279.05,4387.4941
1787229000000,2279.05,2284.87,2274.28,2281.07,4690.1185
1787229900000,2281.07,2293.19,2268,2290.23,5220.6964
1787230800000,2290.23,2298.19,2286.9,2294.6,5185.5592
1787231700000,2294.61,2295.99,2287.7,2288.36,6207.4606
1787232600000,2288.36,2288.66,2255.68,2274.91,13793.5063
1787233500000,2274.9,2281.74,2266,2276.91,5780.5432
1787234400000,2276.92,2289.33,2275.69,2281.32,5764.054
1787235300000,2281.33,2282.58,2271.83,2274.32,5541.6638
1787236200000,2274.32,2285.96,2273.71,2276.87,5719.3486
1787237100000,2276.88,2281.25,2271.48,2281.24,3604.4902
1787238000000,2281.24,2307.05,2281.24,2297.82,11333.3226
1787238900000,2297.81,2314.2,2292.62,2313.78,14303.6601
1787239800000,2313.78,2323.49,2298.01,2303.46,13700.5254
1787240700000,2303.45,2337.89,2303.01,2326.41,17665.913
1787241600000,2326.4,2331.6,2317.71,2319.71,11757.5399
1787242500000,2319.72,2326.94,2314.44,2326.19,9490.4815
1787243400000,2326.19,2360,2320.4,2348.94,21379.6693
1787244300000,2348.94,2349.64,2336.86,2344.48,10560.384
1787245200000,2344.48,2345,2332.44,2337.73,8702.681
1787246100000,2337.74,2346.33,2335.07,2344.19,6100.5755
1787247000000,2344.2,2348,2339.32,2344.61,5698.9472
1787247900000,2344.61,2351.28,2342.52,2344.26,5935.1118
1787248800000,2344.25,2348.11,2325.56,2331.42,9996.5613
1787249700000,2331.42,2334.4,2320,2326.25,7299.8146
1787250600000,2326.25,2326.87,2310.44,2316.79,10755.5439
1787251500000,2316.79,2323.47,2314.2,2316.38,4637.2492
1787252400000,2316.37,2323.79,2312.14,2321.33,6603.6611
1787253300000,2321.33,2330.46,2321.32,2328.15,6669.9839
1787254200000,2328.14,2332.6,2323.16,2329.95,6810.6847
1787255100000,2329.95,2332.05,2320.52,2323.77,7197.3269
1787256000000,2323.78,2327.47,2319.93,2320.56,2211.563
1787256900000,2320.56,2330,2317.9,2327.28,2543.9578
1787257800000,2327.29,2331.5,2317.71,2320.35,2357.549
1787258700000,2320.35,2320.74,2313.81,2318.58,1512.8201
1787259600000,2318.58,2323.04,2313.32,2321.88,2781.005
1787260500000,2321.88,2325.6,2314.23,2314.83,2541.4632
1787261400000,2314.83,2322.54,2314.36,2319.52,2378.1592
1787262300000,2319.52,2320.73,2316.27,2318.81,1847.7725
1787263200000,2318.81,2319.45,2306.67,2311.92,4668.0201
1787264100000,2311.87,2317.99,2308.23,2314.85,2795.4308
1787265000000,2314.86,2315.79,2310.53,2312.14,1441.2881
1787265900000,2312.14,2318.89,2311.83,2314.42,1722.2244
1787266800000,2314.42,2322.53,2313.1,2322.53,1750.2226
1787267700000,2322.52,2340,2321.83,2331.45,4175.0904
1787268600000,2331.46,2334.85,2324.84,2325.76,1987.7806
1787269500000,2325.77,2329.56,2323.58,2326.82,2269.8393
1787270400000,2326.83,2338.43,2324.99,2337.67,3076.0618
1787271300000,2337.66,2348,2331.59,2337.62,7396.3032
1787272200000,2337.62,2351.15,2332.03,2337.89,4739.9187
1787273100000,2337.86,2350.87,2334.44,2340.82,3714.9223
1787274000000,2340.82,2348.49,2338,2345.75,4081.6725
1787274900000,2345.74,2366.9,2338.6,2353.1,11651.8782
1787275800000,2353.1,2369.5,2348.36,2357.37,9150.2891
1787276700000,2357.37,2380.82,2356.04,2359.37,14567.3778
1787277600000,2359.37,2362.71,2343.17,2354.08,6825.6906
1787278500000,2354.09,2360.51,2340,2359.32,7036.5378
1787279400000,2359.32,2365,2352.97,2355.87,5066.6164
1787280300000,2355.88,2356.17,2344.6,2345.75,3589.7613
1787281200000,2345.75,2349.02,2337.23,2345.38,4892.7071
1787282100000,2345.38,2350.45,2340.88,2349.62,3249.4708
1787283000000,2349.63,2354.5,2346.05,2349.52,2881.0413
1787283900000,2349.51,2354.5,2340.88,2341.04,3869.2708
1787284800000,2341.05,2350.74,2341.05,2346.22,3067.9742
1787285700000,2346.22,2350.36,2344.25,2344.72,2607.1903
1787286600000,2344.72,2351.07,2343.62,2350.38,1856.1356
1787287500000,2350.37,2356,2349.08,2354.42,2144.0591
1787288400000,2354.43,2359.96,2349.84,2359,2465.0817
1787289300000,2359,2362.5,2349.67,2353.89,4014.9242
1787290200000,2353.89,2358.09,2351.52,2354.61,2097.324
1787291100000,2354.62,2368.76,2352.8,2368.42,3746.4057
1787292000000,2368.42,2378.7,2364.09,2365.69,7184.7575
1787292900000,2365.69,2368.78,2355.15,2360.8,3811.6698
1787293800000,2360.81,2374.08,2360.7,2369.66,5183.365
1787294700000,2369.65,2384.17,2364.62,2372.47,6093.4811
1787295600000,2372.48,2387.22,2370.71,2386.47,8623.1561
1787296500000,2386.47,2398.71,2377.94,2381.74,12323.6076
1787297400000,2381.73,2389.32,2372.18,2380.78,13911.9978
1787298300000,2380.78,2383.18,2362.66,2371.66,12177.0466
1787299200000,2371.67,2391.74,2370.24,2383.74,6225.0636
1787300100000,2383.74,2392.42,2378.94,2387.38,6667.2085
1787301000000,2387.38,2415.84,2386.19,2409.71,24437.8073
1787301900000,2409.71,2447.98,2408.06,2444.2,29603.9427
1787302800000,2444.2,2446.23,2376.32,2398.71,27398.391
1787303700000,2398.71,2400,2384.01,2389.47,8771.4457
1787304600000,2389.47,2411.66,2385.95,2407.99,8292.7288
1787305500000,2407.98,2416.25,2391.94,2404,9332.6906
1787306400000,2404,2406.22,2394.22,2401.21,5734.1836
1787307300000,2401.21,2411.84,2390.64,2400.3,5683.78
1787308200000,2400.3,2402.04,2391.31,2397.72,3719.0938
1787309100000,2397.73,2405.54,2393.78,2395.33,3764.6429
1787310000000,2395.32,2399.18,2377.11,2386.34,5673.4437
1787310900000,2386.34,2389,2372.45,2385.78,7816.3788
1787311800000,2385.79,2386.76,2357.18,2374.1,11352.6227
1787312700000,2374.09,2377.49,2362.05,2370.47,9372.5974
1787313600000,2370.48,2380.56,2365.44,2379.01,6042.8294
1787314500000,2379.01,2379.46,2369.47,2375.19,5208.2794
1787315400000,2375.19,2395.76,2373.3,2394.58,9265.1777
1787316300000,2394.57,2397.5,2385.17,2388.62,7991.4065
1787317200000,2388.62,2396.82,2384.22,2390.93,6181.8521
1787318100000,2390.93,2391.18,2381.87,2386.8,4779.3462
1787319000000,2386.8,2399,2368.08,2395.42,11910.4253
1787319900000,2395.41,2406.41,2382.11,2387.65,9370.3204
1787320800000,2387.65,2387.65,2374.08,2379.29,7062.7495
1787321700000,2379.3,2392.31,2369.41,2392.25,8620.6447
1787322600000,2392.26,2397.45,2376.87,2385.85,7416.8477
1787323500000,2385.84,2394.44,2385.84,2393.67,3709.6385
1787324400000,2393.67,2406.31,2391.53,2402.74,5311.5725
1787325300000,2402.73,2408.55,2397.29,2398.81,8810.4767
1787326200000,2398.8,2403.81,2394.64,2400.2,7363.8305
1787327100000,2400.21,2404,2389.02,2393.65,9413.7277
1787328000000,2393.64,2397.81,2384.3,2384.74,9026.4346
1787328900000,2384.73,2403.26,2384,2402.91,8371.1673
1787329800000,2402.91,2403.55,2399.13,2401.6,3649.7244
1787330700000,2401.6,2413.14,2400.51,2405.97,7631.5353
1787331600000,2405.97,2421.47,2404.62,2415.55,8709.0036
1787332500000,2415.56,2416.55,2402.1,2416.55,9647.9378
1787333400000,2416.55,2426.61,2414.76,2419.9,8632.626
1787334300000,2419.91,2428,2416.99,2423.61,6968.7933
1787335200000,2423.61,2427.69,2417.61,2422.52,4622.4589
1787336100000,2422.52,2432.35,2422.52,2424.67,5034.1884
1787337000000,2424.68,2426.55,2406.4,2408.73,5393.2935
1787337900000,2408.73,2422.37,2395.89,2420.71,8103.0158
1787338800000,2420.72,2420.92,2407.56,2415.5,3004.7004
1787339700000,2415.49,2419.99,2408.07,2418.66,3364.9607
1787340600000,2418.66,2420.62,2413.9,2417.49,3406.9474
1787341500000,2417.48,2418.75,2412.99,2413.55,4019.0048
1787342400000,2413.54,2430.66,2408.86,2425.86,4686.6023
1787343300000,2425.86,2447.85,2425.86,2445.24,8354.3097
1787344200000,2445.24,2445.24,2433.14,2437.79,3581.5232
1787345100000,2437.79,2445,2427.45,2441.05,3418.4184
1787346000000,2441.05,2459.9,2434.71,2449.61,8536.7091
1787346900000,2449.61,2489,2444.68,2479.99,17420.3431
1787347800000,2479.99,2497,2474.63,2484.81,12416.4716
1787348700000,2484.89,2520.86,2482.98,2513.27,21330.1189
1787349600000,2513.26,2546.78,2506.88,2541.63,24596.4098
1787350500000,2541.62,2543.12,2528.3,2532.95,8187.1822
1787351400000,2532.96,2534.9,2509.23,2529.6,10695.5619
1787352300000,2529.59,2529.59,2513.68,2521.89,9493.8543
1787353200000,2521.89,2527,2515.44,2524.51,8255.9186
1787354100000,2524.52,2546.42,2521.97,2525.6,9917.5846
1787355000000,2525.61,2531.03,2512.46,2524.05,6186.1812
1787355900000,2524.04,2525.57,2510,2516.3,4597.0916
1787356800000,2516.31,2522.99,2491.11,2501.73,8801.5932
1787357700000,2501.73,2512.09,2499.03,2506.89,6031.3404
1787358600000,2506.89,2516.2,2504.09,2509.19,5657.6427
1787359500000,2509.19,2522.93,2504.17,2522.44,9050.109
1787360400000,2522.44,2528.58,2518.35,2520.27,6543.9499
1787361300000,2520.27,2525.09,2515.5,2518.07,4536.5221
1787362200000,2518.07,2527.94,2511.48,2514.24,5836.089
1787363100000,2514.23,2523.96,2506.97,2506.99,5393.5168
1787364000000,2506.99,2512.5,2504.11,2508.99,3862.6233
1787364900000,2508.99,2523.24,2508.35,2519.5,3371.7077
1787365800000,2519.5,2522.1,2495.65,2510.25,7223.4371
1787366700000,2510.25,2516.02,2504.62,2516.02,3659.0039
1787367600000,2516.02,2521.64,2512.64,2513.07,3408.9102
1787368500000,2513.08,2526.68,2512.88,2520,4646.7681
1787369400000,2519.99,2523.94,2513.49,2517.75,4574.0296
1787370300000,2517.74,2523.01,2514.79,2515.06,3773.9559
1787371200000,2515.06,2520.45,2510,2519.83,4265.6137
1787372100000,2519.82,2519.82,2506.05,2517.19,5994.437
1787373000000,2517.2,2529.99,2514.39,2527.8,9362.3119
1787373900000,2527.8,2527.92,2514.23,2514.43,5829.4954
1787374800000,2514.43,2518.31,2385,2445.19,62089.0511
1787375700000,2445.19,2453.34,2409.48,2438.4,25905.449
1787376600000,2438.41,2449.22,2423.26,2433.23,12425.4301
1787377500000,2433.24,2445.9,2428.12,2439.95,7795.9164
1787378400000,2439.95,2443.68,2427.15,2428.09,5949.9845
1787379300000,2428.09,2437,2427,2430.09,4355.1677
1787380200000,2430.08,2439.99,2412.18,2431.11,14470.5845
1787381100000,2431.11,2439.56,2430.98,2437.78,5860.9822
1787382000000,2437.79,2447.6,2428.07,2434.2,5269.0603
1787382900000,2434.21,2441.99,2426.8,2441.99,3638.2581
1787383800000,2441.99,2442,2431.75,2436.8,4711.5792
1787384700000,2436.8,2438.85,2431.92,2433.31,3679.5589
1787385600000,2433.32,2441.1,2428.76,2439.82,3580.4305
1787386500000,2439.82,2440.16,2423.91,2426.64,4108.8095
1787387400000,2426.64,2426.64,2412.16,2424.87,8563.6678
1787388300000,2424.86,2426.53,2417.97,2425.74,6206.1547
1787389200000,2425.74,2428,2412.84,2427.9,5766.7334
1787390100000,2427.91,2429.41,2422.01,2425.3,3123.0271
1787391000000,2425.29,2426.62,2420.01,2423.1,2736.6339
1787391900000,2423.1,2423.44,2414.66,2421.93,4640.3549
1787392800000,2421.93,2423.11,2397.99,2400.93,10319.6652
1787393700000,2400.93,2408.3,2389.45,2406.95,9100.0781
1787394600000,2406.95,2415.96,2403.03,2415.39,4136.0209
1787395500000,2415.38,2417.39,2408.17,2412.73,6762.2072
1787396400000,2412.73,2415.77,2405.4,2408.02,2801.0019
1787397300000,2408,2415.96,2406.66,2414.48,2101.743
1787398200000,2414.48,2425.41,2413.08,2425,3516.5254
1787399100000,2425.01,2426.73,2420.8,2423.93,3253.6114
1787400000000,2423.92,2435,2419.1,2433,7448.0665
1787400900000,2433,2437.76,2429.7,2435.37,4320.1043
1787401800000,2435.37,2437.43,2427.65,2431.57,3180.6863
1787402700000,2431.57,2432.5,2427.09,2428.12,2295.6488
1787403600000,2428.11,2429.21,2424.6,2426.49,3379.9143
1787404500000,2426.49,2429.98,2422.27,2426.22,2652.5354
1787405400000,2426.23,2428.34,2421.71,2425.27,2050.5696
1787406300000,2425.27,2433.25,2424.43,2430.09,3060.1905
1787407200000,2430.09,2431.48,2414.4,2418.68,4612.4411
1787408100000,2418.68,2421,2414.02,2420.99,2739.4267
1787409000000,2420.99,2424.49,2412.4,2412.41,3632.5577
1787409900000,2412.41,2415.64,2409.36,2413.94,2795.761
1787410800000,2413.93,2416.71,2406.32,2406.32,3390.9317
1787411700000,2406.32,2411.87,2405.62,2410.9,3814.5062
1787412600000,2410.91,2414.78,2410.1,2412.61,1943.4051
1787413500000,2412.61,2413.94,2409.23,2410.9,1658.919
1787414400000,2410.89,2416.19,2409,2414.67,2328.1128
1787415300000,2414.67,2422.55,2414.67,2420.51,1924.3717
1787416200000,2420.51,2429,2419.24,2426.05,3483.1182
1787417100000,2426.05,2429.94,2422.48,2422.63,2869.315
1787418000000,2422.64,2425.51,2421.84,2424.03,1258.2424
1787418900000,2424.04,2428.83,2417.27,2419.19,2491.9418
1787419800000,2419.2,2425.47,2419.2,2424.85,1675.3402
1787420700000,2424.85,2431.55,2423.74,2426.32,1887.6368
1787421600000,2426.33,2430.98,2425.36,2427.04,1221.8827
1787422500000,2427.04,2434.49,2426.82,2431.21,2202.3308
1787423400000,2431.2,2434.12,2426.6,2426.61,1933.8945
1787424300000,2426.6,2428.63,2421.76,2427.13,2371.0239
1787425200000,2427.13,2430.3,2423.98,2429.51,1909.3721
1787426100000,2429.51,2431,2427.06,2428.69,3007.4889
1787427000000,2428.69,2435.02,2428.68,2435.01,1758.2548
1787427900000,2435,2444.71,2433.75,2439.41,5482.1073
1787428800000,2439.41,2443.72,2436.77,2441.3,3330.2715
1787429700000,2441.29,2441.96,2437.56,2437.91,2228.0686
1787430600000,2437.91,2439.6,2435.24,2436.66,1173.3255
1787431500000,2436.66,2437.5,2429.38,2431.84,1680.3331
1787432400000,2431.83,2431.95,2412.35,2412.73,5092.4269
1787433300000,2412.73,2422.14,2412.73,2421.82,2920.5378
1787434200000,2421.83,2422.86,2408.47,2416.44,4521.4943
1787435100000,2416.45,2416.45,2403.47,2407.54,4007.3319
1787436000000,2407.54,2421.42,2404.35,2419.89,5065.1565
1787436900000,2419.88,2425.14,2417.47,2423.16,2074.9099
1787437800000,2423.16,2423.48,2408.51,2414.61,3600.9277
1787438700000,2414.62,2418.36,2411.91,2414.16,1883.8922
1787439600000,2414.17,2417,2410.82,2415.42,1710.8176
1787440500000,2415.42,2420.4,2414.17,2417.67,1686.0018
1787441400000,2417.67,2422.07,2415.57,2421.27,1920.3058
1787442300000,2421.27,2427.9,2420.95,2422.6,2798.2471
1787443200000,2422.6,2425.63,2419.99,2420.98,1879.1628
1787444100000,2420.97,2429.72,2419.67,2426.76,3388.2462
1787445000000,2426.76,2434,2426.16,2427.43,2525.992
1787445900000,2427.43,2435.53,2426.71,2430.96,3330.2292
1787446800000,2430.96,2431.02,2424.63,2430.19,2108.3835
1787447700000,2430.19,2433.34,2425.86,2429.98,1755.2842
1787448600000,2429.98,2433.16,2420.92,2426.51,2932.0503
1787449500000,2426.5,2429.85,2420.35,2423.25,2881.6975
1787450400000,2423.26,2424.49,2413.48,2413.84,1794.6833
1787451300000,2413.84,2419.6,2408,2416.17,2601.2234
1787452200000,2416.16,2420.92,2415.51,2419.07,1065.8426
1787453100000,2419.07,2424.47,2416.26,2416.95,1684.3802
1787454000000,2416.96,2418.34,2413.37,2417.22,1477.6538
1787454900000,2417.21,2419.05,2412.18,2413.26,1535.2321
1787455800000,2413.26,2413.53,2408.4,2409.99,1885.7664
1787456700000,2409.99,2414.57,2409.99,2413.98,1419.2738
1787457600000,2413.98,2417.02,2402,2414.23,4192.9419
1787458500000,2414.24,2416.15,2404.11,2410.59,3375.6943
1787459400000,2410.59,2410.83,2401.81,2402.46,3262.7787
1787460300000,2402.46,2403.02,2372.17,2378.66,14880.6642
1787461200000,2378.67,2384.8,2363.26,2366.41,9840.5766
1787462100000,2366.49,2387,2355.71,2380.27,9380.8325
1787463000000,2380.26,2384.17,2373.18,2376.79,2809.0412
1787463900000,2376.78,2378.62,2372.53,2372.99,1805.2246
1787464800000,2372.99,2380,2369.29,2379.33,4426.5567
1787465700000,2379.33,2392.66,2378.44,2390.11,5244.2263
1787466600000,2390.11,2396.67,2387.55,2392.04,3808.9455
1787467500000,2392.04,2393.31,2386.36,2389.99,3701.2083
1787468400000,2389.99,2396.78,2387.92,2394.73,2907.9176
1787469300000,2394.73,2397.2,2392.08,2393.23,1882.2591
1787470200000,2393.24,2393.27,2388.66,2389.74,2653.2518
1787471100000,2389.75,2393.48,2386.84,2389.02,2682.5562
1787472000000,2389.01,2413.68,2386.96,2407.04,9267.5624
1787472900000,2407.04,2411.15,2405.41,2406.79,2042.7563
1787473800000,2406.79,2426.03,2406.79,2419.71,6775.1175
1787474700000,2419.7,2421.66,2410.86,2412.46,2622.209
1787475600000,2412.45,2416.17,2410.64,2412.97,1630.1328
1787476500000,2412.98,2413.61,2407.26,2410.72,2379.6915
1787477400000,2410.72,2412.41,2404.51,2411.8,2170.6006
1787478300000,2411.8,2415.7,2410,2411.2,3154.7791
1787479200000,2411.2,2417.14,2410.84,2414.02,1985.4644
1787480100000,2414.02,2420.89,2413.22,2413.54,2542.8851
1787481000000,2413.54,2418.12,2412.81,2416.57,1425.8614
1787481900000,2416.57,2417.64,2414.18,2415.15,1103.1668
1787482800000,2415.15,2420.77,2414.82,2420.21,1388.4786
1787483700000,2420.21,2433,2417.72,2427.43,5807.922
1787484600000,2427.43,2438.31,2426,2433.8,4781.1819
1787485500000,2433.8,2434.31,2428.02,2433.68,3078.1575
1787486400000,2433.67,2433.68,2419.15,2422.9,4253.8727
1787487300000,2422.89,2424.85,2420.73,2423.05,1383.1614
1787488200000,2423.05,2429.89,2422.41,2428.21,2231.1536
1787489100000,2428.21,2428.22,2424.26,2427.05,827.055
1787490000000,2427.05,2432.9,2427,2432.23,1526.5234
1787490900000,2432.23,2484.06,2432.04,2454.33,25505.3252
1787491800000,2454.32,2459.09,2449.51,2456.04,7426.2206
1787492700000,2456.04,2460.27,2451.74,2459.75,5525.1904
1787493600000,2459.75,2469.3,2453.44,2464.19,7619.7879
1787494500000,2464.2,2467.65,2455.25,2456.45,4435.1944
1787495400000,2456.45,2457.66,2389.85,2420.6,19696.3726
1787496300000,2420.61,2448.13,2420.53,2438.95,9956.0254
1787497200000,2438.95,2441.07,2426.17,2433.42,5064.057
1787498100000,2433.43,2438.99,2421.87,2437.22,5066.6716
1787499000000,2437.21,2452.86,2435.46,2446.68,4228.5365
1787499900000,2446.68,2449.01,2436.25,2438.62,3116.4698
1787500800000,2438.61,2446.83,2438.61,2444.76,2062.032
1787501700000,2444.76,2446.84,2441.53,2446.83,1656.1565
1787502600000,2446.83,2453.6,2444.98,2446.49,2298.2877
1787503500000,2446.49,2459.22,2445.53,2450.56,3793.2166
1787504400000,2450.56,2454.3,2432.81,2447.57,4278.4175
1787505300000,2447.57,2450,2438.56,2441.26,4007.9499
1787506200000,2441.25,2444.36,2434.24,2438.8,2406.6459
1787507100000,2438.8,2446.59,2438.56,2440.12,2713.9936
1787508000000,2440.11,2449.26,2434.83,2445.16,3023.9535
1787508900000,2445.15,2448.68,2443.99,2446.58,1817.8179
1787509800000,2446.58,2448.52,2444.24,2447.54,1668.5922
1787510700000,2447.54,2449.27,2444.96,2448.68,1476.3315
1787511600000,2448.68,2450.21,2441.22,2443.26,1884.2977
1787512500000,2443.27,2444.95,2441.38,2443.04,1261.7016
1787513400000,2443.04,2448.16,2437.44,2448.13,2137.1949
1787514300000,2448.13,2454.16,2444.95,2444.96,2063.5936
1787515200000,2444.95,2444.95,2436.41,2441.46,2320.3837
1787516100000,2441.45,2449.01,2440.78,2445.62,1364.1933
1787517000000,2445.62,2450,2445.62,2449.69,1143.9862
1787517900000,2449.69,2450.72,2446.6,2450.48,2894.5117
1787518800000,2450.48,2469.52,2450.47,2466.17,8873.5636
1787519700000,2466.18,2479.81,2466.12,2477.04,8217.7688
1787520600000,2477.03,2484.62,2459.49,2461.38,8108.6724
1787521500000,2461.38,2478.96,2461.38,2469.97,3624.6921
1787522400000,2469.96,2474.53,2455.04,2463.58,5650.7131
1787523300000,2463.57,2467.29,2458.24,2460.35,3397.6202
1787524200000,2460.34,2463.12,2456.15,2459.13,2299.2025
1787525100000,2459.12,2461.1,2451.89,2455.05,3829.1052
1787526000000,2455.04,2455.69,2441.78,2448.69,5733.5968
1787526900000,2448.69,2459.48,2447.99,2458.49,3342.5237
1787527800000,2458.49,2471.02,2448.85,2454.07,5767.7422
1787528700000,2454.08,2466.29,2453.72,2463.41,2591.3829
1787529600000,2463.42,2464,2452.85,2458.89,3135.3213
1787530500000,2458.89,2459.7,2443.9,2451.28,4668.3236
1787531400000,2451.29,2460,2444.08,2445.67,2514.2944
1787532300000,2445.68,2465.9,2442.35,2465.11,3607.7752
1787533200000,2465.11,2466.98,2453.88,2453.9,3109.6777
1787534100000,2453.89,2454.1,2442.51,2444.61,4310.5703
1787535000000,2444.61,2449.7,2434.72,2439.31,4627.7626
1787535900000,2439.31,2441.24,2427.27,2429.4,5155.9788
1787536800000,2429.4,2446.13,2424.73,2444.15,4945.7905
1787537700000,2444.16,2450,2444.16,2447.51,2495.6474
1787538600000,2447.52,2451.77,2444.81,2446.1,2483.76
1787539500000,2446.1,2446.1,2435.53,2443.78,2407.5612
1787540400000,2443.78,2445.62,2435.41,2436.39,2005.2254
1787541300000,2436.38,2443.8,2433.59,2434.18,2942.969
1787542200000,2434.17,2438.19,2426.49,2435.61,3589.0941
1787543100000,2435.61,2441.31,2427.95,2430.64,2304.7863
1787544000000,2430.65,2439.16,2430.64,2438.97,2444.0624
1787544900000,2438.97,2446.34,2438.96,2445.92,3562.4963
1787545800000,2445.93,2446.42,2438.08,2442.73,3146.2013
1787546700000,2442.73,2443.78,2428.11,2438.08,4951.0872
1787547600000,2438.07,2458.83,2433.98,2457.91,5719.7094
1787548500000,2457.9,2459.82,2447.72,2450.51,5181.3088
1787549400000,2450.51,2452.38,2437.9,2448.1,3898.8087
1787550300000,2448.1,2449.78,2444.44,2448.92,2409.3338
1787551200000,2448.92,2457.47,2444.22,2456.42,4037.5921
1787552100000,2456.42,2458.54,2451.95,2454.11,2545.6925
1787553000000,2454.11,2455.31,2445.44,2447.55,1531.5797
1787553900000,2447.55,2463.74,2446.84,2456.5,3010.0443
1787554800000,2456.5,2474.09,2455.27,2470.3,4161.333
1787555700000,2470.3,2470.3,2460.03,2462.37,3306.6315
1787556600000,2462.37,2462.37,2452.28,2453.08,5319.1142
1787557500000,2453.07,2459.36,2452.85,2454.64,4519.662
1787558400000,2454.67,2459.33,2448.08,2449.22,3654.7364
1787559300000,2449.21,2449.48,2436.41,2439.79,6487.1232
1787560200000,2439.8,2453.63,2439.44,2453.37,4285.5791
1787561100000,2453.37,2457,2450.42,2454.84,5765.8107
1787562000000,2454.84,2463.21,2453.75,2462.04,6103.5071
1787562900000,2462.03,2463.32,2454.05,2460.09,3629.1048
1787563800000,2460.08,2464.58,2459.21,2462.19,1907.193
1787564700000,2462.19,2465.1,2461.29,2463.08,1454.5483
1787565600000,2463.07,2490.89,2462.28,2483.2,11154.4102
1787566500000,2483.2,2483.85,2470.32,2472.29,4605.0777
1787567400000,2472.29,2477.97,2463.77,2466.52,4274.7487
1787568300000,2466.51,2470.47,2461.73,2465.2,2288.551
1787569200000,2465.2,2470.78,2454.4,2469.01,4953.2989
1787570100000,2469,2473.31,2465.69,2472.26,2211.7923
1787571000000,2472.26,2506.95,2471.33,2506.53,14851.4263
1787571900000,2506.53,2509,2488,2494.18,7392.5897
1787572800000,2494.18,2494.27,2482.85,2484.51,4158.4179
1787573700000,2484.52,2494.52,2474.5,2493.47,6774.9786
1787574600000,2493.46,2506.17,2487.68,2500.1,10255.7954
1787575500000,2500.1,2518.54,2498.95,2512.54,11023.0346
1787576400000,2512.54,2519.88,2502.05,2515.71,8549.8207
1787577300000,2515.71,2517.04,2504.76,2507.2,6459.106
1787578200000,2507.2,2507.43,2483.07,2486.6,12540.8908
1787579100000,2486.58,2495.8,2476.31,2493.83,9509.7279
1787580000000,2493.83,2513,2491.61,2511.36,10539.052
1787580900000,2511.36,2528,2502.62,2516.86,12772.8624
1787581800000,2516.85,2532.12,2515.58,2522.58,15022.2996
1787582700000,2522.57,2524.54,2509.03,2516.16,6944.6159
1787583600000,2516.16,2521.19,2510.83,2515.8,5686.6797
1787584500000,2515.8,2532.95,2514.73,2525.34,9172.9646
1787585400000,2525.28,2525.37,2489,2495.03,12369.5627
1787586300000,2495.02,2502.51,2479.38,2487.99,11626.1342
1787587200000,2487.99,2506,2486.49,2498.75,10511.4497
1787588100000,2498.74,2506,2498.27,2499.48,4612.3417
1787589000000,2499.47,2500.86,2489.27,2489.49,4383.2935
1787589900000,2489.48,2491.34,2469.02,2478.43,8686.9506
1787590800000,2478.43,2484.29,2463.71,2476.75,6897.989
1787591700000,2476.75,2480.05,2455,2458.32,10274.8747
1787592600000,2458.32,2469.7,2456.9,2460.98,4871.3491
1787593500000,2460.98,2470.34,2458.55,2468.97,4256.2208
1787594400000,2468.97,2483.78,2468.97,2482.06,5530.9454
1787595300000,2482.07,2483.21,2474.8,2479.54,4119.8596
1787596200000,2479.55,2482.21,2467.19,2476.48,3227.7695
1787597100000,2476.48,2480.42,2472.93,2473.84,3738.3237
1787598000000,2473.85,2477.69,2464.52,2473.84,6650.0736
1787598900000,2473.83,2475.31,2461.87,2470.48,3685.3909
1787599800000,2470.48,2474.46,2467.94,2471.77,2566.854
1787600700000,2471.78,2472.44,2465,2471.4,3108.3386
1787601600000,2471.48,2475.52,2465.46,2472.39,2016.3493
1787602500000,2472.38,2472.39,2466.19,2468.46,1420.4341
1787603400000,2468.46,2479.21,2466.32,2474.05,2114.1378
1787604300000,2474.04,2475.16,2471.4,2475.16,1018.2628
1787605200000,2475.16,2483.93,2475.16,2483.92,2211.903
1787606100000,2483.93,2484.31,2479.03,2481.58,1717.4323
1787607000000,2481.58,2484.11,2480.03,2483.39,1363.6427
1787607900000,2483.36,2489.67,2481.52,2483.56,1650.8113
1787608800000,2483.56,2485.38,2479.23,2481.22,1637.4825
1787609700000,2481.23,2482.45,2475.79,2477.67,1606.5894
1787610600000,2477.68,2484.89,2476.63,2476.82,2363.0471
1787611500000,2476.82,2480.15,2472.5,2474.26,1388.4052
1787612400000,2474.27,2479.34,2470.7,2477.65,1680.7782
1787613300000,2477.64,2484.99,2477.09,2483.03,1821.8251
1787614200000,2483.04,2487.24,2482,2485.12,2145.0246
1787615100000,2485.13,2486.49,2476.99,2482.31,1682.4016
1787616000000,2482.31,2484.51,2477.61,2479.25,2874.2322
1787616900000,2479.26,2482.64,2472.18,2478.99,2878.6394
1787617800000,2478.98,2494.01,2476.69,2492.67,3760.7649
1787618700000,2492.68,2504.74,2489.85,2493.61,6319.9603
1787619600000,2493.61,2499.99,2487.82,2488.78,2945.089
1787620500000,2488.79,2504.62,2484.88,2498.58,5595.845
1787621400000,2498.59,2502.15,2494.16,2494.36,2404.9839
1787622300000,2494.32,2497.02,2489.24,2495.99,3063.4111
1787623200000,2495.99,2498.74,2492.31,2494.39,1844.3079
1787624100000,2494.4,2532.5,2493.45,2529.61,16928.0221
1787625000000,2529.6,2532.34,2514.38,2517.21,6785.5408
1787625900000,2517.2,2518.87,2501.96,2507.69,6837.7995
1787626800000,2507.7,2514.55,2504.84,2511,2592.3315
1787627700000,2511,2511.81,2504.64,2505.73,3092.1498
1787628600000,2505.73,2509.28,2496.86,2498.77,4058.9746
1787629500000,2498.77,2501.32,2488.99,2499.29,4463.2195
1787630400000,2499.3,2504.09,2492.81,2500.15,2733.858
1787631300000,2500.15,2500.65,2491.94,2494.34,3457.22
1787632200000,2494.35,2497.43,2488.96,2491.77,3300.2568
1787633100000,2491.76,2495.48,2490.34,2494.99,2193.5256
1787634000000,2494.99,2501.95,2493.77,2500.85,2998.8113
1787634900000,2500.85,2511.82,2500.21,2508.71,2839.2477
1787635800000,2508.71,2511.78,2506.79,2506.79,2779.947
1787636700000,2506.8,2510.71,2505.47,2508.73,1693.6604
1787637600000,2508.73,2510.57,2506.73,2510.12,1551.175
1787638500000,2510.11,2515.43,2508.72,2510.54,1632.3837
1787639400000,2510.54,2510.54,2499.28,2504.24,2771.0147
1787640300000,2504.25,2504.66,2496.04,2500.88,1912.1225
1787641200000,2500.89,2513,2500.17,2507.24,2614.761
1787642100000,2507.23,2508.11,2502.82,2504.87,1047.1956
1787643000000,2504.87,2504.87,2496.41,2499.22,3750.9133
1787643900000,2499.21,2499.6,2464.41,2478.94,14205.7696
1787644800000,2478.94,2486.43,2475,2485.5,4393.6971
1787645700000,2485.49,2498,2485.38,2494.06,2945.5187
1787646600000,2494.07,2496.32,2485.69,2490.35,2284.1156
1787647500000,2490.35,2490.95,2480.47,2484.82,3994.3023
1787648400000,2484.82,2489.47,2479.58,2487.48,3275.403
1787649300000,2487.48,2492,2484.14,2487.21,1873.7616
1787650200000,2487.2,2491.41,2486.03,2486.03,1719.0633
1787651100000,2486.03,2486.96,2462.81,2474.67,7696.9592
1787652000000,2474.67,2479.89,2469.87,2478.21,2606.8177
1787652900000,2478.21,2479.85,2475.15,2476.2,1723.0342
1787653800000,2476.19,2479.06,2474.16,2477.97,1874.226
1787654700000,2477.96,2485.83,2477.96,2481.82,2427.6588
1787655600000,2481.82,2484.12,2474.76,2475.3,1642.8909
1787656500000,2475.29,2479.14,2474.92,2478.22,1760.0629
1787657400000,2478.22,2486.16,2478.16,2479.16,2000.3441
1787658300000,2479.16,2483.41,2477.15,2477.91,1843.8908
1787659200000,2477.9,2481.37,2467.14,2477.96,3873.898
1787660100000,2477.97,2477.97,2458.01,2468.23,6127.2897
1787661000000,2468.24,2471.43,2460.48,2469.64,3405.2956
1787661900000,2469.65,2476.95,2468.2,2473.5,3587.4014
1787662800000,2473.51,2476.12,2465.62,2467.67,3435.8993
1787663700000,2467.67,2467.67,2454.62,2457.62,5649.3221
1787664600000,2457.62,2477.08,2455.69,2464.62,8272.3357
1787665500000,2464.63,2465.67,2440,2460.73,10237.0076
1787666400000,2460.73,2472.99,2454.33,2467.19,5976.2368
1787667300000,2467.19,2480.34,2464.68,2475.9,5101.9582
1787668200000,2475.9,2484,2470.42,2474.58,5571.175
1787669100000,2474.57,2479.63,2474.54,2476.91,2630.0726
1787670000000,2476.92,2478.34,2467.57,2467.61,3387.8413
1787670900000,2467.61,2477.72,2466.14,2474.8,3148.5892
1787671800000,2474.8,2480.62,2470.4,2477.72,3585.8936
1787672700000,2477.71,2483.85,2472.53,2482.88,3149.0292
1787673600000,2482.89,2485.6,2472.45,2473.91,3630.1471
1787674500000,2473.9,2476.98,2467.1,2472.03,2769.4987
1787675400000,2472.02,2478.59,2471.51,2475.68,1814.8185
1787676300000,2475.68,2479.47,2469.21,2470.68,1539.4803
1787677200000,2470.68,2471.47,2455.93,2463.06,5104.0302
1787678100000,2463.06,2466.59,2457.56,2458.47,2531.4625
1787679000000,2458.47,2469.22,2458.47,2468.24,2608.0643
1787679900000,2468.23,2471.19,2467.59,2471.03,2837.1672
1787680800000,2471.04,2474.67,2470.32,2473.62,2916.9572
1787681700000,2473.63,2474.8,2471.53,2472.86,1645.0802
1787682600000,2472.86,2472.86,2466.43,2468.3,2369.141
1787683500000,2468.31,2470.25,2464.23,2467.44,1823.2086
1787684400000,2467.44,2469.53,2462.96,2468.27,1919.3572
1787685300000,2468.28,2470.13,2462.38,2462.57,3378.0093
1787686200000,2462.57,2462.67,2455.54,2456.37,2862.9051
1787687100000,2456.38,2463.86,2456.38,2463.42,3065.9538
1787688000000,2463.42,2464.24,2449.85,2457.97,3208.2262
1787688900000,2457.98,2461.74,2456.37,2456.38,1967.9357
1787689800000,2456.38,2456.96,2442.8,2446.29,3029.4668
1787690700000,2446.3,2448.41,2433.62,2436.44,8129.7544
1787691600000,2436.44,2441.21,2414.64,2430.75,11912.3002
1787692500000,2430.76,2434.82,2424.48,2433.9,4018.205
1787693400000,2433.89,2442.84,2432.75,2441.33,2239.9011
1787694300000,2441.33,2443.9,2439.5,2441.79,1973.5097
1787695200000,2441.8,2452.06,2441.8,2451.89,2441.1888
1787696100000,2451.89,2452.98,2442.09,2446.51,1830.3446
1787697000000,2446.51,2450.77,2444.48,2450.32,1286.1106
1787697900000,2450.31,2455.78,2449.67,2453.84,829.8143
1787698800000,2453.85,2456.51,2451.82,2454.92,2161.4392
1787699700000,2454.92,2456.3,2448.62,2452.38,1337.0836
1787700600000,2452.38,2452.38,2443.05,2444.44,1131.115
1787701500000,2444.44,2444.44,2437.07,2442.64,1949.1594
1787702400000,2442.65,2445,2435.81,2437.26,2280.9714
1787703300000,2437.26,2443.81,2436.74,2443.73,961.7068
1787704200000,2443.73,2446.11,2437.04,2440.38,2326.1406
1787705100000,2440.39,2450.51,2439.1,2446.24,2497.7035
1787706000000,2446.24,2459.43,2445,2453.78,2328.8197
1787706900000,2453.78,2457.65,2452.5,2453.3,1342.1459
1787707800000,2453.3,2462.32,2453.3,2457.64,2207.1495
1787708700000,2457.64,2457.7,2454.01,2455.99,663.7054
1787709600000,2455.98,2459.07,2454.05,2455.43,798.7357
1787710500000,2455.42,2468.12,2455.2,2468.08,2097.328
1787711400000,2468.08,2469.82,2464.97,2467.05,1291.0486
1787712300000,2467.06,2468.81,2464.21,2465.21,798.9906
1787713200000,2465.21,2468,2462.17,2463.13,1233.2602
1787714100000,2463.13,2466.32,2460.2,2463.48,944.785
1787715000000,2463.48,2467.64,2458.66,2464.88,1377.2423
1787715900000,2464.89,2467.19,2461.09,2465.57,1202.7411
1787716800000,2465.56,2472.86,2462.03,2466.31,2329.9339
1787717700000,2466.31,2470,2465.15,2466.4,1404.4709
1787718600000,2466.41,2467.2,2462.73,2464.4,1478.3028
1787719500000,2464.41,2464.41,2455.68,2456.9,2251.9346
1787720400000,2456.89,2460.33,2451.49,2457.79,1667.6497
1787721300000,2457.78,2463.99,2453.95,2463.11,1842.074
1787722200000,2463.11,2468,2462.16,2465.24,1463.8548
1787723100000,2465.24,2465.24,2461.22,2464.92,983.4948
1787724000000,2464.91,2467.47,2461.16,2461.8,1883.6172
1787724900000,2461.8,2462.25,2454.61,2456.92,1355.194
1787725800000,2456.91,2460.64,2453.59,2460.27,1863.1016
1787726700000,2460.27,2461.36,2457.6,2460.13,923.8338
1787727600000,2460.14,2468.66,2457.22,2464.72,2728.8599
1787728500000,2464.73,2466.82,2461.47,2463.39,1778.4556
1787729400000,2463.4,2467,2461.55,2465.06,2805.5131
1787730300000,2465.07,2466.99,2461.48,2461.78,2039.1033
1787731200000,2461.78,2470,2459.36,2465.18,4543.9317
1787732100000,2465.19,2466.49,2458.33,2462.83,1609.4245
1787733000000,2462.83,2464.63,2460.21,2464.2,2787.8017
1787733900000,2464.19,2464.19,2453.66,2456.29,2308.7175
1787734800000,2456.29,2461,2454.6,2456.09,1804.0268
1787735700000,2456.1,2456.44,2445.24,2450.61,4090.7589
1787736600000,2450.61,2453.2,2444.25,2444.85,1875.3784
1787737500000,2444.86,2449.57,2442.76,2447.87,1635.7231
1787738400000,2447.86,2450,2444.69,2449.47,1438.6385
1787739300000,2449.47,2454.66,2449.23,2454.39,1586.1703
1787740200000,2454.4,2470.31,2453.65,2465.01,5377.3693
1787741100000,2465.02,2475.61,2464.08,2468.96,3572.4473
1787742000000,2468.97,2473.25,2466.87,2468.22,1816.3647
1787742900000,2468.23,2468.97,2465.06,2466.19,1291.9789
1787743800000,2466.19,2467.65,2456.32,2461.85,2374.5117
1787744700000,2461.85,2468.78,2459.44,2463.09,1238.4908
1787745600000,2463.09,2465.63,2458.58,2460.58,1441.6631
1787746500000,2460.57,2472.05,2457.59,2471.21,2063.5619
1787747400000,2471.21,2471.22,2443.76,2455.01,6815.3003
1787748300000,2455.01,2460.41,2452.58,2455.01,2160.2181
1787749200000,2455.01,2458.29,2442,2446.06,3932.9532
1787750100000,2446.06,2448.09,2437.11,2444.29,4891.1183
1787751000000,2444.29,2459.27,2443.61,2458.82,5049.7455
1787751900000,2458.82,2462.76,2450,2457.3,3797.19
1787752800000,2457.3,2462.14,2453.63,2456.3,3554.7816
1787753700000,2456.31,2461.9,2448.82,2450.76,2931.3978
1787754600000,2450.75,2452.91,2444.5,2445,2777.3563
1787755500000,2445.01,2447.49,2438.41,2439.38,3573.3487
1787756400000,2439.38,2443.39,2432.32,2441.21,5848.3595
1787757300000,2441.21,2455.38,2436.26,2454.4,3692.7299
1787758200000,2454.4,2454.74,2441.81,2448,3499.2173
1787759100000,2448,2453.04,2448,2449.85,3116.7648
1787760000000,2449.85,2455.36,2447.31,2450.4,1674.8045
1787760900000,2450.4,2453.25,2447.41,2449.29,2135.2544
1787761800000,2449.28,2453.76,2438.1,2438.69,2759.1341
1787762700000,2438.7,2451.5,2438.7,2444.64,1980.2477
1787763600000,2444.65,2448.39,2443.8,2447.35,1315.0529
1787764500000,2447.36,2463.45,2447.36,2463.08,3480.6555
1787765400000,2463.09,2467.03,2461.05,2461.44,3838.3933
1787766300000,2461.44,2462.78,2455.72,2460.84,1679.1647
1787767200000,2460.84,2471.28,2458.85,2467.21,2415.1999
1787768100000,2467.22,2469.22,2461.67,2462.9,1982.812
1787769000000,2462.9,2467.11,2462.37,2464.62,1620.7448
1787769900000,2464.63,2474.34,2464.46,2472.69,2838.8605
1787770800000,2472.69,2473.5,2469.21,2470.52,2465.8608
1787771700000,2470.51,2483.52,2470.26,2480.33,5568.2662
1787772600000,2480.33,2480.66,2468,2471.25,3198.9431
1787773500000,2471.26,2473.89,2469.08,2470.79,2539.8341
1787774400000,2470.79,2474.49,2468.83,2469.15,1884.8126
1787775300000,2469.16,2470.78,2460.29,2469.1,2533.0415
1787776200000,2469.1,2469.75,2464.29,2468.76,3235.2337
1787777100000,2468.76,2472.87,2468.41,2472.27,3029.6278
1787778000000,2472.27,2494.68,2470.56,2492.5,5519.296
1787778900000,2492.51,2505,2488.31,2500.81,10828.175
1787779800000,2500.81,2501.13,2493.73,2494.15,2675.4958
1787780700000,2494.16,2498.39,2491.67,2496.82,1567.7123
1787781600000,2496.82,2507,2494.66,2503.42,3952.8682
1787782500000,2503.42,2515.38,2502.78,2506.13,5444.7062
1787783400000,2506.13,2506.6,2494.72,2497.66,2375.623
1787784300000,2497.66,2497.66,2489.49,2493.73,1814.3543
1787785200000,2493.72,2495.72,2488.33,2490.45,1754.3611
1787786100000,2490.44,2500.84,2489.95,2498.92,2506.8053
1787787000000,2498.91,2507.76,2497.96,2507.35,3028.8777
1787787900000,2507.35,2512.69,2501.59,2506.78,5289.743
1787788800000,2506.78,2510.64,2500,2502.61,4208.6719
1787789700000,2502.61,2506.64,2499.01,2500.92,1805.4704
1787790600000,2500.92,2501.68,2494.15,2496.2,1739.7596
1787791500000,2496.2,2497.24,2492,2492.01,2284.5004
1787792400000,2492,2495.04,2487.03,2489.5,2216.7254
1787793300000,2489.49,2505.64,2487.48,2503.04,2012.0422
1787794200000,2503.05,2505.74,2493,2493,2345.8674
1787795100000,2493,2506.15,2492.82,2497.87,3696.6836
1787796000000,2497.87,2504.95,2497.44,2502.12,1931.2425
1787796900000,2502.08,2502.48,2494.31,2495.97,1156.8092
1787797800000,2495.97,2498.16,2493.12,2494,839.4153
1787798700000,2493.99,2495.92,2493.37,2494.73,899.6656
1787799600000,2494.73,2497,2490.61,2491.09,967.4232
1787800500000,2491.09,2499.03,2489.2,2497.91,3017.1156
1787801400000,2497.91,2498.45,2492.41,2492.46,1246.5517
1787802300000,2492.47,2494.73,2489.32,2492.89,2477.3078
1787803200000,2492.89,2494.99,2491.52,2494.17,1302.4062
1787804100000,2494.18,2495.75,2491.92,2491.92,948.9431
1787805000000,2491.92,2491.92,2484.41,2489.15,2796.1317
1787805900000,2489.16,2491.12,2484.24,2487.38,1223.6191
1787806800000,2487.39,2488.61,2483.5,2485.44,1221.7393
1787807700000,2485.44,2491.36,2483.65,2485.28,1143.5969
1787808600000,2485.27,2490.64,2481.74,2488.14,1352.0886
1787809500000,2488.14,2497.94,2487.94,2496.63,2745.6521
1787810400000,2496.63,2496.63,2485.3,2488.5,1231.5602
1787811300000,2488.5,2488.5,2484.2,2485.61,1783.6728
1787812200000,2485.62,2488.71,2485.61,2488.39,744.1338
1787813100000,2488.39,2493.34,2488.39,2493.11,913.9394
1787814000000,2493.11,2495.34,2490.79,2494.24,872.8223
1787814900000,2494.24,2494.34,2488.86,2490.79,831.9822
1787815800000,2490.79,2494.42,2490.41,2491.65,2774.5316
1787816700000,2491.64,2499,2491.29,2497.16,1788.9264
1787817600000,2497.17,2529,2497.05,2520,15246.7656
1787818500000,2520,2535,2512.44,2533.88,9369.2596
1787819400000,2533.88,2546.84,2527.08,2536.42,10883.3676
1787820300000,2536.42,2540.58,2528.79,2531.05,4811.2651
1787821200000,2531.05,2536.91,2525.45,2535.61,5890.6606
1787822100000,2535.62,2566.53,2531.16,2554.44,18067.177
1787823000000,2554.44,2556.58,2538.82,2541.54,5299.3634
1787823900000,2541.54,2545.54,2532.53,2534.94,2180.2392
1787824800000,2534.94,2539.98,2525.57,2529.95,6095.3605
1787825700000,2529.96,2532.03,2486.97,2510.91,15149.6657
1787826600000,2510.91,2513,2496.98,2505.86,5713.7191
1787827500000,2505.85,2506.58,2501.09,2503.6,2770.8681
1787828400000,2503.6,2509.1,2501.81,2508.1,2538.1213
1787829300000,2508.1,2510.18,2499.07,2501.24,3862.6253
1787830200000,2501.23,2505.36,2498.39,2503.38,1850.3254
1787831100000,2503.37,2503.37,2492.56,2501.73,3093.9317
1787832000000,2501.74,2506.8,2500,2505.36,2223.0301
1787832900000,2505.36,2507.55,2502.74,2505.88,2150.3786
1787833800000,2505.89,2506.16,2496.27,2496.3,4724.2211
1787834700000,2496.3,2500,2492.28,2494.9,2240.6285
1787835600000,2494.9,2500,2494.9,2497.94,1095.4461
1787836500000,2497.94,2506.86,2496.87,2503.09,2996.0255
1787837400000,2503.09,2503.15,2484.61,2489.97,6779.6596
1787838300000,2489.96,2498.21,2482.54,2496.68,5384.33
1787839200000,2496.69,2504.68,2489.04,2492.47,5926.0785
1787840100000,2492.47,2508.74,2490.58,2508.4,4829.2416
1787841000000,2508.4,2523.46,2504.45,2520.8,10009.9138
1787841900000,2520.79,2520.79,2511.35,2517.44,3989.8526
1787842800000,2517.44,2530.32,2513.62,2526.38,4950.6686
1787843700000,2526.38,2527.84,2516.46,2523.1,6679.8106
1787844600000,2523.1,2531.84,2515.23,2525.79,6587.6169
1787845500000,2525.79,2526.37,2519.78,2521.68,3402.9383
1787846400000,2521.68,2527,2516.32,2523.95,5176.2841
1787847300000,2523.95,2528.15,2522.02,2522.06,2820.3493
1787848200000,2522.06,2533.24,2518.82,2531.14,3030.4797
1787849100000,2531.13,2531.16,2522.18,2522.31,2272.0973
1787850000000,2522.31,2531.54,2516.12,2529.27,3677.5396
1787850900000,2529.27,2533.78,2523.97,2523.98,5635.7653
1787851800000,2523.98,2526.35,2517.34,2518.31,2948.3404
1787852700000,2518.3,2522.13,2515.36,2518.07,2654.694
1787853600000,2518.07,2518.21,2494.36,2500.12,5786.479
1787854500000,2500.12,2503.36,2488.74,2493.45,9896.621
1787855400000,2493.45,2497.9,2491.39,2496.9,3864.4476
1787856300000,2496.89,2506.98,2495.48,2506.69,4456.2005
1787857200000,2506.69,2512.6,2505.05,2510.12,3376.7049
1787858100000,2510.12,2512.12,2507.58,2511.78,3263.2997
1787859000000,2511.78,2514.34,2507.82,2510.41,3622.8846
1787859900000,2510.4,2511.76,2497.51,2498.21,5199.9551
1787860800000,2498.22,2501.17,2495.06,2496.66,2034.7885
1787861700000,2496.66,2505.5,2496.19,2502.95,1418.4251
1787862600000,2502.95,2506.56,2502.73,2506.32,753.6792
1787863500000,2506.33,2507.91,2501.72,2507.83,1166.0432
1787864400000,2507.84,2508.79,2503.53,2505.87,1984.2679
1787865300000,2505.87,2505.87,2500.43,2502.06,1381.7739
1787866200000,2502.06,2504.87,2499.22,2499.62,1092.8524
1787867100000,2499.63,2504.86,2499.22,2504.12,1428.9775
1787868000000,2504.12,2512.68,2504.12,2509.9,1763.1003
1787868900000,2509.91,2516.98,2509.9,2512.96,4546.5112
1787869800000,2512.96,2514.36,2510.16,2513.05,1233.5342
1787870700000,2513.05,2515.18,2511.23,2515.15,2379.9127
1787871600000,2515.16,2516.81,2510.67,2511.11,2038.0437
1787872500000,2511.11,2515.93,2509.05,2514.17,1321.2481
1787873400000,2514.16,2514.5,2510.69,2510.94,593.6534
1787874300000,2510.93,2512.64,2509.66,2510.94,781.5535
1787875200000,2510.94,2511.4,2506.02,2508.4,1017.4722
1787876100000,2508.4,2514.02,2508.2,2513.29,1305.7761
1787877000000,2513.29,2518.8,2509.99,2515.23,2892.3629
1787877900000,2515.23,2519.91,2512.65,2515.61,1103.6145
1787878800000,2515.61,2525.08,2515.6,2521.82,2745.0553
1787879700000,2521.82,2529.53,2520.1,2528.8,2926.0819
1787880600000,2528.79,2535.05,2518.01,2519.01,5552.3124
1787881500000,2519,2520,2507.83,2512.44,3440.9664
1787882400000,2512.44,2512.44,2502.77,2502.96,3049.7084
1787883300000,2502.95,2504.93,2491,2494.72,5170.1234
1787884200000,2494.72,2499.9,2490.15,2496.56,2166.4797
1787885100000,2496.56,2496.57,2486.09,2492.26,4334.7699
1787886000000,2492.26,2493.39,2486.24,2490.54,1745.2329
1787886900000,2490.54,2495.6,2490.2,2492.57,1163.1086
1787887800000,2492.57,2494.91,2489.01,2489.26,1550.7667
1787888700000,2489.27,2492.72,2488.93,2489.92,1201.2625
1787889600000,2489.91,2492.23,2477.49,2492.23,4333.1647
1787890500000,2492.22,2496.17,2488,2490.69,1603.1071
1787891400000,2490.69,2491,2483.56,2486.9,1345.9753
1787892300000,2486.91,2489,2485.04,2486.18,1029.8647
1787893200000,2486.18,2488.34,2482.23,2485.54,1172.1478
1787894100000,2485.54,2491,2483.28,2490.17,1296.3683
1787895000000,2490.18,2495.65,2489.67,2495.28,1822.9445
1787895900000,2495.29,2497.44,2492,2493.32,2067.4871
1787896800000,2493.32,2503.77,2493.31,2503.57,2506.76
1787897700000,2503.56,2503.56,2500.91,2500.98,1099.133
1787898600000,2500.99,2502.84,2499.17,2501.32,1480.9997
1787899500000,2501.32,2505.37,2501.1,2503,2086.7405
1787900400000,2503.01,2503.42,2494.1,2496.6,2270.1324
1787901300000,2496.59,2498.96,2494.97,2498.61,1616.8061
1787902200000,2498.61,2498.94,2494.86,2494.86,2554.7399
1787903100000,2494.86,2496.87,2494.77,2496.48,2858.9074
1787904000000,2496.47,2503.66,2496.47,2497.02,3126.2654
1787904900000,2497.02,2501.65,2497.02,2497.8,3288.5091
1787905800000,2497.8,2498.36,2494.13,2494.13,1703.3479
1787906700000,2494.13,2495,2486.52,2488.05,2221.2253
1787907600000,2488.05,2493.02,2483.4,2489.59,5400.581
1787908500000,2489.58,2492.98,2489.58,2491.62,1184.871
1787909400000,2491.61,2493.24,2488.36,2489.05,966.2268
1787910300000,2489.04,2491.52,2488.56,2489.58,1180.9662
1787911200000,2489.57,2490.09,2482.17,2487.59,2021.3723
1787912100000,2487.59,2489.29,2484.39,2489.06,762.5243
1787913000000,2489.06,2495.22,2489.06,2494.02,2314.8308
1787913900000,2494.01,2509.08,2493.83,2506.56,3374.4177
1787914800000,2506.57,2511.51,2505.79,2509.68,2924.1151
1787915700000,2509.68,2510.42,2504.3,2505.49,1716.249
1787916600000,2505.49,2508.11,2502.43,2505.61,1633.6189
1787917500000,2505.61,2506.72,2503.01,2505.1,1141.2051
1787918400000,2505.1,2506.54,2500.01,2501.61,1046.1791
1787919300000,2501.61,2508.41,2500.81,2501.18,1455.506
1787920200000,2501.18,2501.28,2495.29,2498.96,1647.2497
1787921100000,2498.97,2499.24,2496.54,2499.11,830.1678
1787922000000,2499.1,2504.12,2497.28,2500.58,2727.5447
1787922900000,2500.58,2501.67,2495.22,2498.89,2354.4362
1787923800000,2498.89,2505.02,2496.24,2497.68,3491.7965
1787924700000,2497.67,2518.26,2496.24,2509.17,9653.3508
1787925600000,2509.17,2525,2468,2477.91,25469.8463
1787926500000,2477.91,2493.35,2472.01,2492.12,6177.1527
1787927400000,2492.11,2526.64,2486.67,2510,12973.4005
1787928300000,2510.01,2515,2500,2513,4590.0254
1787929200000,2513,2519.25,2502.28,2503.6,4779.8376
1787930100000,2503.6,2512.56,2502.64,2507.14,4035.0294
1787931000000,2507.14,2508.1,2487.68,2489.14,10692.3483
1787931900000,2489.14,2495.41,2470,2471.89,13508.6252
1787932800000,2471.89,2473.95,2444.59,2445.35,25181.2201
1787933700000,2445.35,2450.29,2405.97,2430.45,36051.4262
1787934600000,2430.45,2446.71,2429.47,2436.84,11420.9428
1787935500000,2436.85,2445.17,2436.64,2442.29,4386.9009
1787936400000,2442.3,2445.64,2437.5,2445.64,4968.2978
1787937300000,2445.64,2448.22,2438.19,2442.75,3784.9816
1787938200000,2442.75,2445.67,2437.43,2438.79,2234.1371
1787939100000,2438.78,2446.56,2438.78,2443.79,2257.781
1787940000000,2443.79,2445.02,2438.03,2438.26,3188.107
1787940900000,2438.27,2439.71,2430,2431.47,4874.8679
1787941800000,2431.46,2432.85,2419.42,2423.4,7928.5496
1787942700000,2423.4,2429.05,2418.08,2428.68,4805.4562
1787943600000,2428.67,2437.89,2428.62,2435.86,2889.6985
1787944500000,2435.86,2443.1,2434.13,2438.71,2590.4496
1787945400000,2438.7,2439.01,2435.42,2436.25,3804.8352
1787946300000,2436.25,2436.97,2431.07,2435.69,2358.3485
1787947200000,2435.68,2436.12,2430.77,2435.93,1702.2011
1787948100000,2435.93,2435.93,2430.77,2432.4,908.2499
1787949000000,2432.39,2432.39,2424.03,2427.46,1973.9824
1787949900000,2427.45,2431.12,2426.43,2427.61,1138.3124
1787950800000,2427.61,2429.56,2425.62,2428.18,842.3051
1787951700000,2428.17,2430.06,2424.25,2428.21,934.2268
1787952600000,2428.21,2432.14,2426.82,2428.8,1247.7887
1787953500000,2428.8,2428.8,2422.36,2424.9,1698.4549
1787954400000,2424.91,2430.05,2422.68,2430.05,1298.1256
1787955300000,2430.06,2436.57,2426.8,2434.38,1899.234
1787956200000,2434.37,2440,2433.75,2439.92,3095.2726
1787957100000,2439.92,2445,2439.92,2442.01,3043.9256
1787958000000,2442.01,2442.01,2438.61,2441.79,2185.6654
1787958900000,2441.79,2442.1,2436.47,2437.88,1437.7332
1787959800000,2437.88,2439.54,2437.83,2439.45,944.8805
1787960700000,2439.45,2442.83,2437.28,2442.8,1102.9146
1787961600000,2442.79,2445.37,2442.11,2442.19,1242.1321
1787962500000,2442.18,2448.05,2442.18,2445.64,2388.1424
1787963400000,2445.65,2445.65,2442.57,2444.4,937.6507
1787964300000,2444.4,2444.98,2441.02,2442.47,765.5212
1787965200000,2442.47,2442.76,2439.18,2439.78,1131.1874
1787966100000,2439.77,2444.16,2439.49,2444.16,993.772
1787967000000,2444.16,2445.12,2442.21,2444.58,568.3811
1787967900000,2444.58,2445.92,2442.15,2443.78,1150.1222
1787968800000,2443.77,2444.95,2441.81,2441.82,830.7249
1787969700000,2441.82,2441.92,2436.99,2438.4,1277.0211
1787970600000,2438.39,2439.61,2435.59,2437.91,744.352
1787971500000,2437.91,2440.32,2437.16,2438.73,1051.6081
1787972400000,2438.72,2440.02,2438.72,2438.93,851.7691
1787973300000,2438.93,2441.62,2437.19,2440.39,929.8938
1787974200000,2440.39,2441.37,2437.3,2438.44,1144.6573
1787975100000,2438.44,2438.45,2434.56,2435.23,902.4244
1787976000000,2435.24,2437.77,2434.65,2436.84,705.7917
1787976900000,2436.85,2438.35,2436.46,2438.01,229.8136
1787977800000,2438.01,2439.61,2437.74,2438.94,1131.6037
1787978700000,2438.93,2441.13,2438.11,2440.45,1108.189
1787979600000,2440.45,2442.03,2439.18,2441.41,930.7646
1787980500000,2441.41,2441.42,2439.18,2439.76,1122.8238
1787981400000,2439.76,2441.62,2438.72,2440.97,917.4384
1787982300000,2440.97,2441.26,2437.98,2438.62,1001.5478
1787983200000,2438.62,2439.05,2430.45,2431.79,1493.658
1787984100000,2431.78,2434.05,2430.57,2431.58,1004.9094
1787985000000,2431.57,2434.95,2431.57,2433.94,468.4451
1787985900000,2433.94,2435.42,2433.94,2435.16,636.2759
1787986800000,2435.17,2437.68,2434.16,2434.7,883.571
1787987700000,2434.69,2436.6,2434.17,2435.31,613.2829
1787988600000,2435.31,2438,2434.71,2436.94,1049.1114
1787989500000,2436.94,2438,2435.88,2436.41,811.7407
1787990400000,2436.4,2436.4,2431.2,2433.56,1488.9939
1787991300000,2433.57,2435.69,2432.53,2435.67,563.5553
1787992200000,2435.68,2435.68,2432.53,2433.03,820.1638
1787993100000,2433.04,2434.38,2431.26,2434.15,930.4686
1787994000000,2434.14,2436.38,2433.65,2435.58,1148.3905
1787994900000,2435.58,2436.01,2434.1,2434.1,469.1498
1787995800000,2434.11,2437.29,2434.1,2435.83,965.7634
1787996700000,2435.83,2436.68,2435.31,2435.44,1001.8693
1787997600000,2435.43,2435.43,2431.43,2434.2,871.7384
1787998500000,2434.2,2438.41,2434.2,2436.54,1054.5863
1787999400000,2436.53,2436.82,2435.15,2435.35,448.7136
1788000300000,2435.35,2436.59,2434.71,2434.72,465.5296
1788001200000,2434.71,2438.42,2433.63,2438.02,534.3876
1788002100000,2438.03,2438.5,2437.01,2437.48,487.6736
1788003000000,2437.48,2437.49,2435.87,2435.88,659.4584
1788003900000,2435.87,2436.87,2435.19,2435.87,610.27
1788004800000,2435.88,2436.75,2435.29,2436.73,352.1778
1788005700000,2436.72,2438.96,2433.93,2435.72,1193.2377
1788006600000,2435.72,2436.15,2434.15,2434.45,346.7058
1788007500000,2434.46,2435.14,2433.14,2434.33,414.0519
1788008400000,2434.33,2434.9,2433.03,2434,3682.0652
1788009300000,2433.99,2435.78,2432.42,2434.35,946.1417
1788010200000,2434.35,2436,2433.67,2434.55,607.4197
1788011100000,2434.56,2436.51,2434.38,2435.63,526.5219
1788012000000,2435.63,2436.74,2435.05,2436.08,686.07
1788012900000,2436.08,2437.24,2435.48,2435.9,504.1024
1788013800000,2435.9,2448.68,2435.89,2444.69,3498.9349
1788014700000,2444.7,2452.64,2444.7,2448.58,2728.3159
1788015600000,2448.59,2449.35,2441.03,2444.85,1644.7891
1788016500000,2444.84,2447.05,2441.31,2444.78,1068.1143
1788017400000,2444.78,2446.07,2442.28,2443.89,834.5952
1788018300000,2443.88,2446.94,2442.82,2444.76,1047.2826
1788019200000,2444.75,2448.52,2444.52,2448.47,1255.6416
1788020100000,2448.47,2457.77,2445.59,2447.99,3382.3877
1788021000000,2448,2451.66,2445.87,2450.6,1622.1821
1788021900000,2450.6,2454.81,2449.75,2450.98,2545.7545
1788022800000,2450.99,2454.45,2450.99,2453.16,4398.9965
1788023700000,2453.16,2455.44,2448.12,2448.39,1527.0178
1788024600000,2448.38,2450,2445.57,2449.35,967.8933
1788025500000,2449.35,2450.78,2447.53,2450.74,1116.0399
1788026400000,2450.74,2451.92,2448.08,2448.13,522.1935
1788027300000,2448.13,2449.35,2445.97,2447.01,667.7997
1788028200000,2447,2455.01,2445.6,2453.01,5984.2177
1788029100000,2453.02,2455.83,2451.96,2452.45,1364.9021
1788030000000,2452.45,2457.01,2452.44,2457,1069.5358
1788030900000,2457.01,2458.69,2456,2457.64,1289.7737
1788031800000,2457.65,2458.9,2454.25,2455.66,1138.2545
1788032700000,2455.67,2455.67,2451.7,2453.51,399.9809
1788033600000,2453.51,2456.48,2452.22,2456.34,892.3173
1788034500000,2456.35,2458.24,2453.24,2453.24,577.8135
1788035400000,2453.19,2453.78,2451.7,2453.34,578.4596
1788036300000,2453.34,2453.71,2452.41,2452.82,472.4109
1788037200000,2452.82,2454.09,2449.08,2451.64,1436.2661
1788038100000,2451.64,2452.64,2450.26,2450.26,333.6802
1788039000000,2450.27,2451.44,2450.15,2451.44,235.623
1788039900000,2451.44,2452.72,2450.7,2451.47,259.4473
1788040800000,2451.47,2453.12,2450.28,2451.04,680.4715
1788041700000,2451.04,2451.56,2449.37,2450.99,443.5316
1788042600000,2451,2451.6,2450.99,2451.38,321.4642
1788043500000,2451.38,2453.25,2451.38,2452.64,418.3861
1788044400000,2452.63,2456.17,2452.63,2455.65,1542.9601
1788045300000,2455.65,2456.47,2452.74,2455.25,990.5831
1788046200000,2455.25,2457.52,2453.44,2456.55,836.2457
1788047100000,2456.55,2459.76,2456.54,2457.67,632.129
1788048000000,2457.67,2457.68,2454.53,2456.26,547.4719
1788048900000,2456.26,2467.93,2456.25,2462.63,2569.0946
1788049800000,2462.64,2465.32,2460.17,2460.82,1406.0832
1788050700000,2460.83,2463.55,2458.83,2458.95,966.5867
1788051600000,2458.94,2460.62,2456.28,2456.39,601.154
1788052500000,2456.39,2456.71,2453.08,2454.18,1346.0057
1788053400000,2454.18,2458.21,2453.41,2456.29,873.2159
1788054300000,2456.29,2459.41,2455.21,2456.37,1509.592
1788055200000,2456.37,2458.57,2455.05,2458.35,752.7267
1788056100000,2458.36,2458.58,2453.6,2455.55,570.6662
1788057000000,2455.56,2458.04,2453.76,2456.18,994.2479
1788057900000,2456.18,2458.99,2454.79,2454.97,1053.3363
1788058800000,2454.97,2456.17,2454.17,2456.14,667.5485
1788059700000,2456.13,2459.11,2455.37,2459.11,1082.5066
1788060600000,2459.11,2460.72,2458.17,2458.5,1308.7621
1788061500000,2458.49,2458.5,2456.85,2457.15,354.2406
1788062400000,2457.14,2458.75,2456.48,2457.21,599.9073
1788063300000,2457.21,2458.69,2454.54,2455.55,1840.9482
1788064200000,2455.54,2456.18,2452.92,2453.39,2982.8775
1788065100000,2453.39,2455.87,2451.55,2455.87,1546.9441
1788066000000,2455.86,2460,2455.67,2457.03,1382.4445
1788066900000,2457.02,2457.03,2455.57,2455.87,385.2207
1788067800000,2455.86,2456.88,2455.11,2455.86,736.0897
1788068700000,2455.85,2456.36,2455.19,2456.36,598.8198
1788069600000,2456.35,2456.43,2455.01,2455.87,515.6402
1788070500000,2455.87,2457.85,2455.87,2456.66,497.2576
1788071400000,2456.66,2460.26,2456.66,2459.42,1483.4416
1788072300000,2459.43,2461.52,2458.89,2461.07,819.1049
1788073200000,2461.07,2461.29,2458.7,2459.57,923.1156
1788074100000,2459.57,2459.58,2458,2458.01,288.5622
1788075000000,2458.01,2458.94,2456.15,2456.2,1179.9132
1788075900000,2456.2,2457.47,2455,2455.28,1021.7114
1788076800000,2455.28,2458.94,2455.28,2456.53,1093.9382
1788077700000,2456.54,2459.9,2456.53,2458.6,550.954
1788078600000,2458.6,2458.66,2455,2455.96,473.0671
1788079500000,2455.95,2457.16,2454.72,2456.86,496.3682
1788080400000,2456.87,2457.6,2455.89,2457.03,528.1467
1788081300000,2457.03,2458.24,2453.13,2453.34,964.8598
1788082200000,2453.34,2455.59,2451.79,2454,1381.3755
1788083100000,2454.01,2455.77,2452.92,2453.54,940.3668
1788084000000,2453.54,2455.65,2452.58,2453.47,664.057
1788084900000,2453.48,2458.75,2452.5,2455.5,1466.3256
1788085800000,2455.49,2458.43,2455.31,2457.91,1003.5585
1788086700000,2457.91,2459.8,2457.91,2459.68,735.6632
1788087600000,2459.68,2460.29,2457.84,2459.02,758.039
1788088500000,2459.01,2461.81,2457.91,2461.36,1408.5571
1788089400000,2461.36,2461.39,2457.79,2459.75,1324.8714
1788090300000,2459.75,2460.42,2456.51,2460.41,996.3056
1788091200000,2460.42,2473.3,2460.19,2470.1,5416.2833
1788092100000,2470.09,2470.09,2462.64,2466.29,1723.2742
1788093000000,2466.29,2467.25,2458.73,2464.77,3182.7982
1788093900000,2464.77,2469.71,2462.69,2469.47,3285.7195
1788094800000,2469.47,2470.92,2462.11,2462.12,2147.5829
1788095700000,2462.11,2467.08,2460.87,2466.72,785.9037
1788096600000,2466.73,2471.77,2465.16,2470.22,1897.1596
1788097500000,2470.21,2478.44,2470.2,2475.59,4994.7173
1788098400000,2475.58,2479.61,2470.91,2478.7,3438.5509
1788099300000,2478.7,2479.45,2475,2476.75,2475.0812
1788100200000,2476.76,2479.71,2473.52,2475.59,2692.0678
1788101100000,2475.59,2479.04,2474.4,2477.12,2477.2788
1788102000000,2477.13,2482.2,2473.15,2473.79,3844.7596
1788102900000,2473.79,2480.2,2471.86,2477.59,2970.5406
1788103800000,2477.58,2479.95,2476.15,2479.95,1012.6091
1788104700000,2479.95,2484,2478.36,2481.11,1641.9983
1788105600000,2481.11,2513,2479.28,2510.7,9332.435
1788106500000,2510.7,2519.68,2507.02,2513.67,9962.8334
1788107400000,2513.68,2534.98,2512.34,2529.15,15832.0235
1788108300000,2529.15,2530.98,2520.45,2529.28,5548.0355
1788109200000,2529.27,2529.27,2519.25,2521.09,3864.1105
1788110100000,2521.09,2521.1,2494.36,2498.07,9091.2582
1788111000000,2498.08,2508.26,2494.84,2506.91,2854.0059
1788111900000,2506.91,2509.52,2501.45,2505.73,1769.9497
1788112800000,2505.73,2508.34,2496.59,2499.69,2104.5492
1788113700000,2499.69,2512.82,2498.69,2511.8,1886.9784
1788114600000,2511.81,2517.54,2510.7,2514.17,2961.9919
1788115500000,2514.17,2514.66,2509.21,2510.64,1058.8017
1788116400000,2510.64,2512.15,2506.11,2512.15,1304.1221
1788117300000,2512.15,2513.33,2505.68,2506.17,899.7693
1788118200000,2506.17,2507.38,2499.37,2499.37,1636.3528
1788119100000,2499.36,2503.83,2496.25,2503.83,1390.9206
1788120000000,2503.82,2507.88,2503.52,2504.72,1121.7214
1788120900000,2504.72,2508.6,2503.13,2503.58,1320.8715
1788121800000,2503.58,2504.46,2485.28,2488.46,4994.7196
1788122700000,2488.46,2499.9,2487.37,2490.81,2309.8433
1788123600000,2490.82,2490.82,2460.18,2474.23,12118.5031
1788124500000,2474.24,2479.06,2471.48,2477.7,2011.8454
1788125400000,2477.7,2483.72,2476.77,2480,1934.6518
1788126300000,2479.99,2483.02,2474.97,2481.56,1515.4915
1788127200000,2481.57,2488.77,2474.56,2474.57,3134.1854
1788128100000,2474.57,2476.13,2465.15,2467.41,2352.4428
1788129000000,2467.4,2475.26,2460.4,2471.66,3357.9035
1788129900000,2471.65,2473.11,2465.96,2470.63,3040.0951
1788130800000,2470.62,2470.62,2463.86,2464.73,2462.1824
1788131700000,2464.72,2465.88,2422.75,2426.74,21907.7077
1788132600000,2426.74,2435.72,2403.43,2412.07,22639.3106
1788133500000,2412.08,2420.01,2387.28,2416.88,18400.3214
1788134400000,2416.89,2421.74,2406.53,2420.35,7950.2521
1788135300000,2420.35,2432.33,2419.12,2430.48,5415.5355
1788136200000,2430.48,2441.9,2428.95,2432.32,5585.1985
1788137100000,2432.33,2433.59,2426.29,2428.25,2850.4732
1788138000000,2428.24,2430.75,2413.59,2418,7382.7929
1788138900000,2418,2423.15,2415,2420.08,4588.1793
1788139800000,2420.07,2426.66,2415.16,2418.44,2958.6412
1788140700000,2418.44,2421.81,2409.49,2412.95,2520.0337
1788141600000,2412.95,2425.31,2408.18,2422.73,2941.985
1788142500000,2422.72,2423.47,2415,2416.57,2076.9488
1788143400000,2416.58,2418.95,2412.41,2413.3,1275.3255
1788144300000,2413.31,2414.24,2401.35,2407.9,3301.0973
1788145200000,2407.91,2416.71,2405.03,2415.41,2390.6139
1788146100000,2415.4,2422.4,2413.75,2420.13,1344.499
1788147000000,2420.12,2423.57,2418.45,2423.38,1319.0387
1788147900000,2423.39,2424.24,2420.67,2420.94,1079.4253
1788148800000,2420.94,2421.29,2413.44,2414.74,1800.8401
1788149700000,2414.75,2415.06,2411.34,2412.62,2229.7032
1788150600000,2412.62,2416.2,2412.05,2415.37,2592.5015
1788151500000,2415.37,2418.46,2411.43,2417.68,1695.9124
1788152400000,2417.67,2423.7,2414.1,2422.48,1850.0272
1788153300000,2422.48,2441.93,2422.37,2434.99,5827.2645
1788154200000,2435,2437.73,2429.16,2435.72,3210.932
1788155100000,2435.73,2438.59,2433.63,2435.99,1472.2876
1788156000000,2436,2437.68,2431.32,2436.2,1627.4907
1788156900000,2436.2,2444.83,2436.17,2441.59,3725.8543
1788157800000,2441.59,2444.38,2437.05,2442.37,2596.1066
1788158700000,2442.37,2443.6,2438.38,2438.66,1130.8239
1788159600000,2438.66,2441.79,2436.17,2439.7,1503.4579
1788160500000,2439.69,2446.6,2439.69,2442.97,2508.8558
1788161400000,2442.97,2443,2438.83,2441.15,1771.4597
1788162300000,2441.15,2441.67,2438.83,2440.38,1814.6942
1788163200000,2440.38,2445.83,2434.16,2440.81,3281.0368
1788164100000,2440.81,2440.81,2433.56,2436.25,2274.6179
1788165000000,2436.24,2449.69,2435.54,2443.21,2925.7762
1788165900000,2443.21,2448.25,2442.63,2446.14,1593.5636
1788166800000,2446.15,2453.13,2443.03,2445.7,2681.8498
1788167700000,2445.69,2452.32,2444.15,2446.97,2337.76
1788168600000,2446.98,2449.64,2446.33,2449.27,1551.6936
1788169500000,2449.27,2456.7,2446.32,2446.7,2781.8101
1788170400000,2446.71,2449.49,2440.82,2449.48,2671.2112
1788171300000,2449.48,2449.49,2445.39,2449.19,1950.3594
1788172200000,2449.19,2451.79,2446.08,2450.91,2470.0524
1788173100000,2450.91,2456.9,2449.83,2455.63,5784.9587
1788174000000,2455.64,2458.02,2452.31,2454.64,2639.8528
1788174900000,2454.65,2457,2450.96,2452.19,2029.7715
1788175800000,2452.19,2452.31,2446.64,2447.33,1665.3537
1788176700000,2447.33,2448.38,2444.02,2446.35,1060.5151
1788177600000,2446.36,2457.25,2444.8,2453.21,3543.5478
1788178500000,2453.21,2464.27,2447.36,2454.62,4422.9567
1788179400000,2454.61,2458.92,2444.59,2450.94,4317.6876
1788180300000,2450.95,2452.21,2446.47,2451.55,1622.8573
1788181200000,2451.55,2459.03,2451.43,2453.71,2082.1309
1788182100000,2453.71,2454.79,2445.37,2450.46,2258.3317
1788183000000,2450.46,2458.56,2445.12,2447.96,4048.3178
1788183900000,2447.96,2449.38,2437.05,2440.28,4783.7811
1788184800000,2440.29,2447.9,2438.28,2440.54,3230.7773
1788185700000,2440.55,2448.93,2437.75,2445.48,3916.5057
1788186600000,2445.48,2475,2444,2465.32,10925.9741
1788187500000,2465.32,2471.32,2460.75,2467.56,6017.0885
1788188400000,2467.57,2470.96,2458.89,2459.49,4397.8671
1788189300000,2459.49,2470.5,2458.28,2468.54,3655.1646
1788190200000,2468.54,2478.09,2465.96,2476.61,4689.0913
1788191100000,2476.62,2477.64,2467.14,2467.68,2731.5271
1788192000000,2467.68,2472.6,2464.59,2465.55,3086.534
1788192900000,2465.55,2471,2462.05,2464.77,3154.497
1788193800000,2464.78,2472.33,2464,2471.52,2804.4715
1788194700000,2471.52,2477.24,2468.5,2469.2,2705.4295
1788195600000,2469.19,2473.85,2468.18,2471.69,1579.3665
1788196500000,2471.7,2472.05,2461.26,2463.73,2740.9635
1788197400000,2463.74,2474.63,2462.38,2471.28,2298.865
1788198300000,2471.28,2477.37,2469.61,2475.42,2980.9485
1788199200000,2475.41,2475.41,2469.81,2473.47,1648.412
1788200100000,2473.47,2480.75,2468.98,2471.09,4452.5176
1788201000000,2471.09,2489.89,2470.24,2487.89,4163.3783
1788201900000,2487.89,2487.9,2476.26,2477.8,2576.4233
1788202800000,2477.81,2489.95,2477.8,2486.44,3799.8176
1788203700000,2486.43,2486.44,2481.77,2485.53,2743.3458
1788204600000,2485.53,2486.05,2478.4,2480.37,3186.276
1788205500000,2480.37,2485.4,2477.4,2481.84,2770.7894
1788206400000,2481.84,2483.35,2478.1,2480,954.2612
1788207300000,2479.99,2487,2475.26,2476.12,1682.7736
1788208200000,2476.11,2477.76,2470.06,2473.87,1844.379
1788209100000,2473.87,2475.06,2470.94,2472.62,1299.5525
1788210000000,2472.63,2476.23,2467.64,2472.65,1988.8745
1788210900000,2472.64,2478.52,2470.58,2478.51,1172.6108
1788211800000,2478.52,2483.51,2477.89,2481.48,1782.4864
1788212700000,2481.48,2483.19,2478.26,2478.27,1341.5703
1788213600000,2478.27,2480.91,2474.38,2474.7,956.4796
1788214500000,2474.7,2474.96,2470.73,2471.12,1073.469
1788215400000,2471.13,2471.86,2468,2468.86,1024.809
1788216300000,2468.86,2470.68,2467.72,2469.45,810.7676
1788217200000,2469.45,2469.45,2462,2464.4,1798.2155
1788218100000,2464.41,2466.8,2463.43,2466.49,601.6671
1788219000000,2466.49,2468.05,2464.52,2467.41,731.4827
1788219900000,2467.41,2468.05,2465.99,2467.65,784.3793
1788220800000,2467.64,2473.8,2465.42,2472.47,1734.69
1788221700000,2472.47,2477.55,2471.58,2475.49,1703.4948
1788222600000,2475.49,2476.8,2470.92,2472.04,1832.74
1788223500000,2472.04,2475.9,2468.75,2471.61,1284.833
1788224400000,2471.62,2476.22,2467.01,2467.84,1703.5791
1788225300000,2467.84,2470.14,2458.18,2461.13,2413.4864
1788226200000,2461.13,2468,2458.27,2467.4,1869.6957
1788227100000,2467.4,2467.8,2461.45,2462.86,1195.5103
1788228000000,2462.85,2462.85,2454.66,2457.94,2303.185
1788228900000,2457.94,2462.76,2455,2458.5,2393.1011
1788229800000,2458.5,2463.3,2458.5,2460.38,1129.7392
1788230700000,2460.37,2465.34,2459.27,2465.08,1389.5344
1788231600000,2465.09,2467.31,2464.15,2466.12,925.1872
1788232500000,2466.11,2467.31,2463.3,2466.8,788.2069
1788233400000,2466.79,2482.8,2466.39,2476.56,5192.5587
1788234300000,2476.55,2476.55,2471.03,2472.21,1637.5085
1788235200000,2472.21,2475.18,2470.39,2473.03,1532.4489
1788236100000,2473.04,2478.2,2473.03,2476.13,1230.9747
1788237000000,2476.13,2477,2470.77,2471.21,1183.0463
1788237900000,2471.21,2472.49,2468.72,2470.02,1976.3203
1788238800000,2470.02,2477.01,2468.73,2472.82,1568.3327
1788239700000,2472.82,2475.79,2470.56,2475.53,1282.4344
1788240600000,2475.53,2482,2475.28,2481.99,2044.5421
1788241500000,2481.99,2485.5,2479.55,2484.54,3877.9344
1788242400000,2484.54,2484.55,2478.39,2479.76,1736.6386
1788243300000,2479.76,2479.77,2473.38,2475.69,1707.5071
1788244200000,2475.68,2477.8,2475.35,2476.71,1411.8554
1788245100000,2476.7,2476.71,2471.61,2471.61,1259.1341
1788246000000,2471.61,2475.27,2471.29,2473.97,1414.3893
1788246900000,2473.97,2477.22,2473.14,2475.13,1384.9964
1788247800000,2475.13,2476.02,2466.57,2470.6,2229.8633
1788248700000,2470.59,2473.93,2468.74,2472.72,1404.8198
1788249600000,2472.72,2473.62,2461.43,2464.15,3362.9579
1788250500000,2464.15,2464.99,2447.83,2448.11,6107.3931
1788251400000,2448.1,2455.67,2444.92,2451.65,6247.9982
1788252300000,2451.65,2454.36,2446.2,2448.17,5359.6762
1788253200000,2448.18,2450.09,2443.44,2444.73,1980.2584
1788254100000,2444.72,2453.3,2444.25,2451.34,2911.3423
1788255000000,2451.34,2455,2449.15,2454.65,1872.5579
1788255900000,2454.7,2454.92,2451.74,2452.44,1517.647
1788256800000,2452.44,2455.11,2449.3,2452.32,2252.1919
1788257700000,2452.33,2459.48,2448.35,2458.02,4132.7156
1788258600000,2458.01,2463.55,2458.01,2460.49,1648.3722
1788259500000,2460.5,2462.61,2456.02,2456.97,1681.772
1788260400000,2456.97,2457.05,2453.16,2454.73,1906.2266
1788261300000,2454.74,2457.02,2452.77,2456.43,968.5174
1788262200000,2456.44,2463.56,2454.61,2460.23,1474.2422
1788263100000,2460.23,2464.73,2458.14,2459.18,2035.3647
1788264000000,2459.18,2459.32,2453.39,2455.61,2076.3481
1788264900000,2455.62,2458.58,2452.2,2455.3,1598.4527
1788265800000,2455.29,2455.3,2438.43,2446.22,6221.4624
1788266700000,2446.22,2449.48,2444.42,2446.61,2209.722
1788267600000,2446.62,2447.3,2426.58,2441.51,8395.7599
1788268500000,2441.51,2445,2438.78,2444.31,3012.486
1788269400000,2444.31,2450,2431.5,2442.63,5629.9155
1788270300000,2442.63,2449.5,2440.19,2444.41,3931.1109
1788271200000,2444.42,2456.65,2442.05,2451.36,7303.0618
1788272100000,2451.35,2455,2446.68,2451.37,3435.7041
1788273000000,2451.36,2455.83,2450.19,2455,2561.5114
1788273900000,2455,2457.64,2447.44,2449.29,2810.11
1788274800000,2449.3,2449.58,2435,2438.01,5004.4731
1788275700000,2438.01,2443.43,2435.5,2443.43,2281.5792
1788276600000,2443.43,2449.23,2441.44,2449.22,1983.0562
1788277500000,2449.22,2454.68,2448.22,2448.97,2107.686
1788278400000,2448.97,2449.6,2434.4,2434.69,3516.7519
1788279300000,2434.69,2438.68,2426,2433.59,5135.4988
1788280200000,2433.58,2435.57,2420.01,2429.2,5208.0473
1788281100000,2429.2,2435,2428.2,2432.83,1802.5019
1788282000000,2432.83,2434.7,2431.01,2432.94,1321.3246
1788282900000,2432.93,2436.91,2428.46,2432.99,2052.769
1788283800000,2432.99,2439.53,2432.65,2433.37,1211.5043
1788284700000,2433.37,2433.37,2416.85,2418.18,7500.6037
1788285600000,2418.18,2421.98,2408.56,2416.93,7272.6439
1788286500000,2416.92,2418.4,2401.76,2414.8,5552.3589
1788287400000,2414.8,2417.13,2389.33,2389.76,12822.8299
1788288300000,2389.75,2413.25,2383.34,2412.83,10357.7174
1788289200000,2412.83,2420.24,2412.24,2415.62,3852.2262
1788290100000,2415.62,2424.89,2412.67,2420.68,4618.3038
1788291000000,2420.67,2422.13,2416.86,2417.42,1256.5493
1788291900000,2417.42,2419.27,2413,2419.18,1856.1937
1788292800000,2419.19,2420.4,2413.07,2420.4,2428.8259
1788293700000,2420.4,2422.43,2416.56,2420.16,1693.7208
1788294600000,2420.16,2423.12,2418.5,2419.36,1589.8893
1788295500000,2419.36,2421.56,2416.88,2421.32,1281.7844
1788296400000,2421.33,2423.39,2405,2408.7,3674.0307
1788297300000,2408.71,2417.32,2400.42,2414.78,3509.3303
1788298200000,2414.77,2414.78,2407.63,2412.49,2040.0232
1788299100000,2412.49,2417.66,2412.49,2415.46,2236.4717
1788300000000,2415.46,2418.7,2413.82,2416.35,1215.3279
1788300900000,2416.35,2416.35,2407.23,2407.66,4083.2089
1788301800000,2407.65,2410.04,2405.85,2407.76,5204.7156
1788302700000,2407.75,2415.88,2407.75,2413.18,1774.4854
1788303600000,2413.17,2414.92,2411,2412.98,1155.988
1788304500000,2412.98,2417.25,2412.8,2417.25,1387.8057
1788305400000,2417.24,2427.15,2416.55,2423.24,3014.584
1788306300000,2423.23,2425.59,2418.41,2418.57,2195.705
1788307200000,2418.58,2420.99,2416.91,2420.15,1253.7674
1788308100000,2420.15,2422.32,2410.86,2412.34,2000.258
1788309000000,2412.33,2415.53,2405.87,2409.14,2693.0373
1788309900000,2409.14,2411.75,2406.96,2408.85,1327.2067
1788310800000,2408.84,2415,2407.06,2413.14,2078.5544
1788311700000,2413.14,2415,2408.99,2409.21,2013.0569
1788312600000,2409.21,2411.64,2391.09,2395.15,5405.4491
1788313500000,2395.16,2400.79,2386.74,2399.32,5314.6312
1788314400000,2399.32,2406,2395,2402.06,2844.4605
1788315300000,2402.07,2411.01,2401.37,2409.97,2817.1162
1788316200000,2409.96,2410.53,2404.49,2406.96,2501.7857
1788317100000,2406.96,2409.93,2406.26,2409.92,1238.1204
1788318000000,2409.93,2420.56,2408.64,2415.61,4052.2284
1788318900000,2415.62,2424.3,2412.8,2420,4456.311
1788319800000,2420,2420.3,2413.92,2414.77,1950.9554
1788320700000,2414.76,2417.24,2412.04,2414.42,1692.233
1788321600000,2414.42,2415.46,2406.52,2408.17,2382.4249
1788322500000,2408.16,2413.43,2405.44,2412.44,1713.673
1788323400000,2412.45,2416.46,2412.01,2415.69,2077.2214
1788324300000,2415.69,2416.49,2414.24,2415.23,1186.1773
1788325200000,2415.23,2416.33,2409.45,2415.3,1737.6834
1788326100000,2415.3,2423.33,2415.08,2422.52,2256.8202
1788327000000,2422.52,2423.23,2419.54,2420.77,1432.8017
1788327900000,2420.78,2425,2420.46,2422.53,1466.3812
1788328800000,2422.53,2424.72,2418.48,2418.55,2267.1888
1788329700000,2418.55,2422.53,2416.4,2418.3,1690.0258
1788330600000,2418.3,2425.5,2414.98,2422.44,2777.7508
1788331500000,2422.44,2422.89,2417.03,2420.73,1754.8155
1788332400000,2420.73,2429,2420.44,2426.69,2291.7596
1788333300000,2426.69,2426.69,2421.24,2421.79,1397.6069
1788334200000,2421.79,2424.8,2420.88,2421.74,1060.2256
1788335100000,2421.74,2422.85,2417.6,2417.9,1578.9725
1788336000000,2417.9,2420.64,2414.89,2417.45,2498.3838
1788336900000,2417.46,2419.1,2413.63,2414.01,1921.7644
1788337800000,2414,2414.01,2395.36,2396.23,5947.4189
1788338700000,2396.23,2400.69,2390.09,2393.16,6307.8655
1788339600000,2393.15,2400,2393.05,2395.6,2956.9612
1788340500000,2395.6,2395.94,2378,2388,9203.1754
1788341400000,2388,2388.65,2368.11,2369.85,11450.3192
1788342300000,2369.84,2377.31,2366.9,2376.61,4963.1545
1788343200000,2376.62,2376.89,2370,2373,3267.3723
1788344100000,2373,2376.02,2369.4,2369.8,3446.8753
1788345000000,2369.79,2370.53,2360,2366.32,5470.1058
1788345900000,2366.32,2373.31,2356.41,2372.76,6601.0779
1788346800000,2372.73,2377.17,2367.52,2376.08,4556.4901
1788347700000,2376.08,2377.17,2369.16,2374.3,5474.9773
1788348600000,2374.3,2382.28,2373.4,2377.92,3863.9138
1788349500000,2377.91,2382.09,2376.04,2381.88,2455.1128
1788350400000,2381.87,2383,2377.53,2382.42,3180.9861
1788351300000,2382.42,2390,2379.32,2386.6,5688.1972
1788352200000,2386.6,2386.92,2380.05,2382.25,1890.1483
1788353100000,2382.25,2382.26,2377.21,2377.65,2242.2486
1788354000000,2377.65,2385.58,2377.64,2381.96,2308.4692
1788354900000,2381.96,2389.82,2381.95,2388.08,3435.1011
1788355800000,2388.09,2417.52,2380,2417.17,8809.4883
1788356700000,2417.17,2419.72,2397.54,2402.99,11727.5583
1788357600000,2403,2408.51,2394.82,2406.82,5698.1062
1788358500000,2406.83,2410.9,2401,2404.29,2554.4949
1788359400000,2404.29,2404.59,2393.15,2403.75,3110.8599
1788360300000,2403.76,2404.72,2393.93,2394.45,2236.2416
1788361200000,2394.46,2397.67,2379.01,2385.15,6236.2557
1788362100000,2385.15,2394,2384.57,2388.57,3092.5124
1788363000000,2388.58,2399.09,2385.46,2397.7,4118.1828
1788363900000,2397.71,2397.92,2384,2390.98,3616.5222
1788364800000,2390.98,2396.76,2386.68,2394.23,4006.7191
1788365700000,2394.23,2404.8,2392.56,2398.31,3281.3821
1788366600000,2398.32,2402.73,2388.42,2388.42,2781.4148
1788367500000,2388.43,2392,2384.81,2386.2,2509.5838
1788368400000,2386.21,2388.16,2375.51,2380.25,5314.7898
1788369300000,2380.24,2381.18,2372.55,2379.6,2474.5051
1788370200000,2379.59,2389.47,2378.6,2389.47,2226.8412
1788371100000,2389.47,2394.3,2389.47,2393.77,1826.9867
1788372000000,2393.77,2396.89,2391.45,2395.24,2857.8554
1788372900000,2395.25,2399.91,2393.95,2396.38,2282.5868
1788373800000,2396.37,2397.82,2391.02,2392.02,1906.7763
1788374700000,2392.02,2395.64,2390.39,2394.93,937.7749
1788375600000,2394.92,2396.64,2393.45,2396.02,903.5806
1788376500000,2396.01,2396.67,2386.68,2386.69,1214.9221
1788377400000,2386.68,2388.16,2383.14,2387.06,1658.8328
1788378300000,2387.06,2393,2386.07,2392.99,3099.5386
1788379200000,2393,2399.74,2390.79,2393.03,2149.9878
1788380100000,2393.04,2396.89,2386.08,2391.56,1871.9273
1788381000000,2391.56,2395.52,2390.33,2390.95,2054.1451
1788381900000,2390.94,2395.43,2388.74,2393.56,1647.3036
1788382800000,2393.56,2394.46,2391.13,2392.61,710.809
1788383700000,2392.61,2393.16,2390.81,2391.1,689.194
1788384600000,2391.09,2395.09,2389.38,2394.01,1294.2137
1788385500000,2394.01,2394.02,2390.06,2390.15,1398.6786
1788386400000,2390.14,2390.15,2381.79,2385.03,2283.7461
1788387300000,2385.03,2385.94,2378.64,2379.1,1387.7263
1788388200000,2379.11,2385.24,2379.11,2383.3,1323.5323
1788389100000,2383.3,2383.6,2379.46,2379.81,1118.3434
1788390000000,2379.81,2386.97,2377.77,2386.96,1878.2301
1788390900000,2386.96,2387.02,2383.25,2386.05,1270.2946
1788391800000,2386.06,2388.54,2383.33,2384.35,764.8481
1788392700000,2384.35,2393.63,2384.35,2391.92,1441.535
1788393600000,2391.91,2395.41,2387.8,2387.8,1802.3862
1788394500000,2387.81,2387.81,2380.58,2381.02,2453.6278
1788395400000,2381.01,2385.81,2379.26,2383.93,1440.4009
1788396300000,2383.92,2384.82,2379.56,2379.84,1147.6401
1788397200000,2379.82,2391.56,2370.14,2390.77,5139.5167
1788398100000,2390.76,2392.45,2386.11,2392.45,1632.9397
1788399000000,2392.46,2394.61,2387.67,2389.17,2489.0206
1788399900000,2389.16,2391.53,2384.69,2386.81,1620.2525
1788400800000,2386.8,2391.6,2382.53,2391.18,1830.88
1788401700000,2391.19,2396.75,2389,2395.77,1451.3354
1788402600000,2395.76,2407.57,2394.26,2405.18,4036.5603
1788403500000,2405.15,2409.73,2402.75,2406.08,2915.0657
1788404400000,2406.09,2409.01,2403.19,2407.76,2769.84
1788405300000,2407.76,2410.94,2403.99,2403.99,2769.9333
1788406200000,2403.99,2405.61,2399.8,2400.41,1459.6196
1788407100000,2400.42,2403.55,2399.78,2403.3,732.9649
1788408000000,2403.29,2407.1,2401.33,2401.62,1349.2558
1788408900000,2401.63,2402.09,2396.94,2398.26,1697.9023
1788409800000,2398.26,2400,2397.55,2397.71,584.2038
1788410700000,2397.71,2408.31,2397.7,2408.31,2612.1435
1788411600000,2408.3,2410,2400.92,2402.18,1848.3656
1788412500000,2402.19,2402.85,2379.41,2385.27,4524.2384
1788413400000,2385.26,2397.68,2384.25,2396.24,1974.449
1788414300000,2396.23,2405.49,2393.8,2404.81,2848.7189
1788415200000,2404.82,2406.49,2400.69,2401.4,1804.2606
1788416100000,2401.41,2408.59,2400.37,2407.89,2934.0924
1788417000000,2407.9,2409.93,2406.08,2409.93,2479.2308
1788417900000,2409.93,2410.24,2407.11,2408.6,1848.0829
1788418800000,2408.6,2419.33,2407.8,2413.03,4529.7118
1788419700000,2413.03,2413.05,2404.96,2408.06,3413.8431
1788420600000,2408.05,2412.99,2403.6,2408.01,2671.8004
1788421500000,2408.01,2409.46,2395.85,2398.68,3407.522
1788422400000,2398.68,2413.04,2398.67,2405.73,3566.0737
1788423300000,2405.72,2409.17,2400.44,2408.81,3022.9029
1788424200000,2408.81,2409.68,2405.15,2405.7,1740.0031
1788425100000,2405.7,2407.46,2401.19,2403.69,2124.2588
1788426000000,2403.69,2407.64,2401.33,2404.9,1776.0786
1788426900000,2404.91,2406.49,2399.15,2399.16,2215.357
1788427800000,2399.16,2399.91,2393.98,2396.81,2406.8196
1788428700000,2396.81,2399.4,2393.57,2393.58,2387.0675
1788429600000,2393.57,2396.94,2390.68,2391.66,2207.7213
1788430500000,2391.66,2398.86,2390.11,2396.5,2393.4447
1788431400000,2396.5,2397.14,2390,2391.61,1949.4416
1788432300000,2391.6,2397.5,2391.28,2396.83,1523.9672
1788433200000,2396.83,2400.39,2395.71,2399.85,2402.2827
1788434100000,2399.85,2406.1,2399.85,2405.66,2181.5108
1788435000000,2405.67,2409.17,2402.47,2408.71,2369.5923
1788435900000,2408.71,2411.35,2405.65,2407.2,2459.8188
1788436800000,2407.2,2411.13,2405.09,2409.77,1625.4258
1788437700000,2409.76,2411.93,2405.63,2408.09,2432.7711
1788438600000,2408.1,2423.61,2408.09,2413.75,7397.0276
1788439500000,2413.75,2427,2413.12,2423.27,6936.1439
1788440400000,2423.27,2424.9,2417.28,2419.69,3991.0972
1788441300000,2419.7,2421.54,2415.87,2420.11,2004.8101
1788442200000,2420.12,2435.76,2418.24,2435.07,8854.139
1788443100000,2435.06,2436.21,2424.71,2430.17,6809.3948
1788444000000,2430.17,2439.81,2425.71,2439.78,5354.2619
1788444900000,2439.78,2451.36,2438.31,2450.79,11125.9442
1788445800000,2450.79,2464.78,2448.44,2457.04,12447.4835
1788446700000,2457.04,2489.9,2456.6,2489.46,18078.5683
1788447600000,2489.46,2503.43,2479.2,2486.27,17908.4115
1788448500000,2486.27,2493,2482.24,2490.46,6114.7815
1788449400000,2490.46,2497.57,2488.42,2492.9,5290.4668
1788450300000,2492.91,2517.17,2487.36,2516.58,13537.3054
1788451200000,2516.58,2519,2496.43,2501.02,11097.4656
1788452100000,2501.01,2501.08,2488.84,2491.85,5353.4982
1788453000000,2491.85,2497.94,2488.84,2488.99,3406.0525
1788453900000,2488.99,2496,2488.38,2494.09,2200.2595
1788454800000,2494.1,2499.44,2492.08,2499.42,2268.7575
1788455700000,2499.42,2503.25,2496.04,2499.61,3083.1511
1788456600000,2499.61,2506,2498.66,2502.02,3230.594
1788457500000,2502.02,2505.52,2499.71,2500.49,1778.5601
1788458400000,2500.49,2511.39,2499.95,2507.89,3963.3462
1788459300000,2507.9,2508.96,2499.71,2500.4,2709.0226
1788460200000,2500.4,2503.22,2498.37,2499.02,2171.6552
1788461100000,2499.02,2514.45,2499.01,2512.8,2712.1164
1788462000000,2512.8,2529.84,2508.58,2509.09,12518.0815
1788462900000,2509.09,2519,2507.19,2514.74,3822.2481
1788463800000,2514.75,2517.59,2508.36,2515.67,3144.657
1788464700000,2515.66,2518.18,2510.3,2518.18,3180.302
1788465600000,2518.18,2518.3,2506.11,2511.14,4043.114
1788466500000,2511.13,2514.36,2506.6,2510.17,3078.2673
1788467400000,2510.18,2511.35,2502.37,2503.94,2456.5338
1788468300000,2503.95,2508.71,2503.67,2505.13,1236.8018
1788469200000,2505.13,2512,2500.62,2511.78,2189.279
1788470100000,2511.77,2513.31,2506.99,2513.15,3704.11
1788471000000,2513.16,2526.19,2509,2509.01,6038.5537
1788471900000,2509.01,2516.13,2506.22,2511.19,2140.2593
1788472800000,2511.19,2512.57,2501.56,2504.26,2428.4093
1788473700000,2504.25,2506.24,2494.5,2494.68,2482.8706
1788474600000,2494.68,2496.92,2490.13,2496.91,3196.4598
1788475500000,2496.92,2501.36,2496.44,2496.54,1647.8005
1788476400000,2496.54,2499.44,2495.5,2497.13,2055.5886
1788477300000,2497.13,2502,2495.75,2501.99,1210.136
1788478200000,2501.99,2508.33,2497.88,2506.84,1434.0688
1788479100000,2506.85,2509.16,2503.31,2507.51,2311.1027
1788480000000,2507.5,2509.51,2503,2507.76,2459.3372
1788480900000,2507.76,2512.27,2505,2506.47,1986.722
1788481800000,2506.46,2515.76,2504.88,2506.39,3353.1406
1788482700000,2506.4,2508.1,2500.86,2501.48,3005.3223
1788483600000,2501.48,2507.76,2497.26,2504.11,2195.7827
1788484500000,2504.11,2509.91,2502.31,2504.62,1868.7622
1788485400000,2504.62,2508.61,2498.29,2499.56,1682.8339
1788486300000,2499.56,2507.98,2498.4,2506.79,1562.2406
1788487200000,2506.79,2506.79,2499.96,2502.62,862.3838
1788488100000,2502.63,2505.39,2497.05,2498.99,2269.6936
1788489000000,2498.99,2504.8,2497.08,2500.67,1956.5314
1788489900000,2500.67,2507.74,2499.6,2507.74,2104.4876
1788490800000,2507.74,2517.2,2507.68,2510.99,5752.9359
1788491700000,2510.99,2511.84,2507.49,2507.54,1733.3835
1788492600000,2507.54,2509.13,2505.39,2506.98,1483.2123
1788493500000,2506.98,2508.28,2505.13,2505.14,1518.699
1788494400000,2505.14,2507.44,2502.55,2507.43,2331.0698
1788495300000,2507.43,2524,2506.94,2523.57,5441.6498
1788496200000,2523.58,2525,2512.26,2512.27,3512.9358
1788497100000,2512.27,2513.67,2508.39,2509.4,2261.9967
1788498000000,2509.41,2514.35,2506.84,2511.38,2723.6551
1788498900000,2511.39,2516.56,2510.69,2511.01,2265.6431
1788499800000,2511,2512.54,2507.57,2512.53,2468.9547
1788500700000,2512.54,2514.07,2504.52,2509.25,2442.9957
1788501600000,2509.25,2519.08,2507.05,2514.89,2786.0984
1788502500000,2514.9,2514.9,2504.99,2505.61,2033.3843
1788503400000,2505.61,2509,2500.19,2509,3445.2987
1788504300000,2509,2509.04,2504.53,2508.19,1777.4485
1788505200000,2508.19,2516.5,2507.76,2515.41,4028.3976
1788506100000,2515.41,2515.83,2509.9,2511.34,2297.3983
1788507000000,2511.35,2513,2505.24,2507.16,5009.9657
1788507900000,2507.15,2508.71,2503.86,2504.39,6624.7238
1788508800000,2504.39,2513.14,2503.4,2512.93,3754.9241
1788509700000,2512.93,2517.21,2511.58,2516.71,3063.871
1788510600000,2516.71,2521.68,2514.46,2519.07,4162.6262
1788511500000,2519.07,2534.47,2516.18,2527.15,13661.2154
1788512400000,2527.16,2536.4,2525.26,2530.28,9800.4785
1788513300000,2530.28,2546.66,2519.5,2522.37,11926.5492
1788514200000,2522.37,2533.23,2520,2529.48,4816.6113
1788515100000,2529.47,2531.23,2520.77,2521.33,3588.1313
1788516000000,2521.33,2523.89,2518.41,2523.15,732.9384
