timestamp,open,high,low,close,volume
1787474100000,2414.41,2414.98,2412.57,2414.55,430.9561
1787474160000,2414.54,2415.06,2413.99,2414.65,115.0323
1787474220000,2414.65,2417.75,2414.64,2417.58,398.6626
1787474280000,2417.57,2422,2416,2419.6,1088.3368
1787474340000,2419.6,2419.6,2417,2418.12,315.024
1787474400000,2418.12,2421.22,2417.15,2421.22,234.8543
1787474460000,2421.23,2426.03,2419.18,2420.76,1060.187
1787474520000,2420.76,2423.16,2419.68,2420.5,290.635
1787474580000,2420.49,2421.82,2420.42,2420.8,211.9064
1787474640000,2420.8,2422.09,2419.7,2419.71,251.5806
1787474700000,2419.7,2421.65,2419.48,2421.24,139.2381
1787474760000,2421.24,2421.66,2419.93,2420.1,229.5107
1787474820000,2420.1,2420.1,2416.64,2417.4,302.8576
1787474880000,2417.39,2418.2,2416.27,2416.62,176.7233
1787474940000,2416.61,2416.81,2415.2,2415.21,116.396
1787475000000,2415.2,2415.6,2414.49,2414.5,156.1647
1787475060000,2414.5,2416.62,2414.23,2416.6,138.8146
1787475120000,2416.6,2417.59,2416.6,2417.05,79.7807
1787475180000,2417.04,2417.04,2415.17,2415.45,111.3319
1787475240000,2415.45,2415.76,2415.14,2415.66,41.4431
1787475300000,2415.65,2415.65,2415.13,2415.46,35.0153
1787475360000,2415.47,2416,2411.38,2412.31,683.5806
1787475420000,2412.3,2412.31,2411.4,2411.69,174.7807
1787475480000,2411.7,2411.7,2410.86,2411.29,133.793
1787475540000,2411.28,2412.46,2411.28,2412.46,102.7787
1787475600000,2412.45,2412.45,2410.64,2410.82,128.4564
1787475660000,2410.82,2414.02,2410.82,2413.83,191.1483
1787475720000,2413.84,2415.06,2413.84,2414.63,113.6358
1787475780000,2414.64,2415.43,2413.22,2413.23,89.3248
1787475840000,2413.22,2416.17,2413.22,2415.09,225.3578
1787475900000,2415.08,2415.92,2415.08,2415.91,74.4261
1787475960000,2415.91,2415.91,2414.6,2414.61,86.5599
1787476020000,2414.6,2415.14,2414.26,2414.26,93.3026
1787476080000,2414.25,2414.25,2412.66,2412.9,69.2086
1787476140000,2412.9,2414.02,2412.89,2413.3,53.8357
1787476200000,2413.3,2413.84,2412.75,2413.07,141.594
1787476260000,2413.07,2413.54,2413,2413,85.0879
1787476320000,2413,2413,2411.82,2411.83,167.405
1787476380000,2411.84,2412.85,2411.83,2412.84,50.9884
1787476440000,2412.85,2413.85,2412.85,2412.97,59.8015
1787476500000,2412.98,2413.58,2412.82,2413.37,92.052
1787476560000,2413.38,2413.61,2412.19,2412.31,94.6824
1787476620000,2412.3,2412.3,2411,2411.86,81.7036
1787476680000,2411.86,2411.86,2410.98,2411.32,41.3984
1787476740000,2411.32,2413.02,2411.32,2411.99,133.7192
1787476800000,2412,2412,2408,2409.34,562.8512
1787476860000,2409.34,2409.47,2407.26,2409.46,487.6668
1787476920000,2409.46,2411.23,2409.39,2411.01,87.1565
1787476980000,2411,2411.01,2410.05,2410.05,37.8071
1787477040000,2410.06,2410.06,2407.65,2408.12,157.002
1787477100000,2408.13,2409.1,2408.13,2408.67,110.1805
1787477160000,2408.67,2410.76,2408.67,2410.45,198.5788
1787477220000,2410.46,2412.05,2410.42,2410.63,200.8786
1787477280000,2410.63,2411.46,2410.63,2410.77,51.0871
1787477340000,2410.76,2411.04,2410.67,2410.72,42.9273
1787477400000,2410.72,2410.72,2407.86,2408.38,60.4415
1787477460000,2408.38,2408.62,2407.11,2407.84,74.8868
1787477520000,2407.84,2408.39,2407.83,2407.9,25.5388
1787477580000,2407.91,2408.48,2407.66,2408.44,82.1367
1787477640000,2408.45,2408.48,2407.69,2407.7,22.3766
1787477700000,2407.71,2407.9,2404.51,2406.91,642.5367
1787477760000,2406.91,2408.86,2406.36,2408.81,132.5032
1787477820000,2408.8,2409.12,2408.65,2408.96,60.7025
1787477880000,2408.96,2408.96,2407.01,2407.94,113.1222
1787477940000,2407.94,2409.28,2407.47,2409.28,81.6313
1787478000000,2409.28,2410,2409.28,2410,58.1952
1787478060000,2409.99,2412.41,2409.99,2411.11,569.8843
1787478120000,2411.11,2411.51,2410.66,2411.51,33.5853
1787478180000,2411.51,2412.31,2411.48,2411.8,196.5705
1787478240000,2411.81,2411.94,2411.8,2411.8,16.489
1787478300000,2411.8,2413.13,2411.8,2412.12,132.8339
1787478360000,2412.13,2412.13,2410.4,2410.4,766.2539
1787478420000,2410.4,2412.97,2410,2412.96,430.3873
1787478480000,2412.96,2414.98,2412.96,2414.98,258.947
1787478540000,2414.99,2415,2413.9,2414.06,156.0657
1787478600000,2414.05,2414.99,2413.91,2414.99,86.3657
1787478660000,2415,2415.17,2414.64,2414.89,98.7083
1787478720000,2414.89,2415.36,2414.14,2414.73,191.0251
1787478780000,2414.73,2415.7,2413.68,2413.68,123.9912
1787478840000,2413.68,2414.02,2413.58,2413.83,76.4539
1787478900000,2413.83,2414.28,2413.64,2413.87,62.8566
1787478960000,2413.86,2413.87,2413.31,2413.31,17.7778
1787479020000,2413.31,2413.68,2413.3,2413.44,26.3993
1787479080000,2413.44,2413.8,2412.21,2412.22,186.7162
1787479140000,2412.22,2412.8,2411.2,2411.2,539.9972
1787479200000,2411.2,2413.01,2410.84,2413,256.642
1787479260000,2413,2413.17,2411.67,2411.67,52.3366
1787479320000,2411.67,2413.43,2411.4,2413.43,110.229
1787479380000,2413.43,2414.5,2413.42,2413.99,46.8592
1787479440000,2413.98,2414.48,2413.28,2413.86,50.1519
1787479500000,2413.86,2416.08,2413.86,2416.07,115.612
1787479560000,2416.08,2417.14,2415.82,2416.09,156.6407
1787479620000,2416.09,2416.78,2414.6,2415.09,408.6914
1787479680000,2415.09,2415.49,2414.25,2414.25,82.6122
1787479740000,2414.25,2414.27,2413.95,2414.17,38.1041
1787479800000,2414.17,2415.01,2414.17,2414.29,171.1022
1787479860000,2414.28,2414.28,2413.48,2413.49,83.1101
1787479920000,2413.5,2414.57,2413.33,2413.66,117.2752
1787479980000,2413.67,2413.84,2412.42,2412.43,76.8818
1787480040000,2412.43,2414.02,2411.95,2414.02,219.216
1787480100000,2414.02,2415.41,2414.01,2414.8,351.8744
1787480160000,2414.79,2415.44,2414.25,2415.43,114.6952
1787480220000,2415.43,2415.43,2414.62,2415.11,48.4278
1787480280000,2415.11,2415.54,2415.01,2415.01,27.199
1787480340000,2415.01,2415.68,2414.13,2414.97,120.4103
1787480400000,2414.97,2416.56,2414.78,2416.35,87.1333
1787480460000,2416.38,2419.86,2416.36,2418.99,300.9163
1787480520000,2418.98,2420.89,2415.5,2417.48,569.9862
1787480580000,2417.49,2417.69,2416.04,2416.55,106.9643
1787480640000,2416.55,2417.16,2415.76,2417.16,86.1184
1787480700000,2417.18,2418.12,2415.82,2416,160.6742
1787480760000,2415.99,2416.78,2415.79,2415.99,79.9218
1787480820000,2415.98,2416.19,2415.77,2415.88,53.1591
1787480880000,2415.88,2415.88,2413.43,2413.48,320.7731
1787480940000,2413.48,2414.21,2413.22,2413.54,114.6317
1787481000000,2413.54,2414.65,2413.38,2413.49,65.9598
1787481060000,2413.49,2414.57,2412.81,2414.17,200.5093
1787481120000,2414.17,2415.92,2413.69,2415.11,63.7195
1787481180000,2415.12,2417.01,2415.12,2416.96,72.8583
1787481240000,2416.95,2417.72,2416.55,2417.4,96.6245
1787481300000,2417.41,2417.77,2416.35,2416.35,50.0164
1787481360000,2416.34,2417.93,2415.82,2417.13,184.5151
1787481420000,2417.13,2417.39,2416.18,2417.03,87.6762
1787481480000,2417.04,2418.12,2416.71,2417.96,137.4194
1787481540000,2417.95,2417.95,2415.59,2415.81,82.1732
1787481600000,2415.81,2416.37,2415.01,2416.35,36.2701
1787481660000,2416.36,2417.2,2416.15,2416.67,129.6603
1787481720000,2416.67,2416.85,2416.2,2416.78,74.7087
1787481780000,2416.78,2417,2415.96,2416.5,107.6508
1787481840000,2416.5,2416.99,2416.5,2416.57,36.0998
1787481900000,2416.57,2417,2416.57,2416.79,104.5367
1787481960000,2416.79,2417.48,2416.54,2417.03,97.9447
1787482020000,2417.03,2417.15,2416.09,2416.26,107.4271
1787482080000,2416.26,2416.75,2416.25,2416.61,39.3602
1787482140000,2416.61,2416.8,2416.25,2416.42,140.21
1787482200000,2416.42,2417.18,2416.25,2417.16,63.5294
1787482260000,2417.15,2417.64,2416.63,2416.64,123.3699
1787482320000,2416.64,2416.81,2416.27,2416.45,53.1465
1787482380000,2416.44,2416.45,2415.56,2415.57,17.2154
1787482440000,2415.57,2416.12,2415.57,2416.11,29.7333
1787482500000,2416.11,2416.22,2415.27,2415.28,38.481
1787482560000,2415.27,2415.27,2414.38,2414.45,52.3603
1787482620000,2414.44,2414.74,2414.18,2414.74,119.0022
1787482680000,2414.74,2415,2414.73,2414.98,28.2849
1787482740000,2414.99,2415.15,2414.98,2415.15,88.5652
1787482800000,2415.15,2417.19,2415.14,2416.26,167.3104
1787482860000,2416.27,2417.94,2416.27,2417.39,83.3195
1787482920000,2417.39,2418.2,2416.98,2417.12,65.6141
1787482980000,2417.12,2417.12,2415.28,2415.42,86.7448
1787483040000,2415.42,2415.51,2414.82,2414.9,142.9741
1787483100000,2414.9,2416.71,2414.9,2416.71,61.1877
1787483160000,2416.7,2418.06,2416.7,2416.84,79.2804
1787483220000,2416.84,2418.57,2416.83,2418.08,83.4871
1787483280000,2418.09,2418.88,2418.08,2418.08,78.3711
1787483340000,2418.08,2418.08,2416.84,2417.77,72.541
1787483400000,2417.77,2417.78,2417.11,2417.46,45.6885
1787483460000,2417.46,2418.25,2417.46,2418.23,61.739
1787483520000,2418.24,2418.45,2418.11,2418.44,47.2788
1787483580000,2418.45,2420,2418.45,2419.99,156.5162
1787483640000,2419.99,2420.77,2419.98,2420.21,156.4259
1787483700000,2420.21,2420.54,2418.77,2418.89,169.9906
1787483760000,2418.9,2419.81,2417.72,2419.8,137.1745
1787483820000,2419.8,2419.8,2419.02,2419.42,59.7569
1787483880000,2419.43,2420.91,2419.02,2420.9,177.5307
1787483940000,2420.9,2423.66,2420.9,2423.54,384.7885
1787484000000,2423.55,2426,2423.13,2425.49,542.8542
1787484060000,2425.48,2431.82,2425.01,2429.82,2003.4343
1787484120000,2429.82,2431.54,2429.01,2429.56,450.8383
1787484180000,2429.56,2429.79,2427.07,2428.28,221.9626
1787484240000,2428.27,2433,2428.2,2432.3,595.6794
1787484300000,2432.29,2432.55,2430.36,2430.37,355.202
1787484360000,2430.37,2430.37,2428,2428.46,263.8159
1787484420000,2428.47,2428.89,2427.02,2427.28,223.4921
1787484480000,2427.28,2428.05,2427.16,2427.45,120.4281
1787484540000,2427.45,2427.59,2426.92,2427.43,100.9739
1787484600000,2427.43,2428.39,2426,2428.39,171.2201
1787484660000,2428.39,2430.01,2428.05,2429.28,298.5467
1787484720000,2429.27,2430.99,2428.28,2429.95,310.396
1787484780000,2429.94,2429.95,2429,2429.17,133.7016
1787484840000,2429.17,2429.7,2428.7,2429.7,253.9434
1787484900000,2429.7,2430.24,2429.67,2430.11,72.8119
1787484960000,2430.11,2433.95,2430.11,2432.12,402.4749
1787485020000,2432.11,2436.75,2431.03,2431.03,557.3139
1787485080000,2431.03,2435,2430.76,2434.5,250.5896
1787485140000,2434.49,2438.31,2434.1,2437.8,618.4385
1787485200000,2437.8,2438.31,2435.93,2435.94,729.1881
1787485260000,2435.94,2436.77,2434.1,2435.42,471.4863
1787485320000,2435.41,2436.66,2434.8,2436.59,190.1116
1787485380000,2436.58,2436.58,2433.96,2434.1,153.9207
1787485440000,2434.11,2434.11,2433.16,2433.8,167.0386
1787485500000,2433.8,2433.97,2431.93,2433.15,315.781
1787485560000,2433.14,2433.43,2430.76,2430.76,225.4401
1787485620000,2430.76,2431.1,2430.45,2430.46,62.6554
1787485680000,2430.46,2430.46,2429.07,2430.43,208.7729
1787485740000,2430.42,2430.42,2428.02,2428.62,91.0473
1787485800000,2428.62,2429.16,2428.35,2429.15,50.9428
1787485860000,2429.15,2430.08,2429.03,2429.2,73.1078
1787485920000,2429.2,2432.12,2429.19,2432.12,119.4412
1787485980000,2432.12,2432.46,2430.8,2431.42,275.6868
1787486040000,2431.42,2432.55,2430.9,2431.2,95.4115
1787486100000,2431.21,2431.21,2430.71,2430.89,48.1557
1787486160000,2430.88,2431.23,2430.03,2430.03,135.9169
1787486220000,2430.03,2431.98,2429.41,2430.76,332.0797
1787486280000,2430.75,2434.31,2430.75,2432.74,776.971
1787486340000,2432.73,2434.2,2431.91,2433.68,266.7474
1787486400000,2433.67,2433.68,2432.3,2432.73,163.5307
1787486460000,2432.73,2432.91,2430,2430,72.2811
1787486520000,2430.01,2432,2429.7,2431.62,318.3838
1787486580000,2431.61,2431.61,2427.66,2428.75,306.8286
1787486640000,2428.75,2428.82,2427.4,2427.42,52.65
1787486700000,2427.41,2428.44,2427.4,2427.5,140.7659
1787486760000,2427.51,2427.51,2421.88,2424.63,933.0237
1787486820000,2424.63,2424.63,2421.7,2424.47,428.2026
1787486880000,2424.46,2424.77,2422.77,2424.73,90.5211
1787486940000,2424.73,2425.2,2424.54,2425.18,69.0482
1787487000000,2425.19,2426.33,2422.31,2422.31,342.2313
1787487060000,2422.32,2423.06,2419.15,2421.52,811.5196
1787487120000,2421.53,2421.78,2419.37,2420.1,149.7866
1787487180000,2420.1,2423.06,2420.1,2422.35,238.418
1787487240000,2422.36,2423.16,2422.35,2422.9,136.6815
1787487300000,2422.89,2422.9,2421.11,2421.33,45.0518
1787487360000,2421.33,2422.72,2421.33,2422.66,141.701
1787487420000,2422.65,2423.91,2422.27,2423.57,104.5471
1787487480000,2423.57,2424.48,2422.56,2424.48,103.9837
1787487540000,2424.48,2424.48,2423.86,2423.94,65.7033
1787487600000,2423.93,2424.6,2423.93,2424.01,118.5856
1787487660000,2424.01,2424.63,2424,2424.63,61.8085
1787487720000,2424.63,2424.84,2423.16,2423.19,85.3288
1787487780000,2423.19,2424.85,2423.19,2424.74,61.5241
1787487840000,2424.73,2424.74,2423.3,2423.3,45.8516
1787487900000,2423.31,2423.46,2422.21,2422.52,98.1024
1787487960000,2422.53,2423.2,2421.12,2421.13,112.2968
1787488020000,2421.13,2421.87,2420.73,2421.76,82.1385
1787488080000,2421.76,2423.33,2421.76,2423.33,225.067
1787488140000,2423.33,2423.5,2422.92,2423.05,31.4712
1787488200000,2423.05,2423.53,2422.41,2423.2,298.4023
1787488260000,2423.2,2423.7,2423.18,2423.66,110.2746
1787488320000,2423.65,2424.61,2423.46,2424.11,100.3145
1787488380000,2424.12,2425.51,2423.28,2424,322.7494
1787488440000,2424.01,2424.91,2423.49,2424.64,48.3379
1787488500000,2424.63,2424.63,2423.22,2424.06,223.5127
1787488560000,2424.07,2424.07,2422.7,2423.33,230.6974
1787488620000,2423.34,2423.88,2423.13,2423.88,46.3726
1787488680000,2423.88,2424.3,2423.1,2423.11,55.9464
1787488740000,2423.11,2425.76,2423.1,2425.76,116.959
1787488800000,2425.76,2427.17,2425.75,2427.16,101.2184
1787488860000,2427.16,2427.96,2426.76,2427.43,141.1392
1787488920000,2427.43,2427.86,2426.59,2427.86,77.4025
1787488980000,2427.85,2429.89,2427.85,2429.02,305.1395
1787489040000,2429.02,2429.03,2428.2,2428.21,52.6872
1787489100000,2428.21,2428.22,2426.74,2427.11,51.1076
1787489160000,2427.11,2427.45,2426.31,2427.4,125.2812
1787489220000,2427.4,2427.4,2426.19,2426.45,138.9462
1787489280000,2426.43,2426.5,2425.59,2425.59,48.0796
1787489340000,2425.6,2425.75,2425,2425.62,32.0718
1787489400000,2425.61,2426.25,2425.61,2426.17,58.3809
1787489460000,2426.17,2426.19,2426,2426.13,26.0297
1787489520000,2426.13,2426.64,2426.1,2426.14,31.595
1787489580000,2426.13,2426.26,2425.12,2425.39,47.5041
1787489640000,2425.39,2425.39,2424.26,2425.08,37.0789
1787489700000,2425.08,2426.69,2425.08,2426.68,45.6422
1787489760000,2426.69,2427.14,2426.68,2427.01,61.6311
1787489820000,2427,2427.47,2426.62,2426.62,44.2737
1787489880000,2426.61,2427,2426.61,2426.99,32.5011
1787489940000,2426.99,2427.33,2426.99,2427.05,46.9319
1787490000000,2427.05,2427.23,2427,2427.23,34.6602
1787490060000,2427.22,2428.74,2427.22,2428.74,182.6597
1787490120000,2428.74,2428.8,2428.57,2428.79,47.0775
1787490180000,2428.8,2428.91,2428.47,2428.86,62.0907
1787490240000,2428.86,2428.88,2428,2428.28,44.9077
1787490300000,2428.28,2428.94,2428.03,2428.53,37.2628
1787490360000,2428.52,2429.16,2428.39,2429.15,33.3154
1787490420000,2429.15,2429.39,2428.34,2429.12,181.5494
1787490480000,2429.12,2429.18,2428.85,2428.96,81.0891
1787490540000,2428.96,2431.17,2428.96,2430.68,194.3727
1787490600000,2430.68,2431.86,2430.68,2431.04,185.1642
1787490660000,2431.04,2432,2431.03,2431.99,92.7286
1787490720000,2432,2432.69,2431.87,2432.09,131.0791
1787490780000,2432.1,2432.25,2432,2432.05,101.3284
1787490840000,2432.05,2432.9,2432.04,2432.23,117.2379
1787490900000,2432.23,2433.3,2432.04,2433.01,221.6661
1787490960000,2433.02,2433.8,2432.56,2433.54,218.7771
1787491020000,2433.53,2447,2433.53,2444.21,2642.6406
1787491080000,2444.21,2477.01,2443.56,2466.24,7274.2545
1787491140000,2466.24,2484.06,2465.85,2469.3,2807.5995
1787491200000,2469.31,2469.99,2453.87,2459.64,1816.4013
1787491260000,2459.63,2463.65,2453.13,2462.81,1659.7338
1787491320000,2462.81,2470,2459.46,2466.85,1744.9396
1787491380000,2466.85,2470.83,2462.74,2463.28,1282.7328
1787491440000,2463.28,2467.84,2461.18,2463.38,1260.2912
1787491500000,2463.37,2463.38,2458.8,2459.43,883.3878
1787491560000,2459.42,2462.67,2459.42,2461.16,1275.0073
1787491620000,2461.16,2463.01,2460.64,2460.97,618.997
1787491680000,2460.98,2461.14,2459.22,2459.22,447.3601
1787491740000,2459.21,2459.21,2451.68,2454.33,1351.5365
1787491800000,2454.32,2455.11,2450.75,2452.59,804.1845
1787491860000,2452.58,2457.32,2449.51,2456.16,746.3484
1787491920000,2456.15,2459.02,2455.71,2457.11,546.5598
1787491980000,2457.12,2457.37,2454.53,2456.75,504.2956
1787492040000,2456.74,2456.74,2453.86,2454.34,317.3946
1787492100000,2454.34,2454.71,2449.51,2451.67,585.7588
1787492160000,2451.67,2456.97,2451.67,2456.19,434.9052
1787492220000,2456.2,2456.32,2454.37,2455.59,315.1736
1787492280000,2455.59,2456.6,2453.91,2456.2,307.5641
1787492340000,2456.19,2458.87,2455.66,2457.15,513.5102
1787492400000,2457.15,2459.09,2455.38,2455.86,398.3945
1787492460000,2455.85,2456.63,2454.93,2454.93,769.8215
1787492520000,2454.93,2455.7,2453.52,2454.4,664.0925
1787492580000,2454.4,2455.37,2453.18,2455.37,243.6642
1787492640000,2455.37,2456.31,2454.31,2456.04,274.5531
1787492700000,2456.04,2456.19,2451.74,2453.48,399.1247
1787492760000,2453.49,2456.22,2452.55,2456.22,253.9085
1787492820000,2456.22,2458.66,2455.56,2458.19,333.9743
1787492880000,2458.19,2458.19,2456,2456.01,254.2518
1787492940000,2456.01,2456.01,2452.39,2452.56,625.0891
1787493000000,2452.56,2454.5,2452.55,2453.16,208.7704
1787493060000,2453.15,2453.59,2451.81,2452.29,316.5538
1787493120000,2452.29,2455.57,2452.29,2453.43,310.1137
1787493180000,2453.43,2454.8,2452.69,2454.38,259.5706
1787493240000,2454.38,2457.23,2454.29,2456.4,280.789
1787493300000,2456.41,2458.3,2455.74,2457.67,661.0855
1787493360000,2457.66,2459.16,2456.81,2458.03,552.0598
1787493420000,2458.04,2458.64,2457.08,2458.64,290.0226
1787493480000,2458.64,2459.75,2458.44,2458.45,257.7853
1787493540000,2458.45,2460.27,2458.44,2459.75,522.0913
1787493600000,2459.75,2459.92,2459,2459.48,229.9149
1787493660000,2459.49,2460.46,2458.23,2460.46,227.4293
1787493720000,2460.47,2465,2460.16,2464.47,967.1882
1787493780000,2464.47,2464.56,2461.4,2461.8,402.4838
1787493840000,2461.76,2464.08,2460.24,2463.87,362.4638
1787493900000,2463.86,2464.99,2462.42,2462.42,315.9025
1787493960000,2462.41,2463.3,2455.65,2459.34,1645.2102
1787494020000,2459.34,2459.55,2453.44,2454.53,628.4917
1787494080000,2454.52,2459.65,2454.07,2459.57,261.1938
1787494140000,2459.56,2459.65,2458.24,2459,242.244
1787494200000,2459.01,2462.5,2458.92,2462.49,357.1694
1787494260000,2462.5,2469.3,2462.36,2464.1,946.0461
1787494320000,2464.09,2466.08,2463.49,2465.77,284.831
1787494380000,2465.77,2468.82,2465.76,2468.72,291.73
1787494440000,2468.71,2468.72,2463.24,2464.19,457.4892
1787494500000,2464.2,2466.74,2463.9,2466.53,319.0198
1787494560000,2466.53,2467.02,2465.8,2466.23,345.9864
1787494620000,2466.22,2466.42,2464.47,2466.27,447.0641
1787494680000,2466.26,2467.65,2463.78,2463.78,631.5386
1787494740000,2463.78,2464.67,2461.59,2461.6,223.4814
1787494800000,2461.6,2464.29,2461.59,2463.61,229.0195
1787494860000,2463.61,2463.92,2460.6,2462.06,533.1105
1787494920000,2462.06,2462.16,2459.46,2459.46,192.9118
1787494980000,2459.47,2460.15,2457.48,2457.91,165.1021
1787495040000,2457.91,2459.03,2455.25,2456.8,296.388
1787495100000,2456.8,2458.31,2456.09,2457.77,276.4846
1787495160000,2457.77,2459.59,2457.77,2458.69,238.3732
1787495220000,2458.69,2459.58,2457.97,2458.43,218.7496
1787495280000,2458.42,2458.43,2456.62,2457.46,113.0903
1787495340000,2457.46,2458.04,2456,2456.45,204.8745
1787495400000,2456.45,2457.66,2455.42,2455.44,262.3859
1787495460000,2455.45,2456.19,2455.44,2455.81,134.0153
1787495520000,2455.81,2455.82,2452.64,2453.77,433.9655
1787495580000,2453.77,2455.13,2453.66,2454.79,210.3712
1787495640000,2454.79,2455,2453.66,2453.66,129.0454
1787495700000,2453.67,2454.54,2453.67,2454.45,258.6855
1787495760000,2454.44,2454.57,2452.67,2452.68,126.1425
1787495820000,2452.67,2454.37,2452.13,2454.36,219.5481
1787495880000,2454.36,2455.34,2453.52,2455.03,125.9767
1787495940000,2455.04,2455.21,2452.89,2452.96,191.22
1787496000000,2452.96,2454.24,2452.96,2454.03,54.1077
1787496060000,2454.03,2454.22,2452,2452,203.5235
1787496120000,2452,2452.49,2389.85,2400.18,12654.8285
1787496180000,2400.18,2420.84,2396.48,2420.84,3807.8008
1787496240000,2420.85,2423.03,2415.02,2420.6,884.756
1787496300000,2420.61,2432.92,2420.53,2424.66,1988.5968
1787496360000,2424.66,2429.82,2424.25,2426.85,623.7577
1787496420000,2426.86,2431.66,2426.86,2430.81,548.901
1787496480000,2430.81,2431.98,2429.36,2431,383.4983
1787496540000,2431,2436.15,2430.86,2433.59,565.2924
1787496600000,2433.59,2438.15,2433.01,2438.14,866.2838
1787496660000,2438.14,2438.84,2431.42,2433.71,610.338
1787496720000,2433.72,2437.98,2433.72,2435.14,363.45
1787496780000,2435.13,2437.72,2434.2,2436.13,443.3294
1787496840000,2436.13,2448.13,2435.42,2445.52,1796.9723
1787496900000,2445.5,2445.5,2436.14,2439.22,606.1606
1787496960000,2439.22,2440.06,2437.63,2437.64,337.4062
1787497020000,2437.63,2442,2435.17,2441.52,506.9729
1787497080000,2441.51,2441.51,2437.99,2439.13,209.6627
1787497140000,2439.12,2440.12,2438,2438.95,105.4033
1787497200000,2438.95,2439.94,2426.17,2429.9,1364.9298
1787497260000,2429.91,2439.54,2428.9,2438.18,799.0713
1787497320000,2438.18,2439.17,2432.24,2434.49,355.4292
1787497380000,2434.48,2437.33,2432.84,2435,505.0674
1787497440000,2435,2437.33,2434.3,2436.7,80.6459
1787497500000,2436.71,2440.8,2436.42,2440.55,254.4034
1787497560000,2440.54,2441.07,2437.9,2439.1,361.439
1787497620000,2439.1,2441,2438.37,2440.4,196.6675
1787497680000,2440.39,2440.39,2437.58,2438.01,163.1753
1787497740000,2438.01,2439.07,2436.7,2439.07,138.5391
1787497800000,2439.06,2439.06,2437.75,2437.76,75.0125
1787497860000,2437.75,2438.01,2434.75,2434.77,145.824
1787497920000,2434.77,2436.42,2434.76,2435.34,151.2477
1787497980000,2435.33,2435.34,2433.5,2435,224.9869
1787498040000,2434.99,2436.59,2432.41,2433.42,247.618
1787498100000,2433.43,2434.53,2431.1,2433.65,300.9152
1787498160000,2433.64,2433.7,2429.76,2432.41,360.404
1787498220000,2432.4,2433.88,2431.58,2431.75,141.055
1787498280000,2431.75,2432.26,2429.93,2430.37,90.7756
1787498340000,2430.37,2430.37,2421.87,2427.61,1351.6291
1787498400000,2427.61,2429.99,2425.01,2429.09,272.4676
1787498460000,2429.09,2432.5,2428.9,2431.28,384.8199
1787498520000,2431.28,2436.67,2429.74,2434.72,655.9178
1787498580000,2434.72,2437.06,2433.11,2433.32,311.4014
1787498640000,2433.32,2435.42,2433.31,2435.42,192.8865
1787498700000,2435.42,2437.81,2435.42,2437.44,202.2763
1787498760000,2437.43,2438.99,2436.31,2438.8,269.3799
1787498820000,2438.8,2438.8,2437.49,2438.22,146.085
1787498880000,2438.21,2438.22,2436.39,2436.39,214.3669
1787498940000,2436.39,2437.22,2436.34,2437.22,172.2914
1787499000000,2437.21,2439.73,2437.21,2439.45,189.7906
1787499060000,2439.45,2443.86,2439.45,2441.2,557.5497
1787499120000,2441.2,2441.73,2437.11,2437.94,307.419
1787499180000,2437.94,2437.98,2435.46,2435.63,192.8215
1787499240000,2435.63,2437.94,2435.47,2437.18,140.7752
1787499300000,2437.18,2439.91,2437.17,2439.1,225.6265
1787499360000,2439.09,2440.27,2438.64,2439.34,118.7248
1787499420000,2439.35,2439.91,2439,2439.91,116.326
1787499480000,2439.9,2441.86,2439.81,2441.86,207.0291
1787499540000,2441.86,2444.3,2440.92,2444.27,280.4201
1787499600000,2444.28,2448.56,2443.37,2446.04,503.986
1787499660000,2446.04,2446.81,2444.5,2445.35,159.7438
1787499720000,2445.35,2445.71,2444.14,2444.14,127.1877
1787499780000,2444.13,2448.67,2444.13,2448.65,259.0759
1787499840000,2448.65,2452.86,2446.41,2446.68,842.0606
1787499900000,2446.68,2446.68,2443.77,2444.89,375.9362
1787499960000,2444.89,2448.08,2444.88,2445.99,197.639
1787500020000,2445.99,2449.01,2445.98,2446.62,285.9767
1787500080000,2446.63,2448.17,2445.89,2448.1,162.6168
1787500140000,2448.1,2448.1,2445.27,2445.5,261.5974
1787500200000,2445.5,2445.5,2444.37,2444.38,101.1458
1787500260000,2444.38,2445.48,2444.33,2444.65,160.975
1787500320000,2444.64,2445.04,2443.92,2443.99,126.4491
1787500380000,2443.99,2445.18,2443.17,2443.17,201.8202
1787500440000,2443.17,2443.17,2441.39,2441.88,204.6207
1787500500000,2441.87,2442.87,2441.65,2441.68,131.749
1787500560000,2441.67,2443.58,2441.67,2443.28,118.9618
1787500620000,2443.29,2443.32,2437.92,2439.47,283.9657
1787500680000,2439.46,2439.48,2436.25,2437.02,378.194
1787500740000,2437.02,2439.43,2437.02,2438.62,124.8224
1787500800000,2438.61,2441.66,2438.61,2441.06,110.6843
1787500860000,2441.06,2442.73,2441.01,2442.3,139.737
1787500920000,2442.3,2442.39,2441.14,2441.74,197.2729
1787500980000,2441.73,2445.3,2441.53,2444.02,268.6416
1787501040000,2444.01,2445.06,2444.01,2444.11,104.2631
1787501100000,2444.11,2444.48,2442.98,2444.33,62.6434
1787501160000,2444.33,2445.06,2443.23,2443.58,67.8468
1787501220000,2443.59,2443.59,2442.08,2442.23,63.4508
1787501280000,2442.24,2443.92,2442.24,2443.65,58.1359
1787501340000,2443.64,2443.64,2441.86,2441.86,38.5562
1787501400000,2441.86,2444.88,2441.67,2444.88,163.4931
1787501460000,2444.89,2445.85,2444.74,2445.84,138.7405
1787501520000,2445.84,2446.83,2443.24,2444.37,327.7118
1787501580000,2444.37,2445.51,2442.93,2445.47,204.3097
1787501640000,2445.47,2445.48,2444.75,2444.76,116.5449
1787501700000,2444.76,2444.76,2442.19,2442.72,169.3253
1787501760000,2442.71,2445.13,2442.71,2444.91,131.9301
1787501820000,2444.91,2445.9,2444.28,2445.43,163.916
1787501880000,2445.43,2445.44,2443.44,2443.76,117.9114
1787501940000,2443.77,2445.41,2442.41,2442.45,236.9285
1787502000000,2442.45,2444.7,2441.53,2444.69,107.9905
1787502060000,2444.69,2445.9,2443.78,2445.51,57.7238
1787502120000,2445.51,2445.59,2444.34,2444.34,48.266
1787502180000,2444.34,2445,2444.34,2444.83,67.8825
1787502240000,2444.83,2445,2444.1,2444.45,78.2632
1787502300000,2444.45,2446.32,2443.51,2446.1,148.2604
1787502360000,2446.11,2446.32,2444.96,2445.07,65.2988
1787502420000,2445.08,2445.12,2444.1,2445.11,28.9393
1787502480000,2445.12,2445.26,2444.99,2445.23,81.3987
1787502540000,2445.24,2446.84,2445.23,2446.83,152.122
1787502600000,2446.83,2446.84,2445.24,2445.25,105.733
1787502660000,2445.25,2446.84,2444.98,2446.84,251.312
1787502720000,2446.83,2449.31,2446.83,2449.29,252.5382
1787502780000,2449.29,2453.6,2448.73,2448.73,583.42
1787502840000,2448.73,2450.43,2448.73,2449.93,99.2985
1787502900000,2449.93,2450.94,2449.93,2450.42,98.3226
1787502960000,2450.43,2450.43,2448.3,2448.53,221.4791
1787503020000,2448.54,2449.07,2446.56,2446.6,149.1655
1787503080000,2446.6,2446.79,2446.08,2446.77,138.8196
1787503140000,2446.77,2447.16,2446.29,2447.07,56.3001
1787503200000,2447.08,2447.15,2446.87,2447.15,24.3582
1787503260000,2447.14,2447.15,2446.27,2446.83,80.2896
1787503320000,2446.83,2448.48,2446.83,2448.48,132.1214
1787503380000,2448.48,2449.04,2447.74,2447.74,59.806
1787503440000,2447.75,2447.75,2446.49,2446.49,45.3239
1787503500000,2446.49,2447.24,2445.53,2447.24,148.3922
1787503560000,2447.23,2448.39,2446.71,2448.39,98.1799
1787503620000,2448.38,2449.14,2447.4,2448.79,158.9294
1787503680000,2448.79,2448.94,2447.68,2448.79,234.2815
1787503740000,2448.79,2449.83,2448.79,2449.1,82.7843
1787503800000,2449.11,2450.41,2449.11,2449.44,88.1082
1787503860000,2449.43,2459.22,2449.43,2455.93,1722.3106
1787503920000,2455.93,2457.3,2452.88,2452.88,450.9231
1787503980000,2452.89,2453.76,2452.38,2452.38,137.8184
1787504040000,2452.39,2453.04,2452.38,2452.48,42.166
1787504100000,2452.47,2453.84,2452.47,2452.74,120.9574
1787504160000,2452.75,2453.04,2452.56,2452.57,85.9833
1787504220000,2452.56,2453.04,2452.38,2452.94,66.645
1787504280000,2452.94,2453.93,2452.5,2452.79,89.3962
1787504340000,2452.78,2453.43,2450.44,2450.56,266.3411
1787504400000,2450.56,2453.25,2450.56,2453.23,154.1513
1787504460000,2453.23,2454.3,2448.29,2448.29,359.7251
1787504520000,2448.29,2448.6,2444.56,2444.77,333.169
1787504580000,2444.77,2445.62,2432.81,2438.96,1543.2203
1787504640000,2438.92,2441.98,2437.95,2441.97,251.2216
1787504700000,2441.97,2448.12,2441.19,2447.62,525.3362
1787504760000,2447.62,2449.11,2446.78,2448.78,203.9693
1787504820000,2448.78,2449.47,2445.53,2445.53,115.4857
1787504880000,2445.52,2449.6,2445.44,2449.52,148.8042
1787504940000,2449.51,2450.94,2449.41,2450.93,100.6281
1787505000000,2450.93,2451.19,2448.7,2449.46,113.2588
1787505060000,2449.46,2449.52,2448.7,2448.8,52.6862
1787505120000,2448.79,2449.44,2448.43,2448.89,84.88
1787505180000,2448.89,2449.3,2448.74,2448.75,157.8655
1787505240000,2448.74,2448.75,2446.97,2447.57,134.0162
1787505300000,2447.57,2448.4,2438.56,2441.2,1283.3579
1787505360000,2441.2,2443.56,2440.9,2442.93,182.8265
1787505420000,2442.93,2446.4,2442.13,2446.37,242.9221
1787505480000,2446.37,2449,2443.48,2449,395.5667
1787505540000,2449,2449.14,2448.09,2448.98,170.3277
1787505600000,2448.99,2448.99,2447.77,2448.88,179.8822
1787505660000,2448.89,2449.64,2448.05,2448.05,235.6552
1787505720000,2448.05,2450,2448.05,2449.87,58.3206
1787505780000,2449.87,2449.88,2447.81,2447.81,39.4721
1787505840000,2447.8,2447.8,2444.29,2444.29,135.3841
1787505900000,2444.3,2445.14,2442.97,2444.28,278.5021
1787505960000,2444.29,2444.37,2441.62,2442.73,239.3507
1787506020000,2442.73,2442.73,2441,2441,43.2821
1787506080000,2441.01,2441.36,2439.07,2439.47,380.4796
1787506140000,2439.47,2441.41,2439.47,2441.26,142.6203
1787506200000,2441.25,2441.25,2440.28,2440.92,67.2465
1787506260000,2440.92,2440.92,2434.42,2436.49,502.8441
1787506320000,2436.5,2439.64,2434.24,2439.64,283.7344
1787506380000,2439.65,2440,2438.74,2438.74,61.4929
1787506440000,2438.74,2440.57,2438.74,2440.57,147.3947
1787506500000,2440.57,2441.6,2440.57,2441.6,30.3975
1787506560000,2441.59,2442.25,2441.59,2442.15,71.5376
1787506620000,2442.15,2444.36,2442.11,2442.94,261.4126
1787506680000,2442.94,2442.94,2441.99,2442.29,87.3851
1787506740000,2442.28,2442.62,2440.21,2440.48,165.3387
1787506800000,2440.48,2440.94,2438.82,2439.2,123.5217
1787506860000,2439.21,2439.54,2437.64,2437.65,209.5015
1787506920000,2437.65,2440.5,2437.64,2440.5,167.6146
1787506980000,2440.49,2441.76,2440.19,2441.31,55.0412
1787507040000,2441.31,2441.32,2438.32,2438.8,172.1828
1787507100000,2438.8,2446.59,2438.56,2445.99,744.1335
1787507160000,2445.99,2446.2,2444.15,2444.15,186.9619
1787507220000,2444.14,2444.47,2439.78,2439.86,192.9929
1787507280000,2439.86,2441.54,2439.61,2440.71,330.052
1787507340000,2440.7,2441.28,2440.49,2440.73,152.6182
1787507400000,2440.72,2440.85,2440.07,2440.2,73.7691
1787507460000,2440.21,2441.31,2440.21,2441.05,145.5046
1787507520000,2441.06,2441.54,2440.46,2440.79,173.1381
1787507580000,2440.79,2442.21,2440.4,2441.51,296.1041
1787507640000,2441.5,2441.91,2439.45,2439.46,142.3599
1787507700000,2439.46,2440.25,2439.34,2439.35,87.8658
1787507760000,2439.34,2440.23,2438.88,2440.02,36.9435
1787507820000,2440.02,2440.96,2439.83,2440.86,76.7392
1787507880000,2440.85,2441.58,2440.85,2441.58,26.2091
1787507940000,2441.57,2441.76,2440.11,2440.12,48.6017
1787508000000,2440.11,2441,2439.64,2440.75,134.0545
1787508060000,2440.79,2440.87,2438.79,2439.83,145.2903
1787508120000,2439.82,2440.19,2438.97,2439.82,67.7474
1787508180000,2439.82,2440.46,2439.4,2439.69,61.8204
1787508240000,2439.69,2440.03,2439.35,2439.76,54.2642
1787508300000,2439.77,2439.77,2438.62,2439,197.4686
1787508360000,2439,2439.86,2436.84,2438.13,329.3544
1787508420000,2438.12,2438.12,2434.83,2435.07,405.0769
1787508480000,2435.06,2436.72,2435.06,2436.36,274.5599
1787508540000,2436.37,2440.2,2436.37,2440.2,180.9358
1787508600000,2440.19,2442.76,2439.73,2442.75,234.8848
1787508660000,2442.76,2445.35,2442.75,2443.77,243.8977
1787508720000,2443.76,2449,2443.61,2448.99,491.9239
1787508780000,2448.99,2449.26,2446.1,2446.6,126.0607
1787508840000,2446.6,2447.94,2445.16,2445.16,76.614
1787508900000,2445.15,2448.03,2444.49,2447.71,184.2456
1787508960000,2447.7,2448.18,2446.14,2447.1,181.5899
1787509020000,2447.11,2448.68,2447.1,2447.27,178.1675
1787509080000,2447.27,2447.59,2445.59,2446.52,166.1455
1787509140000,2446.52,2446.77,2444.23,2444.77,170.4545
1787509200000,2444.77,2446.84,2444.4,2446.33,139.9322
1787509260000,2446.33,2447.54,2445.93,2447.48,80.1102
1787509320000,2447.48,2447.48,2445.19,2445.19,50.9928
1787509380000,2445.18,2446.84,2443.99,2446.4,170.3492
1787509440000,2446.4,2446.65,2446,2446,41.0573
1787509500000,2445.99,2446.84,2445.53,2446.79,77.2229
1787509560000,2446.8,2447.16,2446.79,2447.15,40.3425
1787509620000,2447.16,2447.64,2446.82,2446.93,69.8848
1787509680000,2446.93,2448.61,2446.93,2447.4,222.989
1787509740000,2447.4,2448.11,2446.57,2446.58,44.334
1787509800000,2446.58,2447.11,2446.44,2446.78,42.9982
1787509860000,2446.77,2446.78,2445.01,2446.39,88.7282
1787509920000,2446.39,2446.4,2444.8,2445.66,117.3022
1787509980000,2445.65,2445.65,2444.55,2445.18,93.018
1787510040000,2445.17,2445.92,2444.24,2444.24,180.0188
1787510100000,2444.24,2447.44,2444.24,2447.44,86.3409
1787510160000,2447.43,2447.59,2446.15,2447.59,545.5231
1787510220000,2447.43,2448,2447.42,2448,36.0896
1787510280000,2447.99,2448.29,2447.45,2447.45,62.2259
1787510340000,2447.44,2447.44,2445.88,2445.88,49.6294
1787510400000,2445.88,2448.12,2445.87,2448.11,100.5468
1787510460000,2448.12,2448.52,2447.79,2447.96,128.3367
1787510520000,2447.96,2447.96,2446.98,2447.07,44.1569
1787510580000,2447.08,2447.85,2447.07,2447.75,34.6377
1787510640000,2447.74,2447.79,2447.53,2447.54,59.0398
1787510700000,2447.54,2447.63,2445.51,2446.64,215.742
1787510760000,2446.65,2446.65,2445.47,2446.24,62.3178
1787510820000,2446.23,2446.32,2444.96,2445.03,60.5196
1787510880000,2445.02,2446.02,2444.96,2446.02,55.2678
1787510940000,2446.02,2446.15,2446.01,2446.14,16.0582
1787511000000,2446.15,2446.78,2445.11,2445.11,107.9787
1787511060000,2445.1,2446.03,2445.1,2446.03,76.1124
1787511120000,2446.03,2447.03,2446.01,2446.98,190.6442
1787511180000,2446.98,2447.15,2445.9,2446.71,155.7995
1787511240000,2446.71,2446.84,2446.7,2446.84,21.8742
1787511300000,2446.84,2448.84,2446.83,2448.72,211.7025
1787511360000,2448.71,2448.78,2446.91,2446.99,61.6298
1787511420000,2447,2447.47,2446.99,2447.18,30.2042
1787511480000,2447.19,2448.75,2447.19,2448.73,79.1483
1787511540000,2448.73,2449.27,2448.57,2448.68,131.3323
1787511600000,2448.68,2449.39,2447.95,2449.32,67.2068
1787511660000,2449.31,2450.21,2447.2,2448.3,311.8641
1787511720000,2448.29,2449.6,2446.63,2447.32,265.3329
1787511780000,2447.33,2448.11,2447.32,2447.47,48.8754
1787511840000,2447.46,2449.4,2447.46,2447.56,120.2243
1787511900000,2447.56,2447.93,2447,2447.2,81.4943
1787511960000,2447.19,2447.56,2447.04,2447.4,87.9649
1787512020000,2447.41,2447.41,2446.86,2446.86,69.998
1787512080000,2446.86,2446.86,2446.47,2446.7,63.5559
1787512140000,2446.69,2446.69,2445.54,2445.54,67.4399
1787512200000,2445.53,2445.55,2445.21,2445.22,85.5381
1787512260000,2445.21,2445.21,2441.41,2441.76,292.7598
1787512320000,2441.76,2442.07,2441.58,2441.91,70.5271
1787512380000,2441.92,2443.24,2441.22,2443.2,204.4172
1787512440000,2443.21,2443.43,2443.08,2443.26,47.099
1787512500000,2443.27,2443.55,2441.38,2443.53,413.5
1787512560000,2443.54,2443.8,2443.21,2443.63,60.2412
1787512620000,2443.62,2444.27,2443.62,2444.26,25.6587
1787512680000,2444.26,2444.69,2444.13,2444.68,41.7771
1787512740000,2444.69,2444.78,2444.6,2444.6,41.3744
1787512800000,2444.6,2444.78,2444.59,2444.78,13.2812
1787512860000,2444.77,2444.94,2444.64,2444.94,139.2657
1787512920000,2444.94,2444.95,2443.47,2443.64,77.5876
1787512980000,2443.65,2444.63,2443.64,2444.63,18.1329
1787513040000,2444.64,2444.64,2443.59,2443.63,135.2626
1787513100000,2443.64,2443.84,2443.08,2443.08,49.5194
1787513160000,2443.08,2443.48,2443.08,2443.47,22.1306
1787513220000,2443.48,2443.48,2441.54,2442.29,130.6501
1787513280000,2442.3,2442.3,2442.05,2442.11,38.5975
1787513340000,2442.11,2443.17,2442.1,2443.04,54.7226
1787513400000,2443.04,2443.04,2441.98,2441.98,46.0118
1787513460000,2441.99,2441.99,2440.6,2440.88,210.793
1787513520000,2440.88,2441.28,2440.35,2440.35,107.122
1787513580000,2440.35,2441.89,2437.44,2441.28,592.3756
1787513640000,2441.29,2442.9,2440.89,2442.89,95.2583
1787513700000,2442.89,2442.89,2441.84,2442.63,148.2354
1787513760000,2442.63,2443.77,2442.58,2443.77,68.4438
1787513820000,2443.77,2444.02,2443.77,2443.89,33.2193
1787513880000,2443.9,2444.52,2443.12,2444.52,101.0472
1787513940000,2444.51,2445,2443.73,2445,121.6773
1787514000000,2444.99,2447.06,2444.99,2447.05,190.7413
1787514060000,2447.06,2447.18,2445.36,2446.01,77.3935
1787514120000,2446.01,2446.27,2444.68,2445,103.8818
1787514180000,2445,2447.39,2445,2447.17,181.6693
1787514240000,2447.17,2448.16,2447.17,2448.13,59.3253
1787514300000,2448.13,2454.16,2448.01,2450.22,1078.158
1787514360000,2450.23,2452.21,2450.23,2451.07,127.4911
1787514420000,2451.07,2451.07,2450.17,2451,62.6984
1787514480000,2451,2451.18,2450.79,2451.18,60.787
1787514540000,2451.18,2451.18,2449.95,2449.95,28.896
1787514600000,2449.95,2449.96,2449.23,2449.23,44.8071
1787514660000,2449.23,2449.86,2448.99,2449.31,95.0478
1787514720000,2449.31,2449.31,2447.68,2447.68,99.1971
1787514780000,2447.67,2447.68,2447.38,2447.48,27.8243
1787514840000,2447.48,2447.68,2447.33,2447.34,52.4229
1787514900000,2447.33,2447.34,2446.62,2446.62,112.1422
1787514960000,2446.62,2446.62,2445.94,2445.94,66.3363
1787515020000,2445.94,2445.95,2445.45,2445.56,73.9005
1787515080000,2445.56,2446.63,2445.45,2445.45,64.4827
1787515140000,2445.45,2445.46,2444.95,2444.96,69.4022
1787515200000,2444.95,2444.95,2443.29,2444.65,214.5218
1787515260000,2444.65,2444.65,2441.73,2442.25,188.8765
1787515320000,2442.25,2442.74,2438.32,2438.33,336.0198
1787515380000,2438.33,2440.26,2436.41,2439.13,605.9326
1787515440000,2439.13,2439.22,2436.61,2437.3,217.262
1787515500000,2437.29,2439.76,2437.29,2439.32,100.4602
1787515560000,2439.33,2439.33,2436.71,2437.16,130.6039
1787515620000,2437.17,2439.26,2437.17,2439.16,131.9518
1787515680000,2439.17,2440.08,2439.16,2440.07,50.4429
1787515740000,2440.07,2440.45,2440.07,2440.44,22.6391
1787515800000,2440.45,2441.86,2440.44,2441.65,79.3706
1787515860000,2441.65,2441.65,2440.94,2441.28,42.2402
1787515920000,2441.29,2442.15,2440.79,2442.15,113.0737
1787515980000,2442.15,2442.15,2440.91,2441.51,41.8987
1787516040000,2441.51,2441.8,2441.09,2441.46,45.0899
1787516100000,2441.45,2441.5,2440.78,2440.79,51.8771
1787516160000,2440.78,2441.71,2440.78,2441.53,106.691
1787516220000,2441.53,2442.46,2441.53,2442.45,69.2032
1787516280000,2442.45,2442.85,2441.4,2442.58,132.8705
1787516340000,2442.59,2442.74,2442.01,2442.73,37.6754
1787516400000,2442.73,2445.35,2442.73,2445.34,110.4779
1787516460000,2445.35,2446.07,2445.15,2446.07,63.0183
1787516520000,2446.06,2446.51,2445.92,2446.24,96.6209
1787516580000,2446.23,2446.23,2445.27,2445.44,37.9661
1787516640000,2445.43,2447.38,2445.42,2447.37,100.6929
1787516700000,2447.37,2448.15,2446.22,2448.13,134.7426
1787516760000,2448.14,2448.15,2447.84,2448.15,33.5137
1787516820000,2448.15,2449.01,2447.1,2448.2,245.2315
1787516880000,2448.21,2448.44,2448.19,2448.25,61.7978
1787516940000,2448.25,2448.25,2445.34,2445.62,81.8144
1787517000000,2445.62,2446.52,2445.62,2446.52,41.9641
1787517060000,2446.51,2447.85,2446.51,2447.84,53.692
1787517120000,2447.84,2448.74,2447.64,2448.74,46.4061
1787517180000,2448.74,2448.74,2447.46,2447.46,108.1813
1787517240000,2447.46,2448.12,2447.12,2447.28,81.6286
1787517300000,2447.28,2447.82,2447.28,2447.82,28.2455
1787517360000,2447.82,2447.82,2446.65,2447.38,93.4162
1787517420000,2447.38,2447.96,2446.82,2447.94,172.0131
1787517480000,2447.94,2448.99,2447.93,2448.99,41.3415
1787517540000,2448.98,2448.99,2448.1,2448.89,62.1911
1787517600000,2448.89,2449,2448.48,2448.52,128.5317
1787517660000,2448.51,2448.79,2447.84,2448.79,82.6526
1787517720000,2448.79,2448.79,2448.56,2448.59,68.9314
1787517780000,2448.58,2449,2448.58,2449,31.0916
1787517840000,2448.99,2450,2448.99,2449.69,103.6994
1787517900000,2449.69,2449.69,2446.6,2447.87,554.7144
1787517960000,2447.86,2448.7,2447.35,2448.7,162.5673
1787518020000,2448.69,2448.99,2448.4,2448.99,48.64
1787518080000,2448.99,2449.26,2448.67,2449.2,92.9807
1787518140000,2449.19,2449.25,2447.7,2448.1,174.6949
1787518200000,2448.1,2448.84,2448.06,2448.84,166.9683
1787518260000,2448.83,2450,2448.51,2449.99,141.6278
1787518320000,2450,2450,2448.83,2449.33,186.2615
1787518380000,2449.33,2449.62,2448.55,2449.49,202.2509
1787518440000,2449.5,2449.59,2448.33,2449.24,211.6211
1787518500000,2449.24,2449.37,2449.03,2449.16,175.8007
1787518560000,2449.16,2450.72,2449.16,2450.45,248.6352
1787518620000,2450.46,2450.46,2449.38,2449.38,221.526
1787518680000,2449.39,2450.11,2449.38,2449.5,173.3284
1787518740000,2449.5,2450.48,2449.49,2450.48,132.8945
1787518800000,2450.48,2452,2450.47,2452,186.0088
1787518860000,2452,2455,2451.06,2454.29,430.113
1787518920000,2454.29,2456.25,2454.29,2455.61,640.1743
1787518980000,2455.6,2464.21,2455.42,2461.33,1700.4862
1787519040000,2461.32,2466.48,2460.54,2466.17,1289.3236
1787519100000,2466.17,2466.17,2462.77,2463.79,642.4708
1787519160000,2463.78,2463.78,2461.65,2463.31,258.8551
1787519220000,2463.3,2463.31,2460.3,2460.49,251.5696
1787519280000,2460.48,2464.34,2459.82,2463.7,750.9085
1787519340000,2463.7,2469.52,2463.61,2465.48,906.4235
1787519400000,2465.47,2465.47,2461.83,2463.59,364.4641
1787519460000,2463.58,2467.07,2463.49,2463.49,546.2458
1787519520000,2463.5,2464.24,2462.84,2464.24,212.559
1787519580000,2464.25,2466.11,2463.93,2464.86,364.3302
1787519640000,2464.87,2466.2,2463.37,2466.17,329.6311
1787519700000,2466.18,2468.5,2466.12,2466.99,411.4272
1787519760000,2466.98,2476.12,2466.84,2474.55,3280.2028
1787519820000,2474.54,2474.71,2471.69,2472.05,372.2321
1787519880000,2472.04,2475.37,2470.96,2474.87,459.1701
1787519940000,2474.87,2474.87,2472.26,2474.24,319.9819
1787520000000,2474.24,2475.37,2472.64,2475.06,134.7655
1787520060000,2475.05,2475.05,2471.56,2472.74,364.7106
1787520120000,2472.73,2474.15,2469.84,2470.04,130.9675
1787520180000,2470.03,2472.94,2468.24,2472.8,348.458
1787520240000,2472.8,2472.8,2469.53,2470.53,106.8175
1787520300000,2470.54,2470.81,2468.43,2470.31,261.5689
1787520360000,2470.3,2473.34,2470.3,2472.59,192.6371
1787520420000,2472.58,2472.58,2469.61,2470.96,1034.7552
1787520480000,2470.96,2474.82,2470.96,2474.54,214.7589
1787520540000,2474.54,2479.81,2473.92,2477.04,585.3155
1787520600000,2477.03,2483,2477.02,2479.17,984.3806
1787520660000,2479.16,2480.96,2477.23,2480.81,233.6751
1787520720000,2480.82,2483.12,2480,2482.24,401.3119
1787520780000,2482.23,2483.94,2481.83,2483.57,276.984
1787520840000,2483.58,2484.62,2478.66,2478.67,874.1565
1787520900000,2478.68,2478.68,2464.26,2466.75,777.8793
1787520960000,2466.74,2473.66,2466.67,2473.49,1089.2972
1787521020000,2473.48,2474.9,2468.63,2468.91,982.7951
1787521080000,2468.91,2469.7,2466.21,2468.27,310.9248
1787521140000,2468.27,2469.08,2459.49,2461.7,941.5778
1787521200000,2461.71,2464.3,2460.16,2462.25,172.5579
1787521260000,2462.25,2463.47,2460.12,2461.92,548.0358
1787521320000,2461.92,2464,2461.52,2462.72,174.8109
1787521380000,2462.72,2462.72,2460.54,2461.99,156.179
1787521440000,2461.98,2463,2460.92,2461.38,184.1065
1787521500000,2461.38,2466.92,2461.38,2466.92,322.2187
1787521560000,2466.91,2468.21,2466.53,2467.19,161.2306
1787521620000,2467.18,2468.21,2464.94,2464.94,80.0083
1787521680000,2464.94,2467,2464.94,2467,93.6657
1787521740000,2467,2468.21,2466.33,2467.52,192.1027
1787521800000,2467.53,2469,2466.61,2468.99,77.0185
1787521860000,2468.99,2472.13,2468.11,2471.65,437.206
1787521920000,2471.65,2472.38,2471.34,2471.34,266.3319
1787521980000,2471.35,2478.96,2471.34,2477.62,662.2665
1787522040000,2477.62,2477.62,2473.46,2473.97,374.7925
1787522100000,2473.97,2474.24,2470.21,2470.33,207.1796
1787522160000,2470.33,2472.84,2470.08,2472.63,155.6772
1787522220000,2472.63,2473.24,2470,2470.01,93.2706
1787522280000,2470,2470,2466.22,2468.16,227.8528
1787522340000,2468.17,2471.08,2468.17,2469.97,273.8705
1787522400000,2469.96,2474.53,2468.04,2474.06,262.3521
1787522460000,2474.05,2474.05,2457.31,2463.18,1072.2965
1787522520000,2463.17,2464.17,2458.45,2459.98,817.8157
1787522580000,2459.98,2461.84,2456.46,2457.83,571.6818
1787522640000,2457.83,2459.86,2455.04,2459.86,374.766
1787522700000,2459.86,2462.48,2456.86,2458.7,365.4243
1787522760000,2458.7,2459.63,2457.23,2458.57,368.2231
1787522820000,2458.58,2460.82,2457.76,2459.66,279.5319
1787522880000,2459.66,2461.82,2459.37,2461.12,195.0475
1787522940000,2461.13,2463.25,2460.21,2462.61,333.8561
1787523000000,2462.6,2464.99,2461.47,2463.49,190.9796
1787523060000,2463.48,2465.55,2462.26,2462.74,326.7952
1787523120000,2462.73,2464.79,2462.64,2463.13,184.111
1787523180000,2463.12,2463.93,2461.86,2462.93,140.0363
1787523240000,2462.93,2463.79,2460.33,2463.58,167.796
1787523300000,2463.57,2463.57,2460.57,2462.55,268.6482
1787523360000,2462.54,2466.34,2461.93,2466.17,418.4263
1787523420000,2466.16,2466.16,2458.24,2459.69,573.882
1787523480000,2459.7,2462.08,2459.7,2461.7,281.98
1787523540000,2461.71,2464.6,2461.54,2464.6,210.612
1787523600000,2464.59,2465.29,2463.28,2464.72,178.3945
1787523660000,2464.72,2465.1,2463.41,2463.46,199.6336
1787523720000,2463.46,2464.51,2461.96,2463.34,386.126
1787523780000,2463.33,2464.6,2462.81,2463.74,122.5578
1787523840000,2463.74,2464.38,2462.54,2463.99,94.7714
1787523900000,2463.99,2464.42,2463.11,2464.12,86.4253
1787523960000,2464.11,2464.11,2461.71,2461.81,119.14
1787524020000,2461.81,2465.8,2461.2,2465.48,82.2456
1787524080000,2465.49,2467.29,2462.95,2463.16,267.4081
1787524140000,2463.16,2463.16,2460.27,2460.35,107.3694
1787524200000,2460.34,2461.81,2459.67,2461.29,119.5721
1787524260000,2461.3,2463.12,2461,2461.01,118.276
1787524320000,2461.01,2461.68,2460.29,2460.43,121.428
1787524380000,2460.44,2460.44,2458.4,2459.38,273.0308
1787524440000,2459.37,2460.44,2457.59,2460.1,286.5565
1787524500000,2460.11,2461.9,2459.34,2459.45,112.7782
1787524560000,2459.45,2459.59,2457.32,2458.36,152.4135
1787524620000,2458.35,2458.36,2456.64,2456.83,105.9359
1787524680000,2456.84,2457.59,2456.15,2457.54,124.5384
1787524740000,2457.59,2461.51,2457.59,2461.14,160.4485
1787524800000,2461.14,2461.76,2459.15,2459.15,198.0942
1787524860000,2459.16,2460.55,2456.58,2457.3,202.3941
1787524920000,2457.3,2459.47,2457.3,2459.47,251.475
1787524980000,2459.48,2459.88,2458.65,2459.45,38.4863
1787525040000,2459.45,2459.45,2458.73,2459.13,33.775
1787525100000,2459.12,2459.56,2456.03,2456.37,182.551
1787525160000,2456.38,2459.88,2456.38,2459.76,125.941
1787525220000,2459.75,2460.62,2459.59,2460.17,272.5433
1787525280000,2460.17,2461,2458.99,2460.99,133.7266
1787525340000,2461,2461,2460.3,2460.88,46.3571
1787525400000,2460.89,2461.1,2458.67,2458.68,400.6147
1787525460000,2458.69,2459.87,2457.88,2459.86,213.3055
1787525520000,2459.86,2460.88,2457.96,2457.96,238.0362
1787525580000,2457.95,2458.65,2457.24,2457.71,289.8721
1787525640000,2457.71,2458.34,2456.48,2457.04,247.7722
1787525700000,2457.04,2457.48,2455.99,2456,260.3119
1787525760000,2456,2456,2454.17,2454.68,496.3976
1787525820000,2454.67,2455.01,2452.93,2452.94,327.4505
1787525880000,2452.94,2454.29,2451.89,2454.29,297.0584
1787525940000,2454.29,2455.71,2454.04,2455.05,297.1671
1787526000000,2455.04,2455.69,2453.52,2455.33,112.354
1787526060000,2455.33,2455.33,2452.63,2452.79,112.4143
1787526120000,2452.78,2452.78,2449.36,2450.25,637.5608
1787526180000,2450.25,2450.25,2446.65,2447.42,502.4671
1787526240000,2447.41,2450.77,2446.68,2449.46,343.2486
1787526300000,2449.47,2450.43,2448.83,2448.84,245.2456
1787526360000,2448.84,2448.84,2441.78,2447.27,1279.5807
1787526420000,2447.27,2449.95,2447.27,2448.81,603.1789
1787526480000,2448.81,2450.94,2448.8,2449.51,384.952
1787526540000,2449.52,2452.11,2449.52,2451.94,159.2843
1787526600000,2451.94,2454.38,2449.19,2449.19,266.0829
1787526660000,2449.19,2449.54,2446.37,2446.37,210.7904
1787526720000,2446.37,2447.74,2446.02,2447.74,327.7706
1787526780000,2447.75,2449.13,2446.92,2449.13,318.3845
1787526840000,2449.13,2449.48,2447.68,2448.69,230.2821
1787526900000,2448.69,2449.44,2447.99,2449.44,237.6891
1787526960000,2449.45,2452,2449.45,2451.23,215.2126
1787527020000,2451.23,2453.79,2450.68,2452.14,332.5236
1787527080000,2452.14,2456.65,2452.11,2456.65,303.2981
1787527140000,2456.65,2457.45,2453.85,2454.24,294.3861
1787527200000,2454.25,2454.39,2452.65,2454.39,120.341
1787527260000,2454.39,2454.72,2452.34,2452.6,131.9998
1787527320000,2452.6,2452.94,2451.69,2452,120.6143
1787527380000,2452,2452.01,2449.71,2450.93,217.8279
1787527440000,2450.94,2452.12,2450.5,2450.94,172.1856
1787527500000,2450.94,2451.68,2448.8,2450.54,305.5815
1787527560000,2450.55,2452.52,2449.56,2452.52,114.1239
1787527620000,2452.52,2454.16,2452.45,2453.32,179.9777
1787527680000,2453.31,2454.29,2453.17,2454.28,80.3391
1787527740000,2454.29,2459.48,2454.17,2458.49,516.4234
1787527800000,2458.49,2468.64,2458.05,2465.6,1399.4423
1787527860000,2465.6,2471.02,2464.36,2469.97,908.1994
1787527920000,2469.97,2470.56,2464.03,2464.65,307.6496
1787527980000,2464.64,2465.15,2462.25,2462.54,259.5329
1787528040000,2462.54,2463.25,2460,2461.5,272.7139
1787528100000,2461.51,2464.13,2460.68,2460.68,219.4258
1787528160000,2460.69,2461.28,2459.16,2459.17,188.6735
1787528220000,2459.16,2461.34,2458.27,2458.28,264.9008
1787528280000,2458.28,2459.08,2456.49,2456.72,242.6742
1787528340000,2456.71,2456.72,2454.14,2455.97,309.0755
1787528400000,2455.98,2457.48,2454.6,2457.4,200.4016
1787528460000,2457.39,2457.39,2455.26,2455.26,83.2478
1787528520000,2455.26,2455.6,2452.41,2452.75,369.5481
1787528580000,2452.74,2454.19,2452.14,2452.14,191.0106
1787528640000,2452.13,2454.37,2448.85,2454.07,551.2462
1787528700000,2454.08,2455.12,2453.72,2454.36,126.1241
1787528760000,2454.36,2457.29,2454.36,2457.17,134.0343
1787528820000,2457.17,2457.84,2456.56,2456.58,120.0685
1787528880000,2456.58,2457.65,2456.57,2457.46,29.6121
1787528940000,2457.47,2457.84,2456.5,2457.84,27.0276
1787529000000,2457.83,2459.2,2457.83,2459.2,83.8068
1787529060000,2459.2,2466.29,2459.2,2462.52,1205.3701
1787529120000,2462.52,2462.52,2460.54,2461.22,95.9712
1787529180000,2461.21,2461.21,2459.81,2459.81,76.1126
1787529240000,2459.82,2462.25,2459.55,2462.12,128.2281
1787529300000,2462.11,2464.65,2461.92,2463.99,259.9086
1787529360000,2463.98,2463.98,2462.5,2462.5,48.4103
1787529420000,2462.51,2465.42,2462.2,2464.48,164.6226
1787529480000,2464.48,2464.79,2463.04,2463.04,42.2696
1787529540000,2463.04,2463.41,2462.31,2463.41,49.8164
1787529600000,2463.42,2464,2462.32,2463.96,183.5622
1787529660000,2463.96,2463.96,2462.07,2462.24,189.0763
1787529720000,2462.24,2462.25,2460.71,2460.94,190.9624
1787529780000,2460.95,2461.21,2459.69,2460.06,404.4628
1787529840000,2460.07,2460.07,2456.71,2457.54,551.2649
1787529900000,2457.53,2459.99,2457.28,2457.28,144.7986
1787529960000,2457.28,2457.33,2454,2454,260.1114
1787530020000,2453.99,2456.44,2452.85,2453.13,265.3479
1787530080000,2453.13,2456.63,2453.1,2456.48,285.5352
1787530140000,2456.48,2461.1,2456.05,2460.89,160.4059
1787530200000,2460.88,2460.92,2457.8,2460.92,74.6592
1787530260000,2460.92,2461.32,2457.33,2459.15,144.5094
1787530320000,2459.15,2460.39,2459.14,2460.26,73.983
1787530380000,2460.26,2460.26,2458.85,2458.85,76.7606
1787530440000,2458.84,2458.89,2457.27,2458.89,129.8815
1787530500000,2458.89,2459.7,2457.57,2457.57,74.9462
1787530560000,2457.58,2457.6,2455.96,2456.5,147.2505
1787530620000,2456.51,2456.52,2453.46,2454.68,339.5661
1787530680000,2454.68,2458.57,2453,2458.17,166.9162
1787530740000,2458.17,2458.85,2455.32,2456.58,229.8486
1787530800000,2456.58,2456.6,2453.56,2454.66,234.0937
1787530860000,2454.65,2454.65,2450.63,2450.64,628.8446
1787530920000,2450.64,2452,2450.12,2451.99,221.5329
1787530980000,2452,2452.94,2450.98,2452.93,942.3706
1787531040000,2452.92,2452.92,2451.01,2451.41,120.3359
1787531100000,2451.4,2451.41,2448,2449.01,275.6741
1787531160000,2449.01,2449.8,2446.91,2447.93,265.1092
1787531220000,2447.93,2448.02,2443.9,2447.89,575.3822
1787531280000,2447.9,2450.6,2447.9,2450.6,270.2389
1787531340000,2450.6,2451.78,2450.22,2451.28,176.2139
1787531400000,2451.29,2453.42,2450,2450.71,154.2229
1787531460000,2450.71,2452.55,2450.71,2451.64,138.3645
1787531520000,2451.64,2454.28,2451.64,2454.11,104.2276
1787531580000,2454.12,2456,2454.11,2456,63.3819
1787531640000,2456,2456.92,2455.02,2456.89,201.9078
1787531700000,2456.89,2459.99,2454.84,2459.99,205.7058
1787531760000,2460,2460,2454.8,2454.8,339.1933
1787531820000,2454.8,2457.04,2454.7,2455.89,121.3426
1787531880000,2455.89,2455.89,2453.89,2454.41,77.2239
1787531940000,2454.41,2455.84,2451.8,2452.23,273.6679
1787532000000,2452.24,2453.41,2450.93,2452.58,251.3526
1787532060000,2452.58,2453.56,2451.57,2452.28,100.7048
1787532120000,2452.27,2452.75,2451.44,2451.55,61.758
1787532180000,2451.55,2451.55,2449.54,2449.54,105.395
1787532240000,2449.54,2450.05,2444.08,2445.67,315.8458
1787532300000,2445.68,2449.92,2442.35,2448.85,389.3742
1787532360000,2448.86,2448.86,2443.01,2445.81,166.0084
1787532420000,2445.81,2447.36,2445,2446.8,106.2981
1787532480000,2446.8,2453.93,2445.82,2452.96,721.2416
1787532540000,2452.96,2453.04,2449.32,2452.2,135.873
1787532600000,2452.21,2455.39,2451.66,2453.54,163.6761
1787532660000,2453.53,2457.26,2453.41,2454.55,193.1902
1787532720000,2454.56,2458.02,2454.56,2457.26,199.8696
1787532780000,2457.27,2458.58,2457.2,2458.09,162.0586
1787532840000,2458.09,2458.37,2456.88,2458.36,57.344
1787532900000,2458.36,2458.56,2456.41,2458.55,158.203
1787532960000,2458.56,2460,2457.65,2459.4,223.8613
1787533020000,2459.41,2461,2459.4,2460.76,182.5124
1787533080000,2460.73,2462.7,2460.62,2462.69,284.0558
1787533140000,2462.7,2465.9,2462.42,2465.11,464.2089
1787533200000,2465.11,2466,2460.95,2461.25,300.5972
1787533260000,2461.27,2462.78,2460.72,2460.72,165.8459
1787533320000,2460.7,2461.37,2458.84,2459.89,252.1685
1787533380000,2459.89,2462.36,2458.58,2462.36,237.073
1787533440000,2462.36,2466.98,2462.24,2463.04,522.569
1787533500000,2463.05,2464.29,2459.6,2461.02,187.0382
1787533560000,2461.03,2462.65,2459.65,2459.65,161.1031
1787533620000,2459.64,2459.64,2458.44,2458.46,81.1195
1787533680000,2458.47,2458.6,2456.29,2456.89,256.0068
1787533740000,2456.89,2456.94,2453.88,2454.91,472.6795
1787533800000,2454.93,2456.54,2454.28,2456.54,86.1124
1787533860000,2456.54,2458.96,2455.25,2458.93,109.811
1787533920000,2458.92,2459.53,2456.55,2457.04,138.2455
1787533980000,2457.01,2457.73,2456.38,2457.27,92.5561
1787534040000,2457.29,2457.32,2453.9,2453.9,46.752
1787534100000,2453.89,2453.89,2449.6,2450.58,446.6504
1787534160000,2450.59,2452.32,2449.46,2452.32,141.5985
1787534220000,2452.32,2453.2,2450.01,2451.01,248.7265
1787534280000,2451,2453.4,2449.92,2451.91,146.4501
1787534340000,2451.9,2454.1,2451.46,2451.47,71.0897
1787534400000,2451.47,2451.47,2448.28,2448.56,208.3321
1787534460000,2448.55,2450,2444.46,2450,647.4331
1787534520000,2450,2451.42,2448.97,2451.42,226.8829
1787534580000,2451.43,2451.77,2448.39,2448.39,342.4666
1787534640000,2448.4,2449.21,2442.51,2444.06,900.499
1787534700000,2444.05,2449.19,2443.95,2448.22,106.8654
1787534760000,2448.21,2448.88,2446.14,2446.58,176.6238
1787534820000,2446.58,2447.04,2445,2445.46,121.054
1787534880000,2445.46,2446.35,2444.49,2445.22,398.5765
1787534940000,2445.22,2446.23,2444.6,2444.61,127.3217
1787535000000,2444.61,2444.94,2442.75,2442.75,161.2255
1787535060000,2442.76,2445.27,2442.76,2445,141.8284
1787535120000,2444.99,2448.31,2444.77,2447.92,189.6114
1787535180000,2447.92,2448.65,2446.36,2448.33,184.201
1787535240000,2448.33,2449.7,2448.21,2449.29,152.1023
1787535300000,2449.29,2449.67,2444.92,2444.92,150.6149
1787535360000,2444.9,2444.9,2438.18,2441.05,998.2528
1787535420000,2441.04,2441.05,2436.48,2437.65,1016.9287
1787535480000,2437.65,2439.59,2434.72,2436.36,503.6052
1787535540000,2436.36,2440.42,2436.36,2440.42,223.2705
1787535600000,2440.42,2441.58,2440.42,2440.7,144.7812
1787535660000,2440.71,2441.15,2439.39,2441.02,165.5665
1787535720000,2441.02,2442.1,2440.67,2441.8,227.81
1787535780000,2441.8,2441.8,2439.67,2440.1,190.6012
1787535840000,2440.11,2440.33,2438.41,2439.31,177.363
1787535900000,2439.31,2439.83,2435.23,2438.65,189.0772
1787535960000,2438.64,2441.24,2438.64,2439.39,88.708
1787536020000,2439.39,2440.16,2435.39,2435.97,207.3013
1787536080000,2435.97,2438.63,2435.87,2437.94,260.0688
1787536140000,2437.94,2438.97,2435.61,2437.36,118.5612
1787536200000,2437.35,2438,2435.91,2436.91,340.8416
1787536260000,2436.91,2437.45,2434.01,2434.17,355.7772
1787536320000,2434.17,2435.9,2434.17,2435.83,145.2047
1787536380000,2435.84,2437.98,2433.5,2437.34,366.7732
1787536440000,2437.34,2437.35,2435.31,2436.8,74.6779
1787536500000,2436.79,2437.14,2433.3,2434.29,538.8489
1787536560000,2434.28,2434.53,2430.42,2433.42,776.7408
1787536620000,2433.42,2433.42,2428.04,2430.72,799.4784
1787536680000,2430.72,2432.14,2427.27,2431.56,417.0609
1787536740000,2431.55,2432.08,2429.12,2429.4,476.8587
1787536800000,2429.4,2432,2427.58,2427.92,335.2269
1787536860000,2427.92,2429.62,2426.74,2426.75,465.9449
1787536920000,2426.75,2428.46,2424.73,2428.46,703.2689
1787536980000,2428.46,2428.79,2425.31,2426.68,422.1748
1787537040000,2426.69,2435.37,2426.69,2435.25,519.2001
1787537100000,2435.2,2437.8,2434.08,2436.56,418.1564
1787537160000,2436.56,2437.56,2432.54,2432.54,312.2729
1787537220000,2432.53,2435.03,2432.39,2434.1,301.0451
1787537280000,2434.11,2435.36,2433.24,2435.19,66.967
1787537340000,2435.2,2436.34,2434.77,2435.99,129.2891
1787537400000,2435.99,2436.42,2434.33,2436.42,262.1635
1787537460000,2436.42,2438.66,2435.58,2438.65,158.047
1787537520000,2438.66,2440,2438.23,2439.99,366.4263
1787537580000,2439.99,2444.28,2439.78,2444.28,248.1028
1787537640000,2444.28,2446.13,2443.38,2444.15,237.5048
1787537700000,2444.16,2447,2444.16,2446.28,346.2403
1787537760000,2446.29,2448.53,2446.26,2447.86,204.0256
1787537820000,2447.86,2448.24,2446.41,2446.41,264.2978
1787537880000,2446.41,2447.65,2445.82,2447.56,174.6452
1787537940000,2447.57,2449.85,2447.4,2449.84,99.9684
1787538000000,2449.84,2450,2448.61,2448.61,154.9526
1787538060000,2448.61,2450,2447.98,2449.31,152.2181
1787538120000,2449.31,2449.89,2447.16,2448.1,184.7724
1787538180000,2448.1,2448.1,2445.63,2447.57,164.268
1787538240000,2447.57,2447.85,2446.33,2447.66,123.7277
1787538300000,2447.66,2448.82,2447.66,2448.09,96.7809
1787538360000,2448.09,2449.08,2448.09,2448.4,227.2817
1787538420000,2448.4,2448.4,2445.97,2447.69,84.8858
1787538480000,2447.7,2448,2445.85,2446.34,175.7225
1787538540000,2446.38,2447.51,2445.83,2447.51,41.8604
1787538600000,2447.52,2448.24,2447.06,2448.11,157.3238
1787538660000,2448.12,2449.37,2447.59,2447.6,97.1211
1787538720000,2447.6,2449.87,2446.96,2449.86,151.9956
1787538780000,2449.85,2451.77,2448.22,2449.57,381.7086
1787538840000,2449.56,2450.7,2448.66,2449.24,261.2351
1787538900000,2449.23,2449.99,2448.29,2448.32,173.4198
1787538960000,2448.31,2449.73,2448.24,2449.16,171.8212
1787539020000,2449.16,2449.91,2447.15,2447.26,218.1088
1787539080000,2447.26,2447.26,2445.56,2446.58,178.7331
1787539140000,2446.63,2446.83,2445.29,2446.56,124.4651
1787539200000,2446.67,2448.46,2445.18,2448.46,209.9689
1787539260000,2448.47,2448.47,2446.92,2446.93,54.6217
1787539320000,2446.93,2447.23,2446.54,2446.55,78.3945
1787539380000,2446.54,2446.57,2444.81,2445,174.8906
1787539440000,2445.01,2446.44,2445,2446.1,49.9521
1787539500000,2446.1,2446.1,2443.54,2443.71,137.7699
1787539560000,2443.71,2443.71,2440.56,2441.03,232.4293
1787539620000,2441.02,2442.27,2438.79,2438.96,182.673
1787539680000,2438.96,2440.54,2435.53,2440.54,541.7615
1787539740000,2440.55,2441.49,2438.74,2441.49,164.6701
1787539800000,2441.48,2442,2439.9,2439.9,56.4974
1787539860000,2439.9,2441.39,2439.1,2439.1,186.2158
1787539920000,2439.11,2439.89,2437.3,2438.36,147.2649
1787539980000,2438.36,2440.02,2438.23,2440.02,85.3105
1787540040000,2440.01,2441.01,2438.84,2440.24,134.3236
1787540100000,2440.23,2444.96,2440.17,2444.89,314.4686
1787540160000,2444.88,2445,2444,2444,32.9872
1787540220000,2443.99,2443.99,2440.2,2441.51,62.3169
1787540280000,2441.5,2442.74,2441.4,2441.49,89.0118
1787540340000,2441.49,2443.78,2441.49,2443.78,39.8607
1787540400000,2443.78,2445.24,2442.92,2445.05,242.4007
1787540460000,2445.04,2445.62,2440.23,2440.23,293.2429
1787540520000,2440.23,2440.47,2438.83,2439.28,68.0435
1787540580000,2439.29,2440,2439.1,2440,24.5588
1787540640000,2439.99,2439.99,2439.14,2439.73,71.8206
1787540700000,2439.73,2439.74,2438.46,2438.47,74.4107
1787540760000,2438.46,2438.47,2437.41,2437.78,80.5811
1787540820000,2437.77,2438.34,2436.53,2437.8,281.4489
1787540880000,2437.79,2437.79,2435.99,2435.99,45.3669
1787540940000,2435.99,2437.34,2435.99,2437.34,58.4352
1787541000000,2437.34,2439.2,2437.34,2437.91,152.3011
1787541060000,2437.91,2437.91,2435.41,2435.68,123.8885
1787541120000,2435.68,2437.96,2435.55,2437.96,123.223
1787541180000,2437.95,2438.4,2435.97,2436.17,273.9104
1787541240000,2436.17,2436.95,2435.76,2436.39,91.5931
1787541300000,2436.38,2436.59,2435.33,2435.34,168.158
1787541360000,2435.33,2436.89,2433.59,2433.88,300.8244
1787541420000,2433.87,2436.73,2433.87,2436.52,167.4803
1787541480000,2436.52,2436.62,2435.91,2436.14,212.591
1787541540000,2436.14,2436.45,2434.71,2435.9,280.6642
1787541600000,2435.9,2436.79,2435.73,2436.79,151.841
1787541660000,2436.78,2436.78,2435.23,2435.99,136.8885
1787541720000,2436,2436.78,2436,2436.54,199.6308
1787541780000,2436.54,2440.87,2436.54,2440.17,306.4143
1787541840000,2440.17,2441.49,2439.27,2440.62,152.8069
1787541900000,2440.63,2443.8,2440.5,2440.68,459.3042
1787541960000,2440.7,2440.76,2439.62,2439.93,79.8949
1787542020000,2439.93,2439.93,2437.63,2437.65,57.0471
1787542080000,2437.65,2438.31,2437.24,2438.1,107.7982
1787542140000,2438.11,2438.11,2434.18,2434.18,161.6252
1787542200000,2434.17,2434.99,2426.49,2430.21,1141.8616
1787542260000,2430.19,2431.24,2427.73,2430.2,322.228
1787542320000,2430.2,2433.59,2427.68,2433.33,347.8499
1787542380000,2433.33,2433.88,2432.73,2432.9,201.1312
1787542440000,2432.89,2434.53,2432.82,2434.52,83.6872
1787542500000,2434.53,2434.73,2433.82,2434.06,94.4748
1787542560000,2434.05,2434.05,2431.03,2431.03,101.7864
1787542620000,2431.03,2435.36,2430.74,2435.36,334.385
1787542680000,2435.36,2438.19,2435.19,2437.49,290.2687
1787542740000,2437.5,2438.18,2436.28,2436.87,126.6175
1787542800000,2436.86,2436.86,2434.57,2435.61,178.8969
1787542860000,2435.61,2436.66,2435.37,2435.76,87.3786
1787542920000,2435.77,2437.67,2435.76,2437.39,88.5033
1787542980000,2437.39,2437.39,2436.4,2436.95,109.8475
1787543040000,2436.94,2437.76,2435.37,2435.61,80.1775
1787543100000,2435.61,2439.45,2435.13,2439,351.2848
1787543160000,2439.01,2439.35,2437.72,2437.99,88.3382
1787543220000,2437.99,2437.99,2436.82,2437.71,122.3356
1787543280000,2437.71,2438.55,2437.45,2438.28,86.8944
1787543340000,2438.27,2438.27,2437.26,2437.78,115.7133
1787543400000,2437.79,2441.31,2437.79,2440.03,184.5854
1787543460000,2440.02,2440.02,2437.1,2437.63,172.2534
1787543520000,2437.63,2437.73,2436,2436,100.6493
1787543580000,2435.99,2435.99,2433.67,2433.67,170.407
1787543640000,2433.65,2434.31,2432.9,2433.42,191.672
1787543700000,2433.42,2433.64,2432.66,2433.46,149.6206
1787543760000,2433.46,2433.46,2431.47,2431.77,120.7315
1787543820000,2431.77,2431.88,2428.38,2428.39,239.2458
1787543880000,2428.39,2430.2,2427.95,2429.35,165.7379
1787543940000,2429.36,2430.64,2429.35,2430.64,45.3171
1787544000000,2430.65,2435.21,2430.64,2434.83,298.3417
1787544060000,2434.8,2434.93,2433.72,2434.52,66.6422
1787544120000,2434.52,2436.52,2434.52,2436.51,91.3626
1787544180000,2436.52,2437.15,2435.4,2437,98.4734
1787544240000,2436.99,2437.9,2436.7,2437.84,80.3732
1787544300000,2437.83,2439.13,2437.37,2438.25,222.3543
1787544360000,2438.26,2439.16,2437.16,2437.16,385.6032
1787544420000,2437.16,2438.38,2437.16,2438.15,81.2861
1787544480000,2438.13,2438.13,2437.14,2437.4,75.1798
1787544540000,2437.4,2438.91,2435.8,2435.81,332.4496
1787544600000,2435.8,2437.61,2435.8,2437.12,62.8954
1787544660000,2437.12,2437.12,2435.5,2435.82,166.1041
1787544720000,2435.83,2437.9,2435.73,2436.93,306.8704
1787544780000,2436.92,2438.41,2436.92,2437.57,128.8796
1787544840000,2437.57,2438.98,2437.4,2438.97,47.2468
1787544900000,2438.97,2441.21,2438.96,2441.2,215.9102
1787544960000,2441.21,2442.59,2440.62,2442.57,237.4804
1787545020000,2442.56,2443.35,2441.78,2443.35,202.9072
1787545080000,2443.36,2445.56,2443.35,2444.4,510.3239
1787545140000,2444.4,2445.23,2442.36,2442.71,458.2785
1787545200000,2442.72,2444.17,2442.27,2444.16,181.5884
1787545260000,2444.16,2445,2444.16,2444.79,313.8786
1787545320000,2444.79,2445.07,2444.15,2444.15,180.4763
1787545380000,2444.15,2444.15,2442.71,2443.18,121.6837
1787545440000,2443.18,2443.19,2441.6,2441.89,263.4054
1787545500000,2441.88,2443.67,2441.87,2443.39,317.7957
1787545560000,2443.39,2443.87,2442.64,2442.64,132.2153
1787545620000,2442.64,2443.39,2442.64,2443.11,117.1537
1787545680000,2443.11,2446.34,2443.11,2446.04,186.2855
1787545740000,2446.04,2446.04,2445.18,2445.92,123.1135
1787545800000,2445.93,2446.42,2445.55,2445.67,232.7914
1787545860000,2445.68,2445.68,2444.41,2444.98,235.723
1787545920000,2444.98,2445.04,2442.97,2443.58,271.7912
1787545980000,2443.59,2444.54,2442.94,2442.94,172.6365
1787546040000,2442.95,2443.75,2442.94,2443.33,127.5467
1787546100000,2443.33,2443.53,2441.82,2441.9,154.1881
1787546160000,2441.9,2443.1,2441.9,2443,126.4071
1787546220000,2443,2443.14,2441.48,2441.54,153.023
1787546280000,2441.55,2442.74,2441.01,2442.73,284.339
1787546340000,2442.73,2442.74,2441.04,2441.89,349.4598
1787546400000,2441.89,2442.25,2438.08,2438.09,350.0252
1787546460000,2438.09,2441.74,2438.08,2441.73,192.0163
1787546520000,2441.73,2442.46,2441.56,2441.98,175.652
1787546580000,2441.98,2442.19,2441.35,2441.39,131.9323
1787546640000,2441.38,2442.74,2441.38,2442.73,188.6697
1787546700000,2442.73,2443.78,2441.36,2442.76,297.8215
1787546760000,2442.76,2442.76,2439.08,2440.49,282.334
1787546820000,2440.5,2441.35,2440.49,2441.29,154.7128
1787546880000,2441.28,2441.29,2439.28,2439.28,121.3354
1787546940000,2439.28,2439.39,2438.08,2438.08,111.0723
1787547000000,2438.09,2438.6,2436.89,2436.89,247.7809
1787547060000,2436.89,2436.9,2433.11,2433.12,348.3635
1787547120000,2433.11,2434.11,2428.48,2428.49,1231.3525
1787547180000,2428.48,2435.1,2428.11,2434.24,804.7063
1787547240000,2434.23,2435.38,2432.95,2435.38,382.7779
1787547300000,2435.38,2436.04,2433.33,2433.97,182.8751
1787547360000,2433.97,2434.74,2432.23,2432.29,210.1674
1787547420000,2432.3,2434.53,2432.3,2434.52,183.5564
1787547480000,2434.53,2437.22,2434.52,2437.22,186.8742
1787547540000,2437.23,2438.08,2437.23,2438.08,205.357
1787547600000,2438.07,2438.07,2435.2,2435.66,312.5746
1787547660000,2435.66,2435.66,2433.98,2434.79,155.5465
1787547720000,2434.8,2438.63,2434.8,2438.48,77.1658
1787547780000,2438.49,2438.63,2437.02,2438.22,220.9412
1787547840000,2438.2,2438.51,2437.41,2438.05,178.3352
1787547900000,2438.05,2438.6,2437.49,2437.92,144.9211
1787547960000,2437.92,2438.38,2437.4,2437.55,135.8436
1787548020000,2437.56,2438.43,2435.25,2438.43,559.2543
1787548080000,2438.42,2442.09,2438.42,2441.91,175.6543
1787548140000,2441.9,2444.84,2441.28,2443.37,552.6962
1787548200000,2443.36,2446.57,2442.77,2445.71,535.9226
1787548260000,2445.71,2450.47,2445.71,2450.46,628.7913
1787548320000,2450.47,2453.07,2449.48,2449.48,653.4122
1787548380000,2449.48,2452.6,2449.38,2451.58,453.661
1787548440000,2451.58,2458.83,2451.57,2457.91,934.9895
1787548500000,2457.9,2459.82,2452.6,2453.71,841.6894
1787548560000,2453.7,2457.59,2453.57,2455.78,361.3689
1787548620000,2455.75,2455.76,2451.99,2451.99,217.0851
1787548680000,2451.99,2457.1,2451.4,2455.74,684.3439
1787548740000,2455.75,2455.81,2452.68,2452.96,333.2766
1787548800000,2452.95,2455.68,2452.16,2453.02,420.9094
1787548860000,2453.03,2453.42,2450.94,2452.38,246.1474
1787548920000,2452.38,2452.38,2447.72,2450.92,703.7195
1787548980000,2450.92,2452.24,2449.99,2451.43,112.4348
1787549040000,2451.43,2451.6,2449.94,2449.94,81.6829
1787549100000,2449.94,2451.29,2448.89,2450.76,160.4275
1787549160000,2450.75,2453.1,2450.31,2452.47,170.3014
1787549220000,2452.47,2453.8,2451.96,2453.8,340.3192
1787549280000,2453.81,2453.81,2452.61,2453.08,170.2003
1787549340000,2453.08,2453.09,2450.18,2450.51,337.4025
1787549400000,2450.51,2450.51,2447.08,2447.51,215.4054
1787549460000,2447.51,2447.52,2441.28,2443.54,685.2407
1787549520000,2443.54,2444.67,2443.32,2444.05,135.8199
1787549580000,2444.04,2444.32,2441.91,2444.32,203.0043
1787549640000,2444.31,2444.69,2442.71,2442.73,135.1215
1787549700000,2442.72,2443.09,2441.03,2441.03,165.031
1787549760000,2441.02,2441.31,2437.9,2441.28,508.8509
1787549820000,2441.29,2446.26,2439.75,2445.54,426.3601
1787549880000,2445.55,2447.69,2444.92,2447.06,97.4875
1787549940000,2447.06,2448.1,2445.84,2445.84,253.1363
1787550000000,2445.83,2451,2445.01,2450.25,208.4205
1787550060000,2450.24,2452.37,2449.73,2451.76,205.7743
1787550120000,2451.76,2452.27,2450.72,2451.2,189.3996
1787550180000,2451.2,2452.38,2450.53,2451.01,375.3855
1787550240000,2451,2451,2448.03,2448.1,94.3712
1787550300000,2448.1,2449.78,2448.1,2449.26,137.5843
1787550360000,2449.26,2449.27,2447.7,2447.75,273.8544
1787550420000,2447.75,2449.4,2447.75,2449.03,181.9623
1787550480000,2449.04,2449.33,2448.86,2448.96,50.8158
1787550540000,2448.95,2448.95,2447.27,2447.27,144.0612
1787550600000,2447.27,2447.37,2445.92,2445.92,150.5189
1787550660000,2445.92,2445.92,2444.44,2445,245.078
1787550720000,2444.99,2447.11,2444.74,2447.1,211.3127
1787550780000,2447.11,2448.11,2446.24,2446.55,345.2573
1787550840000,2446.56,2449.51,2446.54,2449.28,84.7937
1787550900000,2449.27,2449.57,2447.6,2447.64,242.6477
1787550960000,2447.64,2448.47,2447.25,2447.33,130.4711
1787551020000,2447.34,2448.34,2447.34,2448.02,57.6623
1787551080000,2448.01,2449.38,2447.85,2449.37,79.4095
1787551140000,2449.38,2449.56,2448.5,2448.92,73.9046
1787551200000,2448.92,2452.38,2448.15,2450.39,800.2851
1787551260000,2450.4,2450.4,2446.83,2447.47,120.351
1787551320000,2447.48,2448.44,2446.83,2447.26,162.8396
1787551380000,2447.27,2447.51,2445.69,2445.84,128.1949
1787551440000,2445.83,2445.83,2444.22,2445.16,206.2299
1787551500000,2445.16,2446.7,2444.72,2446.57,104.5618
1787551560000,2446.56,2446.57,2444.4,2444.85,200.0301
1787551620000,2444.85,2447.29,2444.85,2446.3,348.4234
1787551680000,2446.3,2448.12,2445.82,2447.54,361.4054
1787551740000,2447.55,2451.99,2447.55,2450.22,155.017
1787551800000,2450.21,2450.21,2447.99,2448.51,127.744
1787551860000,2448.52,2453.66,2448.52,2453.65,268.9608
1787551920000,2453.66,2457.47,2453.66,2455.4,651.8731
1787551980000,2455.39,2456.79,2454.45,2456.78,237.441
1787552040000,2456.79,2457.45,2455.95,2456.42,164.235
1787552100000,2456.42,2458.54,2455.76,2455.76,445.2648
1787552160000,2455.76,2456.26,2454.11,2455.65,226.7213
1787552220000,2455.66,2456.7,2454.62,2454.65,97.3608
1787552280000,2454.65,2455.67,2453.98,2453.98,134.7126
1787552340000,2453.98,2454.55,2453.47,2453.51,43.3557
1787552400000,2453.51,2454.38,2452.66,2454.36,130.5911
1787552460000,2454.36,2454.42,2453.21,2454.26,150.4606
1787552520000,2454.26,2454.26,2451.95,2453.07,154.1072
1787552580000,2453.07,2454.99,2452.27,2454.48,325.6114
1787552640000,2454.47,2456.33,2453.8,2455.9,146.5224
1787552700000,2455.9,2456.61,2455,2455,105.3649
1787552760000,2455.01,2455.56,2454.63,2455.04,163.4051
1787552820000,2455.05,2456.11,2453.84,2454.1,74.0102
1787552880000,2454.09,2454.56,2453.71,2454.16,92.7392
1787552940000,2454.17,2456.67,2454.06,2454.11,255.4652
1787553000000,2454.11,2455.31,2453.53,2453.8,104.3475
1787553060000,2453.8,2454.81,2451.87,2452.19,112.3546
1787553120000,2452.2,2452.2,2449.2,2450.08,186.086
1787553180000,2450.09,2450.25,2449.31,2449.68,121.71
1787553240000,2449.69,2450.58,2449.62,2449.63,61.4174
1787553300000,2449.62,2449.68,2447.89,2448.15,101.8268
1787553360000,2448.14,2449.38,2447.89,2448.91,49.8332
1787553420000,2448.9,2450.46,2448.74,2450.46,35.7156
1787553480000,2450.47,2450.55,2447.5,2447.84,114.8209
1787553540000,2447.85,2448.13,2446.18,2446.67,111.5137
1787553600000,2446.68,2446.68,2445.44,2445.99,134.2368
1787553660000,2445.98,2448.56,2445.65,2446.48,145.73
1787553720000,2446.44,2447.17,2445.56,2446.16,113.1948
1787553780000,2446.16,2446.84,2445.55,2445.87,91.1337
1787553840000,2445.86,2447.56,2445.57,2447.55,47.6587
1787553900000,2447.55,2448.09,2446.84,2448.07,52.6055
1787553960000,2448.06,2449.43,2447.34,2449.43,56.6067
1787554020000,2449.44,2453.11,2449.44,2453.1,168.7209
1787554080000,2453.11,2458.36,2452.5,2457.2,507.5191
1787554140000,2457.21,2463.74,2457.01,2460.97,976.9552
1787554200000,2460.97,2462.15,2460.01,2460.01,269.9647
1787554260000,2460,2460.84,2458.45,2458.45,99.5467
1787554320000,2458.46,2459.12,2457.88,2458.88,172.0802
1787554380000,2458.88,2459.07,2457.32,2457.56,188.684
1787554440000,2457.55,2457.55,2456.48,2457.17,136.5968
1787554500000,2457.16,2457.16,2455.04,2455.68,113.195
1787554560000,2455.68,2457.13,2455.68,2457.13,100.5285
1787554620000,2457.14,2457.52,2456.34,2457.43,49.5316
1787554680000,2457.43,2457.43,2456.56,2456.88,70.8426
1787554740000,2456.86,2457.01,2456.4,2456.5,46.6668
1787554800000,2456.5,2458,2455.27,2458,121.5267
1787554860000,2458,2458.33,2456.84,2458.32,87.5101
1787554920000,2458.32,2458.51,2457,2457.12,111.5022
1787554980000,2457.12,2458.33,2456.7,2458.33,87.853
1787555040000,2458.32,2460.54,2458.32,2459.66,148.9135
1787555100000,2459.65,2460.02,2458.39,2458.86,100.1661
1787555160000,2458.86,2460.54,2458.85,2459.74,118.7887
1787555220000,2459.73,2460.85,2459.73,2460.16,124.1341
1787555280000,2460.15,2460.57,2458.81,2459.05,290.2846
1787555340000,2459.05,2462.09,2458.43,2461.85,483.0219
1787555400000,2461.85,2466.54,2461.85,2465.95,480.9806
1787555460000,2465.94,2472.75,2465.54,2471.78,1209.0293
1787555520000,2471.78,2474.09,2470.55,2471.86,381.0206
1787555580000,2471.85,2472.52,2471,2471.17,310.1298
1787555640000,2471.16,2471.16,2470.12,2470.3,106.4718
1787555700000,2470.3,2470.3,2466.91,2466.91,302.9271
1787555760000,2466.91,2466.94,2464.67,2464.67,236.5609
1787555820000,2464.66,2466.77,2464.44,2464.45,160.9845
1787555880000,2464.44,2464.86,2462.66,2463.14,213.8358
1787555940000,2463.14,2465.78,2463.14,2464.35,190.864
1787556000000,2464.35,2464.35,2461.44,2461.45,93.0934
1787556060000,2461.45,2462.63,2460.15,2461.85,162.3502
1787556120000,2461.86,2461.93,2460.6,2460.94,132.7704
1787556180000,2460.95,2464.88,2460.69,2464.88,244.9818
1787556240000,2464.87,2465.76,2463.24,2463.25,266.0546
1787556300000,2463.25,2464.98,2463.04,2464.07,180.8899
1787556360000,2464.07,2464.43,2461.85,2462.02,232.007
1787556420000,2462.02,2462.02,2460.97,2461.09,245.6906
1787556480000,2461.1,2462,2460.03,2460.31,303.5408
1787556540000,2460.3,2462.71,2460.3,2462.37,340.0805
1787556600000,2462.37,2462.37,2458.62,2459.37,402.4849
1787556660000,2459.36,2460.3,2456.26,2460.3,425.0287
1787556720000,2460.29,2460.3,2458.45,2458.51,328.0965
1787556780000,2458.5,2459.5,2458.5,2459.43,256.5185
1787556840000,2459.42,2459.61,2457.77,2458.25,329.1234
1787556900000,2458.25,2458.25,2456.31,2456.7,311.7553
1787556960000,2456.69,2457.58,2455.9,2456.46,291.755
1787557020000,2456.45,2457.25,2454.07,2454.92,542.6454
1787557080000,2454.91,2455.83,2454.91,2455.08,286.102
1787557140000,2455.08,2455.79,2454.42,2455.73,300.0692
1787557200000,2455.72,2455.73,2454.13,2454.27,369.1092
1787557260000,2454.27,2454.28,2452.28,2453.75,466.7982
1787557320000,2453.74,2454.41,2453.36,2453.93,282.9655
1787557380000,2453.93,2454.57,2452.96,2453.47,411.1556
1787557440000,2453.47,2453.52,2453.08,2453.08,315.5068
1787557500000,2453.07,2454.06,2452.85,2454.06,379.7355
1787557560000,2454.05,2455.89,2454.05,2455.89,352.7558
1787557620000,2455.88,2458.84,2455.88,2458.44,426.8161
1787557680000,2458.43,2459.36,2458.43,2459.14,246.6458
1787557740000,2459.13,2459.14,2457.52,2458.14,320.4612
1787557800000,2458.13,2459.29,2457.85,2458.2,353.4502
1787557860000,2458.19,2458.19,2457.13,2457.9,329.2239
1787557920000,2457.89,2458.34,2455.41,2456.27,386.4237
1787557980000,2456.26,2456.26,2453.53,2455.32,394.0392
1787558040000,2455.32,2457.54,2454.74,2457.12,227.2552
1787558100000,2457.12,2457.13,2455.15,2455.15,156.1637
1787558160000,2455.16,2455.16,2455,2455.01,93.6586
1787558220000,2455,2455.48,2454.52,2454.78,180.6374
1787558280000,2454.78,2455.71,2452.99,2453.23,518.5119
1787558340000,2453.22,2454.64,2453.22,2454.64,153.8838
1787558400000,2454.67,2456.34,2454.67,2455.54,214.5302
1787558460000,2455.53,2455.53,2452.36,2452.36,87.9578
1787558520000,2452.36,2452.37,2449.73,2451.95,580.6081
1787558580000,2451.96,2453.04,2451.16,2452.86,182.3156
1787558640000,2452.83,2452.83,2449.64,2449.8,310.5516
1787558700000,2449.79,2452.72,2449.79,2452.45,223.3154
1787558760000,2452.45,2456.58,2452.45,2456.24,312.196
1787558820000,2456.23,2459.33,2455.33,2455.34,337.6139
1787558880000,2455.33,2455.59,2454.98,2455.2,78.606
1787558940000,2455.2,2455.44,2454.15,2454.15,108.221
1787559000000,2454.15,2454.15,2450.93,2450.99,294.5888
1787559060000,2451,2451.63,2450.99,2450.99,139.7313
1787559120000,2450.99,2451,2448.08,2449.97,448.5131
1787559180000,2449.97,2450.49,2449.63,2449.74,152.0777
1787559240000,2449.73,2450.53,2448.82,2449.22,183.9099
1787559300000,2449.21,2449.48,2446.89,2446.97,300.4906
1787559360000,2446.97,2447.39,2442.86,2443.65,790.545
1787559420000,2443.65,2444.81,2442.42,2443.07,270.0385
1787559480000,2443.07,2446.82,2442.1,2446.82,216.7645
1787559540000,2446.81,2448.58,2446.22,2446.22,237.915
1787559600000,2446.21,2446.22,2444.84,2445.22,169.8792
1787559660000,2445.23,2446.86,2445.18,2446,225.8745
1787559720000,2446,2446.75,2443.92,2444.28,273.9852
1787559780000,2444.28,2444.28,2441.52,2442.6,678.8282
1787559840000,2442.61,2443.46,2440.38,2440.38,505.1628
1787559900000,2440.38,2441.25,2438.81,2439.82,757.3927
1787559960000,2439.82,2441.23,2437.42,2438.54,684.0262
1787560020000,2438.54,2441.19,2438.37,2439.79,491.5392
1787560080000,2439.8,2439.8,2436.41,2438.34,457.5367
1787560140000,2438.35,2441.28,2438.34,2439.79,427.1449
1787560200000,2439.8,2442.06,2439.44,2441.93,450.7413
1787560260000,2441.94,2442.85,2440.66,2442.63,381.3071
1787560320000,2442.64,2444.92,2442.64,2444.72,242.0987
1787560380000,2444.71,2444.71,2442.85,2444.36,228.0375
1787560440000,2444.36,2444.73,2443.42,2444.16,233.0948
1787560500000,2444.15,2444.26,2443.84,2443.85,237.6123
1787560560000,2443.84,2445.3,2443.48,2445.29,208.768
1787560620000,2445.29,2445.41,2443.77,2445.39,324.9134
1787560680000,2445.39,2446.5,2444.4,2446.5,221.9543
1787560740000,2446.51,2453.63,2446.51,2451.6,505.677
1787560800000,2451.6,2451.6,2450.04,2450.55,275.4688
1787560860000,2450.55,2450.74,2449.62,2450.43,224.1317
1787560920000,2450.43,2450.62,2449.69,2450.25,197.7247
1787560980000,2450.25,2451.6,2450.14,2450.39,270.8037
1787561040000,2450.39,2453.38,2450.38,2453.37,283.2458
1787561100000,2453.37,2453.38,2451.85,2452.27,287.4575
1787561160000,2452.26,2452.35,2451.7,2451.8,371.5283
1787561220000,2451.8,2451.98,2450.42,2451.1,257.8148
1787561280000,2451.1,2453.71,2451.1,2453.38,155.0174
1787561340000,2453.38,2457,2452.88,2456.54,863.8405
1787561400000,2456.53,2456.53,2454.72,2454.86,489.3305
1787561460000,2454.85,2455.52,2454.38,2455.05,376.1515
1787561520000,2455.05,2455.72,2454.27,2455.69,371.4323
1787561580000,2455.69,2455.69,2453.71,2454.99,319.23
1787561640000,2454.98,2456.17,2454.96,2455.23,444.1436
1787561700000,2455.22,2455.64,2454.27,2455.49,391.1128
1787561760000,2455.48,2456.05,2455.42,2455.42,396.8574
1787561820000,2455.42,2455.43,2453.7,2454.16,333.9003
1787561880000,2454.17,2454.36,2453.45,2454.27,435.395
1787561940000,2454.27,2454.85,2454.27,2454.84,272.5988
1787562000000,2454.84,2455.17,2453.75,2455.16,351.0495
1787562060000,2455.17,2457.29,2455.17,2456.44,406.5221
1787562120000,2456.45,2457.64,2456.44,2457.37,380.7298
1787562180000,2457.37,2459.46,2456.8,2458.14,623.7908
1787562240000,2458.15,2460.96,2458.15,2459.29,655.0837
1787562300000,2459.28,2459.72,2458.71,2458.98,442.5602
1787562360000,2458.98,2459.65,2458.29,2458.73,489.6676
1787562420000,2458.74,2462.5,2458.73,2462.21,439.6548
1787562480000,2462.21,2463.13,2462.05,2462.28,305.8496
1787562540000,2462.29,2463.21,2462.06,2462.11,250.9619
1787562600000,2462.12,2462.12,2460.12,2462,329.8158
1787562660000,2461.99,2462.01,2460.72,2460.73,275.1542
1787562720000,2460.73,2461.54,2460.57,2461.17,327.4362
1787562780000,2461.17,2462.23,2461.14,2461.87,478.5992
1787562840000,2461.88,2462.79,2461.78,2462.04,346.6317
1787562900000,2462.03,2462.91,2461.79,2462.2,376.8199
1787562960000,2462.2,2463.32,2460.64,2460.88,394.9364
1787563020000,2460.88,2461.09,2459.76,2459.77,303.0982
1787563080000,2459.77,2460.41,2459.03,2459.74,285.7081
1787563140000,2459.73,2461.16,2459.66,2461.15,300.3362
1787563200000,2461.16,2461.86,2459.95,2461.86,254.836
1787563260000,2461.85,2461.86,2459.49,2459.49,264.0734
1787563320000,2459.49,2459.78,2459.05,2459.47,58.1035
1787563380000,2459.47,2459.48,2458.59,2459,57.7575
1787563440000,2458.99,2458.99,2456.65,2456.67,315.5128
1787563500000,2456.66,2456.67,2454.05,2454.76,367.6748
1787563560000,2454.77,2459.23,2454.77,2458.66,203.8857
1787563620000,2458.65,2459.79,2458.24,2459.71,163.1383
1787563680000,2459.71,2459.71,2459.01,2459.01,85.2851
1787563740000,2459,2460.73,2458.66,2460.09,197.9389
1787563800000,2460.08,2460.29,2459.21,2460.29,164.5894
1787563860000,2460.29,2462.74,2460.29,2462.58,287.3268
1787563920000,2462.57,2464.58,2462.42,2463.53,184.1058
1787563980000,2463.54,2463.54,2461.09,2461.37,162.8406
1787564040000,2461.36,2463.46,2461.36,2463.46,209.3703
1787564100000,2463.46,2463.83,2462.1,2462.11,125.464
1787564160000,2462.1,2462.1,2460.78,2460.96,51.5455
1787564220000,2460.96,2462.11,2460.96,2461.94,115.4156
1787564280000,2461.93,2463.6,2461.78,2463.59,56.3385
1787564340000,2463.59,2463.59,2462.31,2463.17,102.7688
1787564400000,2463.17,2463.57,2462.15,2462.27,86.2667
1787564460000,2462.27,2462.7,2461.65,2461.65,79.9541
1787564520000,2461.65,2462.39,2461.28,2462.06,76.3934
1787564580000,2462.06,2463.45,2462.05,2463.45,89.2725
1787564640000,2463.46,2463.47,2461.32,2462.19,115.541
1787564700000,2462.19,2463.42,2461.29,2461.47,59.3341
1787564760000,2461.48,2462.28,2461.48,2461.85,68.8524
1787564820000,2461.84,2463.87,2461.57,2463.87,73.146
1787564880000,2463.87,2464.63,2462.39,2462.6,150.0909
1787564940000,2462.58,2462.74,2462.27,2462.61,44.8252
1787565000000,2462.6,2462.6,2461.32,2461.43,81.3875
1787565060000,2461.43,2461.93,2461.43,2461.92,109.233
1787565120000,2461.92,2463.84,2461.92,2463.84,126.051
1787565180000,2463.84,2465.05,2463.5,2464.46,285.5083
1787565240000,2464.6,2465.1,2464.29,2464.65,98.2869
1787565300000,2464.61,2464.61,2463.63,2463.66,42.9373
1787565360000,2463.67,2463.67,2462.6,2462.76,90.6292
1787565420000,2462.75,2462.75,2461.79,2462.14,71.4554
1787565480000,2462.14,2462.22,2461.29,2461.63,81.4784
1787565540000,2461.63,2463.08,2461.49,2463.08,71.3327
1787565600000,2463.07,2463.16,2462.28,2463.08,136.5518
1787565660000,2463.07,2464.89,2463.07,2463.79,276.8296
1787565720000,2463.79,2466.42,2463.79,2466.07,192.3703
1787565780000,2466.06,2482.5,2466.06,2476.66,4318.2366
1787565840000,2476.65,2479.6,2475.41,2475.54,452.1279
1787565900000,2475.54,2475.72,2472.16,2472.25,229.4131
1787565960000,2472.26,2472.26,2470.26,2470.47,247.236
1787566020000,2470.47,2476.27,2470.47,2475.94,368.4717
1787566080000,2475.93,2479.56,2474.26,2474.26,472.6898
1787566140000,2474.26,2476.19,2473.62,2473.62,335.5334
1787566200000,2473.63,2474.92,2473.31,2474.61,206.2801
1787566260000,2474.61,2478.51,2474.25,2475.46,420.4764
1787566320000,2475.47,2475.97,2474.46,2475.57,152.3951
1787566380000,2475.58,2476.12,2474.65,2476.11,264.3675
1787566440000,2476.12,2490.89,2475.91,2483.2,3081.4309
1787566500000,2483.2,2483.85,2476.75,2479.25,608.0741
1787566560000,2479.25,2479.25,2476.44,2476.72,156.2566
1787566620000,2476.72,2477.44,2475.64,2477.44,177.5262
1787566680000,2477.43,2478.8,2476.31,2478.48,140.3919
1787566740000,2478.47,2479.27,2477.05,2479.26,160.7246
1787566800000,2479.26,2479.34,2475.57,2476.01,155.4657
1787566860000,2476.01,2476.01,2473.62,2473.63,457.2386
1787566920000,2473.63,2474.5,2472.79,2472.79,181.9225
1787566980000,2472.8,2474.77,2472.8,2474.43,474.511
1787567040000,2474.44,2475.24,2474.44,2474.85,207.3477
1787567100000,2474.84,2475.55,2473.52,2475.55,176.2159
1787567160000,2475.56,2477.28,2475.5,2477.28,366.6462
1787567220000,2477.28,2478.57,2474.77,2475.24,695.5399
1787567280000,2475.25,2476.75,2475.24,2476.75,139.8193
1787567340000,2476.74,2476.74,2470.32,2472.29,507.3975
1787567400000,2472.29,2475.73,2471.55,2475.5,456.5797
1787567460000,2475.5,2477.47,2475.43,2476.1,301.4542
1787567520000,2476.09,2476.37,2474.48,2475.17,260.3376
1787567580000,2475.17,2477.38,2475.16,2475.51,187.0191
1787567640000,2475.51,2477.56,2475.3,2477.17,262.2778
1787567700000,2477.17,2477.97,2476.18,2476.18,245.2444
1787567760000,2476.18,2477.12,2474.81,2474.81,340.2197
1787567820000,2474.81,2474.82,2473.7,2474.11,73.691
1787567880000,2474.1,2474.1,2471.57,2471.57,345.2584
1787567940000,2471.57,2471.58,2467.98,2468.26,484.5603
1787568000000,2468.26,2469.43,2466.82,2468,455.4912
1787568060000,2468.01,2468.01,2463.77,2466.05,458.0001
1787568120000,2466.04,2467.45,2466.04,2467.43,132.2136
1787568180000,2467.44,2467.75,2466.56,2467.65,164.0068
1787568240000,2467.64,2467.64,2466.36,2466.52,108.3948
1787568300000,2466.51,2469.32,2466.39,2469.29,219.5158
1787568360000,2469.29,2470.47,2467.95,2468.96,201.6566
1787568420000,2468.97,2469.69,2468.94,2469.34,66.7697
1787568480000,2469.34,2470.08,2467.59,2468.32,338.0942
1787568540000,2468.32,2468.32,2467.92,2468.13,117.2179
1787568600000,2468.14,2469.2,2465.79,2465.79,61.3634
1787568660000,2465.79,2465.8,2462.9,2463.32,357.6908
1787568720000,2463.32,2463.6,2461.73,2463.15,165.5017
1787568780000,2463.15,2465.46,2462.59,2463.86,214.0991
1787568840000,2463.85,2464.46,2463.85,2464.45,106.7797
1787568900000,2464.45,2464.55,2463.01,2463.01,69.7345
1787568960000,2463,2463.12,2461.97,2462.71,116.9995
1787569020000,2462.72,2464.27,2462,2464.27,116.08
1787569080000,2464.28,2464.87,2463.57,2464.42,64.3278
1787569140000,2464.42,2465.8,2464.42,2465.2,72.7203
1787569200000,2465.2,2465.61,2462.39,2462.39,322.8127
1787569260000,2462.38,2462.82,2454.74,2457.71,1438.7109
1787569320000,2457.71,2458.64,2454.4,2458.64,401.0576
1787569380000,2458.64,2461.1,2456.26,2459.26,308.9888
1787569440000,2459.26,2463.25,2458.36,2463.23,260.9155
1787569500000,2463.23,2463.84,2461.75,2462.95,349.5122
1787569560000,2462.92,2465.01,2462.27,2464.72,238.87
1787569620000,2464.72,2466.6,2463.47,2465.61,457.8435
1787569680000,2465.6,2469.92,2465.4,2466.03,395.0646
1787569740000,2466.02,2468.51,2465.7,2468.03,144.8642
1787569800000,2468.03,2469.88,2467.97,2468.49,132.3174
1787569860000,2468.48,2468.95,2467.13,2468.89,114.7127
1787569920000,2468.88,2468.88,2466.75,2467.58,151.1439
1787569980000,2467.58,2469.82,2467.58,2469.55,120.4429
1787570040000,2469.56,2470.78,2469.01,2469.01,116.042
1787570100000,2469,2469,2467.47,2467.65,104.6979
1787570160000,2467.65,2467.9,2465.69,2467.9,109.4345
1787570220000,2467.91,2468.34,2466.09,2467.69,185.29
1787570280000,2467.69,2468.75,2467.05,2468.75,42.821
1787570340000,2468.74,2469.72,2468.74,2469.24,97.0685
1787570400000,2469.27,2469.74,2468.24,2469.03,110.9473
1787570460000,2469.02,2469.87,2468.44,2469.47,99.7457
1787570520000,2469.45,2469.83,2469.34,2469.73,97.5712
1787570580000,2469.73,2469.73,2467.14,2467.77,234.1964
1787570640000,2467.78,2471.43,2467.77,2469.9,220.2794
1787570700000,2469.91,2473.31,2469.91,2470.48,221.6941
1787570760000,2470.48,2471.68,2470.02,2471.48,91.4228
1787570820000,2471.47,2472.88,2469.69,2470.6,406.3793
1787570880000,2470.59,2472.73,2470.42,2472.61,100.1371
1787570940000,2472.62,2472.87,2472.1,2472.26,90.1071
1787571000000,2472.26,2473.24,2471.33,2472.62,115.6699
1787571060000,2472.62,2477.31,2472.62,2476.93,686.3339
1787571120000,2476.94,2481.99,2476.94,2480.34,976.0705
1787571180000,2480.34,2480.34,2478.22,2479.58,145.9279
1787571240000,2479.59,2484.13,2479.59,2484.13,462.6694
1787571300000,2484.13,2490.43,2483.86,2484.23,1456.0349
1787571360000,2484.24,2494.57,2484.24,2492.72,1677.4213
1787571420000,2492.71,2496.22,2492.39,2494.98,1021.0794
1787571480000,2494.98,2497.65,2493.23,2494.18,826.3852
1787571540000,2494.17,2494.73,2491.08,2493.19,662.2221
1787571600000,2493.2,2502.67,2491,2498.17,2599.0988
1787571660000,2498.18,2504.52,2497.21,2503.13,1389.0576
1787571720000,2503.13,2506,2500.71,2501.93,1132.2742
1787571780000,2501.92,2506.95,2500.21,2504.51,1115.9438
1787571840000,2504.51,2506.81,2504.5,2506.53,585.2374
1787571900000,2506.53,2509,2499.18,2499.98,1757.3295
1787571960000,2499.98,2500.2,2493.27,2495.07,1094.7232
1787572020000,2495.06,2495.91,2489.48,2491.47,813.6718
1787572080000,2491.47,2493.59,2489.47,2489.52,572.0053
1787572140000,2489.52,2491.12,2488.23,2491.12,321.3654
1787572200000,2491.12,2494.03,2489.83,2490.43,506.9205
1787572260000,2490.42,2492.78,2488.65,2492.04,428.4486
1787572320000,2492.03,2492.85,2490.56,2492.85,281.5392
1787572380000,2492.85,2493.73,2491.15,2491.47,296.3653
1787572440000,2491.47,2491.48,2489.72,2491.1,178.002
1787572500000,2491.1,2492.4,2491.1,2491.16,76.4941
1787572560000,2491.16,2491.19,2488,2488.62,333.3892
1787572620000,2488.62,2491.67,2488.43,2491.35,230.6721
1787572680000,2491.35,2493.33,2491.34,2492.44,168.3226
1787572740000,2492.44,2494.53,2492.44,2494.18,333.3409
1787572800000,2494.18,2494.27,2489.05,2489.05,234.8914
1787572860000,2489.05,2489.91,2486.85,2487.45,443.2117
1787572920000,2487.45,2488.64,2485.17,2487.33,260.8973
1787572980000,2487.32,2488.64,2485.26,2485.79,244.4778
1787573040000,2485.78,2487.64,2485.64,2486.07,221.5494
1787573100000,2486.07,2486.55,2484.09,2485.35,467.4843
1787573160000,2485.34,2487.38,2484.35,2487.21,198.6049
1787573220000,2487.21,2487.21,2484.73,2485.14,320.3496
1787573280000,2485.14,2485.97,2485.01,2485.97,124.0007
1787573340000,2485.97,2488.48,2485.97,2488.25,185.0049
1787573400000,2488.26,2489.25,2486.79,2488.6,473.2324
1787573460000,2488.59,2488.8,2487.04,2488.68,221.5176
1787573520000,2488.67,2488.67,2486.33,2486.71,193.6185
1787573580000,2486.71,2486.71,2482.85,2482.88,335.3772
1787573640000,2482.88,2485.13,2482.88,2484.51,234.2002
1787573700000,2484.52,2486.34,2483.74,2485.82,242.1088
1787573760000,2485.81,2485.83,2474.5,2480.92,2039.2017
1787573820000,2480.92,2481.65,2478.64,2479.82,762.2499
1787573880000,2479.82,2482.84,2479.82,2482.71,245.2587
1787573940000,2482.71,2487.02,2482.71,2487.02,445.5554
1787574000000,2487.01,2489.37,2485.79,2487.59,336.9968
1787574060000,2487.59,2489.8,2486.94,2489.8,200.7384
1787574120000,2489.8,2491.1,2489.75,2490.22,304.6771
1787574180000,2490.21,2491.85,2489.33,2491.85,220.5567
1787574240000,2491.85,2492.7,2491.3,2491.96,317.2081
1787574300000,2491.97,2493.32,2491.15,2493.22,192.9967
1787574360000,2493.22,2494.52,2492.38,2493.48,320.3594
1787574420000,2493.48,2494.47,2493.26,2494.47,206.9423
1787574480000,2494.48,2494.48,2492.65,2493.11,418.9406
1787574540000,2493.1,2494.5,2491.24,2493.47,521.188
1787574600000,2493.46,2496.67,2492.24,2496.33,695.9568
1787574660000,2496.32,2499.63,2495.76,2498.2,2010.8313
1787574720000,2498.19,2501.88,2495.7,2496,1734.5804
1787574780000,2496,2496.37,2487.68,2492.5,1012.5753
1787574840000,2492.51,2494.08,2490.96,2493.72,302.9777
1787574900000,2493.71,2497.75,2493.47,2496.5,341.2941
1787574960000,2496.53,2496.53,2493.05,2494.47,260.7184
1787575020000,2494.47,2495,2493.13,2494.66,221.036
1787575080000,2494.65,2496.86,2494.21,2496.82,282.5813
1787575140000,2496.82,2500.31,2496.82,2498.37,456.922
1787575200000,2498.37,2499.28,2496.6,2497.44,499.1844
1787575260000,2497.43,2502.41,2496.87,2500.52,941.2755
1787575320000,2500.52,2506.17,2499.23,2500.97,995.9751
1787575380000,2500.96,2501.32,2499.24,2500.32,375.5489
1787575440000,2500.32,2500.82,2499.34,2500.1,124.3382
1787575500000,2500.1,2501.79,2499.07,2499.79,399.805
1787575560000,2499.79,2503.2,2498.95,2502.99,253.6297
1787575620000,2502.98,2505.76,2501.4,2502.7,433.533
1787575680000,2502.71,2507.65,2502.17,2506.17,438.8783
1787575740000,2506.17,2507.46,2504.6,2506.98,794.9336
1787575800000,2506.99,2507.98,2505.38,2507.56,507.2986
1787575860000,2507.57,2518.54,2507.42,2513,3414.6959
1787575920000,2513.01,2515.04,2506.71,2506.72,865.6791
1787575980000,2506.72,2511.22,2503.05,2510.08,831.1714
1787576040000,2510.08,2514.45,2509.44,2513.99,572.229
1787576100000,2513.99,2515.55,2512.59,2513.69,659.5792
1787576160000,2513.69,2516,2513.1,2516,359.5949
1787576220000,2515.99,2517.52,2513.84,2513.85,510.9244
1787576280000,2513.86,2515.32,2510.2,2510.83,584.1345
1787576340000,2510.83,2513.13,2509.94,2512.54,396.948
1787576400000,2512.54,2513.76,2509.17,2509.17,344.4716
1787576460000,2509.18,2509.98,2504.35,2508.3,809.701
1787576520000,2508.29,2510.66,2505.26,2505.27,757.2239
1787576580000,2505.27,2506.66,2504.98,2506.29,276.4913
1787576640000,2506.28,2506.28,2502.05,2503.63,705.3248
1787576700000,2503.63,2509.3,2503.63,2506.43,356.8825
1787576760000,2506.43,2508.9,2505.9,2508.11,371.1017
1787576820000,2508.11,2509.43,2506.01,2509.35,458.9645
1787576880000,2509.36,2510,2508.25,2509.99,207.3423
1787576940000,2510,2511.71,2509.47,2511.28,277.0248
1787577000000,2511.28,2515.92,2511.22,2514.13,1094.2181
1787577060000,2514.13,2519.88,2512.31,2516.88,1332.6786
1787577120000,2516.87,2517.24,2510.37,2512.92,671.7883
1787577180000,2512.92,2517.98,2512.48,2516.1,426.4394
1787577240000,2516.11,2517.21,2515.07,2515.71,460.1679
1787577300000,2515.71,2515.71,2506.63,2506.63,619.8571
1787577360000,2506.6,2510.45,2504.76,2507.21,718.1583
1787577420000,2507.2,2510,2506.24,2507.3,607.4756
1787577480000,2507.31,2511.77,2506.02,2511.23,342.784
1787577540000,2511.23,2513.22,2510.91,2511.18,265.1631
1787577600000,2511.18,2515.45,2510.95,2514.82,762.8518
1787577660000,2514.82,2517.04,2513.84,2514.88,503.1712
1787577720000,2514.88,2514.88,2511.74,2512.59,232.2822
1787577780000,2512.58,2512.68,2510,2510.08,207.2718
1787577840000,2510.08,2510.87,2507.83,2509.91,657.3841
1787577900000,2509.9,2509.91,2507.49,2508.77,249.8722
1787577960000,2508.77,2509.8,2506.24,2507.99,340.586
1787578020000,2507.98,2508.34,2505.5,2508.34,368.8615
1787578080000,2508.34,2508.77,2506.01,2506.01,204.1473
1787578140000,2506.01,2507.21,2504.89,2507.2,379.2398
1787578200000,2507.2,2507.43,2500.38,2504.29,1253.5712
1787578260000,2504.3,2506.22,2500,2504.09,824.0194
1787578320000,2504.08,2504.08,2493.89,2495.47,1260.5415
1787578380000,2495.48,2497.14,2486.99,2495.82,1415.7578
1787578440000,2495.82,2501.2,2494.33,2498.74,663.317
1787578500000,2498.74,2502.08,2497.21,2501.1,495.8354
1787578560000,2501.09,2502.42,2496.06,2502.42,732.0179
1787578620000,2502.41,2502.41,2498.79,2500.83,740.0099
1787578680000,2500.82,2501.41,2492.55,2494.95,810.2097
1787578740000,2494.94,2496.51,2492.09,2494.75,366.3712
1787578800000,2494.75,2494.75,2488.08,2490.97,801.4247
1787578860000,2490.99,2494.4,2485.12,2494.39,718.3799
1787578920000,2494.4,2494.78,2484.5,2486.21,835.1473
1787578980000,2486.21,2490.78,2483.07,2486.68,1069.2681
1787579040000,2486.68,2488.89,2483.76,2486.6,555.0198
1787579100000,2486.58,2486.58,2479.6,2479.6,1248.658
1787579160000,2479.61,2490.19,2476.31,2490.19,1709.5764
1787579220000,2490.19,2493.19,2488.05,2490.96,658.3887
1787579280000,2490.96,2493.47,2490.21,2492.49,386.8796
1787579340000,2492.48,2494.92,2491.29,2492.41,359.7043
1787579400000,2492.41,2494.99,2490.43,2493.04,557.1295
1787579460000,2493.05,2494.33,2490.42,2490.42,323.169
1787579520000,2490.43,2492.27,2487.57,2487.57,256.5656
1787579580000,2487.58,2487.58,2478.97,2484,1565.5548
1787579640000,2484.01,2490.2,2482.62,2488.51,578.5171
1787579700000,2488.52,2492.12,2488.39,2492.12,433.9848
1787579760000,2492.12,2494.85,2491.29,2493.63,349.6866
1787579820000,2493.62,2495.46,2491.86,2494.89,469.89
1787579880000,2494.89,2495.77,2493.25,2495.77,259.1813
1787579940000,2495.77,2495.8,2493.39,2493.83,352.8422
1787580000000,2493.83,2496.85,2493.2,2496.53,512.808
1787580060000,2496.52,2501.76,2496.52,2498.67,851.0451
1787580120000,2498.66,2500.43,2496.13,2497.01,703.1373
1787580180000,2497.01,2498.61,2494.88,2494.89,391.7035
1787580240000,2494.88,2496.27,2491.61,2495.43,396.8029
1787580300000,2495.43,2499.32,2494.09,2499.32,333.6328
1787580360000,2499.31,2500.24,2496.35,2498.28,432.865
1787580420000,2498.28,2500.94,2498.28,2500.15,1593.0957
1787580480000,2500.16,2501.83,2499.74,2500.96,427.0316
1787580540000,2500.95,2504.79,2500,2504.11,855.3652
1787580600000,2504.1,2507.63,2503.28,2507.37,748.5087
1787580660000,2507.37,2510.16,2506.56,2506.57,967.2169
1787580720000,2506.57,2509.27,2504.42,2506.33,547.2402
1787580780000,2506.33,2510.4,2503.52,2510.35,1201.9328
1787580840000,2510.35,2513,2509.43,2511.36,576.6663
1787580900000,2511.36,2513.56,2510.17,2513.16,409.9136
1787580960000,2513.16,2513.56,2510.95,2511.98,260.8285
1787581020000,2511.98,2514.57,2511.62,2512.97,441.4845
1787581080000,2512.97,2513.53,2509.7,2509.7,391.5225
1787581140000,2509.71,2510,2504.95,2508.2,462.1612
1787581200000,2508.2,2512.39,2507.74,2512.38,674.1462
1787581260000,2512.39,2514.63,2510.88,2513.96,374.7652
1787581320000,2513.96,2516.47,2513.78,2516.47,849.979
1787581380000,2516.46,2528,2507.28,2513.48,4933.2392
1787581440000,2513.48,2514.08,2502.62,2503.69,1152.8382
1787581500000,2503.69,2509.68,2503.69,2506.84,899.2041
1787581560000,2506.83,2513.88,2504.98,2512.15,717.0289
1787581620000,2512.16,2514.93,2508.6,2508.6,498.4751
1787581680000,2508.61,2517.58,2508.61,2516.43,351.938
1787581740000,2516.43,2517.49,2514.84,2516.86,355.3382
1787581800000,2516.85,2522.18,2515.58,2521.64,798.8343
1787581860000,2521.63,2522.58,2519.54,2522.58,1274.3384
1787581920000,2522.57,2525,2520.36,2522.25,784.5805
1787581980000,2522.25,2528.89,2521.86,2524.54,1505.1594
1787582040000,2524.54,2525.19,2519.11,2523.25,1096.4435
1787582100000,2523.25,2527.21,2522.08,2525.85,1067.9561
1787582160000,2525.84,2532.12,2524.71,2526.74,1933.3644
1787582220000,2526.73,2529.98,2525.53,2528.7,1075.1428
1787582280000,2528.69,2531.19,2526.52,2528.04,864.9326
1787582340000,2528.04,2529.67,2524,2525.63,1182.5367
1787582400000,2525.63,2527.01,2522.9,2526.46,597.0399
1787582460000,2526.45,2530.62,2526.45,2528.83,1125.6725
1787582520000,2528.82,2529.68,2523.18,2525.22,498.4323
1787582580000,2525.22,2525.22,2517.57,2518.02,803.5808
1787582640000,2518.02,2524.73,2517.89,2522.58,414.2854
1787582700000,2522.57,2524.54,2518.13,2521.79,517.4423
1787582760000,2521.8,2523.71,2519.39,2522.29,355.3612
1787582820000,2522.28,2522.63,2518.07,2518.77,363.4854
1787582880000,2518.77,2518.96,2515.67,2517.43,436.4429
1787582940000,2517.43,2518.71,2515.69,2516.8,407.422
1787583000000,2516.81,2517.08,2509.03,2512.54,988.2791
1787583060000,2512.54,2513.2,2509.86,2513.2,443.4544
1787583120000,2513.19,2513.43,2509.48,2510.15,454.5806
1787583180000,2510.16,2514,2509.21,2513.88,407.1224
1787583240000,2513.87,2513.88,2509.32,2510.13,373.0421
1787583300000,2510.12,2511.79,2509.48,2511.38,334.5846
1787583360000,2511.37,2514.69,2511.37,2514.68,527.2083
1787583420000,2514.68,2517.18,2513.94,2515.21,766.3344
1787583480000,2515.21,2516.37,2514.67,2515.86,284.536
1787583540000,2515.86,2516.17,2514.2,2516.16,285.3202
1787583600000,2516.16,2517.29,2512.6,2513.8,624.5273
1787583660000,2513.79,2514.14,2510.83,2511.18,393.0529
1787583720000,2511.18,2515.52,2511.17,2515.51,367.9831
1787583780000,2515.5,2519.51,2515.5,2517.29,461.5713
1787583840000,2517.28,2517.57,2514.15,2514.15,339.514
1787583900000,2514.16,2514.73,2510.88,2513.61,450.463
1787583960000,2513.61,2518.42,2513.34,2518.4,380.3294
1787584020000,2518.4,2520.94,2518.4,2518.48,372.5249
1787584080000,2518.48,2519.74,2514.87,2515.49,587.0635
1787584140000,2515.49,2517.57,2515.49,2516.4,155.893
1787584200000,2516.4,2516.41,2514.29,2516.04,238.696
1787584260000,2516.05,2517.97,2514.22,2517.89,237.5643
1787584320000,2517.89,2519.95,2517.17,2519.66,323.8258
1787584380000,2519.65,2521.19,2519.26,2519.97,419.5457
1787584440000,2519.98,2520.65,2515.6,2515.8,334.1255
1787584500000,2515.8,2517.9,2514.73,2516.91,267.2913
1787584560000,2516.91,2517.39,2515.14,2515.52,227.4174
1787584620000,2515.53,2520,2515.15,2518.01,849.5925
1787584680000,2518.01,2520.62,2517.35,2520.45,274.9529
1787584740000,2520.45,2520.46,2519.4,2519.51,196.7235
1787584800000,2519.52,2520.69,2518.72,2519.4,410.0989
1787584860000,2519.4,2521.57,2517.06,2520.91,633.4872
1787584920000,2520.91,2526.09,2520.91,2525.05,762.5778
1787584980000,2525.05,2530.46,2524.79,2526.68,876.4382
1787585040000,2526.68,2532.95,2524.06,2531.9,543.7842
1787585100000,2531.9,2531.98,2524,2524.11,1008.2089
1787585160000,2524.12,2528,2521.31,2528,471.8423
1787585220000,2528,2532.23,2527.55,2530.32,424.0068
1787585280000,2530.31,2530.32,2523.37,2524.54,927.2115
1787585340000,2524.53,2527.68,2520.24,2525.34,1299.3312
1787585400000,2525.28,2525.37,2519.61,2521.96,1216.9525
1787585460000,2521.97,2524.47,2521.16,2522.59,789.1909
1787585520000,2522.59,2523.55,2520.52,2522.4,383.4755
1787585580000,2522.41,2524.26,2522.27,2522.71,413.0506
1787585640000,2522.71,2522.71,2514.42,2515.18,528.6981
1787585700000,2515.15,2519.15,2514.54,2516.47,509.4068
1787585760000,2516.47,2520.11,2516.46,2517.44,313.2443
1787585820000,2517.45,2517.45,2512.64,2513.31,549.0753
1787585880000,2513.3,2513.31,2505.78,2507.48,1279.9436
1787585940000,2507.49,2508.38,2505.78,2508.2,416.4638
1787586000000,2508.21,2509.39,2506.72,2509.39,504.4609
1787586060000,2509.39,2510,2504.76,2505.42,645.9558
1787586120000,2505.42,2506.66,2504.51,2506.65,396.789
1787586180000,2506.66,2508.83,2489,2496.24,2848.3101
1787586240000,2496.24,2497.43,2490.53,2495.03,1574.5455
1787586300000,2495.02,2499.43,2489,2498.63,1321.8813
1787586360000,2498.63,2501.52,2497.74,2501.34,637.5959
1787586420000,2501.35,2502.51,2500.45,2500.45,355.5771
1787586480000,2500.46,2500.46,2495.54,2495.7,504.3122
1787586540000,2495.7,2496.73,2492.54,2496.04,589.2981
1787586600000,2496.03,2497.34,2493.09,2494.05,913.5182
1787586660000,2494.05,2494.12,2490.88,2492.63,356.0778
1787586720000,2492.63,2492.63,2485.52,2488.16,1572.0984
1787586780000,2488.16,2489.87,2484.4,2489.65,1011.7429
1787586840000,2489.65,2492.56,2486,2486.64,349.1495
1787586900000,2486.64,2486.64,2481.61,2486.34,1087.3077
1787586960000,2486.34,2487.74,2483.42,2484.36,673.6999
1787587020000,2484.36,2485.51,2479.38,2481.43,773.301
1787587080000,2481.21,2484.48,2480.4,2483.43,716.3256
1787587140000,2483.44,2488,2483.44,2487.99,764.2486
1787587200000,2487.99,2491.95,2487.99,2488.31,947.3213
1787587260000,2488.3,2492.45,2486.49,2488.53,1023.2304
1787587320000,2488.53,2492.57,2487.75,2491.76,864.8609
1787587380000,2491.79,2494.11,2489.94,2492.64,911.2905
1787587440000,2492.65,2494.53,2491.5,2493.9,792.9194
1787587500000,2493.89,2498.17,2493.08,2497.34,963.3831
1787587560000,2497.33,2500,2496.47,2499.58,899.9978
1787587620000,2499.58,2506,2496.93,2502.89,1687.2778
1787587680000,2502.88,2503.66,2500.69,2502.08,476.5152
1787587740000,2502.07,2503.17,2500.17,2500.19,330.5841
1787587800000,2500.19,2500.84,2498.12,2500.11,364.0788
1787587860000,2500.1,2501.64,2498.77,2499.24,319.4605
1787587920000,2499.25,2499.92,2498.49,2498.49,122.4795
1787587980000,2498.48,2498.5,2496.71,2496.72,341.9637
1787588040000,2496.72,2498.75,2495.66,2498.75,466.0867
1787588100000,2498.74,2502.06,2498.27,2501.27,550.264
1787588160000,2501.27,2503.35,2499.42,2502.99,479.6383
1787588220000,2502.98,2502.98,2500.41,2501.97,289.7458
1787588280000,2501.96,2506,2501.45,2505.11,422.0241
1787588340000,2505.12,2505.12,2502.96,2504.16,351.5385
1787588400000,2504.16,2504.16,2499.58,2499.7,379.728
1787588460000,2499.7,2502.4,2499.42,2502.39,211.7966
1787588520000,2502.39,2504.19,2500.1,2500.54,203.9574
1787588580000,2500.46,2503.7,2499.48,2503.7,368.5119
1787588640000,2503.69,2504.67,2503.29,2503.67,222.4656
1787588700000,2503.67,2503.83,2500.66,2501.51,227.6372
1787588760000,2501.51,2502.6,2499.66,2501.49,359.0044
1787588820000,2501.5,2502.58,2501.02,2501.48,174.7445
1787588880000,2501.51,2503.19,2501.51,2502.47,111.878
1787588940000,2502.46,2502.73,2499.48,2499.48,259.4074
1787589000000,2499.47,2500.86,2499.47,2500.31,275.2668
1787589060000,2500.3,2500.4,2497.24,2497.35,178.4811
1787589120000,2497.35,2498.81,2496.79,2496.79,220.6187
1787589180000,2496.79,2499.12,2495.54,2495.93,426.2937
1787589240000,2495.93,2497.19,2495.04,2496.59,221.6011
1787589300000,2496.58,2500.03,2496.57,2499.84,181.0333
1787589360000,2499.84,2499.84,2498.3,2498.64,380.3345
1787589420000,2498.64,2498.64,2494.72,2495.43,390.2446
1787589480000,2495.43,2497.92,2495.4,2496.99,262.5297
1787589540000,2497,2497.64,2495.41,2495.41,110.8301
1787589600000,2495.4,2495.4,2489.27,2493.78,873.0511
1787589660000,2493.78,2494.02,2490.12,2492.46,227.9938
1787589720000,2492.46,2494.18,2491.15,2491.15,193.7424
1787589780000,2491.16,2492.49,2489.82,2491.61,203.7604
1787589840000,2491.6,2492.03,2489.48,2489.49,237.5122
1787589900000,2489.48,2489.49,2486.98,2487.46,306.2922
1787589960000,2487.46,2490.48,2486.26,2489.66,431.3538
1787590020000,2489.66,2491.18,2488.48,2491.18,150.2064
1787590080000,2491.18,2491.34,2489.65,2489.65,213.5463
1787590140000,2489.64,2489.64,2486.55,2488,344.6151
1787590200000,2487.99,2489.64,2486.9,2486.91,341.6599
1787590260000,2486.91,2486.91,2483.23,2483.36,376.7739
1787590320000,2483.35,2484.39,2482.18,2484.38,312.7499
1787590380000,2484.37,2486.15,2484.37,2485.21,157.2618
1787590440000,2485.22,2485.22,2469.02,2475.24,3346.9343
1787590500000,2475.18,2477.22,2470.49,2475.5,1135.7174
1787590560000,2475.51,2478.34,2475.51,2478.2,585.0368
1787590620000,2478.21,2480.61,2478.21,2479.02,402.0838
1787590680000,2479.02,2480.07,2477.56,2477.56,342.758
1787590740000,2477.56,2478.9,2477.39,2478.43,239.961
1787590800000,2478.43,2478.59,2469.77,2470.09,828.7417
1787590860000,2470.09,2471.28,2467.34,2470.86,706.4868
1787590920000,2470.85,2471.46,2463.71,2465.71,1188.5976
1787590980000,2465.71,2471.78,2464.98,2471.78,542.9923
1787591040000,2471.78,2472.57,2469.6,2470.58,334.3744
1787591100000,2470.67,2474.02,2470.66,2473.94,246.1705
1787591160000,2473.95,2478.4,2473.68,2478.04,479.3223
1787591220000,2478.04,2481.89,2476.42,2481.67,642.3306
1787591280000,2481.68,2483,2479.58,2480.28,360.7999
1787591340000,2480.29,2484.29,2480.29,2483.4,359.3333
1787591400000,2483.41,2483.49,2480.18,2480.18,230.1776
1787591460000,2480.18,2482.75,2479.56,2482.75,162.7055
1787591520000,2482.74,2482.8,2481,2481,207.4786
1787591580000,2480.99,2481.81,2478.71,2478.78,326.029
1787591640000,2478.78,2479.2,2476.38,2476.75,282.4489
1787591700000,2476.75,2476.98,2468.06,2468.37,1033.3496
1787591760000,2468.38,2474.64,2464.5,2474.64,847.4024
1787591820000,2474.65,2478.25,2473.59,2478.25,404.3196
1787591880000,2478.25,2480.05,2475.08,2475.6,258.1363
1787591940000,2475.59,2480,2475.59,2476.21,364.8704
1787592000000,2476.21,2476.21,2468,2469.14,922.0903
1787592060000,2469.15,2469.29,2460.01,2461.82,1159.4439
1787592120000,2461.83,2465.66,2458.04,2459.35,1270.7679
1787592180000,2459.34,2461.1,2455.55,2459.37,753.5753
1787592240000,2459.38,2462.84,2455.23,2459.79,586.6721
1787592300000,2459.78,2462.11,2455,2457.84,1003.0822
1787592360000,2457.85,2463.9,2457.85,2463.47,398.8358
1787592420000,2463.47,2465.74,2463.01,2464.48,454.6715
1787592480000,2464.48,2464.96,2461.57,2461.57,383.6166
1787592540000,2461.58,2462.03,2456.9,2458.32,434.0408
1787592600000,2458.32,2462.09,2457.5,2458.04,556.6184
1787592660000,2458.04,2462.3,2456.9,2461.19,408.9223
1787592720000,2461.18,2462.03,2459.11,2459.12,304.2497
1787592780000,2459.11,2460.01,2457.25,2458.99,463.3491
1787592840000,2459,2460.35,2458.81,2459.99,196.9731
1787592900000,2459.98,2461.38,2459.06,2461.38,194.0987
1787592960000,2461.37,2467.97,2461.37,2466.32,737.1674
1787593020000,2466.33,2467.67,2464.3,2466.66,390.6957
1787593080000,2466.65,2467.08,2463.7,2465.47,313.0997
1787593140000,2465.46,2468.03,2465.21,2467.13,201.9511
1787593200000,2467.14,2469.7,2467.13,2467.72,229.6942
1787593260000,2467.71,2467.71,2466.69,2467.7,180.5977
1787593320000,2467.72,2469,2465.35,2465.35,205.3682
1787593380000,2465.32,2466,2464.39,2464.4,178.9886
1787593440000,2464.4,2464.86,2460.97,2460.98,309.5752
1787593500000,2460.98,2463.69,2458.55,2463.69,570.344
1787593560000,2463.68,2465.46,2462.19,2462.19,217.6933
1787593620000,2462.2,2465.64,2462.2,2465.64,273.6511
1787593680000,2465.63,2466.51,2464.48,2465.7,153.8774
1787593740000,2465.7,2465.91,2465.09,2465.61,92.2756
1787593800000,2465.61,2468.3,2465.56,2467.04,213.9838
1787593860000,2467.03,2467.04,2464.87,2465.9,256.6281
1787593920000,2465.91,2468.02,2465.19,2466.61,493.7117
1787593980000,2466.6,2467.58,2465.89,2466.55,280.835
1787594040000,2466.55,2467.25,2464.94,2465.04,133.4011
1787594100000,2465.04,2465.7,2461.59,2464.05,397.7675
1787594160000,2464.04,2464.48,2461.94,2464.38,168.7111
1787594220000,2464.38,2467.83,2464.37,2466.37,363.6875
1787594280000,2466.36,2468.63,2466.36,2468.51,298.1114
1787594340000,2468.51,2470.34,2467.96,2468.97,341.5422
1787594400000,2468.97,2473.28,2468.97,2471.76,479.3391
1787594460000,2471.75,2473.31,2469.03,2473.31,272.8448
1787594520000,2473.31,2475.04,2473.31,2474.01,223.722
1787594580000,2474,2474.34,2472.32,2473.26,120.7344
1787594640000,2473.26,2475.51,2472.23,2475.38,240.7478
1787594700000,2475.37,2476.77,2474,2475.71,850.395
1787594760000,2475.72,2480.59,2475.59,2476.55,1221.3353
1787594820000,2476.54,2477.54,2475.61,2475.72,238.2424
1787594880000,2475.72,2476.31,2474,2474.67,364.9911
1787594940000,2474.68,2476.9,2473.92,2476.6,167.1646
1787595000000,2476.6,2478.4,2476.56,2477.66,154.192
1787595060000,2477.66,2478.96,2477.63,2478.3,125.299
1787595120000,2478.29,2479.6,2477.99,2478.74,372.7236
1787595180000,2478.75,2481.92,2478.75,2481.92,333.893
1787595240000,2481.92,2483.78,2480.47,2482.06,365.3213
1787595300000,2482.07,2482.33,2480.21,2480.82,226.9232
1787595360000,2480.83,2481.82,2478.85,2479.87,371.2498
1787595420000,2479.87,2481.76,2479.15,2480.31,234.2993
1787595480000,2480.32,2483.21,2480.32,2481.46,341.9879
1787595540000,2481.45,2481.45,2478.72,2480.34,237.4362
1787595600000,2480.34,2480.99,2478,2479.74,492.3107
1787595660000,2479.75,2480.54,2479.2,2480.15,252.6094
1787595720000,2480.15,2480.5,2479,2479,157.8292
1787595780000,2479,2479.16,2477.6,2478.65,665.8949
1787595840000,2478.65,2479.42,2477.01,2477.01,99.1418
1787595900000,2477,2480.8,2474.8,2479.74,536.8359
1787595960000,2479.74,2481.73,2479.73,2481.31,157.5887
1787596020000,2481.3,2482.09,2479.95,2480,138.5921
1787596080000,2479.99,2480.55,2479.65,2480.06,100.1102
1787596140000,2480.07,2480.42,2478.44,2479.54,107.0503
1787596200000,2479.55,2482.21,2479.55,2482.16,247.3028
1787596260000,2482.16,2482.16,2479.46,2480.03,216.1295
1787596320000,2480,2481.4,2478.77,2481.4,91.0725
1787596380000,2481.43,2481.7,2480,2480,52.8773
1787596440000,2480.01,2480.01,2475.85,2475.85,148.4349
1787596500000,2475.85,2477.15,2475.35,2475.38,143.7287
1787596560000,2475.39,2477.09,2474.95,2475.3,178.575
1787596620000,2475.29,2475.53,2472.15,2472.15,223.8367
1787596680000,2472.14,2472.14,2468.03,2468.03,634.5496
1787596740000,2468.04,2471.41,2467.19,2471.1,339.6627
1787596800000,2471.1,2473.96,2471.1,2473.96,197.7951
1787596860000,2473.96,2476.44,2473.8,2476.16,253.0112
1787596920000,2476.16,2476.49,2474.26,2474.33,126.8467
1787596980000,2474.34,2475.52,2473.57,2473.61,215.7082
1787597040000,2473.62,2476.48,2473.61,2476.48,158.2386
1787597100000,2476.48,2479.02,2476.48,2477.22,440.0054
1787597160000,2477.22,2478.36,2476.8,2477.1,95.1376
1787597220000,2477.1,2477.1,2475.5,2476.1,123.7021
1787597280000,2476.1,2480.15,2476.1,2480.15,221.1665
1787597340000,2480.15,2480.42,2478.75,2479.59,113.4554
1787597400000,2479.59,2480.39,2479.12,2479.13,155.9377
1787597460000,2479.12,2479.12,2476.55,2476.92,149.5304
1787597520000,2476.91,2476.91,2473.83,2474.29,233.5352
1787597580000,2474.29,2474.79,2473.37,2473.37,198.5921
1787597640000,2473.37,2476.19,2472.93,2476.19,1336.0788
1787597700000,2476.19,2476.97,2475.07,2475.11,113.8446
1787597760000,2475.11,2475.67,2473.98,2473.99,166.7201
1787597820000,2473.98,2475.37,2473.08,2475.37,134.9358
1787597880000,2475.36,2476.11,2475.28,2475.29,154.0644
1787597940000,2475.3,2475.81,2473.49,2473.84,101.6176
1787598000000,2473.85,2477.12,2473.85,2477.12,134.332
1787598060000,2477.12,2477.69,2474.65,2475,1386.6935
1787598120000,2475,2476.45,2472.58,2472.95,1122.911
1787598180000,2472.95,2473.6,2471.4,2472.91,289.8603
1787598240000,2472.91,2473.62,2470.88,2470.88,432.4204
1787598300000,2470.88,2471.41,2467.3,2468.64,531.8177
1787598360000,2468.62,2468.79,2464.52,2465.49,709.9597
1787598420000,2465.49,2466.74,2464.77,2466.07,311.0253
1787598480000,2466.07,2468.75,2465.32,2468.75,379.941
1787598540000,2468.75,2472.01,2466.98,2466.98,400.8555
1787598600000,2466.97,2468.77,2466.01,2468.75,180.1801
1787598660000,2468.76,2471.41,2468.76,2471.41,134.5056
1787598720000,2471.41,2474.35,2471.4,2474.08,207.3251
1787598780000,2474.09,2474.83,2473.16,2474.2,251.1255
1787598840000,2474.19,2474.19,2473.24,2473.84,177.1209
1787598900000,2473.83,2475.31,2473.76,2474.3,220.8898
1787598960000,2474.3,2474.3,2468.91,2470.58,361.8541
1787599020000,2470.57,2470.88,2469.11,2469.48,189.6474
1787599080000,2469.49,2470.41,2466.02,2468.72,482.7718
1787599140000,2468.73,2469.63,2463.89,2463.99,458.716
1787599200000,2463.99,2464.87,2462.94,2464.37,410.1447
1787599260000,2464.37,2465.68,2463.31,2465.25,178.6908
1787599320000,2465.24,2465.24,2463.24,2463.65,140.4102
1787599380000,2463.65,2465.86,2463.65,2465.25,144.015
1787599440000,2465.25,2467.59,2461.87,2466.01,457.9438
1787599500000,2466.01,2469.38,2466.01,2469.38,142.6186
1787599560000,2469.38,2470.44,2469.13,2469.38,160.0562
1787599620000,2469.39,2470.75,2469.39,2470.74,106.1424
1787599680000,2470.75,2471,2470.08,2470.09,69
1787599740000,2470.09,2471,2470.09,2470.48,162.4901
1787599800000,2470.48,2470.83,2469.31,2469.91,142.488
1787599860000,2469.91,2470.26,2468.81,2469.87,171.6337
1787599920000,2469.87,2471.67,2469.48,2471.66,95.9508
1787599980000,2471.65,2471.65,2469.47,2470.07,229.3485
1787600040000,2470.08,2470.92,2470.07,2470.46,109.838
1787600100000,2470.45,2470.91,2469.47,2470.8,115.3975
1787600160000,2470.8,2472.8,2470.8,2472.61,296.5494
1787600220000,2472.61,2473.4,2472.05,2472.92,283.0416
1787600280000,2472.91,2474.16,2472.91,2473.56,186.7588
1787600340000,2473.57,2474.46,2472.23,2472.23,193.1575
1787600400000,2472.24,2472.63,2470.85,2470.86,133.5471
1787600460000,2470.85,2471.41,2468.88,2469.29,146.27
1787600520000,2469.31,2469.69,2467.94,2467.95,192.6227
1787600580000,2467.94,2470.68,2467.94,2470.57,150.2486
1787600640000,2470.56,2471.78,2470.42,2471.77,120.0018
1787600700000,2471.78,2472.44,2469.96,2470.25,203.9979
1787600760000,2470.25,2470.25,2467.76,2468.83,198.6238
1787600820000,2468.81,2469.13,2468.44,2468.97,137.4163
1787600880000,2468.96,2471.14,2468.34,2471.14,227.0955
1787600940000,2471.14,2471.9,2470.29,2470.37,133.0492
1787601000000,2470.37,2471.16,2468.85,2468.86,235.7861
1787601060000,2468.86,2469.21,2467.3,2468.1,253.2002
1787601120000,2468.11,2468.11,2465,2465.8,364.9048
1787601180000,2465.81,2467.25,2465.15,2467.17,135.8356
1787601240000,2467.17,2469.97,2466.88,2469.96,172.346
1787601300000,2469.96,2471.17,2468.78,2469.56,181.6246
1787601360000,2469.57,2471.12,2469.46,2471.12,113.1127
1787601420000,2471.11,2471.12,2470.61,2471.12,104.3625
1787601480000,2471.12,2471.36,2470.55,2471.36,131.7618
1787601540000,2471.36,2471.81,2469.92,2471.4,515.2216
1787601600000,2471.48,2474.09,2469.91,2470.09,414.1776
1787601660000,2470.08,2470.73,2468.21,2468.22,142.3369
1787601720000,2468.22,2468.22,2465.65,2465.97,161.2244
1787601780000,2465.97,2467.79,2465.97,2466.79,115.2239
1787601840000,2466.79,2466.79,2465.46,2465.81,61.1017
1787601900000,2465.8,2467.48,2465.8,2467.48,96.7842
1787601960000,2467.48,2470.68,2467.48,2469.87,97.6542
1787602020000,2469.88,2472.52,2469.88,2472.52,173.5741
1787602080000,2472.57,2473.44,2472.06,2472.86,207.3292
1787602140000,2472.85,2474.96,2472.52,2474.96,114.391
1787602200000,2474.96,2475.52,2474.48,2474.85,79.8862
1787602260000,2474.85,2474.85,2473.37,2473.45,100.5054
1787602320000,2473.44,2473.45,2470.35,2470.36,112.8384
1787602380000,2470.37,2471.74,2470.37,2471.74,91.588
1787602440000,2471.74,2472.79,2471.74,2472.39,47.7341
1787602500000,2472.38,2472.38,2469,2469.49,46.4188
1787602560000,2469.48,2470.88,2469.26,2470.88,34.1498
1787602620000,2470.88,2470.88,2469.89,2469.89,41.9717
1787602680000,2469.89,2470.11,2469.42,2469.7,69.0534
1787602740000,2469.69,2471.41,2469.61,2471.41,44.1992
1787602800000,2471.4,2472.26,2470.52,2470.52,217.5513
1787602860000,2470.61,2471.35,2469.6,2469.99,125.9121
1787602920000,2470.01,2471.41,2469.14,2471.4,74.2842
1787602980000,2471.4,2472.39,2470.61,2472.39,81.8917
1787603040000,2472.38,2472.38,2469.82,2470.25,83.3554
1787603100000,2470.25,2470.68,2469.8,2469.81,51.4491
1787603160000,2469.8,2469.81,2466.96,2468,248.7203
1787603220000,2468,2468.69,2466.19,2468.31,169.7943
1787603280000,2468.3,2468.78,2467.74,2468.78,81.8008
1787603340000,2468.78,2468.88,2467.75,2468.46,49.882
1787603400000,2468.46,2468.87,2467.47,2467.48,98.0908
1787603460000,2467.48,2468.26,2466.32,2466.84,95.9725
1787603520000,2466.83,2468.65,2466.83,2468.65,99.877
1787603580000,2468.64,2470.82,2468.54,2470.7,83.747
1787603640000,2470.69,2471.17,2470.45,2470.94,95.8542
1787603700000,2470.93,2474.69,2470.93,2473.48,300.2173
1787603760000,2473.47,2475.22,2473.25,2473.25,138.3471
1787603820000,2473.26,2475.75,2473.26,2475.69,130.008
1787603880000,2475.7,2479.21,2475.69,2478.72,542.1782
1787603940000,2478.72,2478.91,2476.12,2476.13,132.7088
1787604000000,2476.13,2476.23,2475.09,2475.1,44.879
1787604060000,2475.09,2475.52,2474.48,2474.6,95.2569
1787604120000,2474.6,2475.76,2474.11,2475.64,168.8008
1787604180000,2475.64,2475.64,2474.63,2474.63,28.599
1787604240000,2474.63,2474.63,2474.01,2474.05,59.6012
1787604300000,2474.04,2474.91,2473.35,2474.5,121.3597
1787604360000,2474.49,2474.49,2473.35,2473.35,70.7418
1787604420000,2473.35,2474.1,2473.35,2473.4,67.9346
1787604480000,2473.4,2473.6,2473,2473.6,61.4981
1787604540000,2473.59,2473.71,2472.27,2472.41,104.8679
1787604600000,2472.41,2472.72,2471.98,2472.58,76.5522
1787604660000,2472.57,2472.58,2472.32,2472.43,32.067
1787604720000,2472.43,2472.72,2471.4,2471.41,98.2988
1787604780000,2471.4,2472.07,2471.4,2471.58,50.5107
1787604840000,2471.59,2472.58,2471.59,2472.58,38.0848
1787604900000,2472.58,2473.37,2472.58,2473.36,26.8325
1787604960000,2473.36,2473.76,2473.36,2473.76,12.3716
1787605020000,2473.75,2474.08,2473.61,2473.89,44.2951
1787605080000,2473.91,2474.47,2473.9,2474.47,77.3377
1787605140000,2474.48,2475.16,2474.06,2475.16,135.5103
1787605200000,2475.16,2477.57,2475.16,2477.57,150.2729
1787605260000,2477.57,2480,2477.57,2479.27,499.5976
1787605320000,2479.27,2479.91,2479.27,2479.76,134.1532
1787605380000,2479.76,2481.78,2479.76,2480.91,288.0895
1787605440000,2480.91,2481.47,2480,2481.28,142.6652
1787605500000,2481.29,2481.69,2480.46,2481.21,145.8468
1787605560000,2481.21,2481.73,2480.2,2480.86,140.0204
1787605620000,2480.84,2480.84,2479.04,2479.31,71.5702
1787605680000,2479.32,2480.5,2479.32,2480.22,66.9482
1787605740000,2480.23,2480.73,2479.83,2479.84,63.7199
1787605800000,2479.84,2481.22,2479.63,2481.22,69.4851
1787605860000,2481.22,2482.85,2481.22,2482.84,102.8858
1787605920000,2482.84,2483.45,2482.59,2482.59,135.3686
1787605980000,2482.58,2483.22,2482.21,2482.56,77.743
1787606040000,2482.55,2483.93,2482.55,2483.92,123.5366
1787606100000,2483.93,2484.31,2482.27,2482.27,141.6905
1787606160000,2482.27,2482.27,2480.22,2480.22,149.5649
1787606220000,2480.22,2480.66,2479.61,2479.61,82.0775
1787606280000,2479.61,2480.92,2479.28,2480.92,100.0874
1787606340000,2480.93,2481.42,2479.25,2479.26,134.0627
1787606400000,2479.25,2479.52,2479.03,2479.52,76.4782
1787606460000,2479.52,2480.76,2479.52,2480.6,60.8078
1787606520000,2480.61,2482.73,2480.35,2482.59,180.065
1787606580000,2482.59,2482.59,2481.3,2482.21,81.3793
1787606640000,2482.2,2482.2,2481.08,2481.08,50.9863
1787606700000,2481.09,2482.13,2480.8,2480.8,141.6117
1787606760000,2480.8,2481.53,2479.69,2481.24,396.6748
1787606820000,2481.24,2481.24,2480.39,2480.82,45.711
1787606880000,2480.81,2480.99,2480.64,2480.91,41.9489
1787606940000,2480.91,2481.58,2480.9,2481.58,34.2863
1787607000000,2481.58,2482.15,2481.34,2481.57,105.0181
1787607060000,2481.58,2482.6,2481,2481,108.0689
1787607120000,2481,2481.1,2480.69,2481.09,75.7283
1787607180000,2481.08,2481.09,2481.08,2481.08,12.1702
1787607240000,2481.09,2481.09,2481.08,2481.08,14.8536
1787607300000,2481.09,2481.09,2480.18,2480.18,39.257
1787607360000,2480.19,2482.08,2480.18,2481.33,265.2802
1787607420000,2481.33,2481.34,2480.27,2480.37,68.186
1787607480000,2480.37,2480.53,2480.03,2480.15,61.5192
1787607540000,2480.15,2481.25,2480.15,2481.25,71.2633
1787607600000,2481.25,2482.08,2481.25,2481.91,80.5768
1787607660000,2481.91,2483.11,2481.9,2483.1,92.801
1787607720000,2483.1,2483.81,2482.75,2483.11,102.5073
1787607780000,2483.1,2483.98,2482.64,2482.87,145.8718
1787607840000,2482.88,2484.11,2482.88,2483.39,120.541
1787607900000,2483.36,2489.67,2483.17,2484.24,409.5653
1787607960000,2484.23,2484.24,2484.06,2484.09,36.9602
1787608020000,2484.1,2484.1,2484.09,2484.1,10.9311
1787608080000,2484.1,2485.39,2484.1,2485.02,173.3938
1787608140000,2485.02,2485.88,2485.02,2485.44,105.6766
1787608200000,2485.45,2485.45,2484.02,2484.03,27.5117
1787608260000,2484.02,2486.7,2483.45,2485.72,192.2938
1787608320000,2485.72,2486.32,2484.41,2485.07,139.847
1787608380000,2485.06,2485.06,2482.09,2482.09,132.2162
1787608440000,2482.09,2482.77,2481.52,2482.77,86.6969
1787608500000,2482.77,2483.05,2482.76,2483.04,19.6343
1787608560000,2483.04,2483.05,2482.88,2482.88,34.8219
1787608620000,2482.88,2483.53,2482.88,2483.25,57.2465
1787608680000,2483.24,2483.69,2483.24,2483.3,150.5067
1787608740000,2483.28,2483.56,2482.65,2483.56,73.5093
1787608800000,2483.56,2483.73,2480.27,2480.27,314.8803
1787608860000,2480.28,2481.69,2480.28,2481.69,108.6349
1787608920000,2481.69,2485.38,2481.69,2482.09,160.4951
1787608980000,2482.09,2484.12,2481.12,2481.12,156.0159
1787609040000,2481.12,2481.92,2480.27,2481.92,113.3415
1787609100000,2481.91,2483.63,2481.83,2482.61,65.4237
1787609160000,2482.6,2484.43,2482.6,2484.01,75.817
1787609220000,2484.01,2484.02,2481.57,2481.59,84.927
1787609280000,2481.59,2482.79,2481.57,2482.78,68.2629
1787609340000,2482.79,2482.79,2481.58,2481.58,61.4823
1787609400000,2481.59,2482.29,2481,2481.29,52.1371
1787609460000,2481.29,2481.44,2481.02,2481.02,50.7557
1787609520000,2481.03,2481.03,2480.06,2480.06,19.5636
1787609580000,2480.06,2480.28,2479.23,2480.28,287.9358
1787609640000,2480.29,2481.23,2480.29,2481.22,17.8097
1787609700000,2481.23,2482.45,2480.68,2481.77,101.828
1787609760000,2481.77,2481.77,2480.61,2481.52,73.6028
1787609820000,2481.52,2481.9,2480.98,2480.99,20.4462
1787609880000,2480.99,2480.99,2479.49,2480,91.9512
1787609940000,2480.01,2480.07,2477.4,2477.85,119.0328
1787610000000,2477.86,2479.42,2477.75,2477.81,71.9295
1787610060000,2477.81,2479.9,2477.81,2479.62,79.3918
1787610120000,2479.62,2480.45,2479.15,2480.44,57.2715
1787610180000,2480.45,2480.45,2479.64,2479.84,113.4446
1787610240000,2479.85,2480.75,2479.31,2479.47,373.5186
1787610300000,2479.47,2479.47,2478.85,2478.86,53.9346
1787610360000,2478.86,2478.86,2476.43,2476.63,154.3428
1787610420000,2476.63,2477.1,2475.79,2477.1,63.0577
1787610480000,2477.1,2477.28,2476.43,2477.27,112.9727
1787610540000,2477.28,2478.22,2477.26,2477.67,119.8646
1787610600000,2477.68,2481.24,2477.68,2480.76,649.8732
1787610660000,2480.75,2480.75,2477.7,2478,105.1368
1787610720000,2478.01,2479.77,2478.01,2479.76,73.3313
1787610780000,2479.77,2481.48,2479.4,2481.19,78.4198
1787610840000,2481.19,2483.73,2481.18,2482.26,375.0352
1787610900000,2482.25,2482.35,2481.45,2481.55,87.2726
1787610960000,2481.54,2481.54,2480.42,2481.34,74.7912
1787611020000,2481.35,2484.89,2481.34,2483.59,125.4266
1787611080000,2483.58,2483.93,2483.04,2483.63,88.7617
1787611140000,2483.63,2483.93,2482.15,2482.15,65.5901
1787611200000,2482.15,2482.15,2480.31,2481.07,68.3331
1787611260000,2481.06,2481.07,2479.69,2479.7,84.6805
1787611320000,2479.7,2480.1,2477.56,2477.63,151.0521
1787611380000,2477.64,2478.69,2476.63,2478.69,255.8339
1787611440000,2478.68,2478.85,2476.82,2476.82,79.509
1787611500000,2476.82,2479.5,2476.82,2478.88,89.984
1787611560000,2478.88,2478.88,2478.48,2478.71,28.7361
1787611620000,2478.71,2479.35,2478.71,2479.35,20.2533
1787611680000,2479.35,2480.11,2478,2478.81,102.0155
1787611740000,2478.81,2479.27,2477.86,2479.26,67.3174
1787611800000,2479.26,2480.15,2478.8,2478.8,70.2768
1787611860000,2478.8,2479.53,2478.79,2478.86,66.2707
1787611920000,2478.86,2478.86,2477.23,2478.66,103.0727
1787611980000,2478.66,2479.97,2478.65,2478.65,98.305
1787612040000,2478.66,2478.66,2477.79,2477.79,25.2574
1787612100000,2477.79,2477.8,2475.51,2475.51,74.1678
1787612160000,2475.52,2476.41,2474.29,2476.02,272.492
1787612220000,2476.01,2476.36,2475.11,2475.19,69.3587
1787612280000,2475.19,2475.24,2474.02,2474.52,155.6915
1787612340000,2474.51,2474.52,2472.5,2474.26,145.2063
1787612400000,2474.27,2475.36,2473.51,2473.51,126.9732
1787612460000,2473.51,2473.61,2472.85,2472.97,52.0569
1787612520000,2472.96,2473.37,2471.66,2471.95,98.8425
1787612580000,2471.95,2476.63,2470.7,2475.97,485.5057
1787612640000,2475.96,2475.96,2473.68,2474.83,62.4038
1787612700000,2474.82,2475.36,2474.26,2474.92,58.1577
1787612760000,2474.93,2475.45,2474.93,2475.45,45.836
1787612820000,2475.45,2475.52,2475.45,2475.52,25.9295
1787612880000,2475.52,2477.85,2475.52,2477.69,121.9581
1787612940000,2477.7,2478.55,2477.7,2477.85,90.4267
1787613000000,2477.85,2478.46,2476.78,2476.79,59.8571
1787613060000,2476.79,2478.9,2476.79,2478.74,112.5246
1787613120000,2478.74,2479.34,2478.73,2479.34,55.8325
1787613180000,2479.33,2479.34,2477.28,2477.36,88.7882
1787613240000,2477.35,2477.65,2477.02,2477.65,195.6857
1787613300000,2477.64,2478.52,2477.5,2478.52,120.3841
1787613360000,2478.52,2478.8,2478.21,2478.21,62.9286
1787613420000,2478.22,2478.52,2477.09,2477.82,125.9814
1787613480000,2477.82,2479.07,2477.82,2478.63,144.0154
1787613540000,2478.64,2478.64,2477.76,2478.55,118.4158
1787613600000,2478.56,2480.32,2478.56,2480.32,158.4294
1787613660000,2480.31,2481.05,2480.13,2480.14,90.5831
1787613720000,2480.13,2481.05,2480.13,2481.05,161.6465
1787613780000,2481.05,2481.44,2480.83,2481.25,71.4554
1787613840000,2481.26,2484.26,2481.26,2482.96,283.2951
1787613900000,2482.95,2484.58,2482.95,2483.33,110.3616
1787613960000,2483.34,2484.57,2482.81,2484.56,101.1497
1787614020000,2484.57,2484.99,2483.42,2483.42,91.1298
1787614080000,2483.43,2483.43,2483.05,2483.05,43.395
1787614140000,2483.05,2483.69,2483,2483.03,138.6542
1787614200000,2483.04,2483.73,2482,2483.53,320.9482
1787614260000,2483.53,2483.91,2482.69,2483.14,129.3097
1787614320000,2483.14,2485.97,2483,2485.8,273.101
1787614380000,2485.8,2485.8,2483.92,2484.33,101.7975
1787614440000,2484.32,2484.32,2483,2483.57,87.2276
1787614500000,2483.56,2484.09,2483,2483.19,164.391
1787614560000,2483.19,2484.04,2483.19,2483.96,75.5963
1787614620000,2483.96,2485.19,2483.96,2485.18,71.7231
1787614680000,2485.19,2486.47,2485.19,2485.79,141.4284
1787614740000,2485.79,2486.91,2485.78,2486.5,215.4864
1787614800000,2486.5,2487.15,2486.2,2487.15,182.6746
1787614860000,2487.14,2487.24,2485.82,2485.82,101.9748
1787614920000,2485.81,2485.86,2485.42,2485.67,60.8774
1787614980000,2485.67,2486.35,2485.25,2486.35,126.5797
1787615040000,2486.34,2486.34,2485,2485.12,91.9089
1787615100000,2485.13,2486.49,2484.66,2484.67,135.9904
1787615160000,2484.67,2484.75,2483.35,2483.39,155.9027
1787615220000,2483.39,2483.73,2482.36,2482.79,162.0702
1787615280000,2482.8,2482.8,2479,2479.02,274.2994
1787615340000,2479.01,2480.71,2479.01,2479.28,76.7572
1787615400000,2479.27,2479.28,2478.04,2478.56,89.3379
1787615460000,2478.56,2478.56,2477.96,2477.96,54.6502
1787615520000,2477.96,2479.13,2476.99,2479,99.5481
1787615580000,2478.99,2478.99,2477.34,2477.36,86.135
1787615640000,2477.35,2479.62,2477.14,2479.61,89.9625
1787615700000,2479.61,2479.99,2478,2479.99,90.3028
1787615760000,2479.99,2480.74,2479.86,2480.56,96.0151
1787615820000,2480.59,2481.08,2480.4,2480.47,50.3968
1787615880000,2480.47,2482.85,2480.24,2481.65,143.1712
1787615940000,2481.64,2483.04,2481.64,2482.31,77.8621
1787616000000,2482.31,2483.39,2480.83,2481.34,189.9033
1787616060000,2481.36,2482.95,2480.5,2480.92,118.5912
1787616120000,2480.91,2481.68,2480.7,2480.83,45.4173
1787616180000,2480.82,2481.57,2480.03,2480.82,115.5228
1787616240000,2480.82,2481.34,2479.73,2479.74,20.8037
1787616300000,2479.73,2479.73,2477.95,2478.62,75.9931
1787616360000,2478.61,2478.88,2477.61,2477.98,155.5116
1787616420000,2477.98,2483.43,2477.98,2479.83,273.7491
1787616480000,2479.8,2484.51,2479.51,2479.96,631.5473
1787616540000,2479.96,2481.31,2477.94,2478.6,135.8437
1787616600000,2478.61,2481.12,2477.63,2480.46,232.99
1787616660000,2480.47,2482.22,2480.47,2480.98,152.7848
1787616720000,2480.99,2482.99,2480.89,2482.31,160.2855
1787616780000,2482.31,2483.73,2479.28,2479.44,380.2085
1787616840000,2479.45,2480.68,2479.02,2479.25,185.0803
1787616900000,2479.26,2479.26,2475.68,2476.46,444.2624
1787616960000,2476.46,2476.52,2474.68,2475.55,241.8872
1787617020000,2475.55,2475.55,2473.67,2474.14,159.0685
1787617080000,2474.13,2475.71,2472.18,2474.36,294.6955
1787617140000,2474.36,2477.16,2474.19,2476.41,177.5655
1787617200000,2476.42,2476.56,2475.43,2476.56,60.0802
1787617260000,2476.56,2477.52,2475.84,2477.52,90.5649
1787617320000,2477.53,2478.6,2477.53,2478.17,93.2389
1787617380000,2478.18,2480.41,2478.18,2480.4,291.8719
1787617440000,2480.41,2480.65,2478.72,2478.92,258.4195
1787617500000,2478.93,2482.1,2478.8,2482.04,206.1101
1787617560000,2482.06,2482.64,2479.2,2479.37,354.0453
1787617620000,2479.37,2480.15,2478.53,2479.74,72.2366
1787617680000,2479.73,2479.73,2477.57,2479.23,57.7231
1787617740000,2479.24,2480.12,2478.37,2478.99,76.8698
1787617800000,2478.98,2479.95,2478.1,2479.95,54.9953
1787617860000,2479.95,2480.68,2478.73,2478.84,332.177
1787617920000,2478.83,2478.83,2476.69,2477.61,222.8304
1787617980000,2477.61,2479.79,2476.89,2479.79,50.6007
1787618040000,2479.8,2480.48,2478.36,2479.73,66.2419
1787618100000,2479.73,2483.52,2479.73,2483.44,242.9519
1787618160000,2483.41,2483.95,2482.33,2482.78,97.7109
1787618220000,2482.78,2483.42,2480.36,2483.19,105.5387
1787618280000,2483.19,2486.5,2483.19,2486.48,211.7953
1787618340000,2486.48,2486.63,2482.47,2484.05,302.7368
1787618400000,2484.05,2487.27,2482.09,2482.09,480.4069
1787618460000,2482.1,2483.91,2481.27,2483.91,116.1444
1787618520000,2483.91,2486.52,2483.44,2486.51,84.5771
1787618580000,2486.52,2494.01,2486.52,2490.94,1035.4226
1787618640000,2490.95,2492.67,2490.68,2492.67,356.635
1787618700000,2492.68,2498.68,2490.7,2498.42,861.5162
1787618760000,2498.41,2503.55,2497.35,2499.61,1167.9343
1787618820000,2499.6,2504.74,2499.28,2500.39,716.6605
1787618880000,2500.37,2500.37,2494.51,2496.27,388.6012
1787618940000,2496.26,2497.39,2493.42,2493.53,446.4932
1787619000000,2493.53,2495.56,2489.85,2495.56,309.3155
1787619060000,2495.59,2495.93,2493.15,2495.93,119.272
1787619120000,2495.94,2497.74,2495.45,2496.28,197.9461
1787619180000,2496.27,2496.27,2491.25,2496.07,425.9732
1787619240000,2496.06,2499.92,2495.22,2499.92,329.1357
1787619300000,2499.92,2500.56,2496.51,2496.95,639.1358
1787619360000,2496.96,2498.34,2494.9,2494.95,204.757
1787619420000,2494.95,2497.25,2494.89,2497.24,112.3881
1787619480000,2497.24,2497.24,2494.08,2494.65,203.2497
1787619540000,2494.65,2495.36,2492.94,2493.61,197.5818
1787619600000,2493.61,2494.99,2492.65,2494.99,153.9647
1787619660000,2495,2497.27,2494.74,2496.59,177.7364
1787619720000,2496.58,2498.13,2495.21,2497.6,154.912
1787619780000,2497.61,2499.99,2496.8,2499.99,122.3845
1787619840000,2499.99,2499.99,2496.98,2497.43,238.2999
1787619900000,2497.43,2497.43,2494.28,2494.67,167.7978
1787619960000,2494.67,2496.74,2494.67,2496.1,206.605
1787620020000,2496.09,2496.65,2491.93,2492.5,221.7483
1787620080000,2492.5,2492.51,2490.09,2491.31,518.3868
1787620140000,2491.31,2493.31,2491.31,2492.57,140.4294
1787620200000,2492.56,2492.56,2487.82,2490.51,259.0177
1787620260000,2490.51,2490.63,2488.04,2490.38,208.3499
1787620320000,2490.38,2490.75,2488.01,2489.93,138.9194
1787620380000,2489.94,2491.73,2489.66,2490.4,100.8512
1787620440000,2490.39,2490.61,2487.84,2488.78,135.686
1787620500000,2488.79,2488.79,2484.88,2485.38,357.2411
1787620560000,2485.38,2488.99,2484.88,2488.99,180.949
1787620620000,2488.99,2495.35,2488.96,2493.54,226.6838
1787620680000,2493.54,2494.18,2491.53,2491.65,126.7954
1787620740000,2491.64,2495.14,2491.64,2494.27,119.069
1787620800000,2494.28,2495.86,2494.02,2495.39,698.0598
1787620860000,2495.4,2496.04,2493.5,2495.14,340.3712
1787620920000,2495.14,2495.97,2493.64,2493.82,112.6734
1787620980000,2493.82,2495.75,2492.67,2493.1,132.1726
1787621040000,2493.1,2498.33,2492.5,2494.13,936.6562
1787621100000,2494.13,2496.17,2493.2,2496.02,320.4271
1787621160000,2496.03,2498.91,2495.2,2497.37,233.7515
1787621220000,2497.38,2504.62,2496.92,2503.34,1162.6289
1787621280000,2503.35,2503.35,2499.68,2499.75,349.177
1787621340000,2499.74,2500.14,2498.23,2498.58,299.189
1787621400000,2498.59,2500.18,2498.17,2500.18,108.4319
1787621460000,2500.18,2500.99,2499.41,2499.88,153.4686
1787621520000,2499.88,2499.88,2497.26,2497.26,239.1367
1787621580000,2497.27,2497.5,2495.57,2496.47,317.5101
1787621640000,2496.47,2498.33,2496.47,2496.88,79.5178
1787621700000,2496.87,2496.88,2495.51,2495.61,68.18
1787621760000,2495.6,2496.04,2494.94,2496.03,98.821
1787621820000,2496.04,2498.01,2495,2498.01,124.6113
1787621880000,2498.03,2500.93,2498.02,2499.68,232.7264
1787621940000,2499.68,2499.68,2498.28,2499.47,108.9649
1787622000000,2499.47,2502.15,2499.14,2499.24,296.7439
1787622060000,2499.25,2501.4,2499,2499,131.7567
1787622120000,2499.01,2499.64,2496.07,2496.09,168.4452
1787622180000,2496.08,2496.88,2495.74,2495.74,90.8761
1787622240000,2495.74,2495.75,2494.16,2494.36,185.7933
1787622300000,2494.32,2496.34,2494.27,2496.16,60.7501
1787622360000,2496.16,2497.02,2495.28,2495.28,95.3734
1787622420000,2495.28,2495.51,2493.98,2495.02,125.7301
1787622480000,2495.01,2496.01,2494.02,2496.01,78.5096
1787622540000,2496.01,2496.43,2494.75,2495.44,175.9027
1787622600000,2495.4,2495.4,2493.2,2493.99,642.1976
1787622660000,2493.99,2494.24,2491.8,2491.81,267.8887
1787622720000,2491.81,2491.93,2490.07,2490.07,739.5284
1787622780000,2490.07,2491.14,2489.24,2490.74,181.6838
1787622840000,2490.74,2492.45,2489.41,2492.45,263.8483
1787622900000,2492.45,2493.46,2492.21,2493.26,52.92
1787622960000,2493.26,2493.74,2492.14,2492.65,93.301
1787623020000,2492.66,2494.44,2492.34,2493.67,72.811
1787623080000,2493.68,2495.56,2493.68,2495.56,124.0643
1787623140000,2495.56,2496.59,2495.19,2495.99,88.9021
1787623200000,2495.99,2496.72,2495,2495.92,107.6878
1787623260000,2495.91,2495.91,2494.32,2494.32,112.1427
1787623320000,2494.32,2498.17,2493.46,2497.62,211.35
1787623380000,2497.63,2498.74,2495.76,2495.76,170.9551
1787623440000,2495.75,2497.26,2495.18,2496.31,103.4265
1787623500000,2496.3,2497.44,2494.86,2494.86,69.3855
1787623560000,2494.85,2494.86,2493.22,2493.22,136.9867
1787623620000,2493.21,2494.98,2492.92,2493.31,103.0775
1787623680000,2493.3,2495.39,2492.92,2493.79,195.3781
1787623740000,2493.79,2494.5,2492.31,2494.5,99.2996
1787623800000,2494.52,2497.36,2494.31,2496.98,104.7045
1787623860000,2496.99,2497.6,2495.12,2495.49,111.558
1787623920000,2495.48,2495.48,2493.9,2494.02,92.1202
1787623980000,2494.03,2494.08,2492.38,2493.7,161.0409
1787624040000,2493.7,2494.39,2493.1,2494.39,65.1948
1787624100000,2494.4,2495.27,2493.45,2493.75,134.0914
1787624160000,2493.74,2495.74,2493.74,2495.56,80.3854
1787624220000,2495.56,2513.31,2495.52,2512.56,1925.2857
1787624280000,2512.88,2519.48,2509.08,2517.24,2000.3301
1787624340000,2517.24,2519.22,2511,2519.21,923.5816
1787624400000,2519.22,2520.86,2512.86,2518.19,3716.0494
1787624460000,2518.2,2521.75,2513.94,2514.38,1659.5368
1787624520000,2514.38,2516.96,2510,2512.72,798.5068
1787624580000,2512.71,2513.77,2511.03,2511.48,354.2715
1787624640000,2511.47,2515.76,2510.12,2515.75,436.4148
1787624700000,2515.75,2519.72,2513.89,2515.79,630.9703
1787624760000,2515.79,2518.53,2515.79,2517.22,273.988
1787624820000,2517.23,2520.48,2517.23,2520.48,260.8091
1787624880000,2520.47,2532.5,2520.31,2529.83,3054.227
1787624940000,2529.83,2531,2526.77,2529.61,679.5742
1787625000000,2529.6,2532.34,2526.04,2527.33,964.7271
1787625060000,2527.32,2528.29,2522.41,2527.55,666.0745
1787625120000,2527.51,2527.92,2521.93,2522.19,490.5919
1787625180000,2522.19,2522.2,2518.98,2519.2,430.0125
1787625240000,2519.2,2520.12,2517.46,2519.05,202.0824
1787625300000,2519.04,2520.11,2517.04,2517.87,232.882
1787625360000,2517.87,2517.87,2515.42,2516.77,288.8571
1787625420000,2516.77,2516.9,2514.38,2516.15,270.5056
1787625480000,2516.16,2519.54,2516.09,2518.21,246.1357
1787625540000,2518.22,2520,2517.01,2518.89,243.6258
1787625600000,2518.89,2522.3,2518.33,2520.45,254.0576
1787625660000,2520.45,2528.33,2519.58,2527.57,839.5797
1787625720000,2527.58,2530.74,2526.61,2526.96,878.3334
1787625780000,2526.96,2527.32,2521.31,2523.23,371.3432
1787625840000,2523.23,2523.23,2516.75,2517.21,406.7323
1787625900000,2517.2,2517.88,2515.27,2516.45,227.9954
1787625960000,2516.46,2517.5,2513.78,2516.6,1357.7612
1787626020000,2516.6,2518.82,2516.59,2518.46,248.7185
1787626080000,2518.45,2518.87,2514.01,2514.01,208.2838
1787626140000,2514,2515,2507.88,2509.3,1266.1545
1787626200000,2509.3,2509.3,2501.96,2505.47,914.6983
1787626260000,2505.47,2505.86,2503.07,2504.88,423.791
1787626320000,2504.89,2507.84,2504.11,2506.79,136.931
1787626380000,2506.78,2510.71,2506.78,2510.05,320.8387
1787626440000,2510.04,2510.04,2507.46,2507.47,160.5099
1787626500000,2507.46,2510.49,2506.49,2510.41,282.7761
1787626560000,2510.4,2510.4,2508.99,2509,150.5661
1787626620000,2509,2510.71,2507.77,2507.78,476.0415
1787626680000,2507.78,2508.91,2506.85,2508.34,324.0459
1787626740000,2508.34,2509.57,2507.31,2507.69,338.6876
1787626800000,2507.7,2510.71,2507.7,2510.37,135.9206
1787626860000,2510.36,2510.37,2504.84,2506.45,451.7179
1787626920000,2506.46,2507.56,2505.6,2507.04,280.6331
1787626980000,2507.05,2510.12,2507.05,2510.11,115.9101
1787627040000,2510.12,2510.5,2509.11,2509.22,56.6341
1787627100000,2509.21,2512.9,2509.21,2511.31,221.3549
1787627160000,2511.3,2513.69,2510.64,2513.69,195.0468
1787627220000,2513.71,2514.53,2513.55,2513.55,170.5426
1787627280000,2513.55,2514.55,2511.86,2512.15,251.0417
1787627340000,2512.15,2513.54,2511.52,2511.52,103.0015
1787627400000,2511.52,2513.74,2511.51,2512.14,121.6969
1787627460000,2512.14,2512.46,2510.03,2511.38,206.654
1787627520000,2511.38,2513.11,2510.88,2511.77,78.894
1787627580000,2511.76,2513.17,2510.75,2512.86,92.5443
1787627640000,2512.85,2512.95,2510.32,2511,110.739
1787627700000,2511,2511.42,2510.06,2510.43,60.5233
1787627760000,2510.44,2511.81,2509.62,2510.13,180.3553
1787627820000,2510.12,2510.31,2507.35,2507.64,287.9241
1787627880000,2507.62,2510.85,2507,2510.01,313.7075
1787627940000,2510,2510.91,2509.15,2510.21,73.2027
1787628000000,2510.22,2511.81,2507.31,2507.42,346.7037
1787628060000,2507.43,2509.44,2505.11,2509.44,301.294
1787628120000,2509.44,2510.34,2508.39,2510.07,340.0981
1787628180000,2510.07,2511.08,2509.4,2510.73,140.0333
1787628240000,2510.74,2510.74,2506.26,2507.26,292.8566
1787628300000,2507.27,2507.53,2506.36,2507.16,146.6986
1787628360000,2507.16,2507.16,2504.64,2507.02,240.1312
1787628420000,2507.04,2508.97,2506.88,2507.99,151.6709
1787628480000,2507.98,2507.98,2505.69,2506.07,98.4273
1787628540000,2506.07,2506.07,2505.14,2505.73,118.5232
1787628600000,2505.73,2505.73,2503.63,2505.55,234.7361
1787628660000,2505.55,2506.39,2505.14,2506.3,303.5911
1787628720000,2506.3,2509.28,2506.22,2508.29,252.1407
1787628780000,2508.28,2508.91,2506.39,2506.78,52.6748
1787628840000,2506.79,2507.85,2506.4,2506.4,41.7982
1787628900000,2506.39,2507.27,2504.25,2504.25,210.1818
1787628960000,2504.24,2505.57,2504.1,2505.32,187.4688
1787629020000,2505.32,2506.62,2504.21,2505.29,253.8395
1787629080000,2505.29,2507.94,2505.02,2505.88,112.0742
1787629140000,2505.88,2508.08,2505.87,2506.98,93.0253
1787629200000,2506.98,2507.05,2502.86,2505.35,412.806
1787629260000,2505.35,2506.28,2504.71,2505.96,231.141
1787629320000,2505.95,2505.96,2503.39,2504.65,223.0732
1787629380000,2504.64,2504.64,2501.99,2502.77,462.7234
1787629440000,2502.76,2502.99,2496.86,2498.77,987.7005
1787629500000,2498.77,2499.71,2496,2499.71,439.098
1787629560000,2499.71,2501.18,2497.06,2501.17,348.6308
1787629620000,2501.18,2501.32,2500.03,2500.13,83.9412
1787629680000,2500.13,2500.52,2495.95,2495.95,201.4756
1787629740000,2495.95,2497.07,2488.99,2494.15,1412.4069
1787629800000,2494.16,2496.22,2494.16,2496.19,156.578
1787629860000,2496.2,2497.14,2494.8,2497.14,138.8369
1787629920000,2497.15,2499.32,2496.56,2497.77,260.6776
1787629980000,2497.76,2498.9,2496.75,2498.9,209.3458
1787630040000,2498.9,2499.51,2497.57,2498.51,116.3375
1787630100000,2498.5,2498.5,2496.7,2497.58,179.2862
1787630160000,2497.59,2498.36,2495.66,2495.66,246.5474
1787630220000,2495.66,2496.93,2493.57,2496.59,240.6835
1787630280000,2496.58,2498,2496.36,2497.99,265.7607
1787630340000,2497.99,2499.4,2497.39,2499.29,163.6134
1787630400000,2499.3,2500.86,2498.67,2500.55,126.2147
1787630460000,2500.56,2500.56,2498.33,2499.82,311.9353
1787630520000,2499.81,2503.57,2499.03,2503.57,129.808
1787630580000,2503.57,2504.09,2500.2,2500.2,309.8335
1787630640000,2500.2,2500.33,2497.68,2497.69,252.993
1787630700000,2497.68,2498.48,2496.72,2498.08,100.8368
1787630760000,2498.08,2498.79,2494.98,2494.98,196.4538
1787630820000,2494.99,2496.6,2492.81,2496.48,336.1455
1787630880000,2496.47,2497.38,2494.75,2496.85,112.2727
1787630940000,2496.85,2499.04,2496.1,2499.04,133.555
1787631000000,2499.04,2499.05,2497.08,2497.79,98.1042
1787631060000,2497.79,2499.89,2497.4,2499.89,172.3014
1787631120000,2499.89,2501.01,2498.9,2500.77,145.1664
1787631180000,2500.76,2500.79,2498.37,2498.88,283.1918
1787631240000,2498.88,2500.15,2498.71,2500.15,25.0459
1787631300000,2500.15,2500.65,2497.43,2497.44,137.4671
1787631360000,2497.44,2498.5,2496.68,2496.68,86.1124
1787631420000,2496.68,2498,2491.94,2494.17,990.569
1787631480000,2494.18,2494.99,2493,2494.41,237.978
1787631540000,2494.4,2495.29,2492.48,2493.54,220.8947
1787631600000,2493.55,2496.64,2493.07,2496.1,426.0844
1787631660000,2496.1,2497.04,2492.95,2494.32,394.2507
1787631720000,2494.31,2497.77,2493.87,2497.39,154.0344
1787631780000,2497.4,2497.91,2496.75,2496.76,107.8919
1787631840000,2496.75,2497.77,2495.74,2497.59,182.1692
1787631900000,2497.59,2498.01,2496.69,2497.37,99.7265
1787631960000,2497.37,2497.37,2495.05,2495.15,139.3085
1787632020000,2495.15,2495.15,2493.35,2493.93,120.3007
1787632080000,2493.93,2495.03,2493.93,2494.88,59.0842
1787632140000,2494.88,2495.66,2494.28,2494.34,101.3483
1787632200000,2494.35,2494.53,2492.29,2492.3,111.3725
1787632260000,2492.29,2492.83,2488.96,2489.43,299.0159
1787632320000,2489.43,2495.98,2489.43,2495.98,307.8667
1787632380000,2495.98,2497,2495.32,2495.33,77.1754
1787632440000,2495.31,2495.97,2493.05,2494,134.4556
1787632500000,2493.99,2496.04,2493.49,2496.04,129.2224
1787632560000,2496.04,2496.35,2495.49,2495.57,89.0393
1787632620000,2495.57,2496.1,2495.11,2495.87,347.7832
1787632680000,2495.87,2496.95,2495.08,2496.76,305.4333
1787632740000,2496.76,2497.43,2491.07,2492.31,526.0223
1787632800000,2492.3,2493.79,2490.91,2493.63,115.8445
1787632860000,2493.63,2494.44,2490.48,2491.65,473.3653
1787632920000,2491.65,2491.92,2490.26,2490.36,142.2631
1787632980000,2490.36,2490.96,2490,2490.55,139.2615
1787633040000,2490.55,2491.94,2490.34,2491.77,102.1358
1787633100000,2491.76,2493.12,2490.5,2493.12,460.9194
1787633160000,2493.15,2494.48,2492.04,2494.45,100.2908
1787633220000,2494.45,2494.45,2493.79,2494.01,34.1648
1787633280000,2494,2494.01,2492.33,2493.84,68.8754
1787633340000,2493.84,2494.45,2493.83,2494.35,100.6251
1787633400000,2494.35,2495.48,2493.9,2494.37,353.1322
1787633460000,2494.41,2495.29,2494.41,2495.28,43.7816
1787633520000,2495.28,2495.28,2493.9,2494.52,182.3863
1787633580000,2494.5,2495.23,2493.42,2493.42,92.4689
1787633640000,2493.42,2493.49,2492.37,2492.37,51.3625
1787633700000,2492.38,2492.99,2492.12,2492.15,150.7351
1787633760000,2492.15,2492.23,2491.35,2491.35,55.8438
1787633820000,2491.34,2492.4,2490.34,2491.55,389.6211
1787633880000,2491.55,2492.94,2491.55,2492.61,45.2113
1787633940000,2492.61,2495,2492.49,2494.99,64.1073
1787634000000,2494.99,2495.89,2493.77,2493.99,135.353
1787634060000,2494,2498.94,2494,2498.3,873.2815
1787634120000,2498.3,2499.6,2498.01,2498.01,129.4153
1787634180000,2498.02,2499.39,2497.86,2498.14,320.9159
1787634240000,2498.13,2499.68,2497.95,2498.97,166.9113
1787634300000,2498.97,2500,2498.96,2499.93,86.1274
1787634360000,2499.94,2501.72,2499.94,2501.27,206.8497
1787634420000,2501.28,2501.93,2501.19,2501.19,173.5517
1787634480000,2501.18,2501.55,2500.68,2501.55,75.4388
1787634540000,2501.56,2501.95,2500.94,2500.95,85.7269
1787634600000,2500.95,2501.52,2500.35,2500.35,148.1954
1787634660000,2500.35,2501.45,2500.35,2500.42,123.4678
1787634720000,2500.42,2501.12,2500.41,2500.71,164.4989
1787634780000,2500.71,2501.3,2500,2500.43,197.4442
1787634840000,2500.43,2501.09,2500.43,2500.85,111.6335
1787634900000,2500.85,2501.23,2500.21,2500.77,209.0069
1787634960000,2500.77,2503.01,2500.77,2501.45,256.1583
1787635020000,2501.46,2502.77,2501.31,2501.31,113.6375
1787635080000,2501.32,2503.78,2501.32,2503.78,334.5614
1787635140000,2503.79,2504.64,2503.2,2503.68,342.2216
1787635200000,2503.69,2504.59,2503.27,2503.59,61.7413
1787635260000,2503.59,2504.25,2503.32,2504.25,126.3002
1787635320000,2504.24,2504.64,2504.17,2504.54,54.078
1787635380000,2504.54,2504.54,2503.61,2503.71,117.5567
1787635440000,2503.72,2505,2503.72,2505,74.714
1787635500000,2505,2508.51,2505,2507.63,346.8413
1787635560000,2507.64,2507.84,2506.78,2507.53,119.5353
1787635620000,2507.53,2508.84,2507.31,2507.31,172.6084
1787635680000,2507.31,2507.93,2507.14,2507.53,58.5103
1787635740000,2507.54,2511.82,2507.32,2508.71,451.7765
1787635800000,2508.71,2509.69,2507.03,2507.84,233.6681
1787635860000,2507.85,2509.16,2507.47,2509.1,203.1933
1787635920000,2509.09,2511.5,2507.92,2509.69,357.1164
1787635980000,2509.69,2509.85,2508.4,2509.85,73.132
1787636040000,2509.85,2511.02,2509.57,2510.97,177.2368
1787636100000,2510.97,2511.02,2509.09,2511.02,111.1101
1787636160000,2511.02,2511.78,2509.71,2509.71,250.2175
1787636220000,2509.71,2510.99,2509.61,2510.68,155.168
1787636280000,2510.69,2510.88,2510.24,2510.37,368.1879
1787636340000,2510.37,2510.4,2509.67,2510.22,46.1937
1787636400000,2510.21,2511.03,2509.39,2510.9,144.9387
1787636460000,2510.91,2511.39,2510.26,2510.35,144.121
1787636520000,2510.35,2510.41,2509.73,2509.74,42.466
1787636580000,2509.74,2509.74,2508.51,2508.58,62.259
1787636640000,2508.59,2508.59,2506.79,2506.79,410.9385
1787636700000,2506.8,2508.05,2506.58,2507.91,74.6686
1787636760000,2507.9,2508.18,2507.46,2507.94,71.9259
1787636820000,2507.94,2507.94,2505.47,2506.69,139.3959
1787636880000,2506.69,2508.73,2506.69,2508.72,123.8914
1787636940000,2508.73,2509.03,2507.89,2509.02,112.5923
1787637000000,2509.03,2509.84,2507.9,2507.9,150.9344
1787637060000,2507.89,2508.86,2507.41,2508.02,194.547
1787637120000,2508.02,2509.91,2508.02,2509.11,129.3687
1787637180000,2509.1,2510.71,2508.68,2509.3,176.7396
1787637240000,2509.29,2509.66,2507.36,2507.65,59.1328
1787637300000,2507.66,2510.29,2507.66,2509.93,111.0026
1787637360000,2509.92,2510.2,2509.48,2509.84,138.6585
1787637420000,2509.83,2510.31,2509.17,2509.79,98.3375
1787637480000,2509.78,2510.14,2509.35,2509.73,48.8383
1787637540000,2509.74,2510.19,2508.72,2508.73,63.6269
1787637600000,2508.73,2509.29,2508.22,2509.13,68.6175
1787637660000,2509.13,2509.29,2508,2508.27,52.7375
1787637720000,2508.26,2509.67,2508.26,2508.85,84.6582
1787637780000,2508.85,2510.57,2508.63,2510.13,211.6697
1787637840000,2510.13,2510.13,2508.66,2508.72,164.1761
1787637900000,2508.71,2508.71,2507.13,2507.46,82.1176
1787637960000,2507.46,2509.9,2507.46,2509.71,74.1422
1787638020000,2509.72,2510.04,2508.81,2509.24,105.0692
1787638080000,2509.24,2509.93,2507.81,2507.81,140.7513
1787638140000,2507.81,2508.96,2507.79,2508.84,123.6497
1787638200000,2508.85,2508.85,2506.73,2508.35,81.3143
1787638260000,2508.35,2508.35,2507.2,2507.54,66.0354
1787638320000,2507.54,2507.91,2507.02,2507.91,115.9686
1787638380000,2507.91,2507.91,2507.56,2507.72,40.0637
1787638440000,2507.71,2510.14,2507.57,2510.12,140.204
1787638500000,2510.11,2510.4,2508.88,2509.68,54.8769
1787638560000,2509.69,2510.28,2509.51,2510.02,70.08
1787638620000,2510.03,2512.77,2509.79,2512.76,182.917
1787638680000,2512.76,2513.54,2511.28,2511.28,99.0994
1787638740000,2511.28,2511.99,2510.6,2510.96,156.0607
1787638800000,2510.95,2511.05,2510,2510.01,174.7915
1787638860000,2510,2510.76,2509.49,2510.47,103.1039
1787638920000,2510.47,2511.49,2508.72,2511.48,71.9343
1787638980000,2511.48,2515.43,2510.79,2514.4,351.2806
1787639040000,2514.4,2514.71,2511.76,2513.34,147.9136
1787639100000,2513.34,2513.34,2511.66,2512.14,74.0305
1787639160000,2512.13,2513.88,2511.74,2513.87,49.676
1787639220000,2513.88,2513.88,2511.87,2511.92,41.04
1787639280000,2511.91,2512.27,2511.03,2511.65,31.0363
1787639340000,2511.64,2511.64,2510.54,2510.54,24.543
1787639400000,2510.54,2510.54,2508.03,2508.88,146.3883
1787639460000,2508.89,2509.98,2507.18,2507.58,268.2311
1787639520000,2507.58,2507.58,2501.57,2502.07,653.496
1787639580000,2502.07,2503.46,2501.88,2502.55,110.6765
1787639640000,2502.55,2505.46,2502.26,2505.01,67.4448
1787639700000,2505.01,2505.01,2502.05,2502.2,137.4387
1787639760000,2502.2,2502.21,2500.31,2500.88,128.9783
1787639820000,2500.88,2500.89,2499.28,2500,292.7109
1787639880000,2500,2501.25,2499.99,2501.25,188.6581
1787639940000,2501.25,2503.69,2501.25,2503.69,39.9262
1787640000000,2503.68,2503.69,2501.81,2502.2,246.7849
1787640060000,2502.2,2503.56,2502.2,2503.55,58.4213
1787640120000,2503.55,2503.79,2503.53,2503.78,72.4029
1787640180000,2503.77,2504.43,2502.78,2502.96,266.2151
1787640240000,2502.97,2504.24,2502.97,2504.24,93.2416
1787640300000,2504.25,2504.25,2502.93,2503.08,192.5493
1787640360000,2503.08,2504.25,2502.82,2504.24,120.7667
1787640420000,2504.24,2504.66,2502.72,2503.19,180.5729
1787640480000,2503.19,2503.38,2501.65,2502,141.5135
1787640540000,2501.99,2502.46,2500,2500.34,203.3627
1787640600000,2500.34,2500.39,2499.01,2500.14,63.605
1787640660000,2500.15,2500.8,2499.65,2500.01,98.9139
1787640720000,2500,2500.67,2499.12,2500.03,164.969
1787640780000,2500.04,2501.08,2500.03,2500.14,87.4245
1787640840000,2500.14,2500.15,2499.05,2499.65,128.2705
1787640900000,2499.65,2499.65,2496.04,2498.51,281.8722
1787640960000,2498.51,2498.54,2497.02,2497.99,100.0148
1787641020000,2498,2498,2497.09,2497.78,71.9345
1787641080000,2497.78,2499.33,2497.7,2499.33,47.0858
1787641140000,2499.33,2500.88,2499.33,2500.88,29.2672
1787641200000,2500.89,2502.68,2500.17,2502.68,116.5081
1787641260000,2502.7,2504.89,2502.7,2504.64,195.6298
1787641320000,2504.64,2504.65,2503.83,2504.65,100.2685
1787641380000,2504.65,2505.89,2504.55,2505.88,86.9183
1787641440000,2505.89,2511.61,2505.89,2510.74,766.8232
1787641500000,2510.75,2513,2510.74,2512.85,229.8223
1787641560000,2512.85,2512.98,2509.25,2509.73,298.5064
1787641620000,2509.73,2509.74,2508.35,2508.36,62.4213
1787641680000,2508.36,2508.36,2507.36,2507.86,73.0565
1787641740000,2507.86,2508.79,2507.83,2508.37,140.0102
1787641800000,2508.37,2508.37,2507.63,2507.76,88.0366
1787641860000,2507.75,2507.92,2507.26,2507.26,217.3472
1787641920000,2507.26,2508.36,2507.05,2508.11,145.6982
1787641980000,2508.12,2508.81,2508.11,2508.2,23.1459
1787642040000,2508.2,2508.2,2507.22,2507.24,70.5685
1787642100000,2507.23,2507.38,2506.68,2506.69,48.7199
1787642160000,2506.68,2506.75,2505.77,2506.23,54.1941
1787642220000,2506.22,2508.11,2505.92,2505.92,75.4143
1787642280000,2505.91,2505.91,2503.8,2503.81,128.0783
1787642340000,2503.8,2503.92,2502.82,2503.91,163.4329
1787642400000,2503.91,2504.35,2503.91,2504.34,38.7033
1787642460000,2504.35,2505.35,2504.34,2505.34,26.1731
1787642520000,2505.35,2506.88,2505.35,2506.01,73.0062
1787642580000,2506.01,2506.02,2505.36,2505.37,18.5354
1787642640000,2505.37,2505.37,2504.03,2504.04,29.0296
1787642700000,2504.05,2504.25,2503.67,2504.25,88.0145
1787642760000,2504.24,2505.41,2503.99,2503.99,94.8692
1787642820000,2504,2505.85,2504,2505.24,94.4515
1787642880000,2505.23,2505.47,2504.89,2505.3,62.3213
1787642940000,2505.3,2505.85,2504.87,2504.87,52.252
1787643000000,2504.87,2504.87,2502.85,2502.89,270.3583
1787643060000,2502.89,2503.97,2502.88,2503.97,231.3848
1787643120000,2503.98,2504.04,2502.23,2502.23,296.0142
1787643180000,2502.24,2502.24,2501.44,2501.44,179.9629
1787643240000,2501.45,2502.61,2501.3,2501.94,362.7154
1787643300000,2501.95,2502.29,2501.79,2501.96,192.5817
1787643360000,2501.95,2502.29,2501.56,2501.62,187.993
1787643420000,2501.62,2501.95,2501.29,2501.3,182.4542
1787643480000,2501.29,2501.3,2498.8,2499.23,323.2826
1787643540000,2499.23,2499.34,2496.41,2497.72,346.7751
1787643600000,2497.73,2499.11,2497.72,2499.07,227.2791
1787643660000,2499.07,2499.48,2498.66,2499.32,213.7603
1787643720000,2499.32,2499.67,2499.29,2499.61,218.5389
1787643780000,2499.62,2499.67,2498.62,2498.75,248.0782
1787643840000,2498.75,2499.28,2498.6,2499.22,269.7346
1787643900000,2499.21,2499.6,2498.01,2498.01,209.3995
1787643960000,2498.01,2498.72,2497.76,2498.49,241.1166
1787644020000,2498.49,2498.72,2497.54,2497.69,222.5336
1787644080000,2497.68,2497.9,2489.13,2489.16,1042.9957
1787644140000,2489.12,2490.46,2476,2481.52,3092.3647
1787644200000,2481.52,2483.76,2478.04,2480.26,648.7591
1787644260000,2480.26,2480.63,2464.41,2474.61,3270.995
1787644320000,2474.61,2478.11,2473.65,2478.08,1441.0641
1787644380000,2478.08,2482.52,2477.15,2482.08,700.3466
1787644440000,2482.08,2483.85,2482.07,2483.59,1625.9977
1787644500000,2483.6,2483.6,2479.61,2481.08,398.0643
1787644560000,2481.08,2485,2480.64,2484.8,417.3991
1787644620000,2484.8,2485.28,2482.86,2482.86,205.8906
1787644680000,2482.87,2483.73,2480.18,2480.18,442.8409
1787644740000,2480.18,2481.19,2478.93,2478.94,246.0021
1787644800000,2478.94,2482.61,2478.61,2479.54,441.5513
1787644860000,2479.53,2479.94,2475,2476.77,570.8056
1787644920000,2476.76,2478.71,2475.76,2478.55,367.7814
1787644980000,2478.55,2481.4,2478.55,2481.4,87.0893
1787645040000,2481.41,2482.56,2480.13,2482.11,180.1686
1787645100000,2482.13,2482.16,2480.12,2481.9,167.569
1787645160000,2481.89,2482.84,2480.76,2482.19,153.3036
1787645220000,2482.18,2482.19,2481.03,2481.49,156.8573
1787645280000,2481.49,2482.63,2480.21,2482.2,151.6119
1787645340000,2482.19,2482.78,2482.06,2482.06,42.4039
1787645400000,2482.06,2482.85,2481.83,2482.45,373.6202
1787645460000,2482.45,2483,2482.44,2483,405.6246
1787645520000,2483,2486.21,2483,2485.85,957.011
1787645580000,2485.84,2486.43,2485,2485.44,154.5962
1787645640000,2485.44,2485.55,2485.38,2485.5,183.7032
1787645700000,2485.49,2487.69,2485.38,2487.13,106.9753
1787645760000,2487.13,2488.75,2487.13,2488.74,60.7711
1787645820000,2488.75,2490.6,2488.74,2489.12,181.8416
1787645880000,2489.13,2489.65,2487.64,2487.64,137.0507
1787645940000,2487.64,2487.92,2486.77,2487.31,88.9889
1787646000000,2487.32,2489.9,2487.31,2489.9,83.1915
1787646060000,2489.89,2490,2489.11,2489.49,89.4849
1787646120000,2489.5,2491.4,2489.5,2490.97,173.2613
1787646180000,2490.97,2496.96,2489.09,2495.31,936.2868
1787646240000,2495.3,2495.3,2491.75,2494.53,353.7141
1787646300000,2494.51,2498,2493.92,2495.92,261.699
1787646360000,2495.92,2496.37,2494.4,2494.46,239.1856
1787646420000,2494.46,2495.96,2494.45,2494.91,103.9511
1787646480000,2494.92,2495.52,2494.6,2494.71,63.2943
1787646540000,2494.7,2494.7,2493.97,2494.06,65.8225
1787646600000,2494.07,2496.32,2494.07,2495.59,191.1319
1787646660000,2495.59,2495.59,2493.98,2495.32,90.4676
1787646720000,2495.33,2495.33,2493.09,2493.5,121.6164
1787646780000,2493.51,2493.51,2490.56,2490.59,196.2854
1787646840000,2490.6,2493.24,2490.6,2492.75,123.7185
1787646900000,2492.76,2493.04,2492.36,2492.8,77.3415
1787646960000,2492.8,2493.3,2491.88,2493.27,79.1439
1787647020000,2493.26,2493.27,2491.77,2492.6,75.3815
1787647080000,2492.61,2492.61,2488.27,2489.39,221.546
1787647140000,2489.39,2489.93,2486.39,2486.54,245.9135
1787647200000,2486.55,2488.12,2486.1,2487.53,129.2878
1787647260000,2487.53,2487.75,2485.69,2487.74,250.0687
1787647320000,2487.75,2487.86,2487.22,2487.48,72.7469
1787647380000,2487.47,2489.5,2487.17,2489.5,218.6537
1787647440000,2489.5,2490.99,2489.49,2490.35,190.8123
1787647500000,2490.35,2490.95,2486.48,2486.49,154.6329
1787647560000,2486.48,2487.92,2486.48,2486.67,121.5087
1787647620000,2486.66,2486.66,2485.44,2485.63,129.1207
1787647680000,2485.63,2486.01,2485,2485.01,196.5211
1787647740000,2485.01,2485.3,2483.78,2484.06,388.4178
1787647800000,2484.06,2485.07,2484.06,2484.73,194.2777
1787647860000,2484.72,2484.72,2483.3,2483.55,438.025
1787647920000,2483.54,2483.55,2481.59,2482.87,415.6241
1787647980000,2482.88,2482.88,2480.47,2481.3,699.794
1787648040000,2481.3,2482.43,2481.21,2482.43,234.2801
1787648100000,2482.43,2483,2481.86,2481.93,371.036
1787648160000,2481.93,2482.78,2481.13,2482.77,91.2091
1787648220000,2482.78,2484.11,2482.77,2483.91,172.2871
1787648280000,2483.9,2485,2483.9,2485,290.0572
1787648340000,2485,2485.41,2484.59,2484.82,97.5108
1787648400000,2484.82,2485.25,2483.41,2484.46,111.7071
1787648460000,2484.46,2484.47,2482.6,2482.73,125.7756
1787648520000,2482.73,2482.74,2481.57,2481.58,59.404
1787648580000,2481.57,2481.88,2479.58,2481.88,287.9533
1787648640000,2481.87,2481.87,2480.01,2481.37,197.3812
1787648700000,2481.37,2481.66,2479.87,2481.42,221.0453
1787648760000,2481.42,2484.11,2481.08,2483.06,163.2524
1787648820000,2483.07,2484.9,2482.94,2484.9,142.477
1787648880000,2484.89,2484.89,2483.86,2484.34,96.1608
1787648940000,2484.34,2485.83,2483.45,2485.66,78.9549
1787649000000,2485.65,2485.66,2485.21,2485.63,140.4065
1787649060000,2485.63,2485.63,2483.95,2484,177.6972
1787649120000,2484.01,2486.52,2483.61,2486.52,469.2638
1787649180000,2486.52,2488.74,2486.38,2488.45,336.8052
1787649240000,2488.45,2489.47,2487.48,2487.48,667.1187
1787649300000,2487.48,2488.4,2486.63,2487.07,59.7927
1787649360000,2487.06,2488.14,2485.44,2488.13,85.9502
1787649420000,2488.13,2489.5,2488.13,2488.48,51.3801
1787649480000,2488.48,2489.17,2487.73,2487.74,68.5146
1787649540000,2487.74,2488.31,2487.47,2487.59,106.9823
1787649600000,2487.6,2488.72,2487.33,2488.72,53.5623
1787649660000,2488.71,2488.74,2487.47,2487.72,58.261
1787649720000,2487.72,2489.11,2487.72,2489.11,24.0564
1787649780000,2489.11,2489.43,2488.33,2489.05,332.7855
1787649840000,2489.05,2492,2489.05,2489.79,357.068
1787649900000,2489.79,2489.79,2488.53,2488.53,135.4061
1787649960000,2488.54,2488.54,2486,2486.28,86.058
1787650020000,2486.27,2486.6,2484.14,2486.14,345.5943
1787650080000,2486.14,2486.42,2485.44,2486.17,52.5262
1787650140000,2486.17,2487.32,2485.57,2487.21,55.8239
1787650200000,2487.2,2487.75,2487.2,2487.58,32.9502
1787650260000,2487.58,2488.42,2487.23,2488.41,592.4047
1787650320000,2488.42,2489.5,2487.99,2488.48,108.6599
1787650380000,2488.47,2488.69,2487.7,2488.38,66.8778
1787650440000,2488.38,2491.41,2488.38,2489.69,179.9032
1787650500000,2489.67,2489.79,2488.42,2488.6,83.5759
1787650560000,2488.61,2488.7,2487.58,2487.89,65.4514
1787650620000,2487.88,2488.6,2487.48,2488.5,169.1455
1787650680000,2488.5,2488.92,2487.08,2488.05,71.2968
1787650740000,2488.05,2488.49,2487.47,2487.48,42.6072
1787650800000,2487.47,2488.92,2487.47,2488.92,51.3108
1787650860000,2488.91,2489.91,2488.61,2488.94,60.6556
1787650920000,2488.93,2488.93,2488.52,2488.53,28.8601
1787650980000,2488.52,2488.52,2486.76,2486.77,80.6704
1787651040000,2486.76,2487.25,2486.03,2486.03,84.6938
1787651100000,2486.03,2486.96,2484.5,2484.51,400.4569
1787651160000,2484.51,2485.39,2483,2483,137.6639
1787651220000,2483,2484.55,2482.95,2483.42,144.4221
1787651280000,2483.42,2483.68,2482.42,2482.99,88.8744
1787651340000,2482.99,2483.22,2481.4,2481.83,150.608
1787651400000,2481.84,2481.87,2477.94,2478.39,661.0367
1787651460000,2478.4,2478.58,2471.5,2474.03,1081.6644
1787651520000,2474.03,2474.15,2468.06,2472.8,984.6918
1787651580000,2472.8,2473.04,2462.81,2466.33,1868.386
1787651640000,2466.33,2473.88,2466.33,2471.09,888.3554
1787651700000,2471.08,2474.14,2468.9,2472.61,350.3081
1787651760000,2472.6,2475.29,2472.5,2473.73,237.4949
1787651820000,2473.71,2473.71,2470.2,2471.36,386.3352
1787651880000,2471.36,2473.43,2470.21,2473.3,225.8179
1787651940000,2473.31,2475.03,2473.31,2474.67,90.8435
1787652000000,2474.67,2474.92,2473.26,2473.46,169.856
1787652060000,2473.46,2473.47,2470.16,2471.07,207.5912
1787652120000,2471.06,2471.66,2469.87,2471.25,235.4969
1787652180000,2471.26,2475.89,2470.69,2475.85,352.0004
1787652240000,2475.85,2476.01,2475.47,2476,106.1865
1787652300000,2476,2477.59,2475.56,2477.58,241.6519
1787652360000,2477.59,2478.55,2476.56,2476.56,135.1524
1787652420000,2476.56,2477.32,2474.05,2477.3,117.0401
1787652480000,2477.3,2478.26,2475.98,2475.99,116.117
1787652540000,2475.99,2476.64,2475.29,2476.19,75.5994
1787652600000,2476.19,2479.44,2476.19,2479.44,213.7252
1787652660000,2479.45,2479.89,2478.22,2479.35,182.4891
1787652720000,2479.35,2479.36,2478.37,2478.66,64.5504
1787652780000,2478.66,2478.67,2477.51,2477.64,38.6363
1787652840000,2477.65,2478.21,2475.95,2478.21,350.7249
1787652900000,2478.21,2478.84,2476.81,2477.2,76.8151
1787652960000,2477.21,2479.61,2477.2,2479.36,177.4459
1787653020000,2479.35,2479.36,2477.33,2477.84,79.6712
1787653080000,2477.85,2479.33,2477.32,2479.03,104.6423
1787653140000,2479.03,2479.85,2479.01,2479.19,89.8612
1787653200000,2479.19,2479.56,2478.49,2478.5,135.5798
1787653260000,2478.5,2478.64,2476.9,2476.9,60.1859
1787653320000,2476.89,2476.9,2475.8,2475.92,135.6323
1787653380000,2475.92,2479.08,2475.9,2478.69,257.886
1787653440000,2478.68,2478.68,2477.32,2477.5,72.9023
1787653500000,2477.5,2477.72,2476.95,2476.96,60.4522
1787653560000,2476.96,2477.22,2476.2,2476.55,84.3688
1787653620000,2476.55,2476.96,2476.01,2476.38,116.7774
1787653680000,2476.37,2476.38,2475.15,2475.73,127.1518
1787653740000,2475.72,2476.23,2475.45,2476.2,143.662
1787653800000,2476.19,2476.2,2474.16,2476.2,261.0754
1787653860000,2476.2,2478.36,2476.2,2478.26,163.6406
1787653920000,2478.26,2478.31,2477.32,2477.86,109.1657
1787653980000,2477.86,2477.86,2476.65,2477.7,83.5011
1787654040000,2477.7,2478.56,2477.32,2477.82,92.7538
1787654100000,2477.81,2478.18,2477.32,2478.03,61.7599
1787654160000,2478.03,2479,2476.72,2476.73,176.7894
1787654220000,2476.74,2478.41,2476.73,2478.09,158.8912
1787654280000,2478.09,2478.24,2478.03,2478.24,87.6362
1787654340000,2478.25,2478.25,2477.56,2478.24,127.2458
1787654400000,2478.24,2479.04,2477.6,2477.6,236.6665
1787654460000,2477.59,2479.06,2477.32,2478.95,90.1662
1787654520000,2478.95,2478.95,2478.57,2478.65,58.18
1787654580000,2478.65,2478.99,2477.32,2477.32,116.4177
1787654640000,2477.32,2477.97,2477.02,2477.97,50.3365
1787654700000,2477.96,2481.39,2477.96,2481.38,156.9614
1787654760000,2481.39,2483.42,2481.39,2483,305.1623
1787654820000,2483.01,2485.83,2483,2483.41,404.9893
1787654880000,2483.42,2483.83,2480.29,2481.24,167.9997
1787654940000,2481.29,2482.3,2480.96,2482.3,138.1307
1787655000000,2482.29,2482.29,2481.24,2482.17,55.2462
1787655060000,2482.18,2484.1,2481.9,2483.42,175.7755
1787655120000,2483.41,2485.57,2483.41,2485.43,201.1505
1787655180000,2485.43,2485.43,2483.41,2483.41,372.9941
1787655240000,2483.42,2484.41,2483.42,2483.85,50.5598
1787655300000,2483.84,2484.78,2483.83,2484.2,146.0813
1787655360000,2484.19,2484.2,2483.42,2483.78,76.0853
1787655420000,2483.79,2483.98,2482.77,2482.77,111.8758
1787655480000,2482.78,2483.01,2481.89,2481.89,21.0587
1787655540000,2481.9,2482.02,2481.65,2481.82,43.5882
1787655600000,2481.82,2481.99,2481.13,2481.13,96.5604
1787655660000,2481.13,2482,2481.12,2482,39.4365
1787655720000,2482,2482,2480,2480.01,70.8471
1787655780000,2480,2480.29,2479.42,2479.92,90.306
1787655840000,2479.91,2480.17,2479.87,2480,55.6915
1787655900000,2479.99,2480.11,2479.42,2480.1,45.087
1787655960000,2480.11,2484.12,2480.11,2484.05,92.4245
1787656020000,2484.05,2484.05,2482.93,2483.29,75.3334
1787656080000,2483.28,2483.93,2483.1,2483.1,55.6036
1787656140000,2483.1,2483.1,2478.37,2479.88,191.1523
1787656200000,2479.88,2479.89,2476.88,2476.88,137.5012
1787656260000,2476.88,2476.88,2475,2476.11,276.9775
1787656320000,2476.12,2478.28,2476.11,2478.16,154.3522
1787656380000,2478.15,2478.81,2475.38,2476.04,66.9702
1787656440000,2476.04,2476.7,2474.76,2475.3,194.6475
1787656500000,2475.29,2476.2,2474.92,2476.2,264.9367
1787656560000,2476.19,2476.87,2475.18,2475.69,102.7005
1787656620000,2475.68,2476.77,2475,2476.61,117.3964
1787656680000,2476.61,2477.77,2476.2,2477.7,85.2503
1787656740000,2477.69,2478.17,2475.6,2475.6,87.3592
1787656800000,2475.61,2477.94,2475.61,2477.83,97.368
1787656860000,2477.83,2478.84,2476.78,2478.09,155.4385
1787656920000,2478.08,2479.13,2476.15,2476.54,103.1362
1787656980000,2476.55,2479.14,2476.55,2479.14,118.321
1787657040000,2479.13,2479.13,2478.23,2478.3,61.8663
1787657100000,2478.31,2478.31,2477.66,2478.01,111.4931
1787657160000,2478.01,2478.04,2475,2477.24,98.7825
1787657220000,2477.24,2477.96,2475.29,2475.29,97.0709
1787657280000,2475.29,2477.75,2475.29,2477.72,162.9506
1787657340000,2477.72,2478.22,2477.1,2478.22,95.9927
1787657400000,2478.22,2480.63,2478.16,2480.58,204.0727
1787657460000,2480.58,2481.39,2480.14,2480.14,111.9501
1787657520000,2480.14,2480.71,2479.8,2480.11,107.4895
1787657580000,2480.11,2480.11,2478.71,2480,120.1284
1787657640000,2479.99,2481.68,2479.87,2481.35,73.0107
1787657700000,2481.35,2482.77,2481.21,2482.51,64.307
1787657760000,2482.5,2484.02,2482.06,2484.02,136.8081
1787657820000,2484.01,2484.67,2483.53,2484.62,290.0155
1787657880000,2484.62,2486.16,2483.43,2483.6,347.9989
1787657940000,2483.61,2483.66,2482.65,2482.78,188.3164
1787658000000,2482.78,2482.79,2481.69,2482.52,101.0921
1787658060000,2482.52,2482.52,2480.78,2480.99,57.0525
1787658120000,2481,2481.6,2480.51,2480.69,48.1382
1787658180000,2480.7,2481.41,2480.31,2480.64,68.3702
1787658240000,2480.63,2480.63,2479.16,2479.16,81.5938
1787658300000,2479.16,2479.57,2477.15,2478.58,167.6334
1787658360000,2478.59,2480.87,2478.08,2480.35,113.4716
1787658420000,2480.33,2480.33,2479.44,2479.6,55.7482
1787658480000,2479.59,2480.5,2479.56,2480.49,71.331
1787658540000,2480.49,2480.95,2479.35,2479.67,70.2792
1787658600000,2479.66,2482.64,2479.66,2482.63,139.8597
1787658660000,2482.63,2483.41,2481.38,2482.16,249.9136
1787658720000,2482.16,2482.16,2480.04,2480.04,63.8099
1787658780000,2480.04,2480.05,2479.58,2479.89,84.4877
1787658840000,2479.9,2479.9,2478.63,2478.83,229.1191
1787658900000,2478.83,2479,2477.37,2479,154.291
1787658960000,2478.99,2479.72,2478.8,2479.72,196.3986
1787659020000,2479.73,2479.9,2478.58,2478.96,81.7129
1787659080000,2478.98,2479.35,2478.98,2479.17,37.1359
1787659140000,2479.17,2479.18,2477.55,2477.91,128.699
1787659200000,2477.9,2480.56,2477.77,2479.59,229.6767
1787659260000,2479.6,2480.74,2479.6,2480.04,108.6456
1787659320000,2480.05,2481.37,2477.08,2477.71,132.7918
1787659380000,2477.71,2480.06,2473.55,2480.06,475.8691
1787659440000,2480.05,2480.47,2476.44,2477.76,230.206
1787659500000,2477.8,2477.8,2474.87,2474.88,153.3847
1787659560000,2474.87,2474.87,2468.21,2469.22,890.4707
1787659620000,2469.22,2471.24,2467.14,2469.26,348.2329
1787659680000,2469.28,2471.85,2467.26,2471.85,340.5306
1787659740000,2471.84,2474.26,2471.66,2473.71,265.5892
1787659800000,2473.71,2474.04,2472.4,2473.37,71.6371
1787659860000,2473.37,2478.04,2473.26,2478.04,241.7519
1787659920000,2478.03,2478.03,2474.81,2476.3,180.2483
1787659980000,2476.29,2476.51,2474.8,2474.9,64.9217
1787660040000,2474.9,2477.97,2474.89,2477.96,139.9417
1787660100000,2477.97,2477.97,2475.29,2475.29,94.9878
1787660160000,2475.3,2475.98,2474.74,2475,104.9238
1787660220000,2475,2475.87,2473.48,2473.59,147.6629
1787660280000,2473.59,2473.59,2470.24,2471.28,335.1186
1787660340000,2471.29,2473.87,2471.29,2471.51,302.7866
1787660400000,2471.51,2472.63,2471.06,2471.6,206.8494
1787660460000,2471.6,2472.41,2470.32,2471.31,149.0498
1787660520000,2471.31,2471.32,2462.65,2463.9,1211.3476
1787660580000,2463.9,2468.01,2463.22,2467.89,438.6275
1787660640000,2467.89,2470.23,2467.71,2470.09,154.945
1787660700000,2470.09,2471.26,2467.52,2467.52,252.4213
1787660760000,2467.52,2467.52,2458.01,2460.79,1328.9779
1787660820000,2460.78,2465.43,2460.13,2464.48,756.0924
1787660880000,2464.48,2466.53,2463.78,2466.53,391.3629
1787660940000,2466.53,2468.23,2466.53,2468.23,252.1362
1787661000000,2468.24,2468.24,2464.41,2467.02,289.6711
1787661060000,2467.02,2468.75,2465.88,2467.84,354.0004
1787661120000,2467.82,2469.57,2467.38,2469.56,295.8559
1787661180000,2469.57,2471.43,2469.21,2470.8,237.2161
1787661240000,2470.79,2470.79,2468.51,2469.6,127.9676
1787661300000,2469.6,2471.13,2469.22,2470.19,125.1371
1787661360000,2470.18,2471.41,2469.6,2470.4,253.5658
1787661420000,2470.39,2470.69,2467.61,2468.24,265.9004
1787661480000,2468.25,2469.31,2467.33,2468.83,144.9839
1787661540000,2468.82,2468.96,2466.22,2466.44,167.4771
1787661600000,2466.45,2467.03,2460.48,2463.89,482.9321
1787661660000,2463.88,2468.07,2462.67,2467.94,230.8733
1787661720000,2467.94,2469.48,2467.93,2469.44,145.3276
1787661780000,2469.44,2470.87,2468.46,2469.47,253.131
1787661840000,2469.47,2469.68,2469.21,2469.64,31.2562
1787661900000,2469.65,2471.07,2468.56,2470.82,157.731
1787661960000,2470.82,2470.82,2468.2,2470.27,98.0024
1787662020000,2470.26,2472.93,2470.18,2472.24,407.8638
1787662080000,2472.23,2474.34,2472.23,2474.33,169.7107
1787662140000,2474.34,2475.01,2473.41,2473.42,163.865
1787662200000,2473.41,2475.87,2473.26,2475.42,171.2181
1787662260000,2475.43,2476.95,2474.64,2476.26,267.1219
1787662320000,2476.24,2476.46,2475.39,2476.38,118.9333
1787662380000,2476.37,2476.56,2474.3,2474.5,170.2735
1787662440000,2474.5,2475.3,2474.34,2475.29,76.3707
1787662500000,2475.29,2475.94,2475.04,2475.29,98.5465
1787662560000,2475.29,2475.3,2472.18,2473.98,1395.8504
1787662620000,2473.97,2474.54,2473.29,2473.97,71.4967
1787662680000,2473.97,2474.08,2473.35,2473.4,121.765
1787662740000,2473.39,2474.62,2473.39,2473.5,98.6524
1787662800000,2473.51,2473.97,2472.51,2472.94,143.8328
1787662860000,2472.95,2475.3,2472.88,2473.41,212.1431
1787662920000,2473.41,2473.41,2471.42,2473.11,114.1101
1787662980000,2473.1,2475.75,2473.1,2475.65,116.1768
1787663040000,2475.64,2475.75,2475,2475.43,72.7402
1787663100000,2475.44,2475.44,2474.51,2474.73,59.4166
1787663160000,2474.72,2475.54,2473.82,2475.54,94.3258
1787663220000,2475.54,2476.12,2473.26,2473.27,131.4401
1787663280000,2473.26,2473.26,2469.43,2470.17,397.7903
1787663340000,2470.18,2473.26,2469.8,2471.54,140.5474
1787663400000,2471.53,2472.98,2470.64,2471.84,203.7524
1787663460000,2471.84,2472.65,2467.29,2468.1,905.536
1787663520000,2468.1,2468.29,2465.62,2465.62,281.9984
1787663580000,2465.63,2469.97,2465.63,2469.97,245.0031
1787663640000,2469.96,2471.14,2467.06,2467.67,317.0862
1787663700000,2467.67,2467.67,2465.28,2465.28,248.5322
1787663760000,2465.28,2465.89,2463.51,2464.23,205.2362
1787663820000,2464.24,2465.62,2462.95,2462.95,420.4522
1787663880000,2462.96,2463.34,2460.34,2460.87,462.8806
1787663940000,2460.87,2464.33,2460.87,2463.98,350.6924
1787664000000,2463.98,2465.61,2462.4,2464.53,311.1668
1787664060000,2464.53,2466.52,2463.12,2463.12,278.4569
1787664120000,2463.13,2463.5,2457.74,2461.41,690.0601
1787664180000,2461.41,2461.93,2456.93,2461.53,477.5745
1787664240000,2461.53,2462.62,2459.14,2459.49,162.4846
1787664300000,2459.49,2462,2458.4,2460,218.5173
1787664360000,2460.01,2460.46,2457.12,2459.43,453.1647
1787664420000,2459.43,2460.29,2455.04,2455.26,517.2451
1787664480000,2455.27,2458.39,2454.62,2457.51,565.2198
1787664540000,2457.52,2459.47,2457.4,2457.62,287.6387
1787664600000,2457.62,2465,2455.69,2458.9,601.4049
1787664660000,2458.91,2463.6,2458.26,2462.98,874.2428
1787664720000,2463.01,2465.99,2460.4,2465.38,737.1561
1787664780000,2465.38,2470,2464.9,2467.04,524.7639
1787664840000,2467.04,2471.33,2466.91,2471.3,373.3373
1787664900000,2471.32,2474.7,2469.28,2474.57,591.796
1787664960000,2474.56,2477.08,2471.24,2471.48,548.3088
1787665020000,2471.49,2476.56,2471.06,2475.58,552.8228
1787665080000,2475.58,2475.82,2472.72,2473.27,1337.6323
1787665140000,2473.27,2473.84,2471.61,2471.88,373.8844
1787665200000,2471.87,2473.17,2469.6,2469.61,358.7276
1787665260000,2469.61,2472.44,2468.37,2472.44,330.383
1787665320000,2472.46,2475.67,2469.54,2470.39,432.3988
1787665380000,2470.38,2470.39,2465.38,2465.64,367.8445
1787665440000,2465.64,2467.44,2463.06,2464.62,267.6325
1787665500000,2464.63,2465.15,2460,2460.79,403.3275
1787665560000,2460.79,2464.77,2457.17,2464.4,849.3454
1787665620000,2464.4,2465.67,2460.3,2461.84,565.2445
1787665680000,2461.84,2465.59,2458.59,2460.36,395.5004
1787665740000,2460.35,2461.45,2455.23,2458.02,358.6347
1787665800000,2458.02,2458.34,2452.57,2452.93,612.483
1787665860000,2452.94,2453.49,2440,2447.28,3078.4989
1787665920000,2447.3,2451,2445.6,2446.81,794.3018
1787665980000,2446.82,2447.82,2442.52,2446.41,793.9412
1787666040000,2446.4,2448.99,2446.37,2448.95,293.1984
1787666100000,2448.96,2453.18,2446.5,2452.19,612.4704
1787666160000,2452.19,2456.65,2451.51,2456.28,355.0406
1787666220000,2456.27,2457.26,2455.01,2455.24,245.7846
1787666280000,2455.24,2458.69,2455.02,2458.68,301.7875
1787666340000,2458.67,2461.41,2458.38,2460.73,577.4487
1787666400000,2460.73,2462.08,2459.31,2460.12,548.8001
1787666460000,2460.13,2461.43,2459.06,2460.77,325.4963
1787666520000,2460.76,2463.99,2454.33,2454.93,560.6789
1787666580000,2454.95,2460.07,2454.95,2459.21,289.9337
1787666640000,2459.22,2463.74,2459,2463.74,396.9192
1787666700000,2463.74,2466.66,2463.47,2464.6,554.3009
1787666760000,2464.61,2464.73,2462.12,2462.15,358.9196
1787666820000,2462.15,2466.66,2462.08,2466.39,229.4245
1787666880000,2466.39,2467.05,2464.07,2465.25,205.9691
1787666940000,2465.26,2467.41,2464.59,2467.3,357.5253
1787667000000,2467.3,2471.28,2467.16,2469.9,636.2941
1787667060000,2469.91,2472.99,2468.99,2469.22,724.3401
1787667120000,2469.22,2469.22,2466.96,2468.52,475.8011
1787667180000,2468.51,2469.05,2466.96,2467.71,144.586
1787667240000,2467.72,2468.93,2467,2467.19,167.2479
1787667300000,2467.19,2470.34,2464.68,2470.2,287.2212
1787667360000,2470.2,2472,2467.57,2470.12,848.3803
1787667420000,2470.09,2470.37,2466.47,2468.97,325.8038
1787667480000,2468.97,2469.22,2466.51,2467.35,114.2912
1787667540000,2467.35,2469.62,2465.6,2465.6,287.8127
1787667600000,2465.59,2468.83,2464.73,2468.07,130.961
1787667660000,2468.09,2469.21,2467.08,2469.21,114.3245
1787667720000,2469.21,2471.83,2467.54,2469.98,418.7444
1787667780000,2469.98,2472,2469.84,2471.39,247.8226
1787667840000,2471.39,2473.24,2470.6,2473.24,571.6924
1787667900000,2473.23,2477.27,2472.48,2472.88,447.8794
1787667960000,2472.89,2476.46,2471.89,2476.24,173.129
1787668020000,2476.23,2477.63,2474.8,2475.08,410.2792
1787668080000,2475.05,2476.24,2474.07,2476.07,263.4799
1787668140000,2476.07,2480.34,2475.9,2475.9,460.1366
1787668200000,2475.9,2476.35,2470.42,2474.88,1022.5659
1787668260000,2474.81,2476.2,2473.26,2476.2,343.1317
1787668320000,2476.19,2480.34,2476.19,2480.04,408.3049
1787668380000,2480.02,2484,2479.14,2482.5,922.5371
1787668440000,2482.51,2482.62,2476.72,2478.47,462.8791
1787668500000,2478.47,2479.25,2476.96,2476.96,346.7961
1787668560000,2476.95,2479.96,2476.95,2479.88,240.0015
1787668620000,2479.89,2480.59,2478.53,2478.93,492.9743
1787668680000,2478.92,2479.26,2475.41,2475.41,183.8399
1787668740000,2475.41,2475.83,2473.38,2474.03,135.8926
1787668800000,2474.04,2475.54,2473.38,2474.12,156.202
1787668860000,2474.13,2475.2,2473,2473.14,153.0854
1787668920000,2473.11,2475.3,2472.08,2472.08,247.5475
1787668980000,2472.08,2474.16,2471.9,2473.95,206.9151
1787669040000,2473.94,2475.19,2473.94,2474.58,248.5019
1787669100000,2474.57,2477,2474.54,2476.41,167.6202
1787669160000,2476.4,2477.33,2475.41,2476.47,188.9207
1787669220000,2476.47,2478.8,2475.65,2478.79,190.9129
1787669280000,2478.79,2479.02,2477.01,2477.03,309.42
1787669340000,2477.04,2477.32,2475.9,2476.07,90.1068
1787669400000,2476.06,2477.26,2475.3,2477.25,99.7333
1787669460000,2477.26,2478.97,2475.8,2478.97,152.1458
1787669520000,2478.97,2479.63,2478.33,2478.49,138.09
1787669580000,2478.5,2478.55,2476.66,2477.36,413.2424
1787669640000,2477.36,2477.8,2476.36,2476.47,100.903
1787669700000,2476.46,2478.19,2475.89,2477.88,88.2956
1787669760000,2477.89,2479.32,2477.89,2478.67,115.995
1787669820000,2478.67,2479.08,2477.33,2477.67,138.8162
1787669880000,2477.67,2478.08,2475,2476.89,318.4298
1787669940000,2476.88,2477.71,2475.33,2476.91,117.4409
1787670000000,2476.92,2477.43,2473.78,2474.58,187.2608
1787670060000,2474.58,2476.92,2474.58,2474.71,134.8596
1787670120000,2474.72,2475.18,2473.55,2475.17,218.3392
1787670180000,2475.18,2478.34,2474.52,2474.73,178.3955
1787670240000,2474.73,2476.15,2474.33,2475.26,124.7118
1787670300000,2475.27,2476.75,2473.81,2474.22,329.2209
1787670360000,2474.23,2476.49,2473.95,2476.38,232.3828
1787670420000,2476.43,2477.77,2474.28,2474.3,272.8988
1787670480000,2474.29,2476.45,2473.15,2473.79,433.6472
1787670540000,2473.79,2474.54,2472.55,2473.16,187.5527
1787670600000,2473.15,2474.22,2470.51,2471.25,259.8276
1787670660000,2471.26,2473.37,2470.95,2471.73,114.1864
1787670720000,2471.74,2471.74,2469.21,2469.68,110.6915
1787670780000,2469.68,2469.99,2467.57,2467.92,218.0918
1787670840000,2467.94,2470,2467.6,2467.61,385.7747
1787670900000,2467.61,2470.75,2466.14,2470.75,214.0115
1787670960000,2470.76,2474.39,2470.76,2473.8,266.6367
1787671020000,2473.79,2473.79,2470.76,2471.09,189.6145
1787671080000,2471.1,2474.74,2471.1,2474.15,110.9899
1787671140000,2474.15,2476.53,2474,2475.05,363.245
1787671200000,2475.05,2477.72,2475.03,2477.67,241.6915
1787671260000,2477.67,2477.67,2474.51,2476.47,276.3601
1787671320000,2476.48,2477.33,2475.98,2476.11,172.0657
1787671380000,2476.11,2476.12,2473.26,2473.32,128.6668
1787671440000,2473.33,2473.71,2471.81,2471.82,395.1891
1787671500000,2471.81,2471.82,2469.4,2469.57,274.9623
1787671560000,2469.58,2471.09,2468.97,2469.69,223.599
1787671620000,2469.69,2471.47,2469.62,2471.47,103.2353
1787671680000,2471.47,2473.39,2470.85,2473.39,92.1418
1787671740000,2473.39,2475,2473.39,2474.8,96.18
1787671800000,2474.8,2475.35,2474.55,2475.3,179.9367
1787671860000,2475.29,2475.29,2473.12,2473.13,273.1855
1787671920000,2473.12,2473.44,2470.4,2471.98,256.3158
1787671980000,2471.98,2475.84,2471.85,2475.79,178.0583
1787672040000,2475.78,2475.78,2472.52,2473.41,273.9669
1787672100000,2473.41,2478,2473.41,2476.97,473.5818
1787672160000,2476.98,2480.62,2475.5,2478.3,406.9085
1787672220000,2478.29,2479.76,2477.32,2477.32,211.3625
1787672280000,2477.32,2478.65,2477.17,2478.65,174.6062
1787672340000,2478.65,2478.88,2475.31,2476.19,253.4376
1787672400000,2476.19,2476.19,2474,2474.33,190.5612
1787672460000,2474.34,2475.12,2473.08,2475,149.818
1787672520000,2475,2476.11,2474.66,2475.22,164.7568
1787672580000,2475.23,2476.73,2474.48,2476.32,138.8099
1787672640000,2476.32,2477.72,2476.01,2477.72,260.5879
1787672700000,2477.71,2478.58,2477.6,2478.58,152.1554
1787672760000,2478.58,2478.65,2477.87,2477.87,131.0961
1787672820000,2477.86,2478.14,2475.62,2475.62,269.9223
1787672880000,2475.62,2475.63,2472.93,2472.94,254.5658
1787672940000,2472.94,2474.02,2472.87,2473.92,116.729
1787673000000,2473.93,2474.62,2472.53,2474.62,123.8153
1787673060000,2474.61,2475.07,2474.16,2475.03,91.6101
1787673120000,2475.04,2476.89,2475.04,2475.78,190.8169
1787673180000,2475.78,2478,2475.78,2477.41,163.4923
1787673240000,2477.41,2478.89,2477.41,2478.06,184.5071
1787673300000,2478.07,2479.81,2478.06,2479.62,255.7682
1787673360000,2479.63,2481.75,2479.63,2480.72,371.1813
1787673420000,2480.73,2481.69,2480.4,2481.69,200.6253
1787673480000,2481.71,2482.93,2481.53,2482.08,316.7979
1787673540000,2482.08,2483.85,2482.07,2482.88,325.9462
1787673600000,2482.89,2483.16,2478.93,2481.81,904.5657
1787673660000,2481.81,2483.53,2480.85,2483.06,184.2535
1787673720000,2483.05,2483.06,2480.88,2481.14,180.1942
1787673780000,2481.15,2485.6,2481.15,2484.69,416.6676
1787673840000,2484.7,2484.98,2481.73,2481.73,269.6532
1787673900000,2481.73,2481.91,2480.36,2480.52,135.4235
1787673960000,2480.52,2480.77,2478.9,2479.66,149.6015
1787674020000,2479.66,2480.89,2479.36,2480.03,141.5045
1787674080000,2480.03,2480.03,2478.18,2478.33,137.8187
1787674140000,2478.33,2478.33,2476.73,2476.73,168.8472
1787674200000,2476.74,2477.5,2475.87,2477.5,136.6869
1787674260000,2477.49,2477.72,2475.49,2475.72,121.1984
1787674320000,2475.72,2475.73,2472.94,2472.94,270.9096
1787674380000,2472.95,2474.76,2472.95,2473.69,229.3323
1787674440000,2473.69,2474.36,2472.45,2473.91,183.4903
1787674500000,2473.9,2475.21,2472.83,2475.21,73.3892
1787674560000,2475.2,2475.2,2473.82,2474.55,105.8943
1787674620000,2474.56,2475.58,2473.92,2474.18,80.9144
1787674680000,2474.18,2476.97,2474.18,2476.97,72.5813
1787674740000,2476.98,2476.98,2475.51,2476.09,89.6191
1787674800000,2476.09,2476.61,2474.3,2474.68,79.6819
1787674860000,2474.69,2475.05,2472.84,2473.11,114.3182
1787674920000,2473.12,2474.08,2472.55,2472.98,91.8658
1787674980000,2472.97,2472.98,2470,2470,306.107
1787675040000,2470,2470.62,2467.1,2470.61,500.656
1787675100000,2470.61,2470.61,2468.64,2469.55,949.2138
1787675160000,2469.54,2469.78,2468.52,2469.7,66.6762
1787675220000,2469.7,2470.71,2469.7,2470.51,71.8975
1787675280000,2470.52,2471.25,2470.26,2471.24,80.4855
1787675340000,2471.24,2472.64,2471.24,2472.03,86.1985
1787675400000,2472.02,2473.27,2471.51,2473.12,119.1084
1787675460000,2473.12,2475.49,2473.12,2475.22,168.3775
1787675520000,2475.21,2478,2475.21,2476.39,238.5155
1787675580000,2476.38,2477.23,2474.54,2475.38,116.1
1787675640000,2475.37,2476.81,2475.07,2475.08,105.738
1787675700000,2475.08,2475.79,2473.35,2473.9,87.8906
1787675760000,2473.9,2475.19,2473.26,2475.19,54.2148
1787675820000,2475.19,2475.19,2473.95,2474.7,91.4029
1787675880000,2474.71,2476.04,2474.71,2475.68,134.9129
1787675940000,2475.68,2476.26,2475.15,2475.31,218.3489
1787676000000,2475.32,2475.44,2474.61,2474.98,74.9399
1787676060000,2474.99,2477.27,2474.98,2476.76,133.9654
1787676120000,2476.74,2477.45,2476.34,2477.45,97.3545
1787676180000,2477.44,2478.59,2477.33,2477.39,114.2607
1787676240000,2477.39,2477.45,2475.68,2475.68,59.6885
1787676300000,2475.68,2478.59,2475.59,2478.58,75.2904
1787676360000,2478.58,2479.47,2478.44,2478.45,82.2373
1787676420000,2478.44,2478.45,2475.29,2475.3,104.4675
1787676480000,2475.3,2477.83,2475.3,2477.73,98.3982
1787676540000,2477.73,2478.43,2476.91,2476.99,56.9968
1787676600000,2476.98,2476.99,2475.45,2476.02,45.5492
1787676660000,2476.03,2476.03,2474.75,2474.98,79.5238
1787676720000,2474.98,2475.13,2473.95,2474.28,100.8712
1787676780000,2474.27,2474.44,2472.96,2472.97,59.5466
1787676840000,2472.97,2472.98,2472.02,2472.07,101.2134
1787676900000,2472.07,2472.33,2470.99,2471.24,168.2056
1787676960000,2471.24,2471.44,2470.47,2470.49,94.2434
1787677020000,2470.5,2472.23,2469.21,2471.51,265.0905
1787677080000,2471.5,2471.51,2469.68,2470.79,82.1618
1787677140000,2470.78,2471.35,2469.97,2470.68,125.6846
1787677200000,2470.68,2470.69,2468.4,2468.52,109.7306
1787677260000,2468.51,2471.47,2468.51,2469.99,84.7676
1787677320000,2469.99,2471.11,2463.46,2467.62,780.4239
1787677380000,2467.62,2468.68,2467.18,2467.27,118.1012
1787677440000,2467.27,2467.27,2466.28,2466.32,97.3373
1787677500000,2466.33,2469.16,2465.23,2467.38,167.9539
1787677560000,2467.37,2467.62,2465,2466.17,235.9169
1787677620000,2466.16,2466.39,2464.45,2465.16,257.7329
1787677680000,2465.15,2465.15,2458.18,2460.23,1237.4265
1787677740000,2460.22,2461.91,2458.5,2460.83,407.6
1787677800000,2460.83,2462.49,2455.93,2456.88,979.6002
1787677860000,2456.89,2457.87,2456.48,2457.21,127.0848
1787677920000,2457.22,2460.5,2457.22,2460.33,171.5856
1787677980000,2460.33,2461.34,2459.93,2461.2,182.4815
1787678040000,2461.21,2463.07,2461.21,2463.06,146.2873
1787678100000,2463.06,2464.36,2461.87,2462.25,155.0617
1787678160000,2462.25,2464.92,2462.25,2464,218.0165
1787678220000,2464.01,2466.11,2464.01,2466.1,139.4723
1787678280000,2466.1,2466.1,2464.52,2465.41,168.2828
1787678340000,2465.4,2465.62,2464.73,2465.28,49.8988
1787678400000,2465.27,2466.11,2465.02,2466.11,107.4905
1787678460000,2466.1,2466.59,2464.94,2465.37,111.5142
1787678520000,2465.38,2465.49,2462.03,2462.03,259.8247
1787678580000,2462.03,2462.03,2459.06,2459.6,277.7884
1787678640000,2459.59,2460.25,2458.85,2459.94,140.9536
1787678700000,2459.94,2460.06,2458.85,2458.86,162.2298
1787678760000,2458.85,2459.3,2457.69,2457.8,149.7776
1787678820000,2457.79,2459.07,2457.79,2458.74,130.376
1787678880000,2458.73,2459.62,2457.83,2458.31,148.9157
1787678940000,2458.3,2460.65,2457.56,2458.47,311.8599
1787679000000,2458.47,2461.71,2458.47,2461.71,254.3514
1787679060000,2461.71,2464,2461.29,2464,112.2866
1787679120000,2463.99,2465.38,2463.4,2465.38,181.8777
1787679180000,2465.39,2467.69,2464.73,2467.6,161.4522
1787679240000,2467.6,2468.5,2465.39,2465.99,346.6655
1787679300000,2466,2466,2463.5,2463.9,123.4625
1787679360000,2463.9,2465.16,2463.9,2464.24,78.223
1787679420000,2464.23,2465.76,2464.23,2465.34,97.7123
1787679480000,2465.35,2466.55,2464.44,2466.22,173.6012
1787679540000,2466.22,2466.22,2464.31,2464.96,210.486
1787679600000,2464.96,2467.19,2464.65,2467.15,210.5113
1787679660000,2467.14,2468.82,2466.98,2468.1,223.3432
1787679720000,2468.1,2468.73,2467.82,2468.73,86.7405
1787679780000,2468.73,2469.22,2468.25,2468.42,129.0363
1787679840000,2468.41,2468.49,2467.51,2468.24,218.3146
1787679900000,2468.23,2469,2468.01,2468.59,198.3561
1787679960000,2468.59,2469.36,2467.59,2468.24,524.9281
1787680020000,2468.23,2469.32,2467.91,2469.18,90.9981
1787680080000,2469.18,2469.93,2468.93,2469.92,123.1351
1787680140000,2469.91,2470.09,2469.29,2469.3,128.2317
1787680200000,2469.29,2469.3,2468.04,2468.44,195.9942
1787680260000,2468.44,2469.26,2468.17,2468.18,139.4426
1787680320000,2468.18,2469.62,2468.17,2469.03,126.6814
1787680380000,2469.02,2469.43,2468.18,2468.55,240.9074
1787680440000,2468.56,2470,2468.55,2469.06,145.1446
1787680500000,2469.06,2470.88,2468.98,2470.88,332.4558
1787680560000,2470.89,2471.19,2468.9,2468.9,348.2959
1787680620000,2468.88,2469.98,2468.77,2469.98,54.5976
1787680680000,2469.97,2470.58,2469.05,2470.58,99.9913
1787680740000,2470.59,2471.13,2470.48,2471.03,88.0073
1787680800000,2471.04,2471.64,2470.93,2471.64,170.3744
1787680860000,2471.63,2473.19,2471.24,2471.25,405.7838
1787680920000,2471.25,2472.61,2470.32,2472.49,258.881
1787680980000,2472.5,2474.64,2471.87,2473.4,290.536
1787681040000,2473.41,2473.41,2471.12,2471.12,168.9145
1787681100000,2471.12,2472.28,2470.83,2472.28,153.6564
1787681160000,2472.28,2473.05,2472.05,2472.39,108.2344
1787681220000,2472.39,2473.14,2471.57,2471.58,162.0697
1787681280000,2471.57,2471.69,2471.24,2471.52,87.5821
1787681340000,2471.52,2473.11,2471.52,2473.02,112.5265
1787681400000,2473.01,2473.02,2471.68,2472.15,217.0311
1787681460000,2472.15,2472.6,2471.95,2472.6,161.8353
1787681520000,2472.61,2474.55,2472.61,2473.82,146.5791
1787681580000,2473.82,2474.67,2473.11,2474.33,306.3908
1787681640000,2474.33,2474.34,2473.28,2473.62,166.5621
1787681700000,2473.63,2474.31,2473.62,2474.18,61.9929
1787681760000,2474.18,2474.72,2473.59,2473.6,275.0537
1787681820000,2473.59,2473.6,2472.64,2473.11,109.7187
1787681880000,2473.12,2474,2472.28,2472.29,182.4363
1787681940000,2472.28,2472.29,2471.79,2472.28,72.4345
1787682000000,2472.29,2472.29,2471.53,2471.69,75.2192
1787682060000,2471.68,2472.96,2471.55,2471.68,110.9235
1787682120000,2471.7,2473.04,2471.7,2472.66,76.1315
1787682180000,2472.65,2474.8,2472.65,2474.38,81.5985
1787682240000,2474.38,2474.44,2472.85,2473.04,103.4171
1787682300000,2473.04,2473.05,2472.52,2472.73,36.3204
1787682360000,2472.72,2472.73,2472.03,2472.34,154.5858
1787682420000,2472.34,2473.01,2472.01,2472.24,128.783
1787682480000,2472.29,2472.77,2472.19,2472.36,80.3431
1787682540000,2472.36,2473.07,2472.35,2472.86,96.122
1787682600000,2472.86,2472.86,2470.37,2470.37,600.5767
1787682660000,2470.38,2470.38,2469.63,2469.68,104.62
1787682720000,2469.69,2470.03,2468.64,2469.26,247.7511
1787682780000,2469.27,2469.86,2468.19,2469.25,143.1207
1787682840000,2469.25,2469.37,2467.66,2467.9,158.2596
1787682900000,2467.91,2469.29,2467.9,2468.84,179.0811
1787682960000,2468.83,2468.84,2467.78,2467.78,120.2952
1787683020000,2467.78,2467.79,2466.43,2467.19,160.7792
1787683080000,2467.19,2468.11,2467.18,2468.1,95.2221
1787683140000,2468.09,2469.53,2467.96,2469.03,112.866
1787683200000,2469.03,2469.21,2468.62,2468.63,33.8515
1787683260000,2468.63,2469.04,2467.62,2467.63,244.8645
1787683320000,2467.62,2467.73,2467,2467.12,65.7265
1787683380000,2467.11,2467.95,2467.11,2467.95,26.3121
1787683440000,2467.94,2468.42,2467.94,2468.3,75.8147
1787683500000,2468.31,2469.11,2468.11,2468.58,209.8653
1787683560000,2468.57,2469.1,2468.25,2468.82,103.4324
1787683620000,2468.83,2469.33,2468.83,2469.33,30.6094
1787683680000,2469.33,2470.25,2469.16,2469.42,161.6385
1787683740000,2469.42,2469.42,2468.09,2468.7,128.414
1787683800000,2468.72,2468.99,2468.19,2468.2,70.9884
1787683860000,2468.19,2468.79,2468.19,2468.5,39.0745
1787683920000,2468.5,2468.51,2467.61,2467.61,79.0271
1787683980000,2467.61,2467.61,2464.54,2465.16,416.4632
1787684040000,2465.15,2465.27,2464.23,2464.85,137.1329
1787684100000,2464.86,2465.96,2464.86,2465.76,69.0496
1787684160000,2465.77,2466.49,2465.28,2466.49,36.3035
1787684220000,2466.49,2466.59,2466.05,2466.12,59.4691
1787684280000,2466.12,2467.61,2466.11,2467.12,234.5739
1787684340000,2467.11,2468.03,2467.11,2467.44,47.1668
1787684400000,2467.44,2468.45,2467.44,2468.15,130.5818
1787684460000,2468.15,2468.63,2467.98,2468.63,98.9831
1787684520000,2468.63,2469.53,2468.62,2469.41,88.6953
1787684580000,2469.41,2469.42,2466.68,2466.68,202.5148
1787684640000,2466.69,2466.78,2463.12,2463.12,158.7463
1787684700000,2463.13,2466.12,2462.96,2466.11,185.1325
1787684760000,2466.11,2466.12,2463.56,2463.65,125.4513
1787684820000,2463.66,2464.64,2463.57,2464.64,129.4739
1787684880000,2464.65,2465.05,2464.65,2465.05,87.008
1787684940000,2465.05,2467.19,2465.05,2467.05,174.6832
1787685000000,2467.06,2467.83,2467.04,2467.83,48.4414
1787685060000,2467.82,2468.52,2466.83,2467.07,221.953
1787685120000,2467.07,2467.12,2465.56,2465.99,125.2117
1787685180000,2465.98,2468.12,2465.98,2468.11,72.4812
1787685240000,2468.12,2468.57,2468.11,2468.27,69.9997
1787685300000,2468.28,2468.55,2467.67,2468.55,94.1763
1787685360000,2468.54,2468.74,2467.18,2467.6,95.2391
1787685420000,2467.6,2468.4,2467.6,2468.4,82.2863
1787685480000,2468.4,2469.22,2468.23,2468.95,291.5186
1787685540000,2468.95,2470.11,2468.95,2470.11,84.9991
1787685600000,2470.11,2470.13,2467.18,2467.19,156.0421
1787685660000,2467.19,2468.52,2467.18,2468.51,87.0194
1787685720000,2468.5,2468.51,2467.2,2467.83,107.0262
1787685780000,2467.83,2467.93,2467.58,2467.83,93.2944
1787685840000,2467.84,2469.41,2467.84,2469.4,996.9327
1787685900000,2469.4,2469.4,2466.1,2467.28,419.782
1787685960000,2467.28,2467.29,2464.49,2464.49,339.117
1787686020000,2464.49,2464.58,2462.96,2462.96,276.7702
1787686080000,2462.96,2463.84,2462.38,2463.39,141.6405
1787686140000,2463.38,2463.85,2462.57,2462.57,112.1654
1787686200000,2462.57,2462.67,2459.66,2459.97,352.8843
1787686260000,2459.97,2460.24,2459.69,2460.24,92.389
1787686320000,2460.23,2460.23,2458.77,2459.18,136.8978
1787686380000,2459.18,2459.52,2457.09,2458.75,236.1998
1787686440000,2458.76,2460.31,2458.38,2460.31,160.2597
1787686500000,2460.33,2462.41,2460.28,2460.75,320.6126
1787686560000,2460.74,2461.45,2460.74,2461.44,35.7182
1787686620000,2461.45,2462.02,2460.11,2461.07,144.7123
1787686680000,2461.07,2461.97,2461.06,2461.23,112.3383
1787686740000,2461.22,2461.44,2459.6,2459.61,216.685
1787686800000,2459.61,2459.75,2457.68,2457.68,354.4948
1787686860000,2457.69,2459.07,2457.19,2458.95,93.4452
1787686920000,2458.95,2458.96,2456.08,2457.16,243.3448
1787686980000,2457.16,2458.31,2456.4,2456.64,139.9435
1787687040000,2456.65,2456.99,2455.54,2456.37,222.9798
1787687100000,2456.38,2458.4,2456.38,2457.6,136.355
1787687160000,2457.59,2458.11,2456.89,2456.89,106.0659
1787687220000,2456.9,2458.19,2456.89,2458.19,69.0825
1787687280000,2458.19,2459.3,2457.54,2458.71,874.1453
1787687340000,2458.72,2459.91,2458.24,2458.39,108.8145
1787687400000,2458.38,2458.99,2457.76,2458.99,115.0526
1787687460000,2458.99,2461.46,2458.99,2461.45,108.3548
1787687520000,2461.45,2462.51,2461.29,2461.31,326.5221
1787687580000,2461.32,2462.18,2461.32,2462.16,85.0962
1787687640000,2462.16,2462.98,2461.56,2461.56,152.5992
1787687700000,2461.56,2461.56,2460.16,2460.63,152.3269
1787687760000,2460.63,2461.93,2460.63,2461.93,76.4571
1787687820000,2461.93,2462.73,2461.63,2461.93,126.8937
1787687880000,2461.92,2462.72,2461.92,2462.71,43.3555
1787687940000,2462.71,2463.86,2462.32,2463.42,584.8325
1787688000000,2463.42,2464.24,2462.43,2462.46,122.2879
1787688060000,2462.46,2462.55,2460.45,2460.69,115.336
1787688120000,2460.69,2461.53,2459.39,2459.45,57.1492
1787688180000,2459.45,2460.61,2457.97,2457.97,192.7938
1787688240000,2457.97,2457.97,2449.85,2455.55,1444.7097
1787688300000,2455.54,2457.01,2452.97,2456.62,267.8533
1787688360000,2456.62,2458.93,2455.88,2456.82,266.3806
1787688420000,2456.81,2459,2456.81,2457.77,52.7513
1787688480000,2457.78,2458.67,2457.77,2458.54,32.7756
1787688540000,2458.54,2458.55,2457.14,2458.12,119.4281
1787688600000,2458.11,2458.55,2457.03,2457.47,80.365
1787688660000,2457.47,2457.48,2456,2456.25,47.9838
1787688720000,2456.25,2457.7,2456.25,2456.4,164.3909
1787688780000,2456.4,2457.79,2455.92,2457.69,182.3044
1787688840000,2457.7,2458.19,2457.5,2457.97,61.7166
1787688900000,2457.98,2458.66,2457.17,2458.66,64.9094
1787688960000,2458.65,2459.91,2457.03,2457.04,336.8758
1787689020000,2457.03,2459.05,2456.91,2459.05,84.3525
1787689080000,2459.07,2460.57,2459.07,2460.07,92.568
1787689140000,2460.07,2461.74,2459.77,2461.59,104.1676
1787689200000,2461.58,2461.61,2460.12,2460.2,184.1022
1787689260000,2460.2,2460.2,2458.33,2459.59,147.2181
1787689320000,2459.59,2460.15,2458.86,2459.85,110.7208
1787689380000,2459.84,2460.95,2459.55,2460.95,73.3301
1787689440000,2460.94,2461.57,2460.65,2460.77,151.0876
1787689500000,2460.76,2461.04,2459.31,2459.31,178.1501
1787689560000,2459.31,2459.49,2457.65,2457.87,66.9234
1787689620000,2457.87,2458.27,2456.52,2457.3,103.9926
1787689680000,2457.31,2457.97,2456.89,2457.28,91.7741
1787689740000,2457.28,2457.55,2456.37,2456.38,177.7634
1787689800000,2456.38,2456.96,2454.97,2454.97,282.3127
1787689860000,2454.97,2455.21,2452.42,2454.02,334.6582
1787689920000,2454.03,2454.7,2452.01,2453.58,178.5961
1787689980000,2453.57,2455.6,2453.38,2455.6,84.2375
1787690040000,2455.59,2455.59,2453.53,2453.79,90.4114
1787690100000,2453.78,2455.98,2453.78,2455.97,120.5089
1787690160000,2455.97,2455.97,2452.98,2454.4,104.808
1787690220000,2454.4,2454.71,2453.27,2453.27,76.6534
1787690280000,2453.28,2453.28,2450.52,2450.53,123.7663
1787690340000,2450.53,2451.18,2445,2447.3,684.7428
1787690400000,2447.31,2448.23,2446.26,2447.37,219.5486
1787690460000,2447.38,2448.67,2447.37,2448.43,77.1571
1787690520000,2448.42,2448.78,2445.63,2445.79,179.6317
1787690580000,2445.8,2447.67,2445.77,2447.56,57.0258
1787690640000,2447.57,2448.79,2442.8,2446.29,415.4083
1787690700000,2446.3,2448.04,2446.18,2447.82,179.0724
1787690760000,2447.82,2448.41,2437.68,2439.33,1465.2098
1787690820000,2439.33,2439.96,2437,2437.44,703.8949
1787690880000,2437.43,2437.82,2434.72,2435.42,1175.2724
1787690940000,2435.42,2436.01,2433.62,2435.82,1047.0662
1787691000000,2435.85,2443.2,2434.95,2442.12,633.9771
1787691060000,2442.12,2442.12,2439.47,2440.45,382.1887
1787691120000,2440.45,2441.63,2439.5,2441.01,452.2617
1787691180000,2441.03,2441.26,2439.4,2440.06,238.6043
1787691240000,2440.06,2441.6,2439.2,2439.2,271.8898
1787691300000,2439.21,2439.9,2436.75,2439.88,252.6844
1787691360000,2439.88,2441.9,2438.06,2438.06,579.2461
1787691420000,2438.07,2438.34,2436.75,2438.04,285.5596
1787691480000,2438.07,2438.67,2435.75,2436.71,283.818
1787691540000,2436.71,2437.15,2436.29,2436.44,179.009
1787691600000,2436.44,2439,2435.67,2438.41,427.0129
1787691660000,2438.4,2438.4,2435.62,2435.63,204.1387
1787691720000,2435.63,2436.35,2434.77,2436.28,251.3097
1787691780000,2436.29,2441.21,2435.58,2435.58,1023.7169
1787691840000,2435.58,2437.41,2435.46,2437.4,205.3572
1787691900000,2437.4,2439.98,2437.39,2439.49,129.7331
1787691960000,2439.49,2439.84,2437.23,2437.66,156.5849
1787692020000,2437.66,2437.84,2425.36,2431.19,2664.3861
1787692080000,2431.19,2431.93,2414.64,2420.92,4581.6075
1787692140000,2420.92,2423.61,2418.49,2418.5,549.8373
1787692200000,2418.5,2424.41,2416.19,2424.14,539.2519
1787692260000,2424.13,2428.87,2422.87,2426.6,420.3467
1787692320000,2426.6,2426.6,2424.13,2425.77,246.694
1787692380000,2425.78,2429.38,2425.78,2429.38,283.8558
1787692440000,2429.39,2430.84,2428.44,2430.75,228.4675
1787692500000,2430.76,2430.76,2426.08,2426.87,296.5283
1787692560000,2426.86,2432.71,2426.86,2432.36,319.1996
1787692620000,2432.36,2432.74,2430.73,2432.32,329.2965
1787692680000,2432.32,2434.82,2432.25,2432.88,220.4126
1787692740000,2432.87,2434.65,2432.69,2433.9,212.4258
1787692800000,2433.9,2433.9,2424.48,2426.27,542.4562
1787692860000,2426.27,2429.86,2425.23,2429.86,167.592
1787692920000,2429.85,2429.85,2426.46,2427.08,580.5997
1787692980000,2427.09,2427.56,2426.49,2426.5,69.3709
1787693040000,2426.49,2429.13,2426.22,2428.97,250.8255
1787693100000,2428.97,2429.36,2426.52,2429.36,163.4831
1787693160000,2429.36,2432,2429.36,2430.38,397.3439
1787693220000,2430.39,2431.25,2429.78,2430.14,90.1583
1787693280000,2430.15,2432.25,2430.15,2432.16,165.9185
1787693340000,2432.07,2434.46,2432.07,2433.9,212.5941
1787693400000,2433.89,2434.52,2433.43,2434.51,81.4081
1787693460000,2434.52,2435.1,2433.09,2433.09,86.233
1787693520000,2433.09,2434.72,2432.75,2433.56,128.421
1787693580000,2433.56,2434.68,2432.89,2434.67,251.7102
1787693640000,2434.67,2438.03,2434.37,2436.32,276.8557
1787693700000,2436.33,2439.44,2436.32,2439.09,194.8162
1787693760000,2439.01,2441.55,2439.01,2441.19,316.3834
1787693820000,2441.18,2441.45,2440.29,2441.07,150.8075
1787693880000,2441.08,2441.52,2440.55,2441.51,163.5723
1787693940000,2441.52,2442.52,2441.52,2442.52,92.0907
1787694000000,2442.51,2442.52,2441.27,2441.95,79.4823
1787694060000,2441.95,2441.95,2440.58,2441.82,113.988
1787694120000,2441.81,2442.11,2441.02,2442.11,59.6971
1787694180000,2442.11,2442.84,2440.35,2441.54,135.1265
1787694240000,2441.54,2441.85,2440.4,2441.33,109.3091
1787694300000,2441.33,2442.63,2440.94,2441.52,120.7714
1787694360000,2441.52,2442.64,2441.31,2442.34,90.2568
1787694420000,2442.35,2442.5,2440.8,2441.77,147.6599
1787694480000,2441.77,2442.84,2441.77,2442.83,44.2235
1787694540000,2442.83,2442.84,2442.81,2442.83,28.9055
1787694600000,2442.83,2442.83,2441.07,2441.64,91.8031
1787694660000,2441.63,2442.21,2440.98,2441.89,100.6964
1787694720000,2441.88,2441.98,2439.58,2441.98,164.6898
1787694780000,2441.98,2441.99,2439.87,2440.68,182.0739
1787694840000,2440.68,2441.88,2440.27,2441.43,99.6947
1787694900000,2441.44,2441.88,2439.5,2441.53,295.2866
1787694960000,2441.52,2442.42,2439.98,2442.42,156.7708
1787695020000,2442.43,2442.83,2442.3,2442.55,56.9873
1787695080000,2442.56,2443.9,2440.8,2441.08,177.7985
1787695140000,2441.08,2442.91,2441.08,2441.79,215.8915
1787695200000,2441.8,2447.1,2441.8,2445.74,401.1148
1787695260000,2445.74,2445.74,2442.59,2445.53,141.36
1787695320000,2445.6,2446.5,2443.47,2446.42,241.2451
1787695380000,2446.42,2447.75,2446.42,2447.61,66.3038
1787695440000,2447.61,2448.69,2447.39,2448.68,138.388
1787695500000,2448.68,2448.99,2447.65,2447.65,100.3851
1787695560000,2447.65,2448.99,2447.64,2448.96,75.6072
1787695620000,2448.95,2449.87,2448.73,2449.87,100.1961
1787695680000,2449.87,2451.74,2449.04,2449.2,400.9747
1787695740000,2449.2,2449.42,2448.27,2448.51,82.378
1787695800000,2448.5,2449.66,2448.27,2448.73,180.7315
1787695860000,2448.74,2450.94,2448.31,2450.93,88.0885
1787695920000,2450.94,2451.46,2449.82,2451.25,152.7773
1787695980000,2451.25,2451.91,2450.88,2451.61,57.5627
1787696040000,2451.6,2452.06,2449.9,2451.89,214.076
1787696100000,2451.89,2452.31,2451.5,2451.84,65.1638
1787696160000,2451.85,2452.98,2451.53,2452.21,89.4487
1787696220000,2452.2,2452.2,2450.18,2450.27,129.8061
1787696280000,2450.26,2450.29,2449.41,2450.18,102.8741
1787696340000,2450.18,2450.92,2449.47,2450.87,126.2583
1787696400000,2450.87,2451.19,2448.08,2448.18,247.4387
1787696460000,2448.19,2448.62,2447.55,2447.88,131.3168
1787696520000,2447.88,2447.88,2446.71,2446.98,105.4218
1787696580000,2446.98,2448.09,2446.98,2448.08,59.0895
1787696640000,2448.09,2448.84,2448.09,2448.36,80.7434
1787696700000,2448.37,2448.37,2446.49,2446.49,57.5642
1787696760000,2446.49,2446.49,2444.86,2444.93,133.4386
1787696820000,2444.92,2445,2442.09,2442.45,176.4073
1787696880000,2442.45,2445.94,2442.45,2445.34,233.2372
1787696940000,2445.33,2446.58,2445.32,2446.51,92.1361
1787697000000,2446.51,2446.53,2444.48,2445.5,99.3143
1787697060000,2445.5,2446.33,2445.47,2445.85,106.5374
1787697120000,2445.85,2447.46,2445.85,2447.46,179.0579
1787697180000,2447.47,2449.11,2447.47,2449.11,117.3772
1787697240000,2449.12,2449.84,2449.11,2449.59,96.6156
1787697300000,2449.58,2450.12,2449.5,2450.12,60.807
1787697360000,2450.11,2450.77,2448.37,2448.97,204.6356
1787697420000,2448.98,2449.81,2448.63,2449.81,34.0388
1787697480000,2449.82,2450.7,2449.02,2449.02,93.9578
1787697540000,2449.01,2450.03,2448.72,2448.82,97.5681
1787697600000,2448.82,2448.82,2448.07,2448.81,64.7816
1787697660000,2448.82,2449.41,2448.82,2448.98,48.2051
1787697720000,2448.98,2449.85,2448.92,2449.85,31.108
1787697780000,2449.85,2449.98,2449.4,2449.42,31.0169
1787697840000,2449.42,2450.32,2449.41,2450.32,21.0893
1787697900000,2450.31,2452.14,2449.67,2451.98,137.1206
1787697960000,2451.97,2452.13,2451.27,2451.39,34.5028
1787698020000,2451.39,2453.02,2451.39,2453.01,77.7217
1787698080000,2453.01,2453.22,2452.15,2452.16,41.4943
1787698140000,2452.15,2452.89,2450.95,2452.89,48.3915
1787698200000,2452.89,2453.85,2452.88,2453.85,37.9374
1787698260000,2453.84,2453.85,2453.7,2453.78,35.1385
1787698320000,2453.77,2454.41,2453.66,2453.98,74.8594
1787698380000,2453.97,2454.41,2453.97,2454.4,23.8044
1787698440000,2454.4,2454.41,2453.96,2453.96,35.075
1787698500000,2453.96,2454.64,2453.95,2454.49,50.8351
1787698560000,2454.49,2455.78,2454.23,2454.24,106.473
1787698620000,2454.24,2455.31,2454.14,2454.14,67.6046
1787698680000,2454.15,2454.29,2453.77,2453.78,47.0237
1787698740000,2453.77,2453.99,2453.77,2453.84,11.8323
1787698800000,2453.85,2454.34,2452.78,2453.82,96.8913
1787698860000,2453.83,2455.35,2453.83,2455.16,55.3005
1787698920000,2455.15,2455.44,2454.79,2454.79,94.0848
1787698980000,2454.8,2455.24,2454.53,2454.66,48.4399
1787699040000,2454.66,2455.22,2453.7,2455.21,77.7165
1787699100000,2455.22,2455.75,2455.22,2455.65,48.6367
1787699160000,2455.65,2456.51,2453.78,2454.42,282.0729
1787699220000,2454.44,2454.82,2453.22,2453.77,574.6147
1787699280000,2453.76,2454.23,2453.22,2454.23,48.7292
1787699340000,2454.23,2454.23,2452.68,2453.25,179.7056
1787699400000,2453.24,2453.25,2452.37,2452.37,50.2926
1787699460000,2452.38,2453.8,2451.82,2453.76,185.8021
1787699520000,2453.77,2453.8,2452.85,2453.07,39.7769
1787699580000,2453.1,2455.23,2453.1,2454.9,326.8513
1787699640000,2454.91,2454.92,2453.59,2454.92,52.5242
1787699700000,2454.92,2455.72,2454.63,2454.63,101.9204
1787699760000,2454.63,2456.16,2454.42,2456.16,49.101
1787699820000,2456.16,2456.3,2454.83,2455.01,146.6163
1787699880000,2455.01,2455.29,2452.73,2452.85,120.6452
1787699940000,2452.85,2452.86,2451.04,2451.8,119.7076
1787700000000,2451.82,2451.82,2450.77,2451.43,49.5659
1787700060000,2451.43,2451.98,2450.28,2450.48,99.9628
1787700120000,2450.48,2451.85,2450,2450.95,168.1688
1787700180000,2450.96,2451.62,2450.5,2450.5,64.4613
1787700240000,2450.5,2450.79,2449.36,2449.64,101.5117
1787700300000,2449.64,2449.83,2448.62,2449.83,68.3894
1787700360000,2449.84,2450.71,2449.62,2450.14,74.2803
1787700420000,2450.14,2450.28,2449.57,2450.07,63.9482
1787700480000,2450.08,2451.98,2450.08,2451.98,35.4322
1787700540000,2452,2452.65,2451.66,2452.38,73.3725
1787700600000,2452.38,2452.38,2448.92,2448.93,124.1694
1787700660000,2448.92,2450.17,2448.92,2450.17,71.9747
1787700720000,2450.17,2450.96,2450.12,2450.87,46.2297
1787700780000,2450.87,2451.47,2450.87,2451.38,24.9903
1787700840000,2451.38,2451.73,2450.88,2451.1,126.0635
1787700900000,2451.1,2451.2,2449.25,2449.55,45.1451
1787700960000,2449.54,2450.44,2449.5,2450.22,70.7802
1787701020000,2450.21,2450.21,2448.7,2448.7,32.3462
1787701080000,2448.7,2448.7,2447.59,2447.98,73.7868
1787701140000,2447.97,2447.97,2447.67,2447.92,39.4998
1787701200000,2447.92,2447.98,2447.18,2447.37,25.7306
1787701260000,2447.35,2447.41,2446.49,2446.49,105.0745
1787701320000,2446.48,2446.48,2443.78,2444.29,171.5431
1787701380000,2444.3,2444.95,2443.05,2444.2,127.7588
1787701440000,2444.19,2444.46,2443.65,2444.44,46.0223
1787701500000,2444.44,2444.44,2441.72,2442.38,184.4893
1787701560000,2442.38,2443.32,2441.67,2443.32,64.1422
1787701620000,2443.33,2444.15,2442.44,2442.71,188.0961
1787701680000,2442.71,2443.11,2440.96,2440.97,48.5918
1787701740000,2440.97,2441.12,2439.71,2440.59,200.4933
1787701800000,2440.6,2441.13,2439.24,2439.24,65.8159
1787701860000,2439.24,2439.66,2438.17,2438.18,128.9155
1787701920000,2438.18,2438.48,2437.15,2437.48,122.434
1787701980000,2437.48,2440.63,2437.07,2440.63,195.9496
1787702040000,2440.63,2440.63,2438.38,2439.22,39.3511
1787702100000,2439.21,2439.5,2438.6,2438.96,79.3381
1787702160000,2438.95,2441.77,2438.82,2441.74,98.1767
1787702220000,2441.75,2443.94,2441.75,2443.94,246.6494
1787702280000,2443.94,2444.06,2442.23,2442.23,170.3957
1787702340000,2442.22,2442.8,2442,2442.64,116.3207
1787702400000,2442.65,2443.59,2439.79,2440.64,419.7893
1787702460000,2440.63,2440.99,2439.74,2439.92,74.4066
1787702520000,2439.92,2443.31,2439.84,2441.13,76.7084
1787702580000,2441.12,2442.32,2439.63,2442.15,229.9298
1787702640000,2442.15,2445,2441.46,2444.4,250.6974
1787702700000,2444.4,2444.4,2438.8,2438.86,87.3957
1787702760000,2438.86,2440.69,2438.8,2439.17,153.782
1787702820000,2439.15,2439.15,2437.35,2437.78,100.3631
1787702880000,2437.79,2438.05,2436.54,2436.57,86.0458
1787702940000,2436.6,2437.8,2435.81,2437.8,279.0575
1787703000000,2437.81,2437.81,2436.56,2437.34,80.2977
1787703060000,2437.37,2441.26,2437.37,2441.26,133.5725
1787703120000,2441.25,2441.25,2438.61,2438.62,77.8646
1787703180000,2438.62,2439.47,2436.82,2437.92,71.3289
1787703240000,2437.92,2438.14,2436.28,2437.26,159.7321
1787703300000,2437.26,2441.31,2436.74,2441.31,143.307
1787703360000,2441.32,2441.32,2438.62,2439.27,141.0549
1787703420000,2439.25,2440.47,2439.25,2440,49.8674
1787703480000,2440,2442.84,2439.89,2442.5,94.6164
1787703540000,2442.48,2443,2440.92,2441.74,30.9036
1787703600000,2441.74,2442.52,2441.09,2442.15,36.0571
1787703660000,2442.15,2442.4,2439.89,2440.98,66.6685
1787703720000,2440.98,2440.98,2438.77,2440.06,42.998
1787703780000,2440.06,2442.5,2440.06,2442.5,39.4769
1787703840000,2442.49,2443.44,2442.49,2443.44,48.6735
1787703900000,2443.45,2443.46,2441.16,2442.12,37.8497
1787703960000,2442.11,2443.44,2441.55,2443.04,38.7757
1787704020000,2443.03,2443.03,2442.17,2442.33,20.9976
1787704080000,2442.34,2443.81,2440.92,2442.38,148.0506
1787704140000,2442.38,2443.73,2442.37,2443.73,22.4099
1787704200000,2443.73,2445.79,2443.68,2445.79,114.1168
1787704260000,2445.79,2446.11,2444.69,2445.44,95.5107
1787704320000,2445.44,2445.44,2443.42,2444.52,84.9392
1787704380000,2444.51,2446.11,2444.1,2446.11,61.1774
1787704440000,2446.1,2446.11,2443.77,2443.78,155.0765
1787704500000,2443.78,2444.05,2442.06,2442.84,29.7004
1787704560000,2442.83,2444.14,2442.52,2443.95,47.0531
1787704620000,2443.96,2444.27,2439.35,2439.35,859.9211
1787704680000,2439.35,2440.65,2438,2438.53,251.2099
1787704740000,2438.53,2440.68,2438.02,2438.02,70.382
1787704800000,2438.02,2439.29,2437.04,2439.29,101.7618
1787704860000,2439.29,2440.45,2439,2439.89,68.9566
1787704920000,2439.89,2441.83,2439.35,2441.83,151.6592
1787704980000,2441.82,2443.51,2439.46,2439.72,204.9048
1787705040000,2439.75,2440.44,2439.66,2440.38,29.7711
1787705100000,2440.39,2442.7,2440.16,2440.61,63.5762
1787705160000,2440.6,2440.86,2439.46,2440.61,268.0785
1787705220000,2440.61,2441,2439.1,2440.8,517.9049
1787705280000,2440.79,2444.22,2440.79,2444.22,300.8085
1787705340000,2444.22,2445.41,2444.22,2444.56,94.7716
1787705400000,2444.56,2447.19,2444.56,2446.97,191.4359
1787705460000,2446.97,2449.38,2446.44,2448.1,261.8026
1787705520000,2448.09,2449.39,2446.8,2449.39,120.0576
1787705580000,2449.39,2450.07,2448.76,2449.04,151.8768
1787705640000,2449.03,2450.51,2447.87,2449.94,315.3516
1787705700000,2449.93,2449.93,2447.86,2448.97,30.2441
1787705760000,2448.96,2448.96,2447.97,2448.88,41.2077
1787705820000,2448.89,2448.91,2448.18,2448.42,37.2682
1787705880000,2448.42,2448.99,2448.07,2448.1,32.5597
1787705940000,2448.09,2448.1,2446.24,2446.24,70.7596
1787706000000,2446.24,2448,2445,2447.93,129.845
1787706060000,2447.93,2450.88,2447.78,2450.87,229.9903
1787706120000,2450.87,2452.26,2450.14,2450.26,204.0034
1787706180000,2450.27,2452.04,2450.14,2452.04,66.6283
1787706240000,2452.04,2452.99,2452.04,2452.99,66.0302
1787706300000,2452.99,2457.65,2452.99,2457.04,327.2282
1787706360000,2457.04,2459.43,2456.51,2458.19,474.8168
1787706420000,2458.19,2458.52,2455.74,2456.06,97.6117
1787706480000,2456.07,2458.5,2456.07,2456.23,145.6858
1787706540000,2456.23,2456.24,2454.31,2455.01,234.5345
1787706600000,2455,2456.03,2454.08,2455.87,97.4489
1787706660000,2455.87,2455.88,2455,2455.85,37.429
1787706720000,2455.86,2455.86,2454.27,2454.83,80.4383
1787706780000,2454.83,2455.16,2453.02,2453.38,29.8967
1787706840000,2453.38,2453.78,2452.55,2453.78,107.2326
1787706900000,2453.78,2456.34,2452.69,2455.12,182.3592
1787706960000,2455.11,2456.7,2453.7,2456.7,318.7115
1787707020000,2456.71,2457.65,2455.93,2455.93,51.82
1787707080000,2455.94,2456.73,2454.89,2454.89,21.0681
1787707140000,2454.89,2456.37,2454.89,2456.31,33.4584
1787707200000,2456.3,2456.3,2454.65,2455.49,91.4176
1787707260000,2455.48,2456.53,2455.14,2456.01,41.5525
1787707320000,2456.01,2456.65,2454.95,2454.95,51.7656
1787707380000,2454.96,2456.72,2454.46,2456.71,152.663
1787707440000,2456.71,2456.71,2455.18,2455.31,37.118
1787707500000,2455.28,2455.28,2452.64,2453.29,30.7846
1787707560000,2453.29,2453.63,2453,2453.01,24.043
1787707620000,2453.01,2453.58,2452.54,2453.58,53.3583
1787707680000,2453.57,2453.58,2452.51,2452.99,216.5398
1787707740000,2453,2453.54,2452.5,2453.3,35.4863
1787707800000,2453.3,2454.88,2453.3,2454.88,37.2314
1787707860000,2454.89,2456.51,2454.89,2456.48,40.9895
1787707920000,2456.48,2458.41,2456.48,2458.01,105.2756
1787707980000,2458,2458.72,2457.03,2457.21,59.3484
1787708040000,2457.22,2462.32,2456.87,2459.39,1139.1233
1787708100000,2459.39,2461.84,2459.08,2460.14,178.8278
1787708160000,2460.14,2461.48,2459.8,2461.09,73.0133
1787708220000,2461.1,2462.01,2459.48,2459.69,283.9555
1787708280000,2459.69,2459.95,2459.06,2459.07,23.2261
1787708340000,2459.07,2460,2459.07,2459.07,22.4416
1787708400000,2459.06,2459.61,2458.2,2458.32,55.2019
1787708460000,2458.34,2458.5,2457.04,2457.04,22.6264
1787708520000,2457.04,2458,2456.95,2457.89,39.1569
1787708580000,2457.88,2458.49,2457.05,2457.05,67.2341
1787708640000,2457.04,2457.96,2456.25,2457.64,59.4977
1787708700000,2457.64,2457.7,2456.24,2456.59,150.2115
1787708760000,2456.58,2456.93,2455.41,2455.41,36.5192
1787708820000,2455.41,2456.4,2455.41,2456.12,32.6119
1787708880000,2456.12,2456.22,2455.01,2456.17,37.1322
1787708940000,2456.17,2456.17,2455,2455.66,24.1006
1787709000000,2455.65,2455.72,2454.16,2454.44,112.6938
1787709060000,2454.44,2455.34,2454.29,2455.17,70.6833
1787709120000,2455.17,2455.69,2455.01,2455.12,30.2838
1787709180000,2455.12,2455.44,2454.55,2455.26,58.0174
1787709240000,2455.25,2456,2455,2455.05,15.0739
1787709300000,2455.05,2455.29,2454.82,2455.01,25.2733
1787709360000,2455.01,2455.3,2454.18,2455.3,30.7032
1787709420000,2455.31,2455.34,2454.01,2454.47,14.8057
1787709480000,2454.47,2455.62,2454.47,2455.37,12.0388
1787709540000,2455.36,2455.99,2455.36,2455.99,13.5568
1787709600000,2455.98,2457.57,2455.72,2456.35,138.6946
1787709660000,2456.36,2459.07,2455.7,2459.07,39.6701
1787709720000,2459.07,2459.07,2457.68,2457.68,70.5394
1787709780000,2457.68,2457.68,2456.52,2456.85,134.7362
1787709840000,2456.82,2457.4,2455.61,2457.4,53.3454
1787709900000,2457.4,2457.55,2457.04,2457.23,61.5882
1787709960000,2457.22,2457.36,2454.53,2454.71,48.153
1787710020000,2454.7,2455.03,2454.31,2455.03,29.259
1787710080000,2455.03,2455.21,2454.05,2454.59,46.9311
1787710140000,2454.58,2454.59,2454.34,2454.35,12.7593
1787710200000,2454.35,2454.43,2454.18,2454.32,21.9032
1787710260000,2454.31,2455.96,2454.31,2455.23,42.4908
1787710320000,2455.22,2455.23,2454.48,2454.68,13.0672
1787710380000,2454.69,2456.04,2454.69,2455.92,56.6949
1787710440000,2455.93,2456.93,2455.4,2455.43,28.9033
1787710500000,2455.42,2456.02,2455.2,2455.87,49.4733
1787710560000,2455.86,2457.84,2455.86,2457.68,46.7278
1787710620000,2457.68,2461.77,2457.68,2461.63,517.2573
1787710680000,2461.61,2463.13,2461.41,2462.53,107.0629
1787710740000,2462.53,2462.53,2460.25,2460.69,40.9774
1787710800000,2460.69,2462.42,2460.68,2462.41,148.3176
1787710860000,2462.42,2462.42,2460.37,2460.37,35.1954
1787710920000,2460.38,2461.52,2460.37,2460.72,43.5225
1787710980000,2460.72,2461.94,2460.37,2461.93,236.5314
1787711040000,2461.93,2462.2,2461.72,2462,69.3184
1787711100000,2462.01,2465.63,2462,2465.35,224.7246
1787711160000,2465.35,2467.01,2464.17,2464.18,218.7961
1787711220000,2464.18,2465.18,2463.64,2464.86,75.2689
1787711280000,2464.87,2467.75,2464.39,2467.63,166.0205
1787711340000,2467.64,2468.12,2467.03,2468.08,118.1339
1787711400000,2468.08,2468.58,2464.97,2467.42,388.1398
1787711460000,2467.41,2467.96,2466.14,2467.01,139.228
1787711520000,2467,2468.17,2466.18,2468.17,71.5018
1787711580000,2468.17,2469.82,2468.17,2469.32,89.6531
1787711640000,2469.31,2469.32,2467.43,2468.24,70.033
1787711700000,2468.24,2469.43,2467.99,2468.51,126.5932
1787711760000,2468.5,2468.51,2467.46,2467.46,34.9338
1787711820000,2467.46,2467.46,2465.98,2466.92,123.7817
1787711880000,2466.91,2468.33,2466.91,2467.93,34.5769
1787711940000,2467.93,2467.94,2467.63,2467.65,26.2535
1787712000000,2467.64,2467.76,2467.46,2467.75,22.9721
1787712060000,2467.76,2468.32,2467.18,2467.47,46.2331
1787712120000,2467.47,2467.9,2466.71,2467.9,46.9561
1787712180000,2467.9,2467.91,2467.12,2467.12,28.2265
1787712240000,2467.13,2467.26,2467.04,2467.05,41.966
1787712300000,2467.06,2468.81,2467.06,2468.81,73.9751
1787712360000,2468.8,2468.81,2467.72,2467.73,27.4577
1787712420000,2467.73,2467.75,2467.08,2467.24,47.8424
1787712480000,2467.24,2467.67,2466.9,2467.07,22.7458
1787712540000,2467.06,2467.07,2464.56,2465.9,157.0168
1787712600000,2465.9,2465.9,2464.85,2464.97,65.2077
1787712660000,2464.96,2465.49,2464.94,2465.26,38.931
1787712720000,2465.27,2465.91,2465.27,2465.38,17.0979
1787712780000,2465.38,2466.27,2464.95,2464.95,65.826
1787712840000,2464.95,2464.95,2464.21,2464.58,46.7003
1787712900000,2464.59,2466.84,2464.59,2466.78,81.1303
1787712960000,2466.78,2466.78,2465.52,2465.9,104.9854
1787713020000,2465.91,2466.03,2465.9,2466.03,16.5718
1787713080000,2466.03,2466.2,2466.03,2466.14,20.3178
1787713140000,2466.15,2466.15,2465.21,2465.21,13.1846
1787713200000,2465.21,2465.6,2464.57,2465.59,29.5087
1787713260000,2465.59,2466.66,2465.53,2466.66,16.4519
1787713320000,2466.66,2468,2466.49,2466.5,107.9814
1787713380000,2466.5,2466.82,2465.15,2465.16,68.4339
1787713440000,2465.16,2465.16,2464.54,2464.55,24.0131
1787713500000,2464.54,2465.12,2464.54,2465.03,28.4558
1787713560000,2465.02,2465.58,2464.33,2464.33,40.7635
1787713620000,2464.33,2464.34,2463.59,2463.59,108.1075
1787713680000,2463.58,2463.59,2462.85,2462.98,136.9317
1787713740000,2462.99,2463.18,2462.54,2462.7,190.7599
1787713800000,2462.69,2463.59,2462.69,2462.89,44.3237
1787713860000,2462.9,2463.37,2462.9,2463.37,104.7379
1787713920000,2463.37,2463.74,2462.17,2462.65,215.7037
1787713980000,2462.65,2462.66,2462.33,2462.37,49.9261
1787714040000,2462.37,2463.39,2462.37,2463.13,67.1614
1787714100000,2463.13,2464.17,2463.12,2464.16,49.546
1787714160000,2464.16,2464.56,2462.23,2462.24,143.6357
1787714220000,2462.23,2462.79,2461.82,2461.82,71.1968
1787714280000,2461.83,2461.83,2461.35,2461.36,16.3328
1787714340000,2461.35,2461.35,2460.2,2461.15,85.8494
1787714400000,2461.15,2462.48,2461.15,2462.26,152.1706
1787714460000,2462.26,2464.9,2462.15,2464.9,27.9031
1787714520000,2464.91,2465.88,2464.91,2465.33,61.784
1787714580000,2465.33,2466.32,2465.33,2465.38,79.5443
1787714640000,2465.37,2465.38,2465,2465.09,35.0991
1787714700000,2465.08,2465.08,2464.42,2464.48,96.6056
1787714760000,2464.48,2464.73,2463.94,2464.5,21.9157
1787714820000,2464.5,2464.5,2463,2463.99,65.8643
1787714880000,2463.98,2463.98,2463.15,2463.33,18.1285
1787714940000,2463.33,2463.48,2463,2463.48,19.2091
1787715000000,2463.48,2463.48,2462.5,2463.1,65.5706
1787715060000,2463.1,2463.1,2461.57,2461.57,19.9981
1787715120000,2461.57,2461.58,2458.66,2460.63,272.8565
1787715180000,2460.62,2462.78,2459.91,2461.8,55.5124
1787715240000,2461.81,2462.07,2461.09,2461.83,21.9806
1787715300000,2461.84,2464.68,2461.84,2464.68,40.3275
1787715360000,2464.68,2467.64,2464.68,2465.62,265.5077
1787715420000,2465.61,2465.61,2463.52,2465.21,62.5745
1787715480000,2465.21,2467.19,2464.26,2466.67,111.4126
1787715540000,2466.68,2466.68,2464.94,2464.97,121.3852
1787715600000,2464.98,2464.98,2462.23,2462.28,147.1306
1787715660000,2462.28,2464.2,2462.27,2464.03,84.9639
1787715720000,2464.04,2465.06,2464.03,2464.66,22.4529
1787715780000,2464.65,2464.72,2463.87,2464.71,25.0956
1787715840000,2464.72,2465.28,2464.71,2464.88,60.4736
1787715900000,2464.89,2465.5,2464.38,2464.8,169.7251
1787715960000,2464.81,2464.81,2463.26,2463.26,43.0952
1787716020000,2463.26,2463.27,2462.23,2462.53,25.6676
1787716080000,2462.54,2462.54,2461.45,2461.86,29.6531
1787716140000,2461.85,2461.85,2461.42,2461.73,45.2013
1787716200000,2461.72,2462.87,2461.09,2462.87,171.1974
1787716260000,2462.86,2463.74,2462.86,2463.74,17.0386
1787716320000,2463.74,2464.92,2463.14,2464.51,159.7477
1787716380000,2464.51,2465,2463.16,2463.2,44.0151
1787716440000,2463.21,2465.3,2463.2,2465.3,66.5164
1787716500000,2465.3,2466.58,2465.3,2466.58,166.167
1787716560000,2466.58,2467.19,2465.8,2465.8,150.4018
1787716620000,2465.79,2465.8,2465.65,2465.65,5.5598
1787716680000,2465.66,2466.43,2465.3,2466.41,57.799
1787716740000,2466.41,2466.41,2465.56,2465.57,50.956
1787716800000,2465.56,2465.77,2463.93,2464.43,127.6394
1787716860000,2464.42,2464.43,2462.95,2462.96,52.1622
1787716920000,2462.96,2464.22,2462.03,2464,206.6978
1787716980000,2464,2464.22,2462.74,2462.76,45.5638
1787717040000,2462.76,2464.61,2462.75,2464.6,159.2659
1787717100000,2464.6,2464.99,2463.1,2464.99,164.4175
1787717160000,2464.98,2466.83,2464.87,2466.83,128.8278
1787717220000,2466.83,2467.72,2466.7,2467.35,105.5544
1787717280000,2467.36,2469.2,2467.18,2467.96,398.9296
1787717340000,2467.95,2472.86,2467.95,2472.76,361.3243
1787717400000,2472.76,2472.76,2470.48,2470.49,173.6516
1787717460000,2470.49,2470.71,2467.18,2467.18,152.0149
1787717520000,2467.18,2467.85,2466.96,2467.18,77.4552
1787717580000,2467.18,2467.18,2465.51,2465.71,61.8931
1787717640000,2465.71,2466.54,2464.69,2466.31,114.5364
1787717700000,2466.31,2466.98,2465.15,2466,39.4835
1787717760000,2466.01,2467.69,2466,2467.24,255.1334
1787717820000,2467.24,2467.91,2466.51,2467.91,160.3829
1787717880000,2467.91,2469.13,2467.65,2468.77,49.272
1787717940000,2468.76,2470,2468.76,2469.98,35.5974
1787718000000,2469.98,2470,2467.71,2467.91,113.1238
1787718060000,2467.91,2468.39,2467.18,2468.22,40.9877
1787718120000,2468.22,2468.34,2467.41,2467.41,34.2243
1787718180000,2467.4,2468.3,2466.55,2467.97,139.5904
1787718240000,2467.98,2469.22,2467.78,2469.22,31.4188
1787718300000,2469.22,2470,2469.21,2469.21,23.6421
1787718360000,2469.21,2469.21,2466.69,2466.69,27.5886
1787718420000,2466.69,2467.68,2465.79,2467.68,240.7775
1787718480000,2467.68,2467.78,2466.03,2466.4,204.5069
1787718540000,2466.41,2466.41,2466.4,2466.4,8.7416
1787718600000,2466.41,2467.2,2466.39,2467.2,335.606
1787718660000,2467.19,2467.2,2466.55,2467.19,61.1351
1787718720000,2467.19,2467.2,2464.9,2464.91,74.3992
1787718780000,2464.9,2465.41,2463.32,2463.92,162.9796
1787718840000,2463.92,2464.35,2462.73,2464.34,229.7461
1787718900000,2464.35,2464.6,2463.59,2463.99,21.2397
1787718960000,2463.99,2464.55,2463.75,2464.49,50.28
1787719020000,2464.5,2466.02,2464.5,2466.02,69.8532
1787719080000,2466.02,2466.44,2465.9,2466.44,44.7348
1787719140000,2466.44,2466.89,2463.6,2463.92,102.0885
1787719200000,2463.91,2464.83,2463.58,2464.83,53.3482
1787719260000,2464.83,2465.46,2464.83,2465.28,95.332
1787719320000,2465.33,2465.6,2465.33,2465.39,18.1559
1787719380000,2465.39,2465.4,2465,2465,22.1954
1787719440000,2465.01,2465.01,2464.36,2464.4,137.2091
1787719500000,2464.41,2464.41,2461.82,2461.82,131.3262
1787719560000,2461.81,2461.82,2460.61,2460.61,61.875
1787719620000,2460.61,2461.36,2459.16,2459.17,226.0802
1787719680000,2459.17,2461.1,2457.43,2460.86,534.0027
1787719740000,2460.85,2461.66,2460.22,2460.52,275.3771
1787719800000,2460.52,2461.55,2460.27,2461.42,38.1418
1787719860000,2461.42,2461.87,2460.94,2461.12,53.1512
1787719920000,2461.12,2461.12,2458.74,2459.06,83.8104
1787719980000,2459.06,2462.1,2459.06,2460.71,252.8058
1787720040000,2460.71,2461.19,2460.48,2460.48,29.3464
1787720100000,2460.48,2460.48,2457.47,2458.03,286.1014
1787720160000,2458.04,2458.27,2456.54,2456.55,49.1428
1787720220000,2456.54,2457.34,2455.68,2457.25,142.4481
1787720280000,2457.24,2458.34,2457.13,2458.01,41.4462
1787720340000,2458,2458.33,2456.89,2456.9,46.8793
1787720400000,2456.89,2458.01,2456.89,2457.37,36.0621
1787720460000,2457.36,2458.26,2456.33,2457.63,71.4673
1787720520000,2457.62,2458.76,2455.6,2458.61,353.815
1787720580000,2458.6,2458.98,2456.71,2457.69,53.9633
1787720640000,2457.68,2457.96,2456.42,2456.73,34.4875
1787720700000,2456.72,2456.98,2452.74,2452.75,282.0197
1787720760000,2452.74,2453.73,2451.49,2451.5,172.199
1787720820000,2451.49,2453.98,2451.49,2453.17,134.0347
1787720880000,2453.18,2453.6,2452.23,2453.34,61.6604
1787720940000,2453.34,2455.86,2453.16,2455.86,50.6679
1787721000000,2455.86,2456.73,2455.81,2456.69,53.9048
1787721060000,2456.7,2458.45,2456.7,2457.82,111.1399
1787721120000,2457.81,2459.19,2457.34,2459.19,111.979
1787721180000,2459.2,2460.33,2458.04,2458.57,107.3656
1787721240000,2458.56,2458.91,2457.79,2457.79,32.8835
1787721300000,2457.78,2458.11,2456.43,2456.84,36.1185
1787721360000,2456.83,2459.25,2456.01,2457.25,360.4511
1787721420000,2457.24,2457.25,2454.46,2454.46,117.056
1787721480000,2454.46,2456.43,2454.46,2454.54,148.0416
1787721540000,2454.54,2455.59,2453.95,2454.13,22.1689
1787721600000,2454.13,2456.54,2454.13,2456.52,55.5147
1787721660000,2456.52,2457.39,2454.69,2457.38,388.6563
1787721720000,2457.37,2458.16,2456.99,2458.15,51.3811
1787721780000,2458.15,2460.22,2458.15,2460.18,77.5055
1787721840000,2460.18,2462.4,2459.49,2461.95,166.5722
1787721900000,2461.95,2463.99,2461.65,2462.35,238.3459
1787721960000,2462.37,2462.4,2460.28,2460.29,74.3355
1787722020000,2460.29,2461.18,2460.29,2460.54,30.0181
1787722080000,2460.54,2462.55,2460.54,2462.14,52.2135
1787722140000,2462.13,2463.56,2462.13,2463.11,23.6951
1787722200000,2463.11,2465.03,2462.16,2464.27,109.2539
1787722260000,2464.26,2466.6,2464.26,2466.01,150.7936
1787722320000,2466,2468,2466,2467.75,126.8749
1787722380000,2467.76,2468,2465.49,2465.49,81.8032
1787722440000,2465.5,2466.16,2464.87,2465.73,152.3876
1787722500000,2465.74,2465.98,2464.53,2465.04,92.5327
1787722560000,2465.03,2465.03,2462.24,2462.76,142.142
1787722620000,2462.72,2465.39,2462.72,2465.1,37.2163
1787722680000,2465.11,2465.2,2463.57,2463.84,80.1181
1787722740000,2463.83,2464.31,2463.12,2463.85,47.3066
1787722800000,2463.85,2464.43,2463.47,2464.23,47.6714
1787722860000,2464.23,2465.07,2464.22,2464.74,41.3971
1787722920000,2464.75,2464.75,2464.32,2464.43,93.089
1787722980000,2464.43,2465.78,2464.42,2465.21,55.2348
1787723040000,2465.21,2465.7,2463.59,2465.24,206.0336
1787723100000,2465.24,2465.24,2463.96,2463.97,65.5122
1787723160000,2463.96,2464.68,2463.59,2463.61,49.1442
1787723220000,2463.61,2464.1,2463.6,2463.62,31.481
1787723280000,2463.62,2464.3,2463.12,2464.09,151.3499
1787723340000,2464.09,2464.68,2463.6,2464.67,33.9647
1787723400000,2464.67,2464.87,2464.14,2464.26,78.8019
1787723460000,2464.27,2464.52,2463.31,2463.32,53.0633
1787723520000,2463.32,2464.41,2463.32,2463.55,26.2223
1787723580000,2463.55,2463.56,2462.07,2462.07,72.3605
1787723640000,2462.07,2462.13,2461.22,2461.32,61.7145
1787723700000,2461.32,2462.99,2461.31,2462.45,194.3701
1787723760000,2462.44,2462.88,2462.44,2462.87,55.273
1787723820000,2462.87,2463.6,2462.59,2463.6,24.5198
1787723880000,2463.6,2464.08,2463.59,2463.8,36.8556
1787723940000,2463.8,2464.92,2463.79,2464.92,48.8618
1787724000000,2464.91,2466.26,2464.47,2465.85,98.4021
1787724060000,2465.85,2467,2464.08,2465.38,370.2309
1787724120000,2465.39,2465.64,2464.09,2464.5,101.1767
1787724180000,2464.49,2464.54,2463.12,2463.38,233.0726
1787724240000,2463.38,2464.86,2463.37,2464.86,49.4675
1787724300000,2464.86,2466.72,2464.85,2466.61,56.9516
1787724360000,2466.6,2467.07,2466.43,2466.6,64.1268
1787724420000,2466.61,2467.2,2466.6,2466.86,73.5342
1787724480000,2466.86,2467.47,2466.02,2467.46,106.2842
1787724540000,2467.46,2467.46,2466.67,2467.19,140.1573
1787724600000,2467.16,2467.16,2465.71,2466.04,190.5702
1787724660000,2466.04,2466.05,2462.62,2463.3,174.3353
1787724720000,2463.29,2463.3,2461.16,2462.98,135.6655
1787724780000,2462.99,2462.99,2461.93,2462.31,48.9177
1787724840000,2462.31,2462.54,2461.8,2461.8,40.7246
1787724900000,2461.8,2461.8,2460.61,2460.83,137.9145
1787724960000,2460.82,2462.25,2460.81,2462.24,28.9075
1787725020000,2462.24,2462.24,2460.01,2460.01,58.3086
1787725080000,2460,2460,2458,2458.28,177.5945
1787725140000,2458.28,2458.29,2457.26,2457.26,53.455
1787725200000,2457.26,2459.85,2456.35,2459.61,121.5045
1787725260000,2459.61,2459.62,2458.46,2459.06,53.7694
1787725320000,2459.07,2459.07,2457.71,2457.85,39.2047
1787725380000,2457.85,2458.07,2457.26,2457.28,25.2711
1787725440000,2457.28,2457.29,2455.89,2456.16,120.2346
1787725500000,2456.16,2457.03,2454.61,2457.03,162.8255
1787725560000,2457.03,2457.18,2456.54,2456.97,35.3743
1787725620000,2456.96,2456.97,2455.45,2456.88,188.2365
1787725680000,2456.89,2458.19,2456.89,2457.97,43.902
1787725740000,2457.97,2458.11,2456.2,2456.92,108.6913
1787725800000,2456.91,2457.66,2456.27,2457.66,86.6708
1787725860000,2457.66,2459.91,2457.66,2458.52,189.2209
1787725920000,2458.53,2459.71,2458.11,2458.56,177.3983
1787725980000,2458.56,2458.6,2456.46,2456.47,118.7127
1787726040000,2456.47,2457.74,2456.46,2456.82,107.7078
1787726100000,2456.82,2457.49,2456.54,2456.55,56.0205
1787726160000,2456.55,2456.55,2455.34,2455.35,118.5325
1787726220000,2455.35,2455.35,2453.93,2453.93,215.0143
1787726280000,2453.93,2456.1,2453.59,2456.1,229.5801
1787726340000,2456.1,2456.78,2455.74,2456.78,98.7775
1787726400000,2456.83,2457.48,2456.51,2457.04,71.3063
1787726460000,2457.05,2459.69,2457.05,2459.65,80.2252
1787726520000,2459.66,2460.51,2459.44,2460.51,102.1587
1787726580000,2460.5,2460.64,2459.64,2459.64,161.3305
1787726640000,2459.63,2460.27,2459.4,2460.27,50.4455
1787726700000,2460.27,2460.98,2459.8,2460.84,28.8732
1787726760000,2460.84,2461.36,2460.78,2460.79,28.8324
1787726820000,2460.79,2460.79,2460.52,2460.78,16.4475
1787726880000,2460.78,2460.78,2457.87,2457.9,71.6265
1787726940000,2457.9,2459.14,2457.6,2458.73,184.4451
1787727000000,2458.74,2459.84,2458.73,2459.6,28.752
1787727060000,2459.59,2459.59,2458.55,2459.5,74.9454
1787727120000,2459.51,2459.52,2459.06,2459.52,32.8697
1787727180000,2459.52,2459.75,2459.2,2459.33,89.6043
1787727240000,2459.33,2460.48,2459.32,2460.48,60.7954
1787727300000,2460.48,2460.73,2459.17,2459.7,115.1097
1787727360000,2459.7,2459.85,2458.87,2459.84,43.2964
1787727420000,2459.85,2460.12,2459.84,2460.07,21.3802
1787727480000,2460.07,2460.07,2459.47,2459.66,88.2673
1787727540000,2459.65,2460.25,2459.65,2460.13,38.5887
1787727600000,2460.14,2460.14,2458.42,2458.42,274.3684
1787727660000,2458.42,2458.86,2457.66,2457.67,93.4509
1787727720000,2457.66,2460.95,2457.22,2460.95,344.099
1787727780000,2460.94,2462.34,2460.14,2462.33,201.0814
1787727840000,2462.34,2465.29,2462.34,2465.29,317.8748
1787727900000,2465.29,2465.94,2465.02,2465.6,161.4666
1787727960000,2465.6,2468.04,2465.6,2468.03,139.038
1787728020000,2468.04,2468.66,2465.57,2465.76,415.9963
1787728080000,2465.78,2465.78,2464.21,2464.25,113.8404
1787728140000,2464.24,2464.25,2462.28,2462.51,320.3788
1787728200000,2462.51,2464.94,2462.51,2464.84,41.2967
1787728260000,2464.84,2465.79,2464.83,2465.47,65.2217
1787728320000,2465.47,2465.47,2463.73,2463.74,134.1672
1787728380000,2463.73,2464.52,2463.61,2463.61,72.6129
1787728440000,2463.61,2464.73,2463.61,2464.72,33.9668
1787728500000,2464.73,2466,2464.52,2465.15,135.747
1787728560000,2465.16,2465.97,2465.15,2465.49,60.7583
1787728620000,2465.49,2465.93,2464.48,2464.7,32.4844
1787728680000,2464.69,2465.7,2464.42,2464.56,156.5792
1787728740000,2464.58,2464.74,2463.55,2463.84,87.1006
1787728800000,2463.83,2463.84,2463,2463,33.2132
1787728860000,2462.99,2464.51,2461.47,2464.45,243.3859
1787728920000,2464.45,2464.99,2464.45,2464.88,33.1633
1787728980000,2464.89,2465.9,2464.89,2465.07,205.1746
1787729040000,2465.06,2465.06,2463.48,2463.93,160.6308
1787729100000,2463.92,2465.56,2463.53,2465.16,73.3375
1787729160000,2465.17,2466.78,2464.7,2466.13,254.3263
1787729220000,2466.13,2466.82,2464.53,2464.53,209.6348
1787729280000,2464.52,2464.52,2463.53,2463.53,13.5829
1787729340000,2463.54,2464.08,2463.12,2463.39,79.3368
1787729400000,2463.4,2463.46,2462.79,2462.84,60.9865
1787729460000,2462.85,2463.23,2461.96,2461.96,141.2736
1787729520000,2461.97,2462.89,2461.75,2461.75,140.2094
1787729580000,2461.75,2464.61,2461.55,2464.51,182.8337
1787729640000,2464.5,2464.79,2463.02,2464.79,157.1219
1787729700000,2464.79,2465,2464.42,2465,44.5291
1787729760000,2465,2465.17,2464.31,2464.32,247.4508
1787729820000,2464.33,2465.05,2464.32,2465.04,114.4925
1787729880000,2465.05,2467,2464.76,2466.02,195.3963
1787729940000,2466.01,2466.1,2464.81,2466.03,529.259
1787730000000,2466.03,2466.05,2465.52,2465.73,293.2235
1787730060000,2465.73,2466.63,2465.68,2466.37,122.4392
1787730120000,2466.38,2466.38,2465.04,2465.6,236.2821
1787730180000,2465.6,2466.51,2465.15,2465.15,224.0933
1787730240000,2465.16,2465.27,2464.31,2465.06,115.9222
1787730300000,2465.07,2465.07,2464.7,2465.06,63.8631
1787730360000,2465.07,2465.07,2463.35,2464.61,85.0442
1787730420000,2464.61,2465.45,2463.94,2465.22,82.1651
1787730480000,2465.22,2465.88,2464.49,2465.88,136.9216
1787730540000,2465.88,2466.15,2465.54,2465.55,88.4351
1787730600000,2465.55,2466.6,2465.54,2466.6,117.4804
1787730660000,2466.6,2466.99,2466,2466.03,291.3602
1787730720000,2466.03,2466.99,2466.02,2466.66,135.2336
1787730780000,2466.66,2466.66,2465.41,2465.41,141.6199
1787730840000,2465.41,2465.42,2462.73,2462.74,86.2773
1787730900000,2462.73,2462.74,2461.48,2461.49,165.7146
1787730960000,2461.49,2463.41,2461.48,2463.4,325.0151
1787731020000,2463.41,2464.56,2463.11,2463.93,93.5539
1787731080000,2463.94,2463.94,2462.13,2462.13,147.7434
1787731140000,2462.14,2462.14,2461.62,2461.78,78.6758
1787731200000,2461.78,2461.97,2460.89,2461.72,136.7636
1787731260000,2461.72,2463.24,2461.56,2461.57,67.189
1787731320000,2461.57,2461.67,2459.36,2459.4,116.5163
1787731380000,2459.41,2460.85,2459.41,2459.72,79.1904
1787731440000,2459.75,2461.98,2459.49,2461.2,45.5494
1787731500000,2461.19,2461.19,2459.81,2459.89,261.0229
1787731560000,2459.9,2462.17,2459.9,2461.55,104.1413
1787731620000,2461.56,2462.63,2461.04,2462.63,88.6136
1787731680000,2462.62,2464.81,2462.62,2463.72,221.6329
1787731740000,2463.72,2467.48,2463.71,2466.53,480.5371
1787731800000,2466.53,2470,2466.42,2467.88,756.303
1787731860000,2467.88,2468.8,2466.57,2466.57,224.7489
1787731920000,2466.56,2467.6,2466.23,2467.22,573.3369
1787731980000,2467.23,2468.98,2466.74,2468,756.7883
1787732040000,2468.01,2468.01,2465.18,2465.18,631.5981
1787732100000,2465.19,2465.19,2463.75,2465,169.7275
1787732160000,2465,2466.49,2464.23,2466.48,121.1222
1787732220000,2466.48,2466.49,2464.26,2464.36,97.543
1787732280000,2464.36,2464.4,2462.42,2462.43,216.9452
1787732340000,2462.43,2463.07,2462.41,2462.99,59.6625
1787732400000,2462.99,2463,2462.57,2462.65,22.0779
1787732460000,2462.64,2463.02,2461.78,2461.78,48.7245
1787732520000,2461.79,2461.79,2458.33,2459.7,288.3448
1787732580000,2459.7,2461.06,2459.7,2460.11,46.0045
1787732640000,2460.11,2461.1,2459.64,2461.09,41.8863
1787732700000,2461.09,2462.28,2461.09,2462.14,136.8017
1787732760000,2462.14,2463.43,2461.94,2463.43,157.016
1787732820000,2463.42,2464.08,2462.76,2462.76,120.9199
1787732880000,2462.75,2463.5,2462.56,2463.49,39.9637
1787732940000,2463.5,2463.5,2462.7,2462.83,42.6848
1787733000000,2462.83,2463.64,2460.21,2460.87,117.2289
1787733060000,2460.86,2463.32,2460.86,2463.31,139.2704
1787733120000,2463.32,2463.69,2463.01,2463.17,136.6204
1787733180000,2463.17,2463.67,2461.65,2463.66,153.0214
1787733240000,2463.66,2463.67,2461.98,2462.1,149.5689
1787733300000,2462.1,2462.1,2461.61,2461.77,163.9719
1787733360000,2461.77,2462.88,2461.32,2462,616.1323
1787733420000,2462.01,2462.39,2461.3,2461.44,74.8817
1787733480000,2461.44,2461.71,2461.09,2461.52,52.5901
1787733540000,2461.52,2462.43,2461.52,2461.72,265.1822
1787733600000,2461.72,2461.94,2461.09,2461.94,95.6637
1787733660000,2461.94,2462.54,2461.61,2461.99,205.9686
1787733720000,2461.99,2463.3,2461.84,2463.3,502.6488
1787733780000,2463.29,2464.08,2463.08,2463.94,64.4673
1787733840000,2463.94,2464.63,2463.46,2464.2,50.5851
1787733900000,2464.19,2464.19,2463.09,2463.09,92.5742
1787733960000,2463.09,2463.09,2461.55,2462,60.7053
1787734020000,2462,2462.04,2461.43,2461.47,272.1301
1787734080000,2461.47,2461.47,2461.28,2461.28,21.4801
1787734140000,2461.28,2461.33,2460.54,2461.26,81.9936
1787734200000,2461.26,2462,2461.26,2461.34,31.9234
1787734260000,2461.34,2461.34,2458.48,2459.15,430.7724
1787734320000,2459.14,2459.14,2458.48,2458.49,47.9199
1787734380000,2458.49,2458.8,2457.35,2458.74,273.2901
1787734440000,2458.74,2458.74,2455.36,2455.37,99.2507
1787734500000,2455.37,2457.04,2454.21,2456.13,234.162
1787734560000,2456.14,2456.7,2456.14,2456.51,84.4386
1787734620000,2456.51,2456.51,2453.89,2454.87,107.9837
1787734680000,2454.87,2455.45,2453.66,2454.63,235.4578
1787734740000,2454.63,2456.48,2454.52,2456.29,234.6356
1787734800000,2456.29,2457.03,2454.6,2456.47,142.3594
1787734860000,2456.46,2459.84,2455.5,2457.9,582.4134
1787734920000,2457.9,2458.6,2457.48,2458.58,140.4309
1787734980000,2458.58,2459.85,2458.01,2459.85,161.5177
1787735040000,2459.86,2460.5,2458.68,2458.68,101.7868
1787735100000,2458.68,2459.93,2458.32,2459.68,51.2017
1787735160000,2459.69,2460.01,2459.22,2459.9,100.8595
1787735220000,2459.91,2461,2459.91,2460.52,86.2062
1787735280000,2460.52,2460.52,2458.13,2458.61,116.9165
1787735340000,2458.61,2458.78,2458.13,2458.39,49.8286
1787735400000,2458.39,2459.4,2458.38,2458.84,68.7827
1787735460000,2458.84,2459.45,2458.61,2459.39,44.1924
1787735520000,2459.38,2459.39,2457.54,2457.55,44.3953
1787735580000,2457.54,2457.55,2456.09,2456.1,89.0959
1787735640000,2456.09,2456.6,2456.09,2456.09,24.0398
1787735700000,2456.1,2456.44,2453.75,2453.75,124.8656
1787735760000,2453.75,2454.1,2451.31,2451.88,257.0424
1787735820000,2451.89,2452.35,2447.88,2450.76,544.1992
1787735880000,2450.76,2453,2448.83,2448.84,437.7486
1787735940000,2448.83,2448.84,2445.24,2448,383.3764
1787736000000,2448,2450.11,2448,2449.58,178.1972
1787736060000,2449.58,2450.63,2448.92,2448.92,168.4755
1787736120000,2448.93,2449.1,2446.6,2447.26,161.1965
1787736180000,2447.25,2447.69,2445.87,2446,159.8787
1787736240000,2446.01,2447.37,2446.01,2446.52,195.9579
1787736300000,2446.53,2449.54,2446.53,2449.54,76.3897
1787736360000,2449.55,2451.42,2449.55,2450.28,139.844
1787736420000,2450.28,2450.28,2449.71,2449.97,139.2357
1787736480000,2449.97,2450,2449.59,2449.92,321.7363
1787736540000,2449.92,2450.75,2449.92,2450.61,802.6152
1787736600000,2450.61,2450.61,2448.44,2448.45,145.3519
1787736660000,2448.44,2451.83,2448.11,2451.83,190.2253
1787736720000,2451.82,2452.44,2451.05,2451.47,169.112
1787736780000,2451.48,2452.99,2451.48,2452.99,185.2767
1787736840000,2452.98,2453.2,2452.18,2452.18,46.918
1787736900000,2452.19,2452.46,2451.14,2451.14,50.08
1787736960000,2451.14,2451.42,2449.33,2449.94,62.831
1787737020000,2449.94,2449.94,2448.19,2448.29,86.759
1787737080000,2448.3,2449.4,2448.29,2449.39,90.4063
1787737140000,2449.4,2449.89,2448.67,2448.67,74.8106
1787737200000,2448.67,2448.67,2446.39,2447.47,224.1928
1787737260000,2447.46,2448.95,2446.89,2448.25,170.1566
1787737320000,2448.25,2448.25,2446.1,2446.1,100.0909
1787737380000,2446.1,2447.14,2446.1,2446.74,94.7632
1787737440000,2446.73,2447.01,2444.25,2444.85,184.4041
1787737500000,2444.86,2447.24,2444.86,2446.82,287.463
1787737560000,2446.82,2447.44,2446.41,2447.11,170.5799
1787737620000,2447.1,2447.25,2442.76,2445.91,321.4473
1787737680000,2445.92,2447.28,2445.35,2447.25,143.3057
1787737740000,2447.28,2448.79,2447.27,2448.79,117.8571
1787737800000,2448.78,2448.78,2447.34,2448.5,53.6462
1787737860000,2448.5,2448.93,2448.13,2448.93,54.296
1787737920000,2448.92,2449.57,2447.61,2448.08,87.602
1787737980000,2448.08,2448.45,2446.8,2447.11,95.3148
1787738040000,2447.1,2447.1,2446.1,2446.1,51.8274
1787738100000,2446.11,2447.79,2446.08,2447.63,51.3825
1787738160000,2447.63,2447.64,2447.24,2447.45,79.9525
1787738220000,2447.45,2448.22,2447.44,2448.1,44.6648
1787738280000,2448.1,2448.11,2447.67,2447.78,26.2459
1787738340000,2447.79,2448.11,2447.67,2447.87,50.138
1787738400000,2447.86,2447.86,2447.46,2447.68,190.2874
1787738460000,2447.68,2447.69,2446.01,2447.68,136.6904
1787738520000,2447.68,2447.68,2446.58,2446.69,64.5465
1787738580000,2446.68,2446.69,2445,2446.38,122.0081
1787738640000,2446.38,2447.34,2444.86,2445.81,82.7931
1787738700000,2445.82,2446.92,2445.82,2445.84,35.9169
1787738760000,2445.85,2446.9,2445.42,2446.89,58.5283
1787738820000,2446.89,2447.03,2445.53,2446.59,102.7377
1787738880000,2446.6,2446.6,2445.19,2445.2,37.9425
1787738940000,2445.19,2445.51,2444.69,2445.5,157.1296
1787739000000,2445.5,2445.5,2444.71,2444.97,151.4773
1787739060000,2444.98,2446.21,2444.86,2446.21,67.9585
1787739120000,2446.21,2446.51,2445.71,2446.51,53.5555
1787739180000,2446.51,2448.49,2446.5,2448.49,60.5621
1787739240000,2448.49,2450,2448.48,2449.47,116.5046
1787739300000,2449.47,2450.63,2449.23,2449.51,103.5417
1787739360000,2449.51,2450.23,2449.5,2450.05,79.8548
1787739420000,2450.05,2452.01,2450.04,2451.49,359.3937
1787739480000,2451.48,2451.62,2451.19,2451.57,58.8757
1787739540000,2451.56,2451.61,2451.2,2451.61,57.302
1787739600000,2451.6,2452.87,2450.86,2450.86,156.4018
1787739660000,2450.86,2450.87,2450.01,2450.01,30.437
1787739720000,2450.01,2450.73,2450,2450.43,102.6213
1787739780000,2450.43,2452.21,2450.43,2452.2,109.6086
1787739840000,2452.21,2452.94,2452.2,2452.93,55.8086
1787739900000,2452.94,2454.03,2452.93,2453.12,103.4548
1787739960000,2453.11,2453.99,2452.18,2453.98,121.9185
1787740020000,2453.98,2454.66,2453.98,2454.43,110.0801
1787740080000,2454.43,2454.66,2454.04,2454.39,65.6755
1787740140000,2454.4,2454.66,2454.38,2454.39,71.1962
1787740200000,2454.4,2455,2454.39,2454.77,70.5094
1787740260000,2454.78,2454.78,2453.65,2454.61,181.0826
1787740320000,2454.62,2455.7,2454.62,2455.7,104.4228
1787740380000,2455.69,2455.88,2455.13,2455.88,44.7003
1787740440000,2455.88,2457.97,2455.67,2457.83,300.345
1787740500000,2457.84,2458.94,2457.84,2458.51,254.8814
1787740560000,2458.51,2461.58,2458.33,2460.79,357.921
1787740620000,2460.79,2461.05,2459.41,2461,160.9984
1787740680000,2461,2463.13,2459.32,2462.84,368.3559
1787740740000,2462.84,2470.31,2462.84,2466.04,869.5476
1787740800000,2466.05,2467.36,2465.06,2465.1,209.9535
1787740860000,2465.1,2466.91,2463.15,2466.12,1456.6545
1787740920000,2466.12,2466.83,2463.78,2464.04,540.5958
1787740980000,2464.04,2465.87,2463.3,2464.78,363.9908
1787741040000,2464.79,2465.45,2464.26,2465.01,93.4103
1787741100000,2465.02,2465.69,2464.42,2465.55,625.6795
1787741160000,2465.54,2465.54,2464.08,2464.53,250.1957
1787741220000,2464.53,2466.26,2464.46,2466.13,66.1788
1787741280000,2466.14,2469.75,2466.14,2469.25,199.6474
1787741340000,2469.25,2475,2469.25,2474.68,577.1606
1787741400000,2474.69,2475.61,2473.44,2473.44,356.4087
1787741460000,2473.44,2473.83,2470.86,2471.09,452.0313
1787741520000,2471.1,2471.1,2469.25,2469.98,377.1115
1787741580000,2469.99,2472.63,2469.51,2472.61,121.7628
1787741640000,2472.61,2472.61,2469.95,2470.3,157.9548
1787741700000,2470.3,2471.09,2469.55,2469.55,101.1004
1787741760000,2469.55,2469.76,2468.8,2469.03,47.096
1787741820000,2469.03,2469.03,2468.38,2468.45,79.5558
1787741880000,2468.45,2469.57,2468.44,2468.82,91.1354
1787741940000,2468.83,2469.56,2468.82,2468.96,69.4286
1787742000000,2468.97,2470.77,2468.75,2468.99,121.7512
1787742060000,2468.98,2471.02,2468.77,2471.01,99.6326
1787742120000,2471.02,2471.94,2470.91,2471.27,214.2829
1787742180000,2471.27,2473.25,2470.67,2472.12,125.2004
1787742240000,2472.11,2472.87,2471.18,2472.48,95.0703
1787742300000,2472.47,2472.98,2471.25,2472.42,72.9293
1787742360000,2472.41,2472.41,2470.38,2470.38,96.1482
1787742420000,2470.38,2470.38,2469.55,2469.87,56.7797
1787742480000,2469.88,2470.85,2469.66,2469.66,76.2248
1787742540000,2469.67,2469.67,2467.32,2468.99,220.8906
1787742600000,2469,2469.19,2468.45,2468.89,137.0121
1787742660000,2468.89,2469.44,2468.75,2469.22,127.3674
1787742720000,2469.23,2470,2469.2,2469.69,124.6415
1787742780000,2469.69,2469.69,2466.88,2466.88,210.3061
1787742840000,2466.87,2468.23,2466.87,2468.22,38.1276
1787742900000,2468.23,2468.44,2467.18,2467.18,78.5449
1787742960000,2467.18,2468.64,2467.18,2468.63,55.4198
1787743020000,2468.62,2468.97,2468.21,2468.57,77.3043
1787743080000,2468.57,2468.57,2466.05,2466.05,131.0404
1787743140000,2466.06,2466.83,2466.06,2466.82,55.6851
1787743200000,2466.83,2467.08,2465.63,2465.86,96.5354
1787743260000,2465.86,2467.22,2465.64,2467,131.3057
1787743320000,2467,2467.18,2465.74,2467.11,105.3604
1787743380000,2467.1,2468.17,2466.69,2466.94,95.0853
1787743440000,2466.95,2466.95,2465.64,2466.81,98.5844
1787743500000,2466.81,2467,2466.13,2466.72,72.1465
1787743560000,2466.71,2467.19,2465.06,2465.44,140.549
1787743620000,2465.44,2465.91,2465.44,2465.9,30.207
1787743680000,2465.91,2466.36,2465.8,2465.85,18.1032
1787743740000,2465.84,2466.31,2465.7,2466.19,106.1075
1787743800000,2466.19,2466.19,2465.48,2465.6,84.7153
1787743860000,2465.6,2465.91,2464.41,2465.1,528.6845
1787743920000,2465.1,2465.17,2464.54,2464.83,87.7122
1787743980000,2464.82,2465.16,2464.73,2465.15,60.412
1787744040000,2465.16,2465.24,2465.15,2465.22,22.2882
1787744100000,2465.22,2467.01,2465.14,2467.01,146.2169
1787744160000,2467.01,2467.65,2464.47,2464.57,273.8797
1787744220000,2464.57,2464.67,2461.32,2461.76,225.6381
1787744280000,2461.75,2461.75,2456.32,2458.49,398.2655
1787744340000,2458.49,2459.62,2456.6,2459.62,128.5328
1787744400000,2459.63,2460.3,2457.56,2458.94,90.886
1787744460000,2458.94,2459.93,2458.43,2459.77,60.4967
1787744520000,2459.78,2461.21,2458.82,2460.97,115.1762
1787744580000,2460.97,2462.5,2460.71,2462.37,79.5132
1787744640000,2462.36,2463.13,2461.85,2461.85,72.0944
1787744700000,2461.85,2461.99,2461.09,2461.22,35.1363
1787744760000,2461.22,2461.23,2459.71,2460.25,56.06
1787744820000,2460.25,2460.8,2459.77,2460.3,57.5949
1787744880000,2460.3,2460.49,2459.51,2460.38,58.8811
1787744940000,2460.38,2460.43,2459.44,2459.66,22.9412
1787745000000,2459.67,2461.4,2459.66,2461.4,50.2798
1787745060000,2461.4,2462.95,2461.09,2462.95,51.345
1787745120000,2462.95,2463.77,2462.59,2463.72,76.5863
1787745180000,2463.72,2465.69,2463.71,2465.68,91.679
1787745240000,2465.69,2465.98,2464.73,2465.56,72.9368
1787745300000,2465.56,2465.56,2464.74,2465.06,87.6457
1787745360000,2465.07,2467.84,2465.07,2467.29,160.8842
1787745420000,2467.28,2468.78,2466.86,2467.04,167.1207
1787745480000,2467.03,2467.04,2463.92,2463.93,196.92
1787745540000,2463.92,2463.93,2462.62,2463.09,52.4798
1787745600000,2463.09,2464.82,2463.09,2464.22,82.1441
1787745660000,2464.22,2464.78,2463.73,2464.76,91.2136
1787745720000,2464.77,2465.63,2463.88,2464.85,175.3102
1787745780000,2464.81,2464.81,2460.86,2461.33,90.1883
1787745840000,2461.33,2463.13,2461.21,2463.13,34.5334
1787745900000,2463.13,2463.13,2461.1,2461.1,73.899
1787745960000,2461.09,2461.1,2458.58,2459.81,235.2573
1787746020000,2459.8,2460.97,2459.5,2459.72,45.5672
1787746080000,2459.75,2461.45,2459.63,2461.06,70.5409
1787746140000,2461.05,2461.74,2460.46,2461.39,109.1401
1787746200000,2461.4,2462.48,2461.08,2462.29,143.7126
1787746260000,2462.28,2462.32,2461.3,2462,38.118
1787746320000,2462.01,2463.59,2461.9,2463.12,47.1815
1787746380000,2463.11,2463.81,2461.02,2461.09,122.0723
1787746440000,2461.09,2461.14,2460.42,2460.58,82.7846
1787746500000,2460.57,2461.67,2459.77,2460.49,119.8268
1787746560000,2460.48,2460.48,2457.59,2460.27,154.4744
1787746620000,2460.27,2461.08,2459.76,2461.08,178.0843
1787746680000,2461.07,2461.08,2459.52,2459.93,61.8799
1787746740000,2459.94,2460.67,2459.41,2459.69,34.2056
1787746800000,2459.7,2462.7,2459.7,2462.7,113.0097
1787746860000,2462.7,2463.09,2461.96,2463.07,105.6459
1787746920000,2463.06,2465.75,2462.85,2465.74,102.3149
1787746980000,2465.74,2467.19,2465.54,2466.81,86.8757
1787747040000,2466.8,2468.45,2466.8,2468.25,165.8728
1787747100000,2468.24,2472.05,2467.77,2470.39,435.4358
1787747160000,2470.39,2471.15,2468.82,2468.83,134.1895
1787747220000,2468.83,2470.83,2468.81,2470.7,111.1877
1787747280000,2470.7,2470.7,2469.45,2469.45,147.4223
1787747340000,2469.45,2471.43,2469.21,2471.21,113.1366
1787747400000,2471.21,2471.22,2443.76,2460.24,3507.2771
1787747460000,2460.41,2461.76,2457.04,2460.95,621.7111
1787747520000,2460.95,2462.58,2459.24,2462.58,250.3865
1787747580000,2462.58,2466.41,2462.58,2464.79,472.6253
1787747640000,2464.78,2464.87,2460.28,2460.59,125.5516
1787747700000,2460.59,2463.61,2460.56,2462.06,96.2198
1787747760000,2462.06,2462.06,2459.51,2459.51,91.2024
1787747820000,2459.51,2460.11,2456,2456.65,142.9886
1787747880000,2456.65,2457.48,2452.69,2456.6,418.2253
1787747940000,2456.6,2458.44,2453.99,2456.02,221.0129
1787748000000,2456.01,2457.32,2455.46,2456.96,83.7996
1787748060000,2456.95,2460.12,2456.57,2457.81,546.5228
1787748120000,2457.82,2458.77,2457.41,2458.75,77.0674
1787748180000,2458.74,2459.99,2457.47,2459.99,83.9134
1787748240000,2459.99,2459.99,2455.01,2455.01,76.7965
1787748300000,2455.01,2459.47,2455.01,2456.63,133.158
1787748360000,2456.6,2456.6,2452.79,2454.07,323.3012
1787748420000,2454.08,2456.26,2453.44,2455.27,152.5269
1787748480000,2455.27,2457.69,2455.27,2457.23,160.2057
1787748540000,2457.22,2457.63,2456.62,2457.21,97.2049
1787748600000,2457.21,2460.27,2456.83,2460.27,208.55
1787748660000,2460.28,2460.41,2456.78,2457,107.9857
1787748720000,2457.01,2457.46,2454.8,2454.94,135.4841
1787748780000,2454.94,2455.67,2454.45,2454.45,71.2386
1787748840000,2454.46,2455.23,2452.58,2454.78,222.9726
1787748900000,2454.77,2457.03,2453.84,2456.94,149.9395
1787748960000,2456.96,2457.64,2456.81,2457.46,76.2747
1787749020000,2457.45,2458.04,2456.22,2457.73,79.7997
1787749080000,2457.73,2457.84,2455.34,2455.94,182.3391
1787749140000,2455.95,2456.34,2455.01,2455.01,59.2374
1787749200000,2455.01,2455.95,2453.65,2455.95,194.0287
1787749260000,2455.97,2457.31,2455.83,2456.94,137.8155
1787749320000,2456.93,2458.29,2454.01,2454.77,237.6449
1787749380000,2454.77,2455.02,2452.45,2453,141.2983
1787749440000,2453.01,2454.77,2452.45,2452.45,89.6123
1787749500000,2452.46,2453.41,2451.38,2452.3,136.4821
1787749560000,2452.3,2453.52,2452.29,2453.09,56.4045
1787749620000,2453.1,2454.58,2450.38,2450.38,96.5785
1787749680000,2450.38,2451.37,2448,2448.83,363.1307
1787749740000,2448.82,2449.65,2448.14,2449.65,174.2735
1787749800000,2449.65,2449.87,2444.17,2448.26,812.7231
1787749860000,2448.26,2448.8,2444.99,2445.53,250.2773
1787749920000,2445.52,2446.85,2443.43,2445.14,598.3234
1787749980000,2445.14,2446,2442,2445.79,371.688
1787750040000,2445.79,2447.62,2445.76,2446.06,272.6724
1787750100000,2446.06,2447.93,2446.05,2447.21,206.5122
1787750160000,2447.21,2448.09,2445.17,2448.09,184.8078
1787750220000,2448.09,2448.09,2443.16,2443.86,159.3425
1787750280000,2443.85,2446.22,2442.14,2444.19,253.6587
1787750340000,2444.19,2447.45,2443.79,2445.52,227.8891
1787750400000,2445.51,2445.77,2444.62,2444.64,121.7383
1787750460000,2444.65,2445.37,2442.1,2442.4,140.8151
1787750520000,2442.43,2444.41,2438.77,2444.16,720.4217
1787750580000,2444.16,2447.73,2441.14,2442.31,709.5422
1787750640000,2442.32,2442.35,2440.01,2440.67,553.8218
1787750700000,2440.66,2443.54,2437.11,2442.28,684.1823
1787750760000,2442.26,2444.04,2440.8,2441.87,327.2024
1787750820000,2441.87,2443.97,2441.87,2443.97,128.7301
1787750880000,2443.97,2446.01,2443.73,2445.53,207.6497
1787750940000,2445.53,2445.82,2443.97,2444.29,264.8044
1787751000000,2444.29,2451.61,2444.29,2447.95,630.9898
1787751060000,2447.97,2449.28,2443.61,2446.27,380.5369
1787751120000,2446.3,2448,2444.53,2447.69,283.2985
1787751180000,2447.7,2450.4,2447.29,2450.32,481.537
1787751240000,2450.31,2454.56,2450.31,2452.02,398.6058
1787751300000,2452.01,2452.32,2449.39,2451.1,275.3364
1787751360000,2451.07,2454.13,2450.46,2454.04,281.5308
1787751420000,2454.05,2456.4,2453.23,2456.39,210.4551
1787751480000,2456.39,2457.81,2454.86,2454.87,296.6789
1787751540000,2454.86,2454.86,2452.44,2452.5,298.7655
1787751600000,2452.48,2456.97,2451.6,2454.62,184.5805
1787751660000,2454.62,2454.62,2452.36,2453.99,87.943
1787751720000,2453.99,2454.35,2451.5,2454.35,69.3731
1787751780000,2454.35,2456.96,2453,2454.35,448.6142
1787751840000,2454.36,2459.27,2454.35,2458.82,721.5
1787751900000,2458.82,2462.76,2458.57,2460.39,851.7403
1787751960000,2460.39,2460.71,2455.65,2457.27,549.8959
1787752020000,2457.26,2458.16,2455.96,2458.1,168.36
1787752080000,2458.1,2458.47,2457.19,2458.12,267.0611
1787752140000,2458.12,2458.18,2455.18,2455.68,246.2431
1787752200000,2455.67,2455.68,2452.83,2453.73,368.919
1787752260000,2453.73,2453.78,2451.89,2453.1,182.2731
1787752320000,2453.1,2454.58,2450,2450.34,246.8493
1787752380000,2450.35,2454.91,2450.25,2454.91,179.4338
1787752440000,2454.91,2454.91,2451.33,2452.55,209.1567
1787752500000,2452.55,2454.92,2451.97,2454.64,52.458
1787752560000,2454.64,2454.65,2451.57,2452.8,65.9357
1787752620000,2452.8,2454.49,2452.4,2454.38,78.6314
1787752680000,2454.36,2457.39,2454.27,2456.51,198.2482
1787752740000,2456.52,2457.94,2456.51,2457.3,131.9844
1787752800000,2457.3,2457.8,2453.63,2456.81,323.5626
1787752860000,2456.81,2458.51,2455.74,2458.49,147.6465
1787752920000,2458.5,2462.14,2458.24,2460.42,408.4015
1787752980000,2460.43,2461.27,2459.5,2460.48,319.3601
1787753040000,2460.48,2461.67,2459.7,2459.71,264.7435
1787753100000,2459.71,2459.8,2458.61,2459.51,419.0585
1787753160000,2459.51,2459.67,2457.16,2459.67,233.8035
1787753220000,2459.67,2461.65,2459.67,2459.79,382.1031
1787753280000,2459.79,2461.21,2459.2,2460.82,95.5709
1787753340000,2460.81,2460.81,2458.46,2459.24,197.8627
1787753400000,2459.24,2459.24,2456.32,2459.07,133.7828
1787753460000,2459.07,2461.2,2459.06,2461,130.8042
1787753520000,2461,2461,2456.91,2460.7,274.8395
1787753580000,2460.67,2460.67,2458.64,2458.98,75.6449
1787753640000,2458.98,2458.98,2455.73,2456.3,147.5973
1787753700000,2456.31,2457.96,2455.65,2457.95,158.5099
1787753760000,2457.96,2461.9,2457.96,2460.73,231.4667
1787753820000,2460.73,2460.89,2459.35,2460.07,166.0276
1787753880000,2460.07,2460.07,2459.2,2459.32,84.3595
1787753940000,2459.28,2459.28,2457.57,2458.45,181.0709
1787754000000,2458.44,2459.15,2457.57,2459.03,128.2105
1787754060000,2459.03,2459.03,2456.26,2457.4,91.6217
1787754120000,2457.41,2458.18,2456.05,2456.05,105.5529
1787754180000,2456.06,2458.46,2456.05,2456.39,160.4807
1787754240000,2456.39,2456.93,2453.32,2453.32,231.3469
1787754300000,2453.31,2454.12,2451.45,2452.07,293.0195
1787754360000,2452.07,2452.35,2450,2450.97,286.089
1787754420000,2450.95,2452.25,2449.02,2449.13,422.9083
1787754480000,2449.12,2450.4,2448.82,2449.66,291.5812
1787754540000,2449.66,2450.86,2449.66,2450.76,99.1525
1787754600000,2450.75,2452.59,2449.72,2451.71,76.7374
1787754660000,2451.72,2451.99,2449.01,2451.21,267.9651
1787754720000,2451.21,2452.91,2450.39,2451.82,207.1807
1787754780000,2451.79,2451.79,2449.64,2449.91,55.7355
1787754840000,2449.91,2450.94,2449.05,2450.16,95.303
1787754900000,2450.15,2450.23,2446.9,2448.4,468.1942
1787754960000,2448.4,2450.1,2448.07,2450.1,125.9046
1787755020000,2450.12,2452.57,2450.12,2451.74,153.919
1787755080000,2451.74,2451.74,2448.92,2449.17,119.6157
1787755140000,2449.16,2449.81,2448.31,2448.76,115.8158
1787755200000,2448.75,2450.51,2448.59,2448.6,99.291
1787755260000,2448.59,2449.36,2447.41,2448.42,196.2578
1787755320000,2448.41,2449.17,2444.79,2446.99,294.602
1787755380000,2446.99,2448.2,2446.98,2447.67,222.1889
1787755440000,2447.67,2447.67,2444.5,2445,278.6456
1787755500000,2445.01,2445.95,2442.2,2442.45,221.4515
1787755560000,2442.47,2444.44,2442.2,2443.51,316.6802
1787755620000,2443.5,2444.73,2442.91,2442.91,159.4265
1787755680000,2442.91,2443.8,2440.05,2443.63,369.9684
1787755740000,2443.63,2445.06,2442.66,2444.94,330.0879
1787755800000,2444.94,2447.49,2444.94,2445.06,192.1334
1787755860000,2445.07,2446.38,2444.33,2444.88,185.9447
1787755920000,2444.88,2446.21,2444.88,2446.09,363.9237
1787755980000,2446.08,2446.52,2443.84,2443.84,70.9576
1787756040000,2443.85,2444.8,2441.72,2442.12,150.1422
1787756100000,2442.13,2442.77,2441.07,2441.07,188.6407
1787756160000,2441.07,2441.45,2439.16,2439.52,340.1338
1787756220000,2439.52,2440.94,2439.34,2440.73,301.0323
1787756280000,2440.73,2441.25,2439.61,2441.08,136.2152
1787756340000,2441.09,2441.09,2438.41,2439.38,246.6106
1787756400000,2439.38,2442,2438.27,2441.17,451.1093
1787756460000,2441.18,2441.91,2440.71,2441.09,86.6859
1787756520000,2441.09,2441.09,2436.08,2436.69,550.4825
1787756580000,2436.7,2436.72,2432.32,2434.46,1000.7985
1787756640000,2434.47,2434.93,2432.46,2433.33,950.5406
1787756700000,2433.34,2439.67,2432.46,2439.67,420.6547
1787756760000,2439.67,2439.91,2437.35,2437.35,192.2772
1787756820000,2437.34,2440.58,2436.83,2440.58,297.9547
1787756880000,2440.57,2442.12,2439.72,2439.81,193.8077
1787756940000,2439.81,2443.39,2439.8,2442.69,327.3263
1787757000000,2442.68,2443.12,2441.46,2442.86,832.0035
1787757060000,2442.85,2443.24,2441.74,2442.73,65.9897
1787757120000,2442.73,2442.73,2440.41,2440.49,217.049
1787757180000,2440.49,2441.85,2440.27,2440.41,86.5502
1787757240000,2440.41,2441.22,2439.84,2441.21,175.1297
1787757300000,2441.21,2441.91,2436.26,2437.5,413.2263
1787757360000,2437.48,2439.93,2436.91,2439.92,122.4642
1787757420000,2439.92,2440.7,2437.82,2440.59,110.781
1787757480000,2440.58,2440.58,2439.23,2439.94,142.3329
1787757540000,2439.94,2439.94,2437.45,2438.92,64.8334
1787757600000,2438.93,2441.53,2438.92,2441.27,180.1688
1787757660000,2441.27,2442.84,2441.27,2442.84,135.1462
1787757720000,2442.83,2443.41,2440.6,2440.8,113.9103
1787757780000,2440.81,2444.47,2440.81,2444.07,157.6719
1787757840000,2444.06,2444.84,2443.75,2443.98,61.6808
1787757900000,2443.99,2448.63,2443.99,2446.77,621.7899
1787757960000,2446.76,2451.22,2446.76,2450.15,442.0984
1787758020000,2450.15,2451.98,2450.14,2451.65,346.9607
1787758080000,2451.63,2452.44,2450.55,2450.75,259.1302
1787758140000,2450.75,2455.38,2450.75,2454.4,520.5349
1787758200000,2454.4,2454.74,2448.99,2449.56,599.3791
1787758260000,2449.56,2450.57,2448.98,2450.57,115.2988
1787758320000,2450.57,2451.48,2448.59,2448.6,204.8947
1787758380000,2448.59,2449.35,2446.89,2447.14,290.0652
1787758440000,2447.12,2447.12,2444.67,2444.85,363.6752
1787758500000,2444.84,2445.25,2441.81,2443.8,535.0563
1787758560000,2443.79,2444.4,2443.72,2443.72,62.8889
1787758620000,2443.72,2446.84,2443.71,2446.83,341.5068
1787758680000,2446.84,2446.84,2445.36,2445.67,138.1154
1787758740000,2445.67,2446.59,2445.66,2446.57,51.4953
1787758800000,2446.57,2450.96,2446.57,2450.71,295.9511
1787758860000,2450.71,2450.95,2449.46,2449.58,212.0249
1787758920000,2449.59,2450.35,2449.07,2450.23,51.3909
1787758980000,2450.23,2450.34,2448.5,2448.51,75.6442
1787759040000,2448.51,2449.1,2447.92,2448,161.8305
1787759100000,2448,2450,2448,2449.72,92.5506
1787759160000,2449.72,2450.57,2449.71,2450.26,124.8809
1787759220000,2450.26,2450.26,2449.01,2449.52,57.8438
1787759280000,2449.53,2453.04,2449.52,2453.03,299.2641
1787759340000,2453.03,2453.03,2452.01,2452.73,80.0925
1787759400000,2452.73,2452.73,2451.67,2451.67,102.6484
1787759460000,2451.67,2451.67,2449.47,2449.67,205.1619
1787759520000,2449.66,2451.17,2449.42,2450.3,745.6461
1787759580000,2450.3,2450.3,2449,2449.01,49.2842
1787759640000,2449,2450,2448.99,2449,236.8635
1787759700000,2449,2451,2448.99,2450.55,701.5917
1787759760000,2450.54,2451.62,2449.97,2451.62,140.265
1787759820000,2451.61,2451.84,2450.95,2450.95,53.8845
1787759880000,2450.96,2451.2,2450.58,2451.2,62.208
1787759940000,2451.2,2451.53,2448.92,2449.85,164.5796
1787760000000,2449.85,2451.11,2449.43,2449.43,58.6283
1787760060000,2449.43,2449.43,2447.77,2447.77,91.6165
1787760120000,2447.77,2448.77,2447.65,2447.97,85.5192
1787760180000,2447.96,2449.72,2447.31,2449.37,63.101
1787760240000,2449.36,2451.75,2448.68,2451.75,88.4735
1787760300000,2451.74,2452.58,2451.43,2452.58,107.4767
1787760360000,2452.58,2452.71,2451.36,2451.61,58.1991
1787760420000,2451.6,2454,2451.35,2454,91.7981
1787760480000,2454,2455.36,2453.99,2454.66,289.5881
1787760540000,2454.67,2454.97,2453.61,2453.61,98.5687
1787760600000,2453.61,2453.61,2452.68,2453.19,88.8853
1787760660000,2453.19,2453.19,2451.46,2451.47,106.6336
1787760720000,2451.47,2451.47,2450.5,2451.14,101.097
1787760780000,2451.15,2451.2,2449.7,2449.99,252.2575
1787760840000,2449.98,2450.52,2449.69,2450.4,92.9619
1787760900000,2450.4,2451,2449.95,2449.95,71.274
1787760960000,2449.95,2450.11,2447.89,2448.46,257.6361
1787761020000,2448.45,2449,2447.82,2448.55,131.1374
1787761080000,2448.55,2449.89,2448.54,2449.89,60.7594
1787761140000,2449.89,2450.17,2449.86,2449.88,28.5279
1787761200000,2449.89,2453.25,2449.89,2452.96,126.5735
1787761260000,2452.97,2453.25,2452.12,2452.81,374.5745
1787761320000,2452.81,2452.81,2450.5,2450.5,103.9517
1787761380000,2450.5,2450.5,2449.17,2449.43,47.9775
1787761440000,2449.44,2449.62,2448.95,2448.95,85.2449
1787761500000,2448.95,2449.4,2448.89,2449.02,47.7405
1787761560000,2449.01,2450.5,2448.35,2448.35,145.6164
1787761620000,2448.36,2448.48,2447.41,2447.91,115.0029
1787761680000,2447.92,2448.86,2447.7,2448.86,448.4001
1787761740000,2448.85,2449.33,2448.63,2449.29,90.8376
1787761800000,2449.28,2449.28,2448.59,2448.59,26.2706
1787761860000,2448.6,2449.33,2447.75,2448.92,137.2422
1787761920000,2448.93,2450.74,2448.93,2450.73,90.7968
1787761980000,2450.74,2450.89,2449.35,2449.91,203.9173
1787762040000,2449.92,2451.76,2449.92,2451.76,80.7158
1787762100000,2451.76,2453.28,2451.68,2453.25,51.4803
1787762160000,2453.24,2453.76,2450.04,2450.04,216.952
1787762220000,2450.05,2450.05,2445.07,2446.55,287.1748
1787762280000,2446.55,2446.72,2445.38,2446.61,82.6193
1787762340000,2446.61,2446.61,2441.45,2441.68,360.8698
1787762400000,2441.67,2443.44,2439.84,2440.13,393.6637
1787762460000,2440.13,2443.81,2439.8,2442.9,266.9838
1787762520000,2442.91,2442.91,2440.85,2441.16,128.8974
1787762580000,2441.15,2441.15,2438.1,2438.85,278.1745
1787762640000,2438.85,2440.26,2438.66,2438.69,153.3758
1787762700000,2438.7,2443.48,2438.7,2443.48,245.4051
1787762760000,2443.48,2443.82,2442.43,2442.96,91.6952
1787762820000,2442.96,2445.32,2442.96,2445.12,113.6344
1787762880000,2445.12,2451.5,2444.7,2449.62,755.6768
1787762940000,2449.61,2450.51,2448.32,2448.33,72.6115
1787763000000,2448.32,2450.07,2448.32,2450.06,103.1809
1787763060000,2450.07,2450.07,2448.96,2449.13,42.7991
1787763120000,2449.14,2449.14,2446.08,2446.73,41.8869
1787763180000,2446.74,2446.95,2444.86,2445.77,91.1856
1787763240000,2445.76,2446.75,2445.76,2446.37,68.1329
1787763300000,2446.38,2446.78,2445.62,2445.62,37.7197
1787763360000,2445.61,2445.62,2444.5,2444.94,78.1134
1787763420000,2444.95,2445.82,2444.56,2445.82,101.6365
1787763480000,2445.82,2447.3,2444.86,2444.87,74.1273
1787763540000,2444.86,2445.02,2444.53,2444.64,62.4424
1787763600000,2444.65,2445.48,2444.5,2445.34,101.5148
1787763660000,2445.34,2446.79,2445.33,2446.79,72.8085
1787763720000,2446.73,2447.18,2444.86,2445.1,61.2903
1787763780000,2445.09,2445.1,2444.08,2444.28,66.2579
1787763840000,2444.28,2445.75,2444.27,2445.75,168.2687
1787763900000,2445.74,2446.19,2445.74,2446.18,15.2606
1787763960000,2446.18,2446.2,2443.8,2446.19,73.0536
1787764020000,2446.2,2447.23,2446.2,2447.09,36.8392
1787764080000,2447.08,2447.41,2446.2,2447.39,54.4509
1787764140000,2447.39,2448.39,2446.45,2446.46,225.5168
1787764200000,2446.45,2446.81,2444.23,2444.61,146.9275
1787764260000,2444.61,2445.26,2444,2444.52,62.8674
1787764320000,2444.51,2445.82,2444.51,2445.82,104.4267
1787764380000,2445.84,2447.13,2445.84,2446.92,65.512
1787764440000,2446.91,2447.36,2446.62,2447.35,60.058
1787764500000,2447.36,2450.85,2447.36,2450.85,144.2168
1787764560000,2450.84,2451.22,2450.21,2450.61,120.9092
1787764620000,2450.6,2451.2,2450.22,2451.2,31.7852
1787764680000,2451.2,2452.69,2450.95,2450.96,143.4983
1787764740000,2450.95,2452.27,2450.95,2451.88,95.5757
1787764800000,2451.88,2454.63,2451.88,2452.39,196.5156
1787764860000,2452.4,2453.24,2452.4,2452.7,89.4561
1787764920000,2452.69,2453.73,2451.62,2452.54,89.5938
1787764980000,2452.54,2454.7,2451.75,2454.63,120.3404
1787765040000,2454.64,2456.85,2454.63,2456.76,459.0879
1787765100000,2456.77,2458.74,2456.77,2458.56,341.1542
1787765160000,2458.56,2458.57,2456.72,2456.73,192.895
1787765220000,2456.73,2462.37,2456.72,2460.84,634.1625
1787765280000,2460.85,2462.92,2460.85,2462.56,581.598
1787765340000,2462.56,2463.45,2461.05,2463.08,239.8668
1787765400000,2463.09,2467.03,2462.23,2464.86,554.6039
1787765460000,2464.87,2465.19,2461.81,2463.46,125.934
1787765520000,2463.45,2464.34,2462.5,2463.75,193.0312
1787765580000,2463.76,2463.76,2462.17,2463.71,319.8155
1787765640000,2463.7,2465.29,2463.41,2464.92,382.5534
1787765700000,2464.92,2465.29,2462.42,2462.85,198.5243
1787765760000,2462.85,2463.32,2461.72,2461.72,89.5204
1787765820000,2461.73,2462.99,2461.49,2462.98,112.5478
1787765880000,2462.98,2463.3,2462.63,2463.13,161.758
1787765940000,2463.13,2464,2463.05,2463.8,145.773
1787766000000,2463.8,2466.36,2463.8,2465.42,240.5315
1787766060000,2465.42,2465.92,2462.99,2464.08,454.1336
1787766120000,2464.08,2464.08,2463,2463.24,147.5594
1787766180000,2463.23,2463.64,2462.54,2463.24,540.9736
1787766240000,2463.25,2463.39,2461.05,2461.44,171.1337
1787766300000,2461.44,2461.67,2459.9,2460.01,231.6536
1787766360000,2460.01,2460.55,2457.64,2457.65,151.6575
1787766420000,2457.65,2457.77,2456.09,2456.09,94.1902
1787766480000,2456.09,2458.35,2455.72,2458.35,367.565
1787766540000,2458.34,2458.88,2457.6,2457.61,86.2461
1787766600000,2457.61,2459.23,2457.6,2458.98,55.353
1787766660000,2458.98,2459.51,2458.79,2459.06,112.0902
1787766720000,2459.06,2459.45,2459.06,2459.42,31.7942
1787766780000,2459.43,2460.67,2459.43,2460.67,57.5048
1787766840000,2460.66,2462,2460.66,2461.55,84.8388
1787766900000,2461.55,2461.55,2460.86,2460.86,61.9191
1787766960000,2460.86,2462.54,2460.86,2462.52,89.0453
1787767020000,2462.52,2462.78,2462.04,2462.78,123.5655
1787767080000,2462.78,2462.78,2459.93,2460.14,109.405
1787767140000,2460.15,2460.84,2460.09,2460.84,22.3364
1787767200000,2460.84,2460.92,2458.96,2459.33,76.9999
1787767260000,2459.34,2459.93,2458.85,2459.92,37.3232
1787767320000,2459.93,2462.03,2459.93,2462.03,94.366
1787767380000,2462.02,2462.76,2462.02,2462.75,50.8421
1787767440000,2462.76,2463.55,2462.3,2462.3,150.8308
1787767500000,2462.3,2462.48,2461.68,2461.98,67.8801
1787767560000,2461.97,2463.13,2461.97,2462.3,125.3784
1787767620000,2462.31,2463.13,2462.31,2463.12,67.9884
1787767680000,2463.13,2465.16,2463.12,2465.15,75.3635
1787767740000,2465.15,2466.32,2465.15,2465.37,196.0253
1787767800000,2465.36,2471.28,2465.15,2468.7,846.5106
1787767860000,2468.7,2468.72,2467.05,2467.75,187.3811
1787767920000,2467.75,2470.42,2467.75,2469.14,125.4677
1787767980000,2469.13,2469.13,2467.89,2467.9,145.5585
1787768040000,2467.89,2467.89,2466.71,2467.21,167.2843
1787768100000,2467.22,2467.47,2466.09,2466.09,180.9925
1787768160000,2466.1,2468.13,2465.35,2467.99,257.4619
1787768220000,2467.99,2468.68,2467.63,2468.01,73.4767
1787768280000,2468.03,2468.7,2467.55,2467.55,96.3664
1787768340000,2467.55,2467.55,2466.64,2467.02,51.1368
1787768400000,2467.02,2467.03,2466.6,2467,106.5083
1787768460000,2467.01,2469.22,2467.01,2469,132.5083
1787768520000,2468.99,2468.99,2466.41,2466.41,242.3425
1787768580000,2466.41,2467.29,2466.35,2466.36,135.8696
1787768640000,2466.35,2466.36,2465.15,2465.7,37.4238
1787768700000,2465.7,2466.07,2465.7,2465.72,30.4057
1787768760000,2465.71,2465.71,2463.7,2463.7,87.2318
1787768820000,2463.71,2464.22,2462.29,2463.11,117.9067
1787768880000,2463.11,2463.53,2461.67,2462.89,400.3006
1787768940000,2462.89,2463.27,2462.83,2462.9,32.8804
1787769000000,2462.9,2464.46,2462.9,2464.06,161.8385
1787769060000,2464.05,2464.4,2462.99,2463.45,169.7807
1787769120000,2463.46,2464.15,2462.43,2464.14,105.7975
1787769180000,2464.14,2466.2,2463.84,2466.19,143.406
1787769240000,2466.19,2466.2,2463.57,2464.35,117.2613
1787769300000,2464.34,2465.38,2464.17,2465.26,52.5449
1787769360000,2465.26,2465.92,2464.87,2465.92,47.2402
1787769420000,2465.93,2466.43,2465.91,2466.34,52.4532
1787769480000,2466.33,2467.11,2463.98,2464.5,331.4602
1787769540000,2464.5,2464.95,2464.28,2464.43,46.3974
1787769600000,2464.43,2464.43,2462.37,2462.95,148.8394
1787769660000,2462.96,2463.74,2462.95,2463.28,56.3106
1787769720000,2463.28,2464.71,2462.99,2463.98,66.5804
1787769780000,2463.98,2464.17,2463.28,2463.57,70.4998
1787769840000,2463.57,2464.63,2463.57,2464.62,50.3347
1787769900000,2464.63,2465.65,2464.46,2465.21,46.753
1787769960000,2465.22,2468.07,2465.21,2468.06,165.5982
1787770020000,2468.07,2469.13,2468.06,2469.12,182.2297
1787770080000,2469.12,2469.47,2468.73,2468.9,140.3269
1787770140000,2468.9,2469.86,2468.17,2469.73,131.8037
1787770200000,2469.72,2471.2,2469.52,2470.94,483.5997
1787770260000,2470.93,2472,2469.85,2469.86,326.4469
1787770320000,2469.86,2470.3,2468.18,2470.3,295.9409
1787770380000,2470.29,2471.5,2470.27,2471.01,135.3818
1787770440000,2471,2472.59,2470.81,2472.58,143.9097
1787770500000,2472.59,2472.59,2472.16,2472.16,99.3245
1787770560000,2472.17,2472.59,2472.16,2472.21,64.2213
1787770620000,2472.22,2472.87,2471.94,2472.87,181.8322
1787770680000,2472.87,2474.34,2472.68,2474.1,246.1465
1787770740000,2474.1,2474.15,2472.43,2472.69,195.3455
1787770800000,2472.69,2472.97,2471.11,2472.97,475.1656
1787770860000,2472.96,2472.97,2471.64,2471.65,95.7744
1787770920000,2471.65,2473.5,2471.5,2473.49,92.8085
1787770980000,2473.5,2473.5,2471.63,2472.24,111.4046
1787771040000,2472.24,2472.94,2472.01,2472.02,137.3051
1787771100000,2472.02,2472.18,2471.43,2472.17,255.0141
1787771160000,2472.18,2472.91,2471.61,2471.62,93.5394
1787771220000,2471.62,2471.62,2469.86,2470.25,310.8921
1787771280000,2470.26,2470.26,2469.43,2469.53,83.5874
1787771340000,2469.51,2470.28,2469.51,2469.51,162.6267
1787771400000,2469.51,2472.4,2469.21,2472.39,287.5627
1787771460000,2472.4,2473,2470.98,2470.99,121.0905
1787771520000,2470.98,2470.98,2470.08,2470.53,87.8667
1787771580000,2470.53,2470.54,2470.32,2470.33,61.0993
1787771640000,2470.32,2470.52,2470.32,2470.52,90.1237
1787771700000,2470.51,2472.23,2470.51,2471.36,199.1613
1787771760000,2471.37,2471.37,2470.37,2470.37,66.9353
1787771820000,2470.37,2471.33,2470.26,2470.8,159.0026
1787771880000,2470.79,2472.74,2470.79,2472.74,206.9451
1787771940000,2472.74,2473.59,2471.52,2472.99,178.6718
1787772000000,2472.99,2473,2471.93,2472.66,149.554
1787772060000,2472.67,2473.13,2471.89,2471.89,332.7365
1787772120000,2471.88,2472.29,2471.39,2472.19,189.4802
1787772180000,2472.19,2472.37,2471.77,2472.36,139.0584
1787772240000,2472.35,2472.52,2471.32,2471.89,235.4202
1787772300000,2471.89,2473.76,2470.85,2473.76,219.6339
1787772360000,2473.76,2483.52,2473.76,2482.79,2524.5227
1787772420000,2482.79,2482.84,2479.69,2482.5,447.7025
1787772480000,2482.49,2482.8,2478.8,2478.9,303.7877
1787772540000,2478.91,2480.84,2478.89,2480.33,215.654
1787772600000,2480.33,2480.66,2476.56,2476.56,383.59
1787772660000,2476.56,2477.37,2475.62,2476.85,187.2127
1787772720000,2476.84,2478.72,2476.28,2478.11,221.735
1787772780000,2478.1,2478.11,2477.16,2477.53,197.8401
1787772840000,2477.52,2477.53,2476.67,2477.01,87.2001
1787772900000,2477.02,2477.7,2474.4,2474.44,376.6988
1787772960000,2474.44,2474.92,2473.79,2473.85,113.7058
1787773020000,2473.84,2473.96,2472.01,2472.02,193.3383
1787773080000,2472.01,2472.48,2470.67,2470.67,206.0832
1787773140000,2470.67,2471.27,2470.31,2470.32,97.9155
1787773200000,2470.31,2470.32,2468,2469.45,239.7537
1787773260000,2469.45,2469.83,2469.44,2469.82,75.6694
1787773320000,2469.83,2471.89,2469.82,2470.15,520.4097
1787773380000,2470.16,2470.49,2470,2470.07,151.3704
1787773440000,2470.07,2471.26,2470.06,2471.25,146.4204
1787773500000,2471.26,2471.66,2470.65,2471.66,92.2538
1787773560000,2471.67,2473.63,2471.66,2472.76,380.4606
1787773620000,2472.77,2473.7,2472.39,2472.7,202.6294
1787773680000,2472.7,2473.75,2472.7,2472.72,134.5821
1787773740000,2472.72,2473.16,2472.71,2473.15,48.2313
1787773800000,2473.15,2473.26,2471.81,2471.96,171.8444
1787773860000,2471.96,2473.76,2471.67,2473.42,120.3879
1787773920000,2473.42,2473.89,2472.3,2472.3,135.0314
1787773980000,2472.3,2472.31,2470.84,2470.84,134.1393
1787774040000,2470.85,2471.19,2470.15,2471.18,215.798
1787774100000,2471.19,2472.59,2471.19,2472.54,80.9762
1787774160000,2472.54,2472.72,2471.34,2471.37,105.1043
1787774220000,2471.37,2471.51,2470.63,2470.64,98.0921
1787774280000,2470.63,2471.02,2470.58,2471.02,54.719
1787774340000,2471.02,2471.25,2469.08,2470.79,565.5843
1787774400000,2470.79,2471.37,2470.47,2471.37,578.7601
1787774460000,2471.37,2471.72,2468.83,2469.38,238.5945
1787774520000,2469.38,2470.44,2469.31,2470.43,96.6187
1787774580000,2470.44,2472.04,2470.44,2472.04,39.4753
1787774640000,2472.04,2472.87,2471.97,2472.87,53.8699
1787774700000,2472.87,2473.91,2472.27,2473.44,71.2062
1787774760000,2473.44,2474.49,2473.44,2474.11,72.2156
1787774820000,2474.12,2474.12,2473.14,2473.35,71.9949
1787774880000,2473.36,2473.48,2472.6,2472.61,45.7598
1787774940000,2472.6,2472.61,2471.81,2471.82,22.7777
1787775000000,2471.81,2472.81,2470.48,2472.81,233.2667
1787775060000,2472.8,2472.81,2470.72,2470.85,131.5344
1787775120000,2470.85,2471.4,2470.65,2470.65,48.1775
1787775180000,2470.65,2470.78,2469.49,2469.94,131.2604
1787775240000,2469.94,2469.95,2469.15,2469.15,49.3009
1787775300000,2469.16,2470.78,2468.63,2469.93,87.5309
1787775360000,2469.94,2469.94,2468.79,2469.75,71.5519
1787775420000,2469.75,2469.75,2468.63,2468.63,66.7309
1787775480000,2468.64,2468.64,2467.65,2468.04,109.109
1787775540000,2468.03,2469.83,2468.03,2469.56,125.64
1787775600000,2469.55,2469.55,2465.26,2466.29,375.7778
1787775660000,2466.28,2466.28,2463,2463,519.9067
1787775720000,2463,2463,2460.29,2462.61,519.0556
1787775780000,2462.61,2464.17,2461.93,2463.7,155.0578
1787775840000,2463.7,2466.25,2463.69,2466.14,147.3961
1787775900000,2466.13,2469.13,2466.13,2468,192.6716
1787775960000,2468,2468.01,2466.42,2466.79,55.1522
1787776020000,2466.79,2466.91,2466.59,2466.6,40.5898
1787776080000,2466.6,2468.72,2466.59,2468.71,42.0175
1787776140000,2468.71,2469.1,2468.59,2469.1,24.8537
1787776200000,2469.1,2469.75,2468.34,2469.75,70.2147
1787776260000,2469.75,2469.75,2468.2,2468.21,94.648
1787776320000,2468.21,2468.21,2466.03,2466.3,100.8006
1787776380000,2466.3,2467.21,2466.3,2466.48,102.7476
1787776440000,2466.48,2466.49,2466,2466.21,143.7773
1787776500000,2466.21,2466.22,2464.68,2464.69,563.8874
1787776560000,2464.68,2464.69,2464.29,2464.29,322.1963
1787776620000,2464.29,2465.96,2464.29,2465.96,55.0739
1787776680000,2465.96,2466.44,2465.49,2466.15,733.4308
1787776740000,2466.15,2467.52,2465.72,2466.51,653.1917
1787776800000,2466.51,2468.41,2466.51,2468.19,58.2601
1787776860000,2468.18,2469.75,2468.18,2469.74,59.3193
1787776920000,2469.74,2469.74,2469.21,2469.22,72.4934
1787776980000,2469.22,2469.56,2468.49,2468.49,149.0844
1787777040000,2468.49,2468.77,2468.13,2468.76,56.1082
1787777100000,2468.76,2469.42,2468.41,2469.41,93.9288
1787777160000,2469.41,2470,2469.35,2469.64,52.5653
1787777220000,2469.64,2470.06,2469.63,2469.76,26.2751
1787777280000,2469.77,2470.41,2469.52,2469.53,63.3864
1787777340000,2469.52,2469.53,2469.17,2469.17,42.9022
1787777400000,2469.17,2469.18,2468.51,2468.73,26.7768
1787777460000,2468.73,2470.07,2468.73,2469.68,91.5467
1787777520000,2469.69,2469.69,2468.82,2469.57,62.8519
1787777580000,2469.58,2470.18,2469.58,2470.17,20.2668
1787777640000,2470.18,2470.38,2470.17,2470.37,44.5183
1787777700000,2470.38,2472.87,2470.38,2472.3,1209.7173
1787777760000,2472.3,2472.71,2471.88,2471.97,1066.4426
1787777820000,2471.97,2472.34,2471.97,2472.28,131.098
1787777880000,2472.29,2472.8,2472.23,2472.31,73.1105
1787777940000,2472.32,2472.32,2471.78,2472.27,24.2411
1787778000000,2472.27,2472.79,2472.27,2472.79,67.2904
1787778060000,2472.78,2473,2471.81,2471.82,64.4239
1787778120000,2471.82,2472.27,2470.56,2471.86,172.7855
1787778180000,2471.86,2471.86,2470.85,2471.45,60.5506
1787778240000,2471.46,2471.46,2471.07,2471.07,54.2953
1787778300000,2471.07,2475.43,2471.07,2475.29,178.0033
1787778360000,2475.29,2479.88,2475.27,2479.37,341.7349
1787778420000,2479.36,2481.35,2477.66,2481.05,269.7667
1787778480000,2481.05,2485.96,2481.05,2485.46,898.0572
1787778540000,2485.45,2485.66,2482.97,2484.72,336.002
1787778600000,2484.71,2492,2480.37,2490.59,1297.5013
1787778660000,2490.59,2490.59,2486.27,2489.14,423.6474
1787778720000,2489.14,2489.14,2485.49,2487.25,256.4873
1787778780000,2487.25,2492.85,2486.09,2489.78,579.5053
1787778840000,2489.78,2494.68,2489.23,2492.5,519.2449
1787778900000,2492.51,2493.97,2490.02,2492.74,328.824
1787778960000,2492.74,2494.11,2491.22,2494.01,440.9634
1787779020000,2494.01,2494.99,2492.09,2494.98,177.2131
1787779080000,2494.98,2495.98,2493.24,2493.25,901.6706
1787779140000,2493.24,2493.24,2488.31,2492.05,392.0287
1787779200000,2492.04,2494.56,2489.62,2492.06,485.5737
1787779260000,2492.05,2493.87,2491.62,2493.26,221.0777
1787779320000,2493.25,2495.59,2492.63,2492.63,682.1383
1787779380000,2492.62,2492.65,2490.8,2492.61,800.215
1787779440000,2492.62,2494.97,2491.7,2494.96,470.6232
1787779500000,2494.96,2498.29,2493.24,2493.24,586.4469
1787779560000,2493.24,2495.45,2492.52,2495.05,1371.115
1787779620000,2495.06,2495.06,2493.13,2494.05,1429.8088
1787779680000,2494.06,2498.54,2493.59,2496.99,647.9948
1787779740000,2496.99,2505,2496.48,2500.81,1892.4818
1787779800000,2500.81,2501.13,2496.74,2496.75,453.6083
1787779860000,2496.75,2498.15,2496.35,2496.35,176.7783
1787779920000,2496.35,2497.69,2495.34,2497.38,205.1038
1787779980000,2497.38,2497.38,2495.67,2496.12,99.2846
1787780040000,2496.12,2496.12,2495.11,2496.11,151.8019
1787780100000,2496.11,2498.13,2495.58,2498.13,214.4782
1787780160000,2498.12,2501.1,2497.28,2501.09,232.8115
1787780220000,2501.09,2501.09,2498.09,2498.09,275.6241
1787780280000,2498.09,2498.09,2495.94,2495.94,66.7545
1787780340000,2495.94,2497.35,2495.94,2496.72,132.0272
1787780400000,2496.71,2496.71,2494.78,2495.95,141.6817
1787780460000,2495.96,2495.96,2495.22,2495.94,110.3948
1787780520000,2495.94,2496.14,2494.78,2494.78,96.3906
1787780580000,2494.78,2495.12,2493.96,2494.98,259.3977
1787780640000,2494.97,2494.97,2493.73,2494.15,59.3586
1787780700000,2494.16,2494.54,2493.64,2493.66,101.6363
1787780760000,2493.66,2495,2493.64,2494.45,175.4598
1787780820000,2494.46,2494.46,2492.59,2492.6,84.5824
1787780880000,2492.59,2494,2492.04,2492.25,145.3698
1787780940000,2492.26,2492.43,2491.67,2492.43,82.9011
1787781000000,2492.43,2494.15,2492.42,2494.09,113.1038
1787781060000,2494.08,2494.09,2493.72,2494.09,72.1414
1787781120000,2494.09,2495.44,2494.09,2494.43,70.3316
1787781180000,2494.43,2496.64,2494.43,2496.59,95.9739
1787781240000,2496.59,2497.96,2496.5,2497.17,83.787
1787781300000,2497.17,2497.17,2496.61,2496.77,37.5697
1787781360000,2496.77,2496.77,2495.54,2495.54,55.3123
1787781420000,2495.54,2498,2495.54,2498,310.5952
1787781480000,2498,2498.39,2497.88,2498.12,82.4701
1787781540000,2498.12,2498.13,2496.82,2496.82,56.4779
1787781600000,2496.82,2499,2494.66,2498.99,176.8111
1787781660000,2499,2501.68,2499,2500.74,337.9415
1787781720000,2500.73,2501.06,2499.58,2499.58,227.8925
1787781780000,2499.59,2501.99,2499.34,2501.39,495.6532
1787781840000,2501.39,2503.71,2500.73,2503.71,299.3061
1787781900000,2503.7,2504.61,2502.59,2504.6,249.3474
1787781960000,2504.61,2506.88,2502.85,2503.33,516.3784
1787782020000,2503.34,2507,2503.27,2506.53,155.8467
1787782080000,2506.54,2506.54,2503.67,2503.67,285.8145
1787782140000,2503.68,2503.68,2501.67,2501.68,62.0239
1787782200000,2501.68,2501.68,2500,2500.41,162.0314
1787782260000,2500.43,2501.8,2500,2500,146.9199
1787782320000,2500.01,2502.01,2500,2501.48,101.9122
1787782380000,2501.48,2502.93,2500,2500.78,364.864
1787782440000,2500.77,2503.71,2499.98,2503.42,370.1254
1787782500000,2503.42,2508.57,2502.78,2508,635.0557
1787782560000,2508,2512.02,2507.16,2509.95,1548.6063
1787782620000,2509.95,2511.04,2506.66,2506.84,643.734
1787782680000,2506.85,2512.49,2505.97,2512.39,239.979
1787782740000,2512.4,2514.83,2510.65,2510.79,644.7259
1787782800000,2510.79,2511.75,2509.45,2511.75,182.9439
1787782860000,2511.75,2515.38,2511.75,2513.39,387.1577
1787782920000,2513.38,2513.39,2509.26,2509.79,136.0792
1787782980000,2509.78,2510.56,2508.17,2508.17,193.8577
1787783040000,2508.17,2508.5,2506.22,2506.46,266.0426
1787783100000,2506.45,2506.98,2506.1,2506.39,78.647
1787783160000,2506.38,2508.56,2506.38,2508.03,152.4421
1787783220000,2508.03,2508.03,2506.65,2506.98,109.6031
1787783280000,2506.99,2507.26,2506.75,2506.88,119.4461
1787783340000,2506.88,2506.88,2505.29,2506.13,106.3859
1787783400000,2506.13,2506.57,2505.03,2506.43,107.6023
1787783460000,2506.42,2506.6,2501.8,2501.81,263.178
1787783520000,2501.81,2502.73,2500.5,2500.61,312.9913
1787783580000,2500.61,2501.12,2499.62,2499.99,181.1581
1787783640000,2500,2500.92,2499.99,2500.49,119.1551
1787783700000,2500.5,2500.99,2499.86,2499.94,229.7588
1787783760000,2499.94,2500.13,2498.72,2498.72,100.4172
1787783820000,2498.73,2499.12,2496.29,2499.05,221.3941
1787783880000,2499.05,2499.6,2497.94,2498.43,64.7787
1787783940000,2498.43,2498.43,2494.72,2495.06,202.8662
1787784000000,2495.07,2496.52,2494.72,2496,88.5502
1787784060000,2496,2496,2495.17,2495.99,180.7081
1787784120000,2496,2498.8,2495.89,2498.48,165.0022
1787784180000,2498.49,2499.37,2497.87,2497.87,76.2502
1787784240000,2497.86,2498.25,2497.51,2497.66,61.8125
1787784300000,2497.66,2497.66,2496.17,2496.18,41.5381
1787784360000,2496.17,2496.94,2496.16,2496.19,107.9534
1787784420000,2496.19,2496.2,2495.94,2496.12,69.379
1787784480000,2496.12,2496.13,2493.23,2493.4,132.2445
1787784540000,2493.4,2493.81,2493.32,2493.75,146.1259
1787784600000,2493.74,2493.75,2491.07,2491.19,223.7781
1787784660000,2491.19,2492.22,2489.49,2490.76,317.5646
1787784720000,2490.75,2491.67,2490.75,2491.28,183.4827
1787784780000,2491.28,2491.64,2490.39,2490.4,102.8658
1787784840000,2490.39,2490.95,2490.25,2490.91,57.3611
1787784900000,2490.95,2491.07,2489.79,2489.81,39.0269
1787784960000,2489.81,2490.75,2489.57,2490.22,63.6237
1787785020000,2490.23,2491.28,2490.23,2491.28,107.1134
1787785080000,2491.28,2494.7,2491.28,2494.7,124.4111
1787785140000,2494.69,2496,2493.73,2493.73,97.886
1787785200000,2493.72,2493.72,2490.57,2490.58,192.815
1787785260000,2490.58,2492.67,2490.29,2491.27,239.3462
1787785320000,2491.27,2493,2491.16,2492.9,97.1125
1787785380000,2492.9,2495.48,2492.9,2495.27,89.6238
1787785440000,2495.27,2495.72,2494.74,2494.95,75.7693
1787785500000,2494.94,2494.95,2492.97,2493.34,42.5319
1787785560000,2493.34,2493.6,2491.85,2491.85,91.3003
1787785620000,2491.85,2491.85,2488.33,2488.34,275.6893
1787785680000,2488.35,2489.46,2488.34,2489.46,33.7325
1787785740000,2489.46,2489.46,2488.49,2489.34,100.0224
1787785800000,2489.33,2491.4,2488.99,2491.4,85.1382
1787785860000,2491.4,2491.4,2489.38,2489.67,119.3389
1787785920000,2489.69,2490.59,2489.5,2490.33,82.9048
1787785980000,2490.32,2490.32,2488.98,2489.38,162.235
1787786040000,2489.39,2490.9,2489.39,2490.45,66.801
1787786100000,2490.44,2491,2489.95,2490.97,73.134
1787786160000,2490.97,2490.97,2490.01,2490.84,91.713
1787786220000,2490.84,2494.04,2490.83,2493.52,169.1039
1787786280000,2493.51,2494.4,2493.01,2493.45,238.5553
1787786340000,2493.44,2494.4,2492.82,2494.4,151.8901
1787786400000,2494.4,2494.4,2493.82,2494.32,52.4736
1787786460000,2494.31,2495.41,2493.51,2495.23,157.7322
1787786520000,2495.24,2495.9,2494.19,2494.36,149.641
1787786580000,2494.35,2496.58,2494.35,2496.07,230.6698
1787786640000,2496.06,2497.69,2494.85,2497.06,140.7434
1787786700000,2497.06,2500.13,2495.03,2500.13,320.277
1787786760000,2500.13,2500.13,2498.91,2499.54,198.0688
1787786820000,2499.53,2499.74,2499.12,2499.73,106.5782
1787786880000,2499.73,2500.84,2499.29,2500.6,292.5798
1787786940000,2500.61,2500.61,2498.91,2498.92,133.6452
1787787000000,2498.91,2500.58,2498.91,2500.58,78.4593
1787787060000,2500.57,2502,2500.57,2500.59,149.0685
1787787120000,2500.58,2500.58,2499,2499.5,268.7912
1787787180000,2499.5,2501.68,2498.33,2498.51,405.1727
1787787240000,2498.51,2499.04,2497.96,2498.8,114.6632
1787787300000,2498.79,2502,2498.64,2501.84,192.4236
1787787360000,2501.85,2502.82,2501.45,2502.81,182.5806
1787787420000,2502.81,2504.2,2501.54,2504.19,311.3763
1787787480000,2504.2,2506.15,2504.2,2505.78,173.3804
1787787540000,2505.79,2505.79,2504.45,2504.57,256.552
1787787600000,2504.56,2504.56,2502.29,2503.36,98.3973
1787787660000,2503.37,2504.92,2503,2504.78,214.3894
1787787720000,2504.78,2507.28,2504.75,2506.64,266.0059
1787787780000,2506.63,2507.25,2505.63,2506.7,110.352
1787787840000,2506.7,2507.76,2506.4,2507.35,207.2653
1787787900000,2507.35,2510.49,2507.08,2509.49,294.3906
1787787960000,2509.5,2511.82,2508.35,2511.82,321.1703
1787788020000,2511.81,2512.69,2508.19,2508.19,346.217
1787788080000,2508.19,2508.19,2506.13,2506.14,91.6431
1787788140000,2506.13,2506.17,2501.59,2505.61,1063.8078
1787788200000,2505.61,2505.61,2503,2503.16,349.9382
1787788260000,2503.16,2503.75,2503.16,2503.3,212.3353
1787788320000,2503.3,2506.79,2503.3,2506.21,607.082
1787788380000,2506.22,2506.22,2504.84,2505.68,38.9016
1787788440000,2505.68,2505.68,2503.93,2505.41,78.0029
1787788500000,2505.39,2505.4,2504.48,2505.39,250.8477
1787788560000,2505.39,2507.6,2505.38,2507.59,135.2303
1787788620000,2507.59,2508.21,2507.01,2507.63,570.2806
1787788680000,2507.62,2507.62,2505.41,2506.01,727.3832
1787788740000,2506.01,2506.9,2506.01,2506.78,202.5124
1787788800000,2506.78,2507.18,2503,2504,284.4859
1787788860000,2503.99,2505.36,2502.95,2505.35,164.6417
1787788920000,2505.36,2505.74,2504.92,2505,85.0819
1787788980000,2505,2505.14,2501.14,2503.64,577.2755
1787789040000,2503.64,2503.65,2500.14,2500.14,188.6899
1787789100000,2500.14,2503.03,2500,2503.03,118.5704
1787789160000,2503.03,2503.05,2501.53,2503.05,58.4495
1787789220000,2503.06,2505.54,2502.05,2505.54,246.36
1787789280000,2505.54,2509,2504.92,2508.78,556.0718
1787789340000,2508.78,2510.42,2508.43,2510.42,537.2471
1787789400000,2510.42,2510.64,2506.68,2506.68,712.0602
1787789460000,2506.68,2506.68,2503.8,2504.69,241.933
1787789520000,2504.69,2506.37,2503.41,2503.93,209.9194
1787789580000,2503.93,2503.93,2502.56,2502.56,91.8095
1787789640000,2502.57,2503.19,2502.15,2502.61,136.0761
1787789700000,2502.61,2502.83,2500.73,2500.94,202.8091
1787789760000,2500.94,2501.9,2500.94,2500.96,209.084
1787789820000,2500.95,2502.29,2500.95,2501.94,122.7404
1787789880000,2501.94,2502.73,2501.93,2502.37,51.5884
1787789940000,2502.38,2506.64,2502.38,2506.59,227.3646
1787790000000,2506.59,2506.59,2505.33,2505.63,55.1256
1787790060000,2505.63,2505.64,2504.52,2504.75,98.7303
1787790120000,2504.76,2505.64,2504.75,2505.4,161.7034
1787790180000,2505.4,2505.4,2502.36,2502.36,98.6771
1787790240000,2502.36,2502.36,2501.33,2501.33,117.0228
1787790300000,2501.33,2501.33,2500.53,2501.08,38.4031
1787790360000,2501.08,2501.08,2499.49,2499.63,110.9367
1787790420000,2499.64,2500.2,2499.64,2500.15,82.7898
1787790480000,2500.16,2500.2,2499.01,2499.45,121.0084
1787790540000,2499.46,2500.92,2499.46,2500.92,107.4867
1787790600000,2500.92,2501.68,2500.5,2500.85,81.5004
1787790660000,2500.86,2501.07,2500.51,2500.52,123.4178
1787790720000,2500.52,2501.06,2499.17,2499.18,42.5478
1787790780000,2499.18,2500.58,2498.44,2500.48,145.1916
1787790840000,2500.47,2500.47,2498.66,2498.66,52.9499
1787790900000,2498.66,2499.39,2498.42,2498.72,88.6171
1787790960000,2498.72,2499.63,2496.32,2496.62,216.5838
1787791020000,2496.63,2496.82,2495.76,2495.97,164.6955
1787791080000,2495.97,2496.73,2495.76,2495.77,68.432
1787791140000,2495.77,2496.99,2495.76,2496.76,67.0202
1787791200000,2496.76,2496.76,2495.13,2495.25,173.1097
1787791260000,2495.25,2495.69,2494.83,2495.04,123.2209
1787791320000,2495.05,2495.12,2494.15,2494.69,161.433
1787791380000,2494.69,2497.39,2494.69,2497.1,122.8342
1787791440000,2497.1,2497.98,2496.1,2496.2,108.2057
1787791500000,2496.2,2496.2,2493.97,2494.24,180.5829
1787791560000,2494.25,2494.48,2493.55,2493.67,189.6937
1787791620000,2493.66,2494.34,2493.16,2493.16,88.3494
1787791680000,2493.16,2494.75,2492.88,2494.75,117.6599
1787791740000,2494.75,2495.43,2494.06,2495.43,75.9439
1787791800000,2495.43,2496.53,2495.19,2496.46,204.459
1787791860000,2496.45,2497.24,2494.49,2494.8,213.7126
1787791920000,2494.81,2494.81,2492.89,2493.55,49.8165
1787791980000,2493.55,2493.56,2492.23,2492.27,106.269
1787792040000,2492.26,2492.58,2492.26,2492.47,49.8854
1787792100000,2492.47,2493.88,2492.47,2493.29,113.2561
1787792160000,2493.29,2493.37,2492.31,2492.77,210.7788
1787792220000,2492.77,2494.4,2492.77,2493.02,281.2199
1787792280000,2493.03,2493.23,2492.05,2493.23,82.5358
1787792340000,2493.23,2493.94,2492,2492.01,320.3375
1787792400000,2492,2493.61,2491.67,2492.14,67.399
1787792460000,2492.12,2493.28,2491.73,2493.18,137.9814
1787792520000,2493.22,2493.83,2492.59,2493.3,100.5613
1787792580000,2493.3,2493.59,2488.7,2490.75,511.3206
1787792640000,2490.76,2492.65,2490.76,2492.02,122.2877
1787792700000,2492.02,2493.01,2491.14,2491.24,164.8957
1787792760000,2491.24,2494.41,2491.05,2494.41,95.0489
1787792820000,2494.41,2495.04,2492.82,2492.82,102.5029
1787792880000,2492.83,2493.29,2489.03,2489.21,115.6728
1787792940000,2489.21,2490.99,2489.11,2490.82,165.2413
1787793000000,2490.82,2491.9,2490.33,2490.65,193.0691
1787793060000,2490.65,2491.9,2490,2490.58,149.4316
1787793120000,2490.59,2490.63,2488.9,2488.91,99.5261
1787793180000,2488.91,2489.4,2488.34,2488.59,117.0676
1787793240000,2488.59,2489.5,2487.03,2489.5,74.7194
1787793300000,2489.49,2491.06,2488.23,2491.05,57.6193
1787793360000,2491.05,2491.08,2488.66,2489.36,44.0727
1787793420000,2489.36,2490.08,2487.48,2488.62,57.1514
1787793480000,2488.63,2491.69,2488.63,2491.69,113.3778
1787793540000,2491.68,2492.52,2491.53,2491.64,129.7303
1787793600000,2491.65,2493.56,2491.65,2493.16,106.8257
1787793660000,2493.16,2495.39,2493.16,2495.39,123.9009
1787793720000,2495.39,2495.39,2493.8,2493.99,72.1169
1787793780000,2494,2496.14,2494,2496.03,67.5506
1787793840000,2496.03,2496.5,2496.03,2496.5,101.515
1787793900000,2496.5,2498,2496.48,2497.92,127.2891
1787793960000,2497.94,2498.76,2497.94,2498.76,80.8278
1787794020000,2498.76,2502.27,2498.08,2502.27,374.0136
1787794080000,2502.27,2505.64,2502.27,2502.9,446.8085
1787794140000,2502.91,2504,2502.6,2503.04,109.2426
1787794200000,2503.05,2505.74,2502.79,2504.4,156.9154
1787794260000,2504.4,2505.29,2498.7,2498.79,354.8585
1787794320000,2498.8,2500.35,2498.08,2499.57,213.4233
1787794380000,2499.59,2501.67,2499.59,2500.82,142.7855
1787794440000,2500.81,2501.34,2499.81,2500.9,98.5322
1787794500000,2500.89,2501.23,2498.26,2499.15,91.6125
1787794560000,2499.14,2499.97,2499.04,2499.64,77.8771
1787794620000,2499.63,2500.9,2499.3,2500.9,89.6372
1787794680000,2500.9,2502.9,2499.5,2500.34,394.8387
1787794740000,2500.34,2500.56,2499.26,2499.27,57.7434
1787794800000,2499.27,2499.27,2498,2498.23,47.7482
1787794860000,2498.22,2498.22,2496.46,2496.84,99.0491
1787794920000,2496.85,2497,2495.24,2495.44,342.3464
1787794980000,2495.45,2496.09,2495.33,2495.42,60.0627
1787795040000,2495.42,2495.42,2493,2493,118.4372
1787795100000,2493,2495.59,2492.82,2495.03,333.15
1787795160000,2495.02,2495.59,2494.55,2495.59,48.766
1787795220000,2495.59,2497.62,2495.59,2497.62,144.8472
1787795280000,2497.62,2499.5,2497.62,2499.39,97.2952
1787795340000,2499.38,2502.05,2498.92,2502.05,118.9093
1787795400000,2502.05,2504.33,2502.05,2504.33,272.7175
1787795460000,2504.33,2505.62,2504.09,2504.3,154.802
1787795520000,2504.3,2506.15,2504.12,2504.99,1417.4203
1787795580000,2504.99,2505.65,2502.12,2502.9,453.1537
1787795640000,2502.91,2502.91,2501.34,2501.67,98.6913
1787795700000,2501.68,2503.22,2500.96,2503.22,75.5439
1787795760000,2503.23,2503.71,2502.17,2502.22,82.0002
1787795820000,2502.23,2502.23,2501.13,2501.27,34.4748
1787795880000,2501.26,2501.26,2499.5,2499.51,145.5984
1787795940000,2499.51,2499.51,2497.76,2497.87,219.3138
1787796000000,2497.87,2501.68,2497.44,2501.48,504.7364
1787796060000,2501.48,2502.53,2500.4,2500.41,129.1823
1787796120000,2500.41,2501.44,2500.4,2501,45.2364
1787796180000,2501.01,2501.94,2501.01,2501.34,23.6741
1787796240000,2501.34,2502.18,2501,2502.18,124.924
1787796300000,2502.17,2502.64,2501.07,2502.64,128.7478
1787796360000,2502.64,2502.64,2501.81,2502.28,48.7769
1787796420000,2502.28,2503.35,2502.08,2502.85,79.0317
1787796480000,2502.86,2503.71,2502.27,2503.7,97.354
1787796540000,2503.7,2503.8,2502.95,2503.8,28.2029
1787796600000,2503.8,2504.72,2503.8,2504.55,48.3121
1787796660000,2504.55,2504.95,2501.25,2502.19,285.9289
1787796720000,2502.19,2503.95,2502.19,2503.04,61.3825
1787796780000,2503.04,2503.4,2501.3,2501.3,151.829
1787796840000,2501.31,2502.7,2501.2,2502.12,173.9235
1787796900000,2502.08,2502.36,2501.5,2501.75,27.4924
1787796960000,2501.75,2502.05,2500.52,2501.05,75.8981
1787797020000,2501.05,2501.94,2500,2501.94,73.5469
1787797080000,2501.94,2501.94,2500.6,2501,58.6014
1787797140000,2501.01,2502.48,2501,2501.27,47.1956
1787797200000,2501.27,2502.13,2501.09,2501.09,41.2695
1787797260000,2501.09,2501.55,2500.16,2500.94,34.2166
1787797320000,2500.94,2501.38,2500.71,2500.99,36.5345
1787797380000,2500.99,2500.99,2498.3,2498.67,83.1207
1787797440000,2498.67,2498.67,2496.24,2497.4,331.6321
1787797500000,2497.4,2497.63,2495.68,2495.73,46.5799
1787797560000,2495.73,2496.16,2494.31,2495.88,170.444
1787797620000,2495.87,2495.87,2495.32,2495.54,53.6319
1787797680000,2495.54,2496.11,2495.32,2495.8,38.9508
1787797740000,2495.8,2495.99,2495.63,2495.97,37.6948
1787797800000,2495.97,2496.2,2494.88,2495.01,59.3072
1787797860000,2495.01,2495.88,2495,2495.63,43.5062
1787797920000,2495.64,2497.61,2495.28,2497.51,179.012
1787797980000,2497.51,2497.63,2497.02,2497.63,22.3827
1787798040000,2497.63,2498.16,2497.25,2497.62,40.3507
1787798100000,2497.61,2497.62,2496.13,2496.37,28.9596
1787798160000,2496.37,2497.19,2496.26,2497.13,26.8802
1787798220000,2497.12,2497.2,2494.68,2494.79,47.5135
1787798280000,2494.79,2496.09,2494.57,2495.94,32.5727
1787798340000,2495.93,2495.93,2494.78,2494.94,28.8605
1787798400000,2494.95,2494.95,2494.04,2494.26,34.3162
1787798460000,2494.26,2494.7,2494.26,2494.42,106.8476
1787798520000,2494.43,2494.51,2494.43,2494.45,25.5421
1787798580000,2494.45,2494.45,2494.08,2494.24,37.2681
1787798640000,2494.25,2494.25,2493.12,2494,126.096
1787798700000,2493.99,2494.72,2493.99,2494.56,59.1491
1787798760000,2494.55,2495.38,2494.53,2495.38,63.9464
1787798820000,2495.38,2495.58,2494.88,2495.36,55.2812
1787798880000,2495.36,2495.36,2494.16,2494.17,27.3963
1787798940000,2494.17,2495.04,2493.37,2495.04,88.5404
1787799000000,2495.03,2495.11,2494.15,2495.11,112.7274
1787799060000,2495.11,2495.92,2495.11,2495.81,83.9485
1787799120000,2495.81,2495.81,2494,2494.28,63.1972
1787799180000,2494.27,2494.28,2494,2494.01,16.4058
1787799240000,2494.01,2494.63,2494.01,2494.23,45.1927
1787799300000,2494.23,2494.53,2494,2494.01,76.0079
1787799360000,2494.01,2494.27,2493.55,2494.27,86.0496
1787799420000,2494.27,2494.52,2493.8,2493.81,48.4897
1787799480000,2493.81,2494.69,2493.62,2494.45,41.7812
1787799540000,2494.45,2494.73,2494.44,2494.73,31.5522
1787799600000,2494.73,2495.05,2493.72,2494.73,50.8857
1787799660000,2494.74,2495.16,2493.89,2495.16,49.3488
1787799720000,2495.16,2495.16,2494.28,2494.77,79.773
1787799780000,2494.77,2494.77,2493.91,2493.92,48.433
1787799840000,2493.92,2494.56,2493.92,2494.56,35.6915
1787799900000,2494.56,2494.56,2494.31,2494.32,25.0626
1787799960000,2494.32,2497,2494.31,2496.6,60.3505
1787800020000,2496.59,2497,2496.15,2496.15,117.7275
1787800080000,2496.15,2496.62,2494.32,2494.86,50.0066
1787800140000,2494.85,2495.49,2493.64,2494.2,76.3241
1787800200000,2494.2,2495.29,2494.2,2495.29,21.1937
1787800260000,2495.29,2495.29,2494.5,2494.51,71.2127
1787800320000,2494.51,2494.51,2491.81,2491.82,110.6301
1787800380000,2491.82,2491.82,2490.61,2491.19,112.2502
1787800440000,2491.19,2491.21,2491.06,2491.09,58.5332
1787800500000,2491.09,2491.84,2489.75,2489.9,257.1447
1787800560000,2489.9,2490.04,2489.25,2489.25,54.3062
1787800620000,2489.26,2490.22,2489.2,2489.36,63.2427
1787800680000,2489.36,2492.89,2489.36,2492.83,50.3667
1787800740000,2492.83,2494.73,2492.83,2494.61,98.9342
1787800800000,2494.61,2495.93,2492.95,2492.95,222.5002
1787800860000,2492.95,2493.9,2491.52,2493.05,135.2433
1787800920000,2493.05,2494.84,2491.75,2493.85,523.7246
1787800980000,2493.86,2494.66,2493.33,2494.01,72.39
1787801040000,2494.02,2498.33,2494.02,2496.24,576.8967
1787801100000,2496.25,2496.25,2494.07,2494.77,333.9566
1787801160000,2494.78,2497.28,2494.77,2496.77,238.6192
1787801220000,2496.76,2498.82,2496.76,2498.82,221.8409
1787801280000,2498.81,2499.03,2497.64,2497.65,126.4318
1787801340000,2497.64,2497.91,2497.64,2497.91,41.5178
1787801400000,2497.91,2498.45,2496.17,2496.18,144.6919
1787801460000,2496.17,2496.17,2495.04,2495.58,106.9921
1787801520000,2495.58,2495.58,2494.41,2494.83,39.7364
1787801580000,2494.83,2496.17,2494.83,2495.59,55.1389
1787801640000,2495.59,2496.19,2494.78,2494.78,68.5611
1787801700000,2494.79,2495.19,2494.54,2494.75,29.0626
1787801760000,2494.76,2495.18,2494.08,2495.13,80.2581
1787801820000,2495.12,2495.95,2494.79,2495.31,105.198
1787801880000,2495.3,2495.31,2493.92,2494.06,40.8972
1787801940000,2494.07,2494.07,2493.55,2493.79,22.7098
1787802000000,2493.78,2493.82,2493,2493.12,51.9542
1787802060000,2493.12,2493.35,2492.41,2492.52,211.7798
1787802120000,2492.52,2494.04,2492.52,2493.81,55.4566
1787802180000,2493.8,2494.1,2492.71,2493.71,168.8373
1787802240000,2493.7,2493.7,2492.46,2492.46,65.2777
1787802300000,2492.47,2494.45,2492.46,2494.45,27.4787
1787802360000,2494.45,2494.73,2492.19,2492.78,651.7594
1787802420000,2492.78,2492.95,2491.74,2491.75,70.4884
1787802480000,2491.74,2491.75,2490.12,2490.26,561.046
1787802540000,2490.26,2490.38,2489.32,2490.2,202.0795
1787802600000,2490.21,2491.7,2489.94,2490.63,282.9536
1787802660000,2490.63,2491,2489.45,2490.48,244.8596
1787802720000,2490.48,2490.48,2489.88,2489.88,99.215
1787802780000,2489.87,2491.11,2489.49,2491.11,47.4055
1787802840000,2491.1,2492,2490.74,2492,87.9961
1787802900000,2491.99,2492,2491.32,2491.44,28.4364
1787802960000,2491.43,2492,2491.43,2491.99,39.1281
1787803020000,2492,2492.61,2491.7,2491.71,69.3561
1787803080000,2491.7,2492.06,2491.7,2492.05,24.3104
1787803140000,2492.05,2492.89,2492.05,2492.89,40.795
1787803200000,2492.89,2493.68,2492.89,2493.68,92.3068
1787803260000,2493.68,2494.09,2493.67,2493.68,157.1822
1787803320000,2493.67,2494.22,2493.32,2493.38,139.521
1787803380000,2493.38,2494.66,2493.38,2494.66,33.4917
1787803440000,2494.65,2494.66,2493.55,2493.56,79.6319
1787803500000,2493.56,2493.95,2492.41,2492.44,74.0845
1787803560000,2492.43,2492.58,2492.43,2492.57,18.3287
1787803620000,2492.57,2492.69,2492.28,2492.29,40.8808
1787803680000,2492.28,2492.28,2491.52,2491.53,73.1313
1787803740000,2491.53,2494.99,2491.53,2494.96,117.61
1787803800000,2494.96,2494.96,2493.59,2493.73,60.9267
1787803860000,2493.72,2493.88,2493.55,2493.88,95.4568
1787803920000,2493.89,2494.7,2493.63,2493.95,225.357
1787803980000,2493.96,2494.18,2493.84,2494.05,84.9258
1787804040000,2494.05,2494.18,2494.05,2494.17,9.571
1787804100000,2494.18,2495.14,2494.18,2495.14,26.9149
1787804160000,2495.14,2495.38,2494.92,2495.37,138.3693
1787804220000,2495.37,2495.37,2494.09,2494.94,156.9841
1787804280000,2494.95,2495.59,2494.95,2495.59,23.8185
1787804340000,2495.59,2495.75,2495.26,2495.54,52.5261
1787804400000,2495.52,2495.52,2494.6,2494.61,29.2392
1787804460000,2494.6,2494.95,2493.79,2493.79,38.2643
1787804520000,2493.79,2493.79,2493.21,2493.56,48.087
1787804580000,2493.56,2494.37,2493.21,2494.36,85.4374
1787804640000,2494.36,2494.66,2494.36,2494.65,67.3173
1787804700000,2494.66,2494.77,2493.62,2494.22,95.6333
1787804760000,2494.23,2494.23,2493.66,2493.66,57.6144
1787804820000,2493.67,2493.67,2492.98,2492.98,72.4704
1787804880000,2492.98,2493.2,2492.98,2493,29.5624
1787804940000,2492.99,2493,2491.92,2491.92,26.7045
1787805000000,2491.92,2491.92,2490,2490,164.0465
1787805060000,2490,2490.01,2489.6,2489.86,92.1265
1787805120000,2489.86,2489.95,2489.24,2489.94,149.8189
1787805180000,2489.94,2490,2489.27,2489.73,125.8352
1787805240000,2489.73,2489.73,2487.02,2487.36,267.8915
1787805300000,2487.36,2487.82,2486.42,2487.03,255.504
1787805360000,2487.04,2487.8,2484.43,2484.52,458.7525
1787805420000,2484.53,2486.37,2484.41,2486.36,202.217
1787805480000,2486.36,2486.36,2484.48,2486.3,139.7242
1787805540000,2486.3,2487.73,2486.27,2486.92,451.6757
1787805600000,2486.92,2487.27,2486.54,2486.55,161.1084
1787805660000,2486.55,2487.36,2485.9,2487.36,119.9726
1787805720000,2487.35,2488.25,2487.35,2488.23,75.3589
1787805780000,2488.23,2489.29,2488.23,2488.91,77.6087
1787805840000,2488.91,2489.16,2488.9,2489.15,54.4911
1787805900000,2489.16,2491.12,2489.16,2489.5,110.6655
1787805960000,2489.5,2489.7,2487.48,2487.79,98.1878
1787806020000,2487.8,2487.8,2486.81,2487.17,48.8369
1787806080000,2487.16,2487.17,2486.59,2486.59,35.6917
1787806140000,2486.59,2486.82,2486.02,2486.82,30.0503
1787806200000,2486.81,2486.87,2484.95,2485.1,131.9397
1787806260000,2485.1,2485.38,2484.72,2484.73,57.1149
1787806320000,2484.72,2485.65,2484.24,2485.65,140.9124
1787806380000,2485.65,2486.34,2485.65,2486.34,34.3395
1787806440000,2486.33,2487.12,2486.33,2486.77,75.0281
1787806500000,2486.77,2487,2486.76,2486.99,12.7801
1787806560000,2486.99,2487,2486.76,2486.77,33.8055
1787806620000,2486.77,2487.39,2486.77,2487.06,208.095
1787806680000,2487.06,2487.32,2486.84,2487.13,162.0816
1787806740000,2487.14,2487.39,2487.12,2487.38,44.0901
1787806800000,2487.39,2487.56,2487.39,2487.56,8.9724
1787806860000,2487.55,2488.61,2487.55,2488.6,200.7098
1787806920000,2488.61,2488.61,2487.12,2487.55,201.9619
1787806980000,2487.55,2487.55,2487.08,2487.09,32.9697
1787807040000,2487.09,2487.11,2484.01,2484.14,165.1997
1787807100000,2484.15,2484.25,2483.5,2483.5,75.7323
1787807160000,2483.51,2484.99,2483.51,2483.81,62.615
1787807220000,2483.81,2485.27,2483.8,2485.06,186.5458
1787807280000,2485.06,2486.41,2484.62,2486.2,55.2376
1787807340000,2486.19,2487.35,2486.03,2486.97,21.5639
1787807400000,2486.96,2487.29,2486.1,2486.11,61.0638
1787807460000,2486.11,2486.28,2485.44,2486.28,31.5995
1787807520000,2486.27,2487,2486.27,2487,56.4312
1787807580000,2486.99,2487.63,2486.43,2486.44,30.1788
1787807640000,2486.43,2486.62,2485.44,2485.44,30.9579
1787807700000,2485.44,2485.45,2484.99,2485.02,34.9713
1787807760000,2485.03,2485.03,2484.42,2484.43,15.4042
1787807820000,2484.42,2484.43,2483.65,2483.65,55.7243
1787807880000,2483.66,2484.18,2483.65,2484.18,48.1905
1787807940000,2484.18,2484.92,2484.18,2484.87,13.8095
1787808000000,2484.88,2485.78,2484.88,2485.78,24.12
1787808060000,2485.78,2486.27,2485.78,2486.23,19.0515
1787808120000,2486.22,2487.12,2486.22,2487.12,17.1215
1787808180000,2487.12,2487.12,2486.81,2486.81,45.1491
1787808240000,2486.81,2490.44,2486.81,2490.43,82.3205
1787808300000,2490.44,2491.36,2489.59,2489.97,108.9192
1787808360000,2489.98,2490.8,2489.17,2489.67,126.1353
1787808420000,2489.67,2489.67,2488.43,2488.44,44.7327
1787808480000,2488.45,2488.45,2484.7,2484.71,346.2839
1787808540000,2484.71,2485.56,2483.9,2485.28,161.6634
1787808600000,2485.27,2486.14,2484.49,2485.86,103.3085
1787808660000,2485.85,2485.86,2483.65,2484.8,142.2664
1787808720000,2484.8,2485.08,2483.5,2483.5,53.0079
1787808780000,2483.5,2484.61,2482.56,2483.6,151.7802
1787808840000,2483.62,2483.98,2483.07,2483.98,35.4964
1787808900000,2483.97,2483.97,2481.74,2483.76,112.1951
1787808960000,2483.76,2484.92,2483.61,2484.91,46.5035
1787809020000,2484.91,2486.83,2484.91,2486.82,20.9028
1787809080000,2486.83,2488.54,2486.83,2488.42,74.6721
1787809140000,2488.42,2488.42,2487.36,2487.58,268.5335
1787809200000,2487.57,2489.27,2487.57,2489.27,36.1547
1787809260000,2489.26,2490.64,2488.8,2489.05,101.9084
1787809320000,2489.05,2489.06,2487.67,2487.67,61.4646
1787809380000,2487.68,2487.71,2486.76,2486.76,32.627
1787809440000,2486.72,2488.25,2486.34,2488.14,111.2675
1787809500000,2488.14,2488.95,2487.94,2488.3,72.789
1787809560000,2488.3,2490.57,2488.3,2490.57,19.3507
1787809620000,2490.57,2492.53,2490.57,2492.19,139.2879
1787809680000,2492.18,2492.75,2492.18,2492.61,34.1776
1787809740000,2492.61,2494.92,2492.61,2494.65,83.8673
1787809800000,2494.65,2495,2493.68,2493.79,542.0955
1787809860000,2493.8,2495.59,2493.79,2495.59,317.1485
1787809920000,2495.6,2497.94,2495.6,2497.48,503.674
1787809980000,2497.48,2497.9,2495.03,2495.25,236.2219
1787810040000,2495.26,2495.26,2494.68,2494.7,28.8783
1787810100000,2494.71,2494.71,2493.13,2493.71,74.1684
1787810160000,2493.71,2493.71,2493.16,2493.33,45.8769
1787810220000,2493.34,2495.32,2493.33,2495.32,97.3824
1787810280000,2495.32,2496.94,2494.73,2496.83,435.9615
1787810340000,2496.83,2496.83,2496.04,2496.63,114.7722
1787810400000,2496.63,2496.63,2494.64,2494.65,75.617
1787810460000,2494.65,2494.65,2494,2494.58,35.5113
1787810520000,2494.58,2494.58,2494.19,2494.19,31.9699
1787810580000,2494.2,2494.2,2493.51,2493.77,76.3666
1787810640000,2493.76,2493.77,2493.08,2493.08,68.1097
1787810700000,2493.08,2493.08,2492.94,2492.95,48.1621
1787810760000,2492.94,2493.73,2492.82,2493.68,23.5355
1787810820000,2493.68,2493.68,2492.27,2492.58,36.4693
1787810880000,2492.58,2492.59,2491.81,2491.81,21.562
1787810940000,2491.82,2491.82,2490.86,2490.91,98.9012
1787811000000,2490.9,2490.91,2490.05,2490.06,70.0558
1787811060000,2490.06,2490.06,2488.72,2489.03,157.0209
1787811120000,2489.04,2489.45,2488.8,2488.81,86.4558
1787811180000,2488.8,2488.8,2485.6,2486.83,156.4775
1787811240000,2486.84,2488.52,2485.3,2488.5,245.3456
1787811300000,2488.5,2488.5,2485.6,2485.63,94.9327
1787811360000,2485.62,2486.55,2484.2,2485.17,426.2539
1787811420000,2485.17,2486.53,2484.46,2486.52,459.4283
1787811480000,2486.52,2486.52,2485.38,2485.46,67.7707
1787811540000,2485.46,2485.91,2485,2485.91,74.2823
1787811600000,2485.91,2485.94,2485.03,2485.25,42.1368
1787811660000,2485.25,2487.48,2485.24,2487.48,77.3629
1787811720000,2487.47,2487.47,2486.34,2486.4,65.1108
1787811780000,2486.4,2486.4,2485.81,2485.83,81.931
1787811840000,2485.83,2485.89,2485.07,2485.08,133.8752
1787811900000,2485.07,2486.01,2485.07,2485.71,52.8712
1787811960000,2485.71,2485.83,2485.49,2485.83,17.2064
1787812020000,2485.82,2485.83,2485.81,2485.82,33.1742
1787812080000,2485.81,2485.82,2484.34,2484.69,96.7032
1787812140000,2484.69,2485.62,2484.36,2485.61,60.6332
1787812200000,2485.62,2488.07,2485.61,2487.84,125.3301
1787812260000,2487.83,2488.64,2486.55,2486.56,64.8182
1787812320000,2486.55,2486.84,2486.01,2486.13,19.8734
1787812380000,2486.12,2486.87,2485.8,2486.14,26.6303
1787812440000,2486.14,2487.38,2486.14,2487.37,42.2058
1787812500000,2487.37,2488.62,2487.37,2488.61,38.0581
1787812560000,2488.61,2488.61,2487.8,2487.8,62.4586
1787812620000,2487.81,2488.4,2487.81,2488.31,60.5452
1787812680000,2488.32,2488.5,2487.95,2488.43,38.6017
1787812740000,2488.42,2488.42,2487.08,2487.09,93.1708
1787812800000,2487.09,2488.71,2487.09,2487.69,40.6824
1787812860000,2487.7,2487.7,2487.06,2487.09,24.6747
1787812920000,2487.09,2487.99,2487.08,2487.98,35.4841
1787812980000,2487.99,2487.99,2487.47,2487.66,37.9005
1787813040000,2487.67,2488.39,2487.66,2488.39,33.6999
1787813100000,2488.39,2489.31,2488.39,2488.82,103.4077
1787813160000,2488.82,2489.83,2488.81,2489.83,29.5994
1787813220000,2489.83,2489.96,2489.47,2489.88,55.3583
1787813280000,2489.88,2489.9,2489.77,2489.77,66.3598
1787813340000,2489.77,2489.81,2489.22,2489.69,77.191
1787813400000,2489.7,2492.08,2489.7,2492.07,239.5958
1787813460000,2492.08,2492.32,2491.2,2491.69,88.158
1787813520000,2491.69,2491.69,2491.36,2491.36,29.1024
1787813580000,2491.37,2491.69,2490.93,2491.69,65.7834
1787813640000,2491.69,2492.31,2491.67,2491.71,31.0692
1787813700000,2491.7,2492.77,2491.52,2492.77,26.736
1787813760000,2492.76,2493.34,2492.45,2492.45,39.3215
1787813820000,2492.46,2492.46,2492.11,2492.4,15.0372
1787813880000,2492.4,2492.92,2492.39,2492.92,21.2629
1787813940000,2492.91,2493.22,2492.47,2493.11,25.9568
1787814000000,2493.11,2493.11,2491.26,2491.32,41.7956
1787814060000,2491.32,2493,2491.32,2492.94,29.0186
1787814120000,2492.94,2492.94,2491.52,2491.82,43.1664
1787814180000,2491.83,2492.48,2490.9,2491.97,64.7407
1787814240000,2491.98,2492.08,2491.52,2492.08,81.011
1787814300000,2492.08,2492.23,2491.93,2492.22,31.3191
1787814360000,2492.22,2492.23,2491.36,2491.36,38.8922
1787814420000,2491.36,2491.36,2490.79,2490.79,67.9708
1787814480000,2490.79,2491.48,2490.79,2491.47,89.4312
1787814540000,2491.47,2491.48,2490.84,2491.32,45.1853
1787814600000,2491.31,2491.45,2491.06,2491.45,26.9394
1787814660000,2491.45,2492.9,2491.07,2492.5,34.2071
1787814720000,2492.5,2492.5,2492.07,2492.13,26.3308
1787814780000,2492.14,2492.68,2492.13,2492.67,24.5011
1787814840000,2492.68,2495.34,2492.67,2494.24,228.313
1787814900000,2494.24,2494.24,2493.2,2493.2,44.9839
1787814960000,2493.2,2494.14,2493.19,2494.14,31.9197
1787815020000,2494.14,2494.14,2493.36,2493.36,34.1495
1787815080000,2493.36,2493.97,2493.19,2493.96,24.9159
1787815140000,2493.97,2494.34,2493.56,2493.65,36.0036
1787815200000,2493.65,2494.08,2493.45,2493.46,28.0343
1787815260000,2493.45,2493.46,2492.66,2492.67,24.5509
1787815320000,2492.66,2493.93,2492.66,2493.92,13.7489
1787815380000,2493.93,2493.93,2493.2,2493.2,42.6903
1787815440000,2493.2,2493.21,2490.59,2490.6,203.1858
1787815500000,2490.59,2490.59,2488.86,2489.42,155.037
1787815560000,2489.41,2490.21,2489.41,2490.2,64.269
1787815620000,2490.21,2490.59,2490.2,2490.58,14.7021
1787815680000,2490.59,2491.08,2490.27,2491.07,74.4694
1787815740000,2491.07,2491.07,2490.44,2490.79,39.3219
1787815800000,2490.79,2491.34,2490.64,2491.33,32.141
1787815860000,2491.33,2493.47,2491.33,2493.47,73.1213
1787815920000,2493.46,2494.42,2493.11,2493.13,96.5893
1787815980000,2493.12,2493.49,2491.62,2493.4,204.1724
1787816040000,2493.39,2493.58,2492.71,2492.81,49.8375
1787816100000,2492.81,2493.17,2491.08,2491.31,960.0942
1787816160000,2491.31,2492.5,2491.14,2491.16,226.5907
1787816220000,2491.15,2491.53,2491.15,2491.37,41.5178
1787816280000,2491.37,2491.49,2490.41,2490.83,401.8592
1787816340000,2490.82,2493.09,2490.82,2493.09,178.7357
1787816400000,2493.08,2493.09,2490.7,2490.77,136.4715
1787816460000,2490.76,2492.22,2490.76,2492.21,137.8596
1787816520000,2492.21,2492.5,2491.55,2492.5,116.5996
1787816580000,2492.49,2492.65,2492.49,2492.55,42.4891
1787816640000,2492.55,2492.56,2491.65,2491.65,76.4527
1787816700000,2491.64,2492.55,2491.64,2491.95,50.7479
1787816760000,2491.95,2491.96,2491.29,2491.92,82.7697
1787816820000,2491.91,2492.7,2491.91,2492.7,130.1246
1787816880000,2492.7,2492.83,2492.01,2492.4,114.5952
1787816940000,2492.39,2492.88,2492.23,2492.87,60.9267
1787817000000,2492.87,2493.46,2492.48,2493.46,75.7765
1787817060000,2493.46,2494.42,2493.45,2494.35,87.4444
1787817120000,2494.35,2495.76,2494.35,2495.76,120.9092
1787817180000,2495.75,2496,2494.51,2494.51,153.6164
1787817240000,2494.51,2496.39,2494.35,2496.38,208.7689
1787817300000,2496.38,2498.9,2496.38,2498.12,251.3
1787817360000,2498.12,2499,2497.8,2499,66.2585
1787817420000,2498.99,2499,2497.06,2498.1,89.2051
1787817480000,2498.1,2498.27,2496.75,2497.87,158.3271
1787817540000,2497.87,2498.07,2497.16,2497.16,138.1562
1787817600000,2497.17,2499.12,2497.17,2497.9,301.9462
1787817660000,2497.9,2498.4,2497.05,2498.39,123.531
1787817720000,2498.4,2503.21,2498.39,2503.2,1837.4862
1787817780000,2503.2,2509.2,2502.75,2508.92,785.8453
1787817840000,2508.92,2518.99,2507.37,2513.04,2159.0718
1787817900000,2513.04,2513.82,2506.05,2507.57,735.4489
1787817960000,2507.57,2509.45,2506.61,2507.21,294.5262
1787818020000,2507.21,2512.8,2507.21,2512.25,438.7434
1787818080000,2512.25,2516.69,2511.52,2516.3,525.751
1787818140000,2516.29,2527.2,2515.71,2525.83,3560.0752
1787818200000,2525.82,2529,2522.7,2525.71,2025.6369
1787818260000,2525.7,2527.65,2521.99,2524.12,851.2494
1787818320000,2524.12,2524.54,2520.96,2521.76,357.8689
1787818380000,2521.77,2523.02,2518.78,2519.56,601.6413
1787818440000,2519.57,2520,2517.22,2520,647.9439
1787818500000,2520,2520.63,2514.98,2515.41,564.6001
1787818560000,2515.41,2518.86,2514.59,2517.28,358.6523
1787818620000,2517.28,2518.04,2515.85,2516.19,354.6952
1787818680000,2516.18,2516.21,2514.97,2516.04,179.5493
1787818740000,2516.04,2517.86,2516.04,2517.44,526.8306
1787818800000,2517.43,2517.78,2514.61,2515.19,411.3002
1787818860000,2515.19,2516.79,2515.19,2516.53,83.9901
1787818920000,2516.52,2518.76,2512.44,2516.03,1121.3806
1787818980000,2516.03,2517.55,2515.16,2516.5,286.947
1787819040000,2516.51,2518.23,2516.51,2517.83,177.2977
1787819100000,2517.82,2519.9,2517.82,2519.85,236.8436
1787819160000,2519.85,2523.65,2519.47,2521.28,928.6632
1787819220000,2521.29,2522.07,2520.36,2521.96,243.7267
1787819280000,2521.95,2526.2,2521.95,2524.69,1083.8007
1787819340000,2524.69,2535,2524.68,2533.88,2810.9823
1787819400000,2533.88,2546.84,2533.69,2539.19,3780.4259
1787819460000,2539.19,2544.63,2539.18,2542.11,1244.3052
1787819520000,2542.1,2542.49,2537.58,2538.1,654.8089
1787819580000,2538.1,2540.66,2536.85,2539.92,454.7926
1787819640000,2539.93,2540,2535.62,2536.75,420.1047
1787819700000,2536.76,2536.9,2530.42,2533.69,856.8401
1787819760000,2533.69,2533.69,2527.82,2528.28,404.1461
1787819820000,2528.28,2531.96,2527.08,2530.89,478.8047
1787819880000,2530.89,2531.42,2529.12,2529.73,225.2458
1787819940000,2529.73,2530.82,2528.85,2530.74,168.4879
1787820000000,2530.77,2531.42,2529.02,2529.95,272.2351
1787820060000,2529.95,2536.48,2529.48,2533.34,635.0179
1787820120000,2533.34,2536.68,2530.69,2536.67,509.0509
1787820180000,2536.67,2538.98,2534.84,2535,488.5803
1787820240000,2534.99,2536.43,2534.88,2536.42,290.5215
1787820300000,2536.42,2540.58,2536.42,2539.94,533.7855
1787820360000,2539.95,2540.03,2533.39,2534.07,610.5516
1787820420000,2534.08,2536.94,2533.44,2535.65,491.8272
1787820480000,2535.64,2538.62,2534.42,2536.54,404.19
1787820540000,2536.54,2537.19,2535.26,2535.26,291.94
1787820600000,2535.26,2536.53,2534.49,2534.69,225.5567
1787820660000,2534.68,2538.92,2534.48,2538.09,475.651
1787820720000,2538.09,2538.09,2532.75,2533.08,279.1665
1787820780000,2533.09,2534.84,2533.09,2534.37,130.971
1787820840000,2534.37,2535.58,2533.01,2533.21,235.8787
1787820900000,2533.2,2533.2,2528.79,2530.27,284.9126
1787820960000,2530.27,2532.15,2530.27,2532.12,299.2909
1787821020000,2532.12,2532.95,2531.45,2532.22,181.5307
1787821080000,2532.23,2532.31,2530.94,2531.55,93.7529
1787821140000,2531.55,2531.74,2530.55,2531.05,272.2598
1787821200000,2531.05,2532.33,2529.1,2530.2,354.0316
1787821260000,2530.13,2530.33,2528.79,2529.25,403.1567
1787821320000,2529.24,2530.16,2525.45,2527.07,285.4719
1787821380000,2527.08,2529.7,2527.08,2529.21,596.6827
1787821440000,2529.21,2532.08,2528.26,2528.29,1299.5944
1787821500000,2528.33,2530.75,2526.81,2530.29,811.006
1787821560000,2530.29,2530.29,2526.85,2529.31,267.4641
1787821620000,2529.31,2531.6,2529.31,2531.33,192.1289
1787821680000,2531.34,2533.36,2531.34,2533.25,334.035
1787821740000,2533.26,2533.52,2531.44,2532.33,241.5616
1787821800000,2532.34,2535.58,2532.33,2535.58,226.1775
1787821860000,2535.58,2536.91,2535.4,2535.65,262.6486
1787821920000,2535.65,2536.14,2534.69,2534.7,167.4322
1787821980000,2534.7,2535.72,2534.69,2535.02,166.6308
1787822040000,2535.01,2535.62,2533.6,2535.61,282.6386
1787822100000,2535.62,2536,2532.31,2533.29,620.5759
1787822160000,2533.29,2535.73,2533.28,2535.73,95.6497
1787822220000,2535.72,2535.9,2534.16,2535.61,152.3664
1787822280000,2535.61,2535.61,2531.16,2532.95,419.5342
1787822340000,2532.94,2537.67,2532.94,2537.66,343.1888
1787822400000,2537.67,2542.23,2536.77,2541.99,775.9394
1787822460000,2541.98,2541.99,2537.99,2540.57,203.1862
1787822520000,2540.56,2540.73,2538.62,2539.77,492.9928
1787822580000,2539.76,2539.76,2536.5,2538.21,195.1081
1787822640000,2538.21,2541.38,2538.21,2540.19,1087.344
1787822700000,2540.19,2559.45,2540.19,2550.56,5187.4677
1787822760000,2550.55,2560,2550.55,2558.59,2364.0637
1787822820000,2558.59,2566.53,2555.42,2556.24,3759.6157
1787822880000,2556.24,2556.43,2549.1,2552.95,1980.1499
1787822940000,2552.95,2554.46,2552.42,2554.44,389.9945
1787823000000,2554.44,2556.21,2549.68,2552.49,499.615
1787823060000,2552.44,2556.58,2552.31,2554.25,546.3633
1787823120000,2554.25,2554.6,2549.39,2550.45,332.2208
1787823180000,2550.5,2551.17,2548.58,2550.66,378.6615
1787823240000,2550.65,2550.73,2546.26,2546.81,549.5369
1787823300000,2546.82,2547.92,2545.67,2546.37,266.5282
1787823360000,2546.37,2548.56,2546,2546.93,604.3695
1787823420000,2546.93,2546.99,2543.66,2544.6,249.4254
1787823480000,2544.6,2547.19,2544.13,2544.67,145.5954
1787823540000,2544.67,2546.88,2544.66,2546.6,224.7504
1787823600000,2546.61,2548.91,2545.6,2548.25,244.0039
1787823660000,2548.24,2548.25,2544.95,2544.96,131.8792
1787823720000,2544.96,2544.96,2538.82,2539.91,663.5119
1787823780000,2539.91,2543.71,2539.91,2543.06,201.0609
1787823840000,2543.06,2543.37,2541.45,2541.54,261.8411
1787823900000,2541.54,2542.37,2541.48,2542.29,69.9367
1787823960000,2542.28,2543.96,2542.28,2543.96,51.9854
1787824020000,2543.96,2545.54,2543.95,2545.09,121.1314
1787824080000,2545.08,2545.09,2543.7,2543.7,162.675
1787824140000,2543.7,2543.71,2540.92,2541.11,88.2546
1787824200000,2541.11,2541.69,2536.8,2537.6,236.2917
1787824260000,2537.61,2539.42,2536.43,2536.44,150.3757
1787824320000,2536.43,2538.7,2536.43,2538.29,133.7821
1787824380000,2538.3,2539.3,2537.94,2538.74,117.3813
1787824440000,2538.74,2538.93,2537,2537.78,216.9597
1787824500000,2537.78,2537.78,2536.54,2536.55,58.6451
1787824560000,2536.54,2536.55,2533.53,2533.66,234.259
1787824620000,2533.65,2535.75,2533.43,2533.44,183.5742
1787824680000,2533.45,2534.41,2532.53,2534.2,216.7825
1787824740000,2534.21,2535.47,2534.01,2534.94,138.2048
1787824800000,2534.94,2535.4,2532.18,2533.55,191.626
1787824860000,2533.56,2535.16,2533.27,2535.16,196.4562
1787824920000,2535.15,2535.23,2531.72,2532.89,508.2758
1787824980000,2532.9,2532.9,2530.72,2531.8,467.5761
1787825040000,2531.8,2536.09,2529.45,2535.27,2264.8281
1787825100000,2535.28,2535.61,2534.59,2535.34,348.3902
1787825160000,2535.33,2538.57,2534.9,2538.56,270.5188
1787825220000,2538.56,2539.76,2537.94,2539.12,302.5252
1787825280000,2539.12,2539.68,2538.16,2539.31,177.1684
1787825340000,2539.3,2539.98,2539.3,2539.69,86.156
1787825400000,2539.68,2539.69,2537.62,2538.38,174.1965
1787825460000,2538.38,2538.84,2536.24,2536.24,76.2718
1787825520000,2536.24,2536.24,2534.41,2534.5,189.2121
1787825580000,2534.5,2534.5,2531.96,2532.33,130.0322
1787825640000,2532.33,2532.33,2525.57,2529.95,712.1271
1787825700000,2529.96,2532.03,2527.04,2527.67,290.672
1787825760000,2527.67,2529.73,2527.67,2528.96,202.2589
1787825820000,2528.97,2530.33,2527.58,2530.32,89.9318
1787825880000,2530.32,2531.11,2529.52,2530.13,265.4149
1787825940000,2530.14,2530.48,2528.64,2528.64,189.4771
1787826000000,2528.64,2529.86,2528.64,2529.77,92.9851
1787826060000,2529.78,2530.58,2529.23,2530.2,173.2352
1787826120000,2530.2,2530.65,2528.73,2528.74,108.0056
1787826180000,2528.73,2528.82,2526.16,2526.16,260.1707
1787826240000,2526.16,2526.23,2522,2522.88,600.1021
1787826300000,2522.88,2523.17,2512.93,2515.4,2072.1848
1787826360000,2515.39,2516.8,2486.97,2499.68,7015.7764
1787826420000,2499.69,2509.81,2498.84,2507.3,2416.7067
1787826480000,2507.3,2511,2507.3,2508.36,809.0679
1787826540000,2508.36,2511.76,2508.36,2510.91,563.6765
1787826600000,2510.91,2510.91,2504.79,2509.99,457.0436
1787826660000,2509.98,2512.22,2509.95,2510.55,364.9084
1787826720000,2510.55,2512.48,2510.5,2512.41,229.8317
1787826780000,2512.41,2513,2511.23,2511.81,154.4741
1787826840000,2511.81,2511.81,2507.34,2507.84,376.9536
1787826900000,2507.85,2509.32,2505.92,2505.93,265.5448
1787826960000,2505.93,2506.57,2500.03,2500.62,594.6663
1787827020000,2500.63,2503.04,2496.98,2499.81,881.2563
1787827080000,2499.81,2502.55,2498.97,2501.67,1086.6854
1787827140000,2501.67,2501.7,2499.01,2499.57,188.4341
1787827200000,2499.56,2503.96,2499.56,2503.89,382.8991
1787827260000,2503.89,2505.65,2503.78,2505.4,312.334
1787827320000,2505.4,2505.4,2503.95,2505.08,98.5394
1787827380000,2505.08,2507.86,2505.08,2507.5,220.765
1787827440000,2507.49,2507.67,2505.61,2505.86,99.3833
1787827500000,2505.85,2506.42,2505.5,2505.5,77.2325
1787827560000,2505.51,2506.37,2505.2,2506.37,217.3307
1787827620000,2506.37,2506.58,2501.09,2502.15,244.46
1787827680000,2502.14,2503.46,2502.07,2502.48,65.0798
1787827740000,2502.49,2504.06,2501.96,2501.97,181.033
1787827800000,2501.96,2503.53,2501.11,2503.32,109.098
1787827860000,2503.33,2504.03,2502,2502.74,118.2152
1787827920000,2502.73,2505.27,2502.73,2504.69,132.1137
1787827980000,2504.68,2505.22,2504.21,2505.12,158.244
1787828040000,2505.11,2505.38,2504.68,2505.37,50.6508
1787828100000,2505.37,2505.99,2504.4,2505.25,237.238
1787828160000,2505.24,2505.24,2504.34,2504.34,648.2298
1787828220000,2504.34,2505.62,2503.83,2504.28,140.0509
1787828280000,2504.27,2504.55,2503.56,2503.56,83.3527
1787828340000,2503.56,2503.6,2502.13,2503.6,308.539
1787828400000,2503.6,2504.58,2502,2504.05,284.4047
1787828460000,2504.06,2507.25,2501.81,2506.66,457.343
1787828520000,2506.66,2508.12,2505.68,2506.07,233.5381
1787828580000,2506.07,2508.12,2506.07,2507.52,96.9264
1787828640000,2507.52,2509.1,2506.93,2507.21,208.3136
1787828700000,2507.21,2507.42,2505,2507.41,100.9233
1787828760000,2507.4,2507.89,2505.14,2506.26,187.6509
1787828820000,2506.26,2508.46,2506.25,2508.22,59.267
1787828880000,2508.21,2508.21,2506.69,2506.7,109.8135
1787828940000,2506.7,2507.8,2505.63,2506.13,133.3809
1787829000000,2506.13,2506.88,2505.77,2506.53,41.0745
1787829060000,2506.53,2506.54,2505.7,2505.95,65.2299
1787829120000,2505.95,2506.87,2505.92,2506.13,74.6262
1787829180000,2506.13,2507,2506.11,2507,58.7467
1787829240000,2507,2508.1,2506.67,2508.1,426.8826
1787829300000,2508.1,2508.11,2507.87,2507.88,442.402
1787829360000,2507.88,2509.4,2507.88,2509.06,98.772
1787829420000,2509.06,2509.06,2505.41,2506.11,98.2896
1787829480000,2506.1,2506.32,2504.36,2505.18,107.7276
1787829540000,2505.17,2507.56,2505.06,2507.17,93.5426
1787829600000,2507.18,2508.03,2506.15,2508.03,95.8293
1787829660000,2508.03,2508.91,2505.58,2506.42,88.4735
1787829720000,2506.42,2507.43,2506.42,2507.39,54.4682
1787829780000,2507.39,2507.86,2507.34,2507.34,38.4388
1787829840000,2507.35,2508.36,2507.35,2508.3,65.4369
1787829900000,2508.3,2510.18,2508.3,2510.01,419.358
1787829960000,2510.01,2510.01,2504.6,2504.6,310.8842
1787830020000,2504.6,2505.42,2501,2501.01,1333.2091
1787830080000,2501,2502.86,2499.07,2502.4,478.4071
1787830140000,2502.45,2502.45,2500.95,2501.24,137.3864
1787830200000,2501.23,2501.55,2498.39,2498.54,197.4185
1787830260000,2498.55,2501.67,2498.55,2500.41,174.6626
1787830320000,2500.4,2501.27,2498.39,2501.27,97.3332
1787830380000,2501.27,2505.23,2501.26,2505.22,139.0441
1787830440000,2505.22,2505.36,2504.65,2505.24,45.0898
1787830500000,2505.24,2505.33,2502.79,2504.22,84.5982
1787830560000,2504.22,2504.78,2501.99,2501.99,61.708
1787830620000,2501.99,2502.21,2500.11,2501.48,99.9157
1787830680000,2501.48,2502.12,2499.58,2499.96,96.9749
1787830740000,2499.95,2501.37,2499.58,2499.59,149.102
1787830800000,2499.59,2501.36,2499.59,2500.12,132.8037
1787830860000,2500.13,2502.25,2500.12,2502.24,101.3042
1787830920000,2502.24,2502.5,2501.27,2502.5,83.8042
1787830980000,2502.49,2503.93,2502.49,2503.78,331.0294
1787831040000,2503.78,2503.78,2503.36,2503.38,55.5369
1787831100000,2503.37,2503.37,2501.99,2502.74,196.0438
1787831160000,2502.74,2502.8,2500.29,2501.52,179.5586
1787831220000,2501.52,2502.75,2501.16,2501.16,124.7664
1787831280000,2501.17,2501.59,2500.15,2500.17,140.3895
1787831340000,2500.17,2500.37,2498.96,2498.96,858.4686
1787831400000,2498.96,2499.39,2497.3,2497.48,215.4949
1787831460000,2497.48,2499.45,2492.56,2498.9,902.8293
1787831520000,2498.9,2501.06,2498.9,2500.53,93.9932
1787831580000,2500.53,2502,2500.52,2501.99,67.8309
1787831640000,2502,2502.42,2502,2502.42,46.463
1787831700000,2502.42,2502.5,2501.03,2501.78,80.6256
1787831760000,2501.78,2502.1,2501.26,2501.81,64.2549
1787831820000,2501.8,2501.81,2501.46,2501.46,60.6031
1787831880000,2501.47,2502.01,2501.46,2501.8,43.8653
1787831940000,2501.8,2501.8,2501.46,2501.73,18.7446
1787832000000,2501.74,2503.24,2501.73,2503.07,126.3102
1787832060000,2503.07,2503.49,2502.43,2503.49,151.2405
1787832120000,2503.48,2503.48,2501,2502.59,248.8738
1787832180000,2502.59,2502.87,2501.12,2501.87,165.8702
1787832240000,2501.86,2501.87,2501,2501.32,121.0699
1787832300000,2501.31,2503.14,2500.9,2502.19,211.6823
1787832360000,2502.18,2503.03,2501.27,2501.55,136.7663
1787832420000,2501.54,2501.96,2500.02,2500.55,180.8172
1787832480000,2500.55,2501.1,2500,2500,100.5464
1787832540000,2500,2502.07,2500,2501.35,113.8298
1787832600000,2501.35,2503.21,2501.35,2503.21,75.615
1787832660000,2503.21,2506.8,2503.21,2505.24,243.9063
1787832720000,2505.25,2506.13,2504.76,2504.99,146.2377
1787832780000,2504.98,2504.99,2503.14,2504.03,64.1432
1787832840000,2504.03,2505.92,2504.03,2505.36,136.1213
1787832900000,2505.36,2507.18,2505.36,2506,161.8059
1787832960000,2506,2506.1,2504.6,2504.6,153.7924
1787833020000,2504.61,2505.06,2503.15,2503.73,73.9846
1787833080000,2503.73,2504.1,2502.87,2502.87,112.0979
1787833140000,2502.88,2503.69,2502.74,2502.74,63.8552
1787833200000,2502.75,2504.41,2502.75,2504.29,39.7864
1787833260000,2504.3,2504.65,2502.99,2504.6,92.6542
1787833320000,2504.6,2505.07,2503.43,2505.07,198.3324
1787833380000,2505.07,2505.52,2503.94,2504.32,50.0513
1787833440000,2504.33,2504.99,2503.81,2504.99,54.5739
1787833500000,2504.98,2506.64,2504.9,2506.64,150.2247
1787833560000,2506.64,2507.55,2505.78,2507.29,184.0741
1787833620000,2507.29,2507.51,2506.11,2506.69,612.2151
1787833680000,2506.68,2507.04,2505,2505.5,118.1479
1787833740000,2505.5,2505.92,2505.45,2505.88,84.7826
1787833800000,2505.89,2506.16,2504.48,2505.04,492.9635
1787833860000,2505.04,2505.59,2503.82,2503.82,134.1944
1787833920000,2503.83,2503.89,2502.35,2502.35,38.7879
1787833980000,2502.35,2502.53,2501,2501,77.9978
1787834040000,2501.01,2501.18,2500.48,2500.48,162.8449
1787834100000,2500.48,2500.72,2498.1,2498.65,2521.8563
1787834160000,2498.66,2499.83,2496.27,2496.35,223.9313
1787834220000,2496.35,2498.59,2496.35,2498.12,134.6222
1787834280000,2498.12,2499.41,2497.02,2498.9,135.2965
1787834340000,2498.9,2501.1,2498.9,2500.28,56.8279
1787834400000,2500.29,2501.05,2499.33,2499.39,210.1563
1787834460000,2499.39,2500.06,2499.24,2499.5,44.0029
1787834520000,2499.49,2500.18,2497.97,2498.57,172.8317
1787834580000,2498.57,2498.58,2497.61,2498.08,143.1822
1787834640000,2498.08,2498.18,2496.29,2496.3,174.7253
1787834700000,2496.3,2497.21,2496.29,2497.13,287.1132
1787834760000,2497.14,2498.38,2497.14,2498.38,17.263
1787834820000,2498.38,2498.86,2498,2498.07,83.8444
1787834880000,2498.07,2498.76,2497.68,2498.43,211.2779
1787834940000,2498.44,2499.37,2498.42,2499.36,303.426
1787835000000,2499.37,2499.59,2498.74,2499.59,62.8864
1787835060000,2499.58,2500,2497.99,2498.01,77.5562
1787835120000,2498.01,2498.94,2497.41,2497.47,87.3004
1787835180000,2497.47,2497.93,2497.47,2497.79,78.6194
1787835240000,2497.8,2498.94,2497.8,2498.34,104.0053
1787835300000,2498.33,2499.2,2498.16,2498.16,34.9525
1787835360000,2498.16,2498.42,2498.16,2498.42,32.0174
1787835420000,2498.41,2498.72,2498.41,2498.42,28.0632
1787835480000,2498.42,2498.72,2497.56,2497.56,128.5959
1787835540000,2497.56,2497.57,2492.28,2494.9,703.7073
1787835600000,2494.9,2497.77,2494.9,2496.52,122.2401
1787835660000,2496.52,2498.13,2496.52,2497.56,67.7451
1787835720000,2497.55,2498.17,2497.06,2497.65,92.5421
1787835780000,2497.65,2498.45,2496.82,2496.82,82.2249
1787835840000,2496.82,2496.9,2495.82,2496,57.8095
1787835900000,2495.99,2496.46,2495.14,2496.46,52.819
1787835960000,2496.46,2497.43,2496.45,2497.15,44.6938
1787836020000,2497.14,2498.38,2497.13,2498.37,51.9914
1787836080000,2498.38,2500,2498.03,2499.21,78.6638
1787836140000,2499.21,2499.21,2496.36,2496.36,67.0158
1787836200000,2496.37,2498.57,2496.37,2497.86,48.678
1787836260000,2497.87,2498.4,2496.52,2497.87,71.2543
1787836320000,2497.88,2498.75,2497.88,2498.64,141.4598
1787836380000,2498.63,2498.64,2497.79,2498.64,72.9545
1787836440000,2498.63,2498.63,2497.71,2497.94,43.354
1787836500000,2497.94,2500,2497.94,2500,39.6355
1787836560000,2499.99,2502,2499.18,2500.39,363.9039
1787836620000,2500.38,2500.83,2498.35,2498.36,106.3223
1787836680000,2498.35,2498.91,2497.22,2497.22,66.2695
1787836740000,2497.22,2498.24,2496.87,2497.58,90.1608
1787836800000,2497.59,2499.23,2497.5,2499.23,34.9176
1787836860000,2499.22,2501.29,2499.03,2500.74,166.5511
1787836920000,2500.74,2502,2500.28,2501.99,136.9605
1787836980000,2501.99,2503.04,2500.94,2502.3,191.3947
1787837040000,2502.3,2502.31,2501.6,2502.19,124.5759
1787837100000,2502.19,2506.8,2501.4,2505.61,1061.4727
1787837160000,2505.6,2506.86,2505.6,2506.64,108.383
1787837220000,2506.63,2506.85,2505.24,2506.85,205.7679
1787837280000,2506.84,2506.84,2504.75,2504.79,143.3657
1787837340000,2504.78,2504.79,2502.44,2503.09,156.3444
1787837400000,2503.09,2503.15,2498.48,2502.37,454.4317
1787837460000,2502.4,2503.04,2494.18,2494.2,537.2075
1787837520000,2494.2,2497.17,2491.4,2491.79,395.7068
1787837580000,2491.79,2495.17,2490.62,2495.17,596.042
1787837640000,2495.18,2496.3,2490.13,2490.46,372.5932
1787837700000,2490.46,2492.47,2489.54,2492.11,501.5566
1787837760000,2492.11,2495,2491.66,2494.07,275.2262
1787837820000,2494.08,2495.02,2490.5,2492.33,260.3618
1787837880000,2492.32,2492.5,2486.81,2488.23,756.6124
1787837940000,2488.23,2491.83,2486.88,2491.83,476.073
1787838000000,2491.82,2492.84,2486.66,2489.91,442.288
1787838060000,2489.92,2492.31,2487,2487.79,350.1339
1787838120000,2487.79,2491.73,2484.61,2491.26,777.9843
1787838180000,2491.27,2492.3,2490.48,2490.87,195.3696
1787838240000,2490.88,2493.8,2489.21,2489.97,388.0726
1787838300000,2489.96,2494.53,2488.5,2493.57,204.8947
1787838360000,2493.57,2495.89,2493.2,2493.26,541.1707
1787838420000,2493.26,2494.94,2485.62,2486.8,644.1274
1787838480000,2486.79,2489.02,2482.54,2487.33,1056.3822
1787838540000,2487.35,2488.23,2483.84,2487.82,321.7892
1787838600000,2487.81,2491.14,2487.81,2491.14,232.6203
1787838660000,2491.15,2493.28,2489.38,2491.55,344.3972
1787838720000,2491.55,2495.46,2491.54,2495.14,149.3023
1787838780000,2495.14,2495.14,2493.06,2493.35,71.3036
1787838840000,2493.36,2494.3,2491.91,2493.49,100.1137
1787838900000,2493.49,2495.91,2493.49,2495.21,200.4088
1787838960000,2495.22,2497.91,2494,2494.01,547.1803
1787839020000,2494.01,2495.48,2491,2495.2,367.5812
1787839080000,2495.19,2496.8,2494.39,2496.8,342.7057
1787839140000,2496.81,2498.21,2495.36,2496.68,260.3527
1787839200000,2496.69,2497.76,2495.56,2495.7,222.5988
1787839260000,2495.7,2496.42,2494.21,2495.83,222.4709
1787839320000,2495.84,2500.66,2495.43,2498.4,329.5629
1787839380000,2498.4,2500.72,2497.75,2500.72,272.5816
1787839440000,2500.71,2504.05,2499.42,2502.45,578.2671
1787839500000,2502.45,2504.68,2501.96,2502.7,370.6132
1787839560000,2502.73,2503.13,2495.91,2495.92,468.9144
1787839620000,2495.92,2496.68,2494.09,2495.74,335.1051
1787839680000,2495.74,2495.8,2492.78,2494.08,529.5548
1787839740000,2494.08,2495.38,2493.39,2494.22,184.729
1787839800000,2494.21,2495.27,2491.81,2492.03,698.3944
1787839860000,2492.03,2493.47,2491.84,2491.88,374.8535
1787839920000,2491.88,2492.57,2489.04,2490.83,747.0838
1787839980000,2490.82,2492.38,2489.16,2492.22,340.5289
1787840040000,2492.22,2492.5,2490.29,2492.47,250.8201
1787840100000,2492.47,2493.44,2491.64,2493.29,151.6193
1787840160000,2493.29,2493.29,2490.58,2493.05,176.1794
1787840220000,2493.05,2496.53,2493.05,2496.16,110.8157
1787840280000,2496.15,2500.78,2495.75,2499.94,391.7491
1787840340000,2499.93,2502.92,2499.41,2502.02,269.0529
1787840400000,2502.01,2504.45,2501.73,2504.18,688.7182
1787840460000,2504.18,2508,2500.53,2502.81,590.6306
1787840520000,2502.82,2508.74,2502.08,2507.39,435.4562
1787840580000,2507.38,2508.54,2505.51,2507.46,287.5915
1787840640000,2507.45,2507.47,2505,2507.26,222.3797
1787840700000,2507.27,2507.37,2505.7,2507.24,648.0902
1787840760000,2507.22,2507.34,2505.87,2506.55,408.7758
1787840820000,2506.55,2506.98,2504.58,2505,181.2835
1787840880000,2505,2505.97,2504.99,2505.97,151.9462
1787840940000,2505.96,2508.63,2505.96,2508.4,114.9533
1787841000000,2508.4,2508.61,2504.45,2505.2,285.4418
1787841060000,2505.2,2508.16,2505.2,2507.38,673.6856
1787841120000,2507.39,2508.61,2504.7,2504.7,171.7985
1787841180000,2504.71,2509.04,2504.71,2509.04,282.1144
1787841240000,2509.04,2512.83,2509.01,2511.01,557.0601
1787841300000,2511.01,2514.73,2511.01,2513.21,354.1399
1787841360000,2513.22,2518,2512.32,2516.51,1845.2898
1787841420000,2516.51,2516.77,2513,2514.08,458.2632
1787841480000,2514.07,2518.22,2514.07,2517.48,320.9748
1787841540000,2517.48,2518.87,2516,2516.13,218.147
1787841600000,2516.13,2518.15,2515.55,2517.28,325.0068
1787841660000,2517.28,2519.36,2516.16,2518.57,826.6017
1787841720000,2518.57,2523.46,2517.79,2521.66,2823.3011
1787841780000,2521.66,2521.94,2517.92,2519.61,531.5415
1787841840000,2519.61,2521.81,2518.69,2520.8,336.5476
1787841900000,2520.79,2520.79,2517.47,2518.93,570.1943
1787841960000,2518.92,2519.17,2517.88,2518.34,409.3691
1787842020000,2518.33,2518.46,2512,2512.34,908.7375
1787842080000,2512.33,2514.25,2512.33,2514.25,306.7737
1787842140000,2514.24,2515.23,2513.03,2513.54,115.9228
1787842200000,2513.55,2514.81,2513.55,2514.06,144.2687
1787842260000,2514.06,2515.9,2513.6,2515.65,93.0086
1787842320000,2515.65,2517.14,2514.06,2514.06,98.4806
1787842380000,2514.06,2514.21,2511.35,2512.76,239.2447
1787842440000,2512.76,2513.56,2511.6,2512.25,212.8428
1787842500000,2512.25,2513.57,2511.58,2511.75,202.0328
1787842560000,2511.74,2514.82,2511.74,2514.71,192.5888
1787842620000,2514.71,2516.36,2514.23,2514.92,141.1394
1787842680000,2514.92,2517.46,2514.92,2517.46,76.5579
1787842740000,2517.46,2518.93,2516.58,2517.44,278.6909
1787842800000,2517.44,2518.68,2516.26,2518.5,243.8103
1787842860000,2518.5,2521.02,2518.14,2520.42,289.5967
1787842920000,2520.42,2520.74,2517.62,2517.62,188.4683
1787842980000,2517.62,2517.62,2514.27,2514.27,361.0128
1787843040000,2514.27,2518.85,2513.62,2518.85,179.8186
1787843100000,2518.86,2524.15,2517.79,2524.01,525.9804
1787843160000,2524.01,2524.91,2521.23,2521.23,356.2949
1787843220000,2521.23,2523.15,2517.97,2518.03,300.5216
1787843280000,2518.03,2521.38,2518.02,2519.97,207.7562
1787843340000,2519.98,2522.46,2519.66,2521.56,255.3339
1787843400000,2521.57,2522.92,2520.82,2521.2,217.8173
1787843460000,2521.19,2523.49,2521.18,2522.6,223.3839
1787843520000,2522.61,2527.14,2521.83,2525.78,435.6062
1787843580000,2525.78,2530.32,2525.11,2528.5,788.774
1787843640000,2528.5,2530.11,2525.64,2526.38,376.4935
1787843700000,2526.38,2526.75,2523.48,2523.84,220.7957
1787843760000,2523.84,2524.76,2519.78,2521.75,637.0845
1787843820000,2521.75,2527.18,2520.95,2527.18,209.4244
1787843880000,2527.19,2527.84,2523.95,2524,167.976
1787843940000,2524,2525.73,2523.86,2524.34,218.469
1787844000000,2524.34,2524.34,2520,2520.45,494.7403
1787844060000,2520.44,2521.8,2516.46,2518.65,552.4531
1787844120000,2518.65,2520.92,2518.52,2519.88,148.5751
1787844180000,2519.88,2520.43,2517.3,2519.77,265.1601
1787844240000,2519.77,2520.3,2518.53,2520.3,1572.5528
1787844300000,2520.29,2520.3,2518.46,2519.95,745.7565
1787844360000,2519.94,2521.29,2519.65,2521.29,1000.0299
1787844420000,2521.29,2524.78,2521.01,2522.67,223.7638
1787844480000,2522.66,2523.13,2521.55,2522.73,118.5701
1787844540000,2522.72,2523.99,2521.64,2523.1,104.4593
1787844600000,2523.1,2523.49,2519.48,2519.68,252.6776
1787844660000,2519.68,2520.63,2518.25,2519.73,264.2812
1787844720000,2519.74,2519.85,2518.43,2519.33,211.3849
1787844780000,2519.32,2520.27,2517.71,2519.35,175.3733
1787844840000,2519.35,2519.35,2515.23,2517.37,335.1389
1787844900000,2517.36,2519,2516.56,2518.27,111.8163
1787844960000,2518.27,2521.35,2516.59,2519.77,626.0342
1787845020000,2519.78,2525.54,2519.39,2524.84,607.3608
1787845080000,2524.82,2531.84,2524.22,2528.66,882.0278
1787845140000,2528.67,2530.76,2527.79,2527.8,207.3884
1787845200000,2527.79,2527.79,2522.53,2523.49,359.2351
1787845260000,2523.49,2526.93,2521.87,2526.76,291.3172
1787845320000,2526.75,2529.56,2526.14,2527.45,786.2366
1787845380000,2527.44,2529.48,2526.52,2527.58,353.0728
1787845440000,2527.58,2527.61,2524.82,2525.79,1124.2718
1787845500000,2525.79,2526.37,2522.15,2522.88,772.9283
1787845560000,2522.88,2523.23,2520.49,2521.55,370.7855
1787845620000,2521.55,2521.71,2519.82,2519.91,245.6197
1787845680000,2519.91,2522.67,2519.91,2521.45,189.5113
1787845740000,2521.45,2522.89,2521.45,2522.14,99.5133
1787845800000,2522.14,2524.36,2522.13,2523.59,153.3462
1787845860000,2523.58,2523.58,2520.71,2523.24,294.5261
1787845920000,2523.24,2523.24,2521.29,2522,168.3052
1787845980000,2522,2522,2521.12,2521.24,94.8653
1787846040000,2521.24,2522.61,2520.53,2522.56,87.1131
1787846100000,2522.56,2523.05,2520.32,2521.12,69.2495
1787846160000,2521.11,2522,2519.78,2521.38,309.9865
1787846220000,2521.39,2523.11,2521.21,2522.75,242.684
1787846280000,2522.75,2523.39,2522.32,2523.38,153.6524
1787846340000,2523.38,2523.56,2521.61,2521.68,150.8519
1787846400000,2521.68,2523.28,2521.67,2522.2,221.0039
1787846460000,2522.19,2524.77,2522.19,2524.77,158.7486
1787846520000,2524.77,2524.77,2522.41,2524.32,124.2699
1787846580000,2524.32,2526.36,2524.13,2526.26,236.9693
1787846640000,2526.26,2526.88,2523.42,2525.47,962.3203
1787846700000,2525.47,2526.24,2524.57,2525.76,561.5512
1787846760000,2525.75,2525.75,2521.19,2521.2,199.2006
1787846820000,2521.2,2521.65,2517.88,2518.11,478.7222
1787846880000,2518.11,2518.2,2516.32,2518.2,275.797
1787846940000,2518.19,2519.86,2517.49,2519.6,124.6929
1787847000000,2519.6,2523.1,2519.39,2523.1,655.3124
1787847060000,2523.1,2523.49,2522.16,2523.21,288.8229
1787847120000,2523.21,2525.52,2523.2,2525.17,429.1025
1787847180000,2525.18,2527,2525.13,2526.62,228.2624
1787847240000,2526.61,2526.61,2521.75,2523.95,231.508
1787847300000,2523.95,2525.86,2523.52,2525.86,97.2597
1787847360000,2525.86,2527.5,2525.41,2525.83,189.5972
1787847420000,2525.83,2527.04,2525.34,2526.64,124.7765
1787847480000,2526.64,2527.35,2525.57,2525.58,90.9259
1787847540000,2525.58,2526.96,2524.61,2526.21,150.5446
1787847600000,2526.21,2527.25,2525.37,2527.25,235.0934
1787847660000,2527.25,2528.15,2526.52,2527.94,112.5636
1787847720000,2527.94,2528.03,2526.04,2526.12,308.4836
1787847780000,2526.12,2527.55,2526.12,2526.6,179.995
1787847840000,2526.6,2526.76,2525,2526.54,194.2841
1787847900000,2526.54,2527.35,2525.07,2525.32,485.3304
1787847960000,2525.32,2525.88,2524.68,2525.88,163.2405
1787848020000,2525.87,2526.77,2525.73,2525.77,83.0072
1787848080000,2525.77,2525.77,2524.44,2524.72,156.1372
1787848140000,2524.72,2525.32,2522.02,2522.06,249.1104
1787848200000,2522.06,2522.18,2520.1,2520.76,276.3645
1787848260000,2520.75,2521.95,2520.75,2521.95,236.1267
1787848320000,2521.95,2523.48,2521.58,2521.65,115.7116
1787848380000,2521.65,2523,2521.65,2523,65.1873
1787848440000,2523.02,2523.1,2521.18,2521.19,90.4886
1787848500000,2521.19,2521.19,2518.82,2521.18,197.1363
1787848560000,2521.17,2522.13,2519.63,2522.13,141.2651
1787848620000,2522.12,2524,2522.04,2523.99,113.4463
1787848680000,2523.99,2524.16,2522.32,2523.11,141.8266
1787848740000,2523.12,2524.37,2522.93,2524.35,88.5261
1787848800000,2524.35,2527.39,2524.09,2527.39,189.7521
1787848860000,2527.39,2530.56,2527.39,2529.65,499.3111
1787848920000,2529.65,2529.65,2528.48,2529.04,123.7789
1787848980000,2529.04,2530.99,2527.52,2530.99,113.6445
1787849040000,2530.98,2533.24,2530.89,2531.14,637.914
1787849100000,2531.13,2531.16,2528.1,2529.64,190.4821
1787849160000,2529.65,2529.81,2528.01,2528.01,99.8786
1787849220000,2528.01,2528.01,2525.83,2525.83,118.9097
1787849280000,2525.82,2526.32,2525,2526.24,165.5942
1787849340000,2526.23,2527,2525,2526.35,115.5821
1787849400000,2526.35,2526.63,2525.48,2526.19,151.2569
1787849460000,2526.19,2526.46,2525.4,2526.04,60.248
1787849520000,2526.03,2526.19,2525.51,2526.03,55.2827
1787849580000,2526.03,2528.25,2526.03,2528.07,189.8381
1787849640000,2528.07,2528.07,2524.72,2525.57,303.7257
1787849700000,2525.57,2525.57,2523.67,2524.04,132.7793
1787849760000,2524.03,2524.36,2522.79,2523.53,213.6572
1787849820000,2523.54,2523.86,2522.8,2522.8,79.0657
1787849880000,2522.81,2523.4,2522.31,2522.34,258.1143
1787849940000,2522.35,2523.28,2522.18,2522.31,137.6827
1787850000000,2522.31,2522.34,2520.64,2520.65,163.3265
1787850060000,2520.65,2521.2,2517.72,2517.78,315.8108
1787850120000,2517.78,2518.71,2516.12,2517.72,462.0053
1787850180000,2517.72,2519.52,2516.41,2519.49,104.4687
1787850240000,2519.49,2520.19,2517.76,2520.19,188.593
1787850300000,2520.18,2520.29,2517.83,2519.02,179.7337
1787850360000,2519.02,2523.54,2519.02,2521.64,323.1816
1787850420000,2521.63,2521.64,2520.41,2520.8,66.2588
1787850480000,2520.8,2524.13,2520.48,2523.55,117.353
1787850540000,2523.56,2525.75,2523.56,2524.66,162.9175
1787850600000,2524.66,2527.5,2524.65,2526.99,334.728
1787850660000,2526.99,2528,2525.5,2526.13,107.8857
1787850720000,2526.13,2528.83,2525.6,2528.83,284.3615
1787850780000,2528.84,2531.35,2528.84,2529.79,526.742
1787850840000,2529.8,2531.54,2529.22,2529.27,340.1735
1787850900000,2529.27,2532,2529.27,2530.76,148.9182
1787850960000,2530.77,2531.17,2528.3,2531.12,135.6566
1787851020000,2531.12,2532.85,2530.42,2532.09,310.663
1787851080000,2532.09,2533.78,2530.29,2532.22,2540.3409
1787851140000,2532.22,2533.7,2531.27,2531.27,330.9775
1787851200000,2531.28,2531.28,2530.44,2530.47,313.9961
1787851260000,2530.47,2531.09,2527.6,2528.14,347.2926
1787851320000,2528.14,2529.23,2527.85,2527.93,158.9022
1787851380000,2527.92,2527.92,2526.58,2527.41,156.778
1787851440000,2527.41,2529.63,2527.41,2528.96,158.8435
1787851500000,2528.96,2529.08,2528.06,2528.85,125.0026
1787851560000,2528.85,2529.18,2528.2,2528.34,106.8072
1787851620000,2528.34,2528.34,2525.46,2525.58,213.7943
1787851680000,2525.59,2527.2,2525.31,2526.66,146.8827
1787851740000,2526.66,2526.66,2523.97,2523.98,440.9099
1787851800000,2523.98,2526.35,2523.97,2526.34,197.9372
1787851860000,2526.34,2526.35,2525.31,2525.78,386.0589
1787851920000,2525.77,2525.82,2524.27,2525.48,116.8912
1787851980000,2525.47,2526.35,2523.58,2523.58,263.3229
1787852040000,2523.58,2523.58,2522.69,2522.96,186.3584
1787852100000,2522.96,2524.14,2521.89,2523.92,219.1599
1787852160000,2523.92,2524.53,2522.99,2524.52,113.5575
1787852220000,2524.52,2524.64,2520.9,2520.94,267.8172
1787852280000,2520.94,2522.3,2520.84,2521.05,177.203
1787852340000,2521.04,2522.45,2521.03,2522.19,98.6383
1787852400000,2522.19,2522.76,2521.78,2521.94,171.5831
1787852460000,2521.94,2522.12,2520.74,2520.74,58.7831
1787852520000,2520.74,2520.74,2518.35,2518.53,283.7507
1787852580000,2518.53,2519.68,2518.53,2519.67,182.9614
1787852640000,2519.68,2519.85,2517.34,2518.31,224.3176
1787852700000,2518.3,2518.38,2516.62,2516.63,272.0953
1787852760000,2516.63,2519.54,2515.36,2519.07,379.3377
1787852820000,2519.07,2520,2518.1,2519.36,165.012
1787852880000,2519.36,2519.44,2518.52,2519.03,158.6473
1787852940000,2519.03,2520.39,2519.03,2520.39,158.0653
1787853000000,2520.38,2522.13,2519.71,2522.12,200.1372
1787853060000,2522.11,2522.11,2520.61,2520.68,213.4769
1787853120000,2520.67,2520.78,2519.83,2520.56,109.5149
1787853180000,2520.55,2520.56,2519.34,2519.35,187.2869
1787853240000,2519.35,2520.32,2519.03,2520.15,148.7203
1787853300000,2520.15,2521.56,2519.96,2520.81,95.2634
1787853360000,2520.81,2521.58,2520.28,2521.41,163.0698
1787853420000,2521.41,2521.41,2519.65,2519.65,124.8274
1787853480000,2519.65,2519.65,2518.74,2519.12,103.8891
1787853540000,2519.12,2519.36,2517.92,2518.07,175.3505
1787853600000,2518.07,2518.21,2516.24,2516.4,131.4559
1787853660000,2516.41,2517.86,2515.57,2516.21,194.6094
1787853720000,2516.2,2516.99,2513.37,2516.98,416.5319
1787853780000,2516.99,2517.83,2516.97,2516.97,108.4268
1787853840000,2516.96,2516.97,2515.17,2515.17,209.777
1787853900000,2515.17,2516.65,2514.94,2515.15,129.9157
1787853960000,2515.15,2515.75,2514.72,2515.74,114.5173
1787854020000,2515.74,2516.54,2515.11,2515.59,122.7566
1787854080000,2515.6,2516.64,2515.41,2515.41,135.7735
1787854140000,2515.41,2515.41,2513.87,2514.61,168.2192
1787854200000,2514.61,2514.79,2511.89,2512.69,294.2827
1787854260000,2512.69,2513,2512.48,2513,141.485
1787854320000,2512.99,2512.99,2506.91,2507.59,1031.71
1787854380000,2507.58,2507.75,2494.36,2495.9,2104.8639
1787854440000,2496.02,2500.41,2494.6,2500.12,482.1541
1787854500000,2500.12,2503.36,2499.92,2503.01,467.0696
1787854560000,2503.01,2503.09,2493,2495.36,942.0405
1787854620000,2495.36,2495.36,2490,2490.95,1233.5191
1787854680000,2490.95,2494.44,2490.72,2491.97,465.9859
1787854740000,2491.97,2494.33,2490.58,2490.91,806.2579
1787854800000,2490.92,2492.07,2490,2491.9,1988.9487
1787854860000,2491.9,2491.91,2488.74,2490.71,1840.2095
1787854920000,2490.72,2494.97,2490.72,2494.09,324.8253
1787854980000,2494.09,2497.16,2494.08,2494.4,270.9064
1787855040000,2494.4,2495.2,2494.08,2495.2,199.7757
1787855100000,2495.19,2497.16,2495.19,2495.96,226.3396
1787855160000,2495.96,2496.08,2493.71,2496.08,295.7034
1787855220000,2496.09,2497.03,2495.8,2496.41,175.1008
1787855280000,2496.4,2496.59,2494.95,2495.3,425.8805
1787855340000,2495.3,2495.47,2493,2493.45,234.0581
1787855400000,2493.45,2496.22,2492.38,2496.1,210.2905
1787855460000,2496.11,2496.31,2494.17,2495.08,318.2424
1787855520000,2495.08,2496.01,2495.08,2495.7,142.7538
1787855580000,2495.7,2495.71,2491.53,2491.54,409.0238
1787855640000,2491.53,2492.77,2491.39,2492.75,273.2509
1787855700000,2492.75,2495.06,2491.96,2495.06,200.986
1787855760000,2495.07,2496.29,2494.96,2495.79,314.8371
1787855820000,2495.78,2497.44,2495.78,2497.44,333.0629
1787855880000,2497.43,2497.81,2496.99,2497.67,179.5188
1787855940000,2497.67,2497.68,2495.64,2497.46,474.9908
1787856000000,2497.45,2497.52,2496.47,2497.51,147.2736
1787856060000,2497.52,2497.9,2496.96,2497.03,153.8745
1787856120000,2497.03,2497.51,2495.62,2495.62,174.814
1787856180000,2495.62,2495.62,2493.72,2495.12,357.3777
1787856240000,2495.12,2496.9,2495.12,2496.9,174.1508
1787856300000,2496.89,2498.05,2495.48,2497.01,712.3703
1787856360000,2497.01,2497.74,2497,2497.65,194.4131
1787856420000,2497.65,2498.19,2497.22,2498.14,231.4084
1787856480000,2498.15,2499.51,2498.15,2499.51,162.0435
1787856540000,2499.5,2499.51,2498,2498.01,177.5002
1787856600000,2498,2498.02,2495.81,2497.58,453.8904
1787856660000,2497.58,2498.93,2497.3,2498.25,207.9552
1787856720000,2498.25,2499.05,2497.9,2499.04,174.5679
1787856780000,2499.04,2501.79,2499.04,2501.44,1001.8775
1787856840000,2501.43,2501.43,2500.32,2500.79,139.7622
1787856900000,2500.79,2502.01,2500.31,2500.87,373.7684
1787856960000,2500.86,2502.5,2500.53,2502.49,129.3573
1787857020000,2502.5,2505,2502.49,2504.67,207.7497
1787857080000,2504.66,2505.74,2504.57,2505.73,146.4836
1787857140000,2505.73,2506.98,2505.66,2506.69,143.0528
1787857200000,2506.69,2507.59,2505.05,2507,315.034
1787857260000,2507,2507.79,2506.33,2506.34,239.4331
1787857320000,2506.34,2507.24,2505.7,2507.04,292.2946
1787857380000,2507.04,2507.43,2505.74,2507.42,112.2392
1787857440000,2507.43,2509.52,2507.43,2508.36,160.0162
1787857500000,2508.37,2508.8,2507.62,2508.79,307.9107
1787857560000,2508.8,2509.58,2508.79,2509.49,147.1165
1787857620000,2509.49,2510.71,2507.82,2508.3,351.5762
1787857680000,2508.29,2510.71,2508.29,2510.7,113.1426
1787857740000,2510.71,2512.6,2509.66,2509.66,393.7409
1787857800000,2509.66,2510.24,2509.38,2509.87,152.4374
1787857860000,2509.88,2510.75,2509.88,2510.33,131.4692
1787857920000,2510.33,2511.39,2509.85,2510.46,166.1714
1787857980000,2510.46,2511.1,2508.59,2508.95,291.5754
1787858040000,2508.96,2511.12,2508.96,2510.12,202.5475
1787858100000,2510.12,2510.13,2508.6,2508.77,239.2172
1787858160000,2508.77,2508.8,2507.58,2508.8,243.2804
1787858220000,2508.8,2509.67,2508.8,2509.59,125.6036
1787858280000,2509.59,2511.53,2509.04,2511.53,212.6161
1787858340000,2511.53,2512.12,2509.68,2509.77,205.4179
1787858400000,2509.77,2510.25,2509.33,2509.38,166.9296
1787858460000,2509.38,2510.9,2509.38,2510.89,188.3174
1787858520000,2510.9,2511.46,2510,2510,158.8325
1787858580000,2509.99,2510.06,2508.27,2509.08,264.7218
1787858640000,2509.08,2510.32,2509.07,2510.23,158.5105
1787858700000,2510.24,2510.93,2509.82,2510.27,206.5627
1787858760000,2510.27,2510.9,2510.26,2510.82,140.6172
1787858820000,2510.82,2510.95,2509.29,2509.29,326.5065
1787858880000,2509.29,2511.44,2509.29,2511.27,211.2999
1787858940000,2511.28,2511.78,2509.44,2511.78,414.8664
1787859000000,2511.78,2512.22,2511.32,2511.5,353.3502
1787859060000,2511.51,2512.22,2511.4,2511.68,273.8553
1787859120000,2511.69,2513.65,2510.82,2510.82,391.2009
1787859180000,2510.78,2513.04,2509.6,2511.86,323.8119
1787859240000,2511.86,2514.34,2511.75,2513,355.2283
1787859300000,2512.99,2513,2510.59,2510.59,259.8041
1787859360000,2510.59,2511.91,2509.61,2509.61,242.4594
1787859420000,2509.61,2509.79,2507.82,2509.73,193.9073
1787859480000,2509.73,2511.24,2508.81,2508.87,263.7459
1787859540000,2508.87,2510.1,2508.87,2509.04,238.5884
1787859600000,2509.05,2509.05,2508.48,2508.54,157.6669
1787859660000,2508.53,2508.97,2508.53,2508.97,102.799
1787859720000,2508.97,2509.79,2508.97,2509.46,162.3926
1787859780000,2509.46,2509.47,2508.83,2509.42,161.5035
1787859840000,2509.43,2510.65,2509.43,2510.41,142.5709
1787859900000,2510.4,2511.47,2510.4,2511.08,239.8436
1787859960000,2511.09,2511.76,2508.72,2509.29,293.7875
1787860020000,2509.3,2509.3,2507.01,2507.39,207.9754
1787860080000,2507.39,2508.99,2507.02,2507.02,200.2166
1787860140000,2507.02,2507.41,2504.48,2505.9,676.1884
1787860200000,2505.92,2506.38,2505,2505.58,246.2275
1787860260000,2505.58,2505.59,2503.41,2503.85,287.0536
1787860320000,2503.86,2505.73,2503.86,2505.69,188.85
1787860380000,2505.69,2506.62,2505.68,2505.68,164.409
1787860440000,2505.69,2507.94,2505.69,2507.94,262.4335
1787860500000,2507.94,2507.94,2506.27,2507,362.1491
1787860560000,2507,2507.13,2504.17,2504.17,324.7489
1787860620000,2504.17,2504.41,2503.5,2503.5,127.8047
1787860680000,2503.48,2503.48,2499.79,2499.79,932.6609
1787860740000,2499.78,2500.41,2497.51,2498.21,685.6064
1787860800000,2498.22,2501.17,2498.22,2500.14,253.5955
1787860860000,2500.14,2500.14,2498.14,2498.14,162.7385
1787860920000,2498.13,2498.13,2496.93,2497.49,117.1425
1787860980000,2497.48,2498.55,2496.94,2496.94,226.8169
1787861040000,2496.94,2496.95,2495.69,2495.69,138.1521
1787861100000,2495.69,2500.6,2495.06,2500.48,396.2747
1787861160000,2500.47,2500.68,2499.49,2500.27,109.9844
1787861220000,2500.28,2500.28,2497.17,2497.19,116.3242
1787861280000,2497.18,2497.64,2496.52,2497.21,117.8318
1787861340000,2497.21,2499.24,2497.08,2499.23,42.9109
1787861400000,2499.23,2499.23,2498.17,2498.23,67.4192
1787861460000,2498.24,2498.9,2498.24,2498.75,57.0123
1787861520000,2498.75,2498.75,2496.87,2498.43,107.2381
1787861580000,2498.43,2498.44,2497.5,2497.5,86.8926
1787861640000,2497.5,2497.51,2496.66,2496.66,34.4548
1787861700000,2496.66,2498.16,2496.19,2498.16,43.9249
1787861760000,2498.17,2499.62,2498.16,2499.62,78.8135
1787861820000,2499.61,2500.55,2499.6,2499.71,88.6453
1787861880000,2499.71,2499.76,2499.3,2499.5,45.8058
1787861940000,2499.5,2500.45,2498.64,2500.45,86.3391
1787862000000,2500.45,2501.84,2500.44,2501.83,92.4621
1787862060000,2501.83,2503.75,2501.83,2503.75,205.0717
1787862120000,2503.74,2504.68,2503.23,2503.23,115.7331
1787862180000,2503.24,2503.26,2502.29,2502.73,75.3895
1787862240000,2502.72,2503.11,2501.73,2503.1,121.0367
1787862300000,2503.1,2503.1,2501.72,2502.99,98.5038
1787862360000,2503,2504.42,2502.37,2502.77,109.893
1787862420000,2502.78,2505.48,2502.78,2505.01,137.4175
1787862480000,2505.01,2505.5,2503.91,2504.23,53.9526
1787862540000,2504.23,2504.24,2502.94,2502.95,65.4365
1787862600000,2502.95,2503.3,2502.73,2502.98,35.0806
1787862660000,2502.98,2503.31,2502.76,2502.93,61.27
1787862720000,2502.94,2504.58,2502.93,2504.54,74.3091
1787862780000,2504.55,2504.89,2502.77,2503.21,92.9825
1787862840000,2503.21,2504.49,2503.21,2504.02,35.3074
1787862900000,2504.02,2504.77,2503.73,2503.73,50.6167
1787862960000,2503.74,2504.14,2503.74,2504.14,29.444
1787863020000,2504.14,2504.73,2504.13,2504.72,65.2684
1787863080000,2504.72,2505.42,2504.72,2505.01,54.9848
1787863140000,2505.01,2505.49,2504.65,2505.49,24.4709
1787863200000,2505.49,2505.5,2505.49,2505.49,8.9529
1787863260000,2505.49,2505.49,2505.04,2505.05,27.8082
1787863320000,2505.05,2506.13,2504.58,2505.62,86.2633
1787863380000,2505.63,2506.56,2505.62,2506.08,86.303
1787863440000,2506.09,2506.44,2506.08,2506.32,20.6174
1787863500000,2506.33,2506.44,2505.52,2506.37,40.3053
1787863560000,2506.37,2507.1,2506.36,2507.02,66.432
1787863620000,2507.02,2507.91,2506.65,2506.77,200.8357
1787863680000,2506.77,2506.77,2505.74,2506.3,26.5511
1787863740000,2506.3,2506.3,2504.77,2505.88,56.5076
1787863800000,2505.87,2505.87,2505.49,2505.67,66.2022
1787863860000,2505.67,2506.31,2505.47,2505.47,29.6378
1787863920000,2505.47,2505.47,2502.75,2502.75,81.544
1787863980000,2502.75,2502.76,2502.09,2502.09,59.4263
1787864040000,2502.09,2503.46,2501.72,2503.17,142.3805
1787864100000,2503.18,2504.24,2503.17,2503.9,42.7934
1787864160000,2503.89,2504.01,2503.06,2504.01,56.3615
1787864220000,2504.02,2506.27,2504.02,2506.27,63.8681
1787864280000,2506.28,2507.59,2506.28,2507.59,114.88
1787864340000,2507.59,2507.83,2506.89,2507.83,118.3177
1787864400000,2507.84,2508.75,2505.26,2505.27,302.6761
1787864460000,2505.26,2505.27,2503.53,2504.74,162.6783
1787864520000,2504.74,2505.32,2504.53,2504.54,44.7215
1787864580000,2504.54,2505.82,2504.53,2505.65,48.6218
1787864640000,2505.66,2505.91,2505.49,2505.49,75.3188
1787864700000,2505.49,2505.49,2504.48,2504.48,83.3075
1787864760000,2504.47,2506.89,2504.47,2506.88,256.2766
1787864820000,2506.88,2508.09,2506.88,2507.96,50.0876
1787864880000,2507.96,2507.96,2506.36,2506.76,126.6956
1787864940000,2506.76,2506.77,2506.38,2506.42,48.2817
1787865000000,2506.41,2506.41,2506.12,2506.35,61.1841
1787865060000,2506.36,2508.38,2506.35,2508.38,128.4172
1787865120000,2508.39,2508.76,2507.89,2508.76,155.9635
1787865180000,2508.77,2508.79,2506.08,2506.21,396.9385
1787865240000,2506.2,2506.2,2505.75,2505.87,43.0991
1787865300000,2505.87,2505.87,2505.13,2505.81,44.1296
1787865360000,2505.81,2505.81,2504.51,2504.7,97.4146
1787865420000,2504.69,2504.69,2503.6,2504.28,64.4963
1787865480000,2504.27,2504.28,2502.85,2502.86,86.0919
1787865540000,2502.85,2503.1,2501.48,2501.49,171.2747
1787865600000,2501.49,2502.3,2501.44,2501.44,104.2472
1787865660000,2501.43,2503.98,2500.43,2503.98,359.9562
1787865720000,2503.99,2505.01,2503.99,2505.01,98.6472
1787865780000,2505,2505.28,2503.26,2503.27,58.0282
1787865840000,2503.27,2503.44,2502.67,2502.9,70.9278
1787865900000,2502.91,2502.98,2502.79,2502.8,26.726
1787865960000,2502.79,2503.22,2502.79,2503.21,20.8055
1787866020000,2503.21,2503.65,2502.68,2502.69,64.2684
1787866080000,2502.69,2502.92,2502.45,2502.46,75.1554
1787866140000,2502.45,2502.46,2501.69,2502.06,39.6049
1787866200000,2502.06,2503.38,2502.02,2503.1,49.722
1787866260000,2503.11,2503.13,2503.05,2503.05,24.7553
1787866320000,2503.06,2504.21,2503.05,2504.2,30.7225
1787866380000,2504.2,2504.87,2504.08,2504.85,33.4492
1787866440000,2504.86,2504.86,2503.01,2503.04,63.8414
1787866500000,2503.03,2503.03,2501.71,2502.47,65.8354
1787866560000,2502.47,2502.48,2500,2500.98,121.3784
1787866620000,2500.99,2502.37,2500.98,2501.92,85.7722
1787866680000,2501.91,2502.24,2500.41,2500.42,66.6441
1787866740000,2500.41,2500.45,2499.73,2500.03,54.8239
1787866800000,2500.03,2501.21,2499.22,2500.3,161.6972
1787866860000,2500.31,2501.36,2499.41,2501.35,162.1437
1787866920000,2501.36,2501.36,2500.19,2500.19,33.9254
1787866980000,2500.2,2500.96,2499.85,2500.49,82.298
1787867040000,2500.5,2500.5,2499.41,2499.62,55.8437
1787867100000,2499.63,2500.16,2499.22,2500,95.4709
1787867160000,2500,2502.25,2499.99,2501.79,164.7092
1787867220000,2501.78,2502.6,2501.6,2502,151.0687
1787867280000,2501.99,2501.99,2501.32,2501.63,52.3033
1787867340000,2501.62,2502.22,2501.62,2501.93,94.3412
1787867400000,2501.93,2502.6,2501.09,2501.1,411.719
1787867460000,2501.1,2501.1,2500.94,2500.94,18.2915
1787867520000,2500.95,2500.96,2499.49,2499.67,50.3224
1787867580000,2499.67,2500.84,2499.66,2500.64,26.6293
1787867640000,2500.64,2502.31,2500.64,2502.31,40.5415
1787867700000,2502.31,2502.89,2502.3,2502.88,16.8294
1787867760000,2502.88,2503.56,2502.6,2503.43,94.4617
1787867820000,2503.43,2503.44,2503.06,2503.16,38.7811
1787867880000,2503.17,2504.22,2503.17,2503.94,50.1402
1787867940000,2503.95,2504.86,2503.41,2504.12,123.3681
1787868000000,2504.12,2507.33,2504.12,2507.09,245.3276
1787868060000,2507.09,2509.21,2507.09,2509.21,122.217
1787868120000,2509.2,2509.21,2507.89,2509.21,71.729
1787868180000,2509.21,2509.5,2509.03,2509.49,58.0851
1787868240000,2509.5,2510.78,2509.41,2510.64,180.3494
1787868300000,2510.65,2511.1,2509.24,2509.68,115.2595
1787868360000,2509.67,2510.81,2509.26,2510.01,133.7122
1787868420000,2510.01,2512.68,2510.01,2512,182.9665
1787868480000,2512,2512.12,2510,2510.1,65.9721
1787868540000,2510.11,2510.88,2509.18,2509.18,100.0063
1787868600000,2509.17,2509.65,2508.55,2509.02,237.4273
1787868660000,2509.02,2510.47,2508.77,2510.47,100.6187
1787868720000,2510.46,2510.52,2509.6,2510.15,69.6806
1787868780000,2510.16,2510.16,2509.2,2509.38,28.0777
1787868840000,2509.39,2509.95,2509.39,2509.9,51.6713
1787868900000,2509.91,2511.86,2509.9,2511.86,150.9756
1787868960000,2511.86,2515,2511.86,2513.27,1652.0354
1787869020000,2513.26,2515.72,2513.26,2515.06,738.9808
1787869080000,2515.07,2516.65,2514.39,2514.39,273.7125
1787869140000,2514.39,2514.97,2514.03,2514.03,72.864
1787869200000,2514.02,2516.98,2513.84,2515.01,143.9833
1787869260000,2515.01,2515.23,2514,2514,54.3631
1787869320000,2514,2514.36,2513.64,2513.64,139.8464
1787869380000,2513.64,2513.64,2512.83,2513.18,169.9962
1787869440000,2513.18,2513.53,2512.43,2512.44,150.0625
1787869500000,2512.43,2512.6,2512.27,2512.59,125.2585
1787869560000,2512.59,2512.59,2511.3,2511.48,196.799
1787869620000,2511.48,2511.57,2511.1,2511.21,93.3633
1787869680000,2511.22,2512.04,2510,2511.65,529.1979
1787869740000,2511.66,2512.99,2511.65,2512.96,55.0727
1787869800000,2512.96,2512.96,2510.63,2510.91,183.4017
1787869860000,2510.9,2511.44,2510.54,2510.86,69.2144
1787869920000,2510.87,2512.83,2510.86,2512.83,79.6304
1787869980000,2512.83,2513.85,2512.83,2513.85,94.4151
1787870040000,2513.84,2514.36,2513.68,2514.02,61.6969
1787870100000,2514.01,2514.01,2512.77,2513.11,71.7149
1787870160000,2513.11,2513.17,2511.75,2511.75,102.2251
1787870220000,2511.75,2512.05,2510.16,2511.42,96.476
1787870280000,2511.42,2512.87,2511.41,2512.68,156.4412
1787870340000,2512.67,2513.82,2512.67,2513.82,35.9413
1787870400000,2513.82,2513.82,2512.59,2512.61,42.4123
1787870460000,2512.61,2512.61,2511.45,2511.46,60.2376
1787870520000,2511.45,2512.84,2511.45,2512.82,35.907
1787870580000,2512.83,2513.85,2512.83,2513.56,75.4312
1787870640000,2513.57,2514.02,2513.04,2513.05,68.3891
1787870700000,2513.05,2513.05,2512.04,2512.19,63.9305
1787870760000,2512.19,2512.2,2511.23,2512.06,74.8139
1787870820000,2512.06,2513,2511.75,2512.99,29.2421
1787870880000,2512.99,2513.2,2512.58,2513.2,45.3063
1787870940000,2513.19,2513.2,2512.45,2512.58,38.14
1787871000000,2512.58,2514,2512.57,2512.77,105.3699
1787871060000,2512.78,2513.24,2512.55,2513.23,63.3849
1787871120000,2513.24,2514.33,2513.07,2514.33,95.2605
1787871180000,2514.34,2515,2514.34,2515,329.1435
1787871240000,2514.99,2514.99,2514.33,2514.34,112.0193
1787871300000,2514.33,2514.65,2514.22,2514.27,69.2434
1787871360000,2514.27,2514.62,2514.24,2514.62,59.2952
1787871420000,2514.62,2514.62,2514.61,2514.62,5.0499
1787871480000,2514.61,2515.11,2514.61,2515.11,1197.2612
1787871540000,2515.11,2515.18,2515.1,2515.15,92.4521
1787871600000,2515.16,2515.16,2513.86,2513.86,136.503
1787871660000,2513.87,2516.7,2513.86,2516.39,602.6943
1787871720000,2516.38,2516.81,2516.38,2516.8,58.1927
1787871780000,2516.81,2516.81,2515.01,2515.01,107.0153
1787871840000,2515.02,2515.02,2513.64,2513.84,160.6273
1787871900000,2513.85,2514.47,2513.85,2514.46,19.969
1787871960000,2514.46,2514.56,2514.09,2514.56,69.3323
1787872020000,2514.56,2515,2514.28,2515,84.0192
1787872080000,2514.99,2515.83,2514.99,2515.76,74.9209
1787872140000,2515.75,2515.77,2513.84,2513.84,215.8928
1787872200000,2513.84,2513.84,2512.62,2513.55,83.3759
1787872260000,2513.55,2514.22,2513.1,2513.17,171.2771
1787872320000,2513.17,2513.54,2511.95,2511.95,143.6149
1787872380000,2511.95,2512.01,2511.74,2511.74,42.8025
1787872440000,2511.74,2511.74,2510.67,2511.11,67.8065
1787872500000,2511.11,2511.76,2509.05,2511.75,202.4497
1787872560000,2511.75,2511.81,2511.15,2511.8,47.5077
1787872620000,2511.8,2514.07,2511.79,2514.07,30.2876
1787872680000,2514.06,2514.58,2513.89,2513.98,86.4564
1787872740000,2513.98,2513.98,2513.39,2513.97,26.4406
1787872800000,2513.98,2515.89,2513.98,2515.89,158.8599
1787872860000,2515.9,2515.93,2512.1,2512.84,177.9276
1787872920000,2512.85,2514.46,2512.85,2514.45,43.4116
1787872980000,2514.46,2514.69,2514.03,2514.58,39.8903
1787873040000,2514.58,2514.58,2513.69,2514.05,30.9534
1787873100000,2514.05,2514.27,2513.02,2513.02,71.1594
1787873160000,2513.01,2514,2512.66,2513.79,213.7308
1787873220000,2513.8,2514.17,2513.13,2513.13,80.5125
1787873280000,2513.13,2513.31,2512.89,2513.18,41.6661
1787873340000,2513.18,2514.63,2513.18,2514.17,69.9945
1787873400000,2514.16,2514.5,2513.19,2513.71,55.5043
1787873460000,2513.71,2514.08,2513.29,2513.36,71.4115
1787873520000,2513.37,2513.95,2513.37,2513.93,51.2741
1787873580000,2513.94,2514.07,2513.79,2514.07,28.2215
1787873640000,2514.07,2514.14,2512.9,2512.91,57.3281
1787873700000,2512.9,2512.91,2512.38,2512.39,11.0092
1787873760000,2512.39,2513.42,2512.38,2513.06,24.7083
1787873820000,2513.06,2513.06,2511.86,2511.93,20.8932
1787873880000,2511.93,2512.67,2511.93,2512.67,17.4151
1787873940000,2512.67,2513.05,2512.66,2513.05,12.9665
1787874000000,2513.04,2513.3,2513.04,2513.3,13.2868
1787874060000,2513.3,2513.41,2512.92,2512.93,24.9005
1787874120000,2512.93,2513.44,2512.92,2513.43,9.6011
1787874180000,2513.44,2513.44,2511.6,2511.6,111.7235
1787874240000,2511.6,2511.61,2510.69,2510.94,83.4097
1787874300000,2510.93,2511.61,2510.28,2511.6,32.8598
1787874360000,2511.6,2511.6,2509.99,2510.31,84.4486
1787874420000,2510.31,2510.56,2509.67,2509.67,96.2891
1787874480000,2509.67,2510.72,2509.67,2510.53,46.0968
1787874540000,2510.52,2510.87,2510.52,2510.86,15.2827
1787874600000,2510.86,2511.64,2510.86,2511.64,10.0737
1787874660000,2511.65,2512.64,2511.2,2511.2,82.5611
1787874720000,2511.2,2512.27,2510.52,2512.22,57.5411
1787874780000,2512.23,2512.23,2511.86,2512.06,24.9368
1787874840000,2512.05,2512.31,2511.75,2512.06,52.4694
1787874900000,2512.07,2512.07,2511.39,2511.4,18.9894
1787874960000,2511.4,2511.4,2510.26,2510.27,43.174
1787875020000,2510.27,2510.27,2509.66,2509.66,32.9862
1787875080000,2509.66,2510.96,2509.66,2510.96,125.7903
1787875140000,2510.96,2510.97,2510.91,2510.94,58.0545
1787875200000,2510.94,2511.4,2510.74,2510.74,63.3613
1787875260000,2510.74,2510.74,2508.88,2508.95,75.9175
1787875320000,2508.94,2509.16,2508.56,2508.56,74.1812
1787875380000,2508.56,2509.1,2508.54,2508.69,68.3347
1787875440000,2508.68,2508.68,2507.58,2507.59,47.2938
1787875500000,2507.59,2508.36,2506.97,2508.35,181.145
1787875560000,2508.35,2508.36,2507.58,2507.58,42.806
1787875620000,2507.58,2507.69,2506.02,2506.41,55.5179
1787875680000,2506.4,2507.03,2506.06,2506.97,62.5169
1787875740000,2506.97,2508,2506.97,2507.6,67.8969
1787875800000,2507.6,2508.29,2507.29,2508.29,33.4289
1787875860000,2508.29,2509.21,2508.29,2508.64,59.1927
1787875920000,2508.63,2508.64,2508.14,2508.64,8.5254
1787875980000,2508.63,2509,2508.11,2508.74,148.4493
1787876040000,2508.74,2508.99,2508.4,2508.4,28.9047
1787876100000,2508.4,2510.94,2508.39,2510.08,87.1316
1787876160000,2510.08,2511.39,2510.08,2511.11,28.7882
1787876220000,2511.1,2512.81,2510.91,2512.77,86.525
1787876280000,2512.77,2513.85,2511.15,2513.85,146.3373
1787876340000,2513.84,2514.02,2512.93,2512.94,21.3935
1787876400000,2512.93,2513.2,2511.75,2512.68,110.0986
1787876460000,2512.68,2513.32,2511.75,2512.14,64.0123
1787876520000,2512.14,2512.8,2512.14,2512.2,50.7882
1787876580000,2512.21,2513.16,2511.2,2511.27,171.0805
1787876640000,2511.28,2511.28,2509.66,2509.66,66.915
1787876700000,2509.66,2509.66,2508.2,2508.4,156.7164
1787876760000,2508.4,2511.76,2508.28,2511.76,163.7714
1787876820000,2511.76,2512.35,2511.36,2512.34,49.6463
1787876880000,2512.35,2512.35,2511.75,2511.77,51.6835
1787876940000,2511.77,2513.29,2511.52,2513.29,50.8883
1787877000000,2513.29,2513.29,2512.1,2512.45,56.6562
1787877060000,2512.45,2514.02,2511.75,2513.14,173.4904
1787877120000,2513.14,2515.8,2513.14,2515.58,198.349
1787877180000,2515.58,2515.93,2512.8,2512.8,363.9547
1787877240000,2512.8,2516.59,2509.99,2516.59,555.7127
1787877300000,2516.58,2518.47,2514.96,2515.34,305.6063
1787877360000,2515.34,2515.6,2513.84,2514.19,54.2263
1787877420000,2514.19,2515.93,2514.09,2515.51,69.4174
1787877480000,2515.52,2518.8,2515.52,2517.46,305.5888
1787877540000,2517.46,2518.7,2517.45,2518.7,110.6055
1787877600000,2518.69,2518.69,2516.21,2516.29,159.357
1787877660000,2516.28,2516.68,2515.52,2515.68,67.0317
1787877720000,2515.67,2517.21,2514.78,2517.1,157.424
1787877780000,2517.09,2517.1,2514.91,2515.07,189.7173
1787877840000,2515.06,2515.23,2514.94,2515.23,125.2256
1787877900000,2515.23,2515.23,2513.99,2513.99,31.7704
1787877960000,2514,2514.26,2513.61,2513.78,32.6703
1787878020000,2513.79,2515.11,2513.78,2514.18,49.0919
1787878080000,2514.18,2514.82,2513.52,2514.44,81.7795
1787878140000,2514.44,2515.67,2514.41,2514.42,45.8719
1787878200000,2514.42,2514.97,2514.41,2514.56,51.8151
1787878260000,2514.56,2514.92,2514.04,2514.04,32.2898
1787878320000,2514.04,2514.04,2512.65,2513.03,137.7853
1787878380000,2513.04,2514.53,2513.04,2514.53,51.4984
1787878440000,2514.53,2515.12,2513.57,2513.59,31.2783
1787878500000,2513.58,2515.02,2513.2,2515,71.1563
1787878560000,2515,2516.28,2514.52,2515.8,85.9107
1787878620000,2515.81,2519.91,2515.48,2519.09,236.5107
1787878680000,2519.07,2519.07,2517.68,2517.68,68.1702
1787878740000,2517.68,2517.68,2514.41,2515.61,96.0157
1787878800000,2515.61,2517.11,2515.6,2516.63,46.8214
1787878860000,2516.61,2518.85,2516.13,2518.85,110.207
1787878920000,2518.85,2521.67,2518.35,2520.45,367.6249
1787878980000,2520.46,2521.77,2519.99,2521.05,235.2497
1787879040000,2521.05,2521.49,2519.06,2520.97,83.9644
1787879100000,2520.98,2520.98,2520.1,2520.48,70.2166
1787879160000,2520.47,2520.48,2518.94,2518.94,95.6709
1787879220000,2518.95,2519.14,2518.06,2518.12,70.1318
1787879280000,2518.12,2518.44,2517.21,2518.44,80.6617
1787879340000,2518.44,2520.1,2518.2,2520.1,117.0987
1787879400000,2520.11,2523.98,2520.1,2523.17,636.7926
1787879460000,2523.17,2525.08,2521.77,2522.3,623.8815
1787879520000,2522.29,2523.94,2521.91,2522.19,97.0785
1787879580000,2522.19,2523.24,2522,2523.07,75.1077
1787879640000,2523.06,2523.06,2521.82,2521.82,34.5479
1787879700000,2521.82,2522.28,2520.1,2522.27,77.3882
1787879760000,2522.27,2523.26,2522,2522.81,61.5847
1787879820000,2522.8,2523.14,2522.18,2522.7,92.6629
1787879880000,2522.7,2529.53,2522.18,2527.8,720.747
1787879940000,2527.79,2529.38,2526.53,2526.56,275.4473
1787880000000,2526.56,2529.5,2526.56,2528.44,293.5685
1787880060000,2528.43,2529,2526.81,2526.98,225.8997
1787880120000,2526.98,2527.84,2525.84,2525.89,298.6902
1787880180000,2525.9,2526.99,2525.52,2526.71,149.9387
1787880240000,2526.7,2528.45,2526,2527.22,162.0418
1787880300000,2527.23,2527.81,2526.55,2526.63,86.8853
1787880360000,2526.62,2527.8,2525.63,2527.53,161.6902
1787880420000,2527.53,2528.01,2526.42,2528,81.124
1787880480000,2528.01,2528.7,2527.75,2528.24,92.1644
1787880540000,2528.25,2529.39,2527.7,2528.8,146.249
1787880600000,2528.79,2529.76,2526.76,2526.77,157.7819
1787880660000,2526.77,2528.53,2526.77,2527.61,115.5296
1787880720000,2527.61,2530.54,2527.61,2530.54,1127.2014
1787880780000,2530.53,2535.05,2530.19,2530.28,1421.5666
1787880840000,2530.27,2530.54,2525.76,2527.03,422.0437
1787880900000,2527.03,2527.96,2525.27,2527.61,330.275
1787880960000,2527.61,2527.99,2525.27,2526.22,539.3272
1787881020000,2526.21,2526.21,2521.26,2521.26,521.2768
1787881080000,2521.26,2522.41,2518.01,2519.65,409.9994
1787881140000,2519.71,2521.27,2518.81,2520.93,96.8786
1787881200000,2520.94,2521.81,2520.1,2520.31,71.0558
1787881260000,2520.31,2520.76,2519.28,2520.76,58.0194
1787881320000,2520.76,2522.19,2519.88,2519.89,84.5634
1787881380000,2519.88,2520.59,2519.8,2520.59,69.7842
1787881440000,2520.58,2520.59,2519.01,2519.01,127.0094
1787881500000,2519,2520,2518.44,2519.84,153.3783
1787881560000,2519.84,2519.85,2517.62,2519.57,171.2187
1787881620000,2519.56,2519.56,2516.62,2517.3,87.5368
1787881680000,2517.29,2518.35,2516.87,2517.02,106.7174
1787881740000,2517.03,2517.03,2514.91,2515.78,176.3568
1787881800000,2515.79,2517.5,2515.79,2516.57,92.9947
1787881860000,2516.57,2516.99,2511.1,2511.11,260.7231
1787881920000,2511.1,2514.5,2510.99,2514.49,241.8166
1787881980000,2514.49,2515.3,2514.28,2514.49,143.2149
1787882040000,2514.5,2516.04,2514.5,2515.96,254.8054
1787882100000,2515.97,2516.29,2515.92,2516.07,64.9989
1787882160000,2516.07,2516.07,2511.5,2511.51,231.3109
1787882220000,2511.5,2512.08,2508.92,2509.39,356.4207
1787882280000,2509.38,2510.6,2507.83,2509.66,707.1172
1787882340000,2509.67,2513.13,2509.67,2512.44,392.356
1787882400000,2512.44,2512.44,2509.77,2510.4,116.7283
1787882460000,2510.41,2511.43,2509.58,2510.57,343.9328
1787882520000,2510.57,2510.57,2507.91,2509.08,479.2916
1787882580000,2509.07,2509.5,2508.22,2508.86,242.9919
1787882640000,2508.87,2510.54,2508.42,2510.54,60.1663
1787882700000,2510.54,2510.8,2508.6,2508.61,198.0573
1787882760000,2508.6,2510.2,2508,2508.65,146.3925
1787882820000,2508.65,2508.65,2506.98,2507.57,395.3643
1787882880000,2507.57,2507.89,2507.04,2507.05,75.6823
1787882940000,2507.05,2509.86,2507.05,2509.86,68.9215
1787883000000,2509.86,2510.89,2509.49,2509.58,98.5487
1787883060000,2509.57,2509.67,2507.14,2507.15,74.2746
1787883120000,2507.15,2507.94,2506.52,2506.63,112.6172
1787883180000,2506.62,2506.86,2504.42,2505.48,325.0246
1787883240000,2505.49,2506.26,2502.77,2502.96,311.7145
1787883300000,2502.95,2504.93,2500.95,2500.98,269.9596
1787883360000,2500.98,2502.24,2499.47,2501.01,584.0911
1787883420000,2501.01,2501.72,2500.59,2501.51,124.6282
1787883480000,2501.51,2501.72,2499.3,2500.81,280.0968
1787883540000,2500.8,2500.8,2499.52,2500.58,121.7377
1787883600000,2500.58,2500.58,2498.61,2500.35,366.4615
1787883660000,2500.34,2500.81,2496.5,2497.02,270.0983
1787883720000,2497.02,2498.63,2496.63,2496.64,133.7661
1787883780000,2496.64,2496.64,2491,2494.55,1011.911
1787883840000,2494.55,2497.16,2494.55,2496.86,429.8898
1787883900000,2496.86,2498.88,2496.86,2498.88,157.482
1787883960000,2498.87,2498.88,2497.16,2497.48,396.5433
1787884020000,2497.48,2498.9,2496.65,2497.18,597.3974
1787884080000,2497.19,2497.19,2494.67,2494.68,227.69
1787884140000,2494.67,2495.89,2494.67,2494.72,198.3706
1787884200000,2494.72,2495.09,2491.8,2492.04,293.3574
1787884260000,2492.04,2496.36,2490.15,2495.51,561.4177
1787884320000,2495.5,2495.53,2493.59,2494.8,83.9182
1787884380000,2494.79,2495.65,2494.08,2495.42,98.4218
1787884440000,2495.42,2497.49,2495.41,2497.49,94.3815
1787884500000,2497.49,2498.94,2497.48,2498.94,92.2941
1787884560000,2498.94,2499.32,2498.41,2498.47,234.5035
1787884620000,2498.47,2499.9,2498.46,2499.89,85.1411
1787884680000,2499.9,2499.9,2498.64,2498.99,122.5785
1787884740000,2498.99,2499.77,2498.11,2498.96,127.9751
1787884800000,2498.96,2498.96,2497.82,2497.82,111.1474
1787884860000,2497.82,2499.04,2497.82,2498.62,102.787
1787884920000,2498.61,2498.95,2495.75,2495.75,52.628
1787884980000,2495.76,2497.56,2495.69,2497.4,51.25
1787885040000,2497.4,2497.4,2495.77,2496.56,54.6784
1787885100000,2496.56,2496.57,2495,2495.06,140.509
1787885160000,2495.06,2495.06,2492.56,2493.46,303.9799
1787885220000,2493.46,2494.9,2488.03,2494.9,1302.1054
1787885280000,2494.9,2494.9,2491.2,2491.2,168.7344
1787885340000,2491.21,2492.48,2489.46,2491.5,217.6675
1787885400000,2491.51,2491.51,2488.89,2488.89,175.5448
1787885460000,2488.9,2489.76,2486.09,2488.37,422.4725
1787885520000,2488.38,2490.91,2488.15,2490.6,252.2067
1787885580000,2490.62,2491.99,2490.41,2491.99,145.8874
1787885640000,2492,2492.59,2491.83,2492.58,68.1246
1787885700000,2492.59,2492.67,2489.4,2489.42,127.1837
1787885760000,2489.41,2491.04,2489.41,2490.76,172.9333
1787885820000,2490.76,2491.26,2490.48,2491.25,79.0178
1787885880000,2491.25,2491.46,2490.93,2491.45,125.437
1787885940000,2491.46,2494.39,2491.45,2492.26,632.9659
1787886000000,2492.26,2492.32,2490.13,2491.08,194.146
1787886060000,2491.09,2491.32,2490.4,2490.75,132.741
1787886120000,2490.75,2491.27,2490.3,2490.3,63.0208
1787886180000,2490.3,2491.28,2490,2490,56.222
1787886240000,2490,2491.16,2489,2491.1,82.7324
1787886300000,2491.1,2492.74,2491.08,2492.7,94.0462
1787886360000,2492.7,2493.39,2488.8,2488.87,108.1206
1787886420000,2488.87,2489.42,2487.4,2487.41,173.1911
1787886480000,2487.41,2488.42,2487.36,2487.75,83.0915
1787886540000,2487.76,2487.95,2486.58,2486.72,268.4896
1787886600000,2486.73,2487.7,2486.29,2486.62,113.8516
1787886660000,2486.62,2490.13,2486.24,2490.12,201.0619
1787886720000,2490.13,2492.28,2490.12,2491.73,63.3905
1787886780000,2491.74,2492.54,2491.12,2491.12,87.166
1787886840000,2491.12,2491.13,2490.24,2490.54,23.9617
1787886900000,2490.54,2491.19,2490.2,2490.35,77.8281
1787886960000,2490.36,2491.49,2490.2,2491.49,24.3283
1787887020000,2491.48,2492.18,2491.31,2491.53,30.835
1787887080000,2491.52,2492.43,2491.29,2492.41,60.3875
1787887140000,2492.42,2493.13,2492.09,2493.12,95.8998
1787887200000,2493.12,2495.12,2492.6,2495,167.0232
1787887260000,2495.01,2495.32,2494.7,2494.72,76.3065
1787887320000,2494.72,2494.72,2493.67,2493.81,83.1454
1787887380000,2493.81,2495.51,2493.51,2495.18,111.3341
1787887440000,2495.18,2495.51,2494.44,2495.28,90.987
1787887500000,2495.29,2495.6,2495,2495.59,117.1125
1787887560000,2495.59,2495.59,2494.36,2494.36,57.8732
1787887620000,2494.36,2494.36,2493.03,2493.81,62.409
1787887680000,2493.81,2494.03,2493.11,2493.45,60.0316
1787887740000,2493.45,2493.45,2492.56,2492.57,47.6074
1787887800000,2492.57,2494.45,2492.56,2494.33,99.5457
1787887860000,2494.33,2494.91,2492.76,2494.63,71.2329
1787887920000,2494.64,2494.64,2491.94,2493.15,128.4
1787887980000,2493.15,2493.16,2492.4,2492.4,48.5644
1787888040000,2492.4,2492.4,2491.72,2492.31,78.4328
1787888100000,2492.3,2492.61,2490.67,2492.07,123.2173
1787888160000,2492.07,2492.23,2491.35,2491.62,42.3708
1787888220000,2491.63,2492.2,2491.17,2491.99,76.4686
1787888280000,2491.99,2491.99,2489.67,2489.68,151.6886
1787888340000,2489.67,2490.92,2489.67,2490.92,216.0766
1787888400000,2490.92,2490.92,2490.32,2490.51,50.4855
1787888460000,2490.51,2491.56,2490.51,2491.3,120.3648
1787888520000,2491.3,2491.56,2490.13,2490.14,87.6579
1787888580000,2490.14,2490.99,2489.74,2489.75,150.0028
1787888640000,2489.74,2489.75,2489.01,2489.26,106.258
1787888700000,2489.27,2489.45,2489,2489,115.8675
1787888760000,2489,2490.11,2489,2490.11,104.5775
1787888820000,2490.12,2492.41,2490.12,2492.39,94.1531
1787888880000,2492.38,2492.51,2492.12,2492.46,47.0923
1787888940000,2492.45,2492.45,2491.55,2491.74,57.1212
1787889000000,2491.74,2492.72,2490.41,2490.43,130.9309
1787889060000,2490.43,2491.97,2490.22,2491.85,36.6225
1787889120000,2491.85,2492.09,2491.38,2491.38,36.3039
1787889180000,2491.38,2492.09,2491.08,2491.81,49.4153
1787889240000,2491.81,2492.09,2491.37,2491.87,56.5623
1787889300000,2491.87,2491.87,2490.44,2490.44,74.9467
1787889360000,2490.45,2490.45,2488.93,2489.66,122.6314
1787889420000,2489.65,2490.25,2489.12,2489.86,210.3719
1787889480000,2489.87,2490.5,2489.86,2490.16,36.6086
1787889540000,2490.15,2490.44,2489.83,2489.92,28.0574
1787889600000,2489.91,2490.02,2489.59,2490.02,39.5567
1787889660000,2490.03,2491.27,2490.03,2491.17,90.4669
1787889720000,2491.17,2491.28,2490,2490,177.3995
1787889780000,2490.01,2490.03,2488.47,2488.47,86.6592
1787889840000,2488.48,2489.47,2487.61,2488,138.0315
1787889900000,2488.01,2489.36,2487.04,2487.06,308.6249
1787889960000,2487.06,2488.79,2486.97,2488.13,91.7816
1787890020000,2488.13,2488.74,2486.31,2488.61,176.3827
1787890080000,2488.61,2488.69,2486.04,2486.05,71.5568
1787890140000,2486.05,2486.35,2477.49,2481.78,2387.6898
1787890200000,2481.8,2485.28,2481.25,2485.21,386.466
1787890260000,2485.2,2487.17,2485.2,2487.17,150.9066
1787890320000,2487.16,2489.9,2487.16,2489.84,90.6542
1787890380000,2489.83,2491.22,2489.64,2490.58,93.0319
1787890440000,2490.58,2492.23,2490.3,2492.23,43.9564
1787890500000,2492.22,2493.91,2492.04,2492.95,179.3554
1787890560000,2492.95,2494.71,2492.95,2494.45,97.4388
1787890620000,2494.45,2495.86,2493.84,2495.41,116.9408
1787890680000,2495.4,2496.17,2495.06,2496.16,122.6621
1787890740000,2496.16,2496.17,2493.85,2493.87,275.651
1787890800000,2493.87,2493.87,2492.47,2492.78,49.6431
1787890860000,2492.79,2495.45,2491.32,2491.32,129.1831
1787890920000,2491.33,2492.23,2489.71,2489.71,311.5606
1787890980000,2489.71,2489.71,2488,2489.07,98.7868
1787891040000,2489.07,2490.31,2488.38,2490.31,112.8186
1787891100000,2490.31,2490.78,2490.16,2490.78,28.7075
1787891160000,2490.77,2491.1,2490.41,2490.42,32.7262
1787891220000,2490.41,2490.69,2490.41,2490.68,15.3568
1787891280000,2490.69,2491,2490.68,2490.98,19.3989
1787891340000,2490.98,2490.98,2490.69,2490.69,12.8774
1787891400000,2490.69,2491,2490.69,2490.83,15.4852
1787891460000,2490.84,2490.94,2490.4,2490.62,108.8767
1787891520000,2490.62,2490.62,2487.62,2487.69,122.5367
1787891580000,2487.69,2488.18,2485.7,2485.77,220.7303
1787891640000,2485.77,2486.76,2485.77,2486.27,38.8682
1787891700000,2486.28,2486.28,2484.49,2484.54,188.9367
1787891760000,2484.54,2486.27,2483.79,2486.01,117.4646
1787891820000,2486.02,2486.27,2484.38,2485.69,120.239
1787891880000,2485.7,2485.7,2483.56,2483.93,57.7721
1787891940000,2483.93,2484.61,2483.93,2484.61,77.509
1787892000000,2484.61,2486.6,2484.61,2486.59,41.8
1787892060000,2486.59,2487.88,2486.59,2487.51,42.5754
1787892120000,2487.51,2488.33,2487.51,2488.27,22.2064
1787892180000,2488.27,2488.27,2486.84,2487.14,102.3354
1787892240000,2487.14,2487.14,2486.37,2486.9,68.6396
1787892300000,2486.91,2486.98,2486.72,2486.98,30.83
1787892360000,2486.97,2488.12,2486.97,2487.15,54.3061
1787892420000,2487.15,2487.64,2486.15,2486.32,172.0643
1787892480000,2486.32,2486.91,2485.18,2485.36,78.0188
1787892540000,2485.37,2486.24,2485.36,2486.23,46.7468
1787892600000,2486.24,2487.49,2486.22,2487.45,73.3851
1787892660000,2487.46,2489,2487.35,2487.85,140.2027
1787892720000,2487.85,2488.31,2487.84,2488,65.3735
1787892780000,2488,2488.01,2487.07,2487.14,33.5678
1787892840000,2487.13,2487.14,2486.88,2486.88,27.7789
1787892900000,2486.88,2487.16,2486.88,2487.15,14.2235
1787892960000,2487.15,2487.15,2486.69,2486.69,91.7884
1787893020000,2486.69,2486.69,2485.04,2485.39,53.5698
1787893080000,2485.39,2486.59,2485.39,2486.54,114.1437
1787893140000,2486.55,2486.66,2486.18,2486.18,33.8653
1787893200000,2486.18,2486.18,2484.8,2484.93,91.953
1787893260000,2484.93,2484.98,2484.18,2484.97,61.5699
1787893320000,2484.97,2485.67,2484.67,2484.68,80.2644
1787893380000,2484.68,2487.12,2484,2487.12,81.1884
1787893440000,2487.12,2488.34,2487.12,2487.8,100.9099
1787893500000,2487.81,2487.81,2486.02,2486.56,111.1996
1787893560000,2486.57,2486.94,2485.43,2485.44,39.1357
1787893620000,2485.44,2485.44,2484.59,2484.85,134.1989
1787893680000,2484.85,2484.85,2482.23,2483.85,162.071
1787893740000,2483.85,2485.37,2482.78,2483.58,139.447
1787893800000,2483.59,2484.91,2483.43,2484.52,36.6049
1787893860000,2484.52,2484.53,2483.84,2484.33,39.1416
1787893920000,2484.32,2484.33,2483.03,2483.49,37.965
1787893980000,2483.49,2485.36,2483.49,2485.15,27.7778
1787894040000,2485.14,2485.54,2484.99,2485.54,28.7207
1787894100000,2485.54,2486.27,2485.54,2485.6,39.7445
1787894160000,2485.6,2485.61,2484.89,2485.25,46.3123
1787894220000,2485.25,2485.44,2484.62,2485.25,61.1004
1787894280000,2485.24,2485.36,2484.1,2485.36,45.9102
1787894340000,2485.35,2485.68,2484.21,2484.21,60.2592
1787894400000,2484.21,2484.38,2484.06,2484.38,23.746
1787894460000,2484.37,2484.65,2484.36,2484.36,29.0339
1787894520000,2484.35,2484.36,2483.38,2483.49,50.7487
1787894580000,2483.49,2483.99,2483.28,2483.98,37.971
1787894640000,2483.98,2485.21,2483.92,2485.19,31.4715
1787894700000,2485.2,2486.4,2485.2,2486.4,63.6759
1787894760000,2486.39,2486.9,2486.21,2486.9,21.7963
1787894820000,2486.89,2487.01,2485.85,2485.96,79.3923
1787894880000,2485.95,2487.3,2485.95,2487.3,96.9233
1787894940000,2487.29,2491,2487.25,2490.17,608.2828
1787895000000,2490.18,2490.63,2489.67,2490.44,326.7102
1787895060000,2490.44,2492.65,2490.05,2492.64,171.1098
1787895120000,2492.64,2494.43,2492.64,2493.02,189.135
1787895180000,2493.02,2493.34,2492.15,2492.18,150.5636
1787895240000,2492.18,2492.94,2492.18,2492.91,66.7958
1787895300000,2492.92,2495.3,2492.71,2494.63,203.8027
1787895360000,2494.64,2494.9,2494,2494.2,54.4578
1787895420000,2494.2,2494.4,2493.39,2494.26,61.0303
1787895480000,2494.26,2494.84,2494.23,2494.23,73.6473
1787895540000,2494.24,2494.74,2494.19,2494.45,158.104
1787895600000,2494.44,2494.64,2494.05,2494.2,24.544
1787895660000,2494.21,2494.21,2493.41,2493.55,88.9265
1787895720000,2493.55,2493.68,2493.28,2493.48,75.4694
1787895780000,2493.47,2494.92,2493.47,2494.47,91.1378
1787895840000,2494.47,2495.65,2494.46,2495.28,87.5103
1787895900000,2495.29,2495.75,2494.96,2495.75,240.2344
1787895960000,2495.75,2497.44,2495.32,2497.44,232.2391
1787896020000,2497.43,2497.44,2496.47,2496.48,83.729
1787896080000,2496.48,2497.32,2495.65,2495.66,206.0383
1787896140000,2495.66,2496.72,2495.56,2496.23,119.9339
1787896200000,2496.23,2497.44,2495.72,2495.72,149.7619
1787896260000,2495.72,2495.72,2494.88,2495.46,131.8948
1787896320000,2495.47,2497,2495.46,2496.65,120.2524
1787896380000,2496.65,2497.43,2496.15,2496.45,159.2379
1787896440000,2496.44,2496.45,2496.17,2496.19,31.3873
1787896500000,2496.19,2496.19,2494.85,2494.86,77.2635
1787896560000,2494.85,2494.86,2493.11,2493.63,290.9776
1787896620000,2493.64,2493.64,2492.72,2492.72,137.544
1787896680000,2492.73,2492.88,2492,2492.81,48.4007
1787896740000,2492.81,2493.72,2492.81,2493.32,38.5923
1787896800000,2493.32,2496.89,2493.31,2496.61,93.2582
1787896860000,2496.61,2498.11,2496.61,2497.51,201.8635
1787896920000,2497.51,2497.74,2497.24,2497.4,55.9038
1787896980000,2497.4,2498.92,2497.37,2497.41,147.0203
1787897040000,2497.41,2498.75,2497.41,2498.45,54.075
1787897100000,2498.46,2498.68,2497.71,2497.71,128.3528
1787897160000,2497.71,2498.14,2497.68,2498.05,76.4545
1787897220000,2498.05,2498.88,2498.05,2498.51,56.6936
1787897280000,2498.51,2501.99,2498.51,2501.71,355.8837
1787897340000,2501.71,2502.33,2500.06,2500.06,172.1054
1787897400000,2500.06,2500.86,2499.73,2500.81,330.5564
1787897460000,2500.81,2502.53,2500.81,2501.34,319.6071
1787897520000,2501.35,2503.26,2501.35,2502.75,339.3901
1787897580000,2502.74,2502.88,2502.45,2502.87,79.1663
1787897640000,2502.87,2503.77,2502.87,2503.57,96.4293
1787897700000,2503.56,2503.56,2502.34,2502.71,87.4432
1787897760000,2502.7,2502.71,2502.21,2502.22,18.3513
1787897820000,2502.22,2502.89,2501.16,2501.16,104.1329
1787897880000,2501.16,2502.45,2501.16,2502.45,150.1101
1787897940000,2502.44,2502.44,2502.31,2502.32,11.1147
1787898000000,2502.32,2502.32,2500.91,2501.59,67.933
1787898060000,2501.58,2501.58,2501.04,2501.44,87.1369
1787898120000,2501.44,2502.77,2501.22,2502.77,81.3903
1787898180000,2502.76,2503.15,2501.96,2501.96,137.6778
1787898240000,2501.96,2502.6,2501.96,2502.35,41.9119
1787898300000,2502.34,2502.35,2502.29,2502.29,21.8074
1787898360000,2502.29,2502.3,2502.21,2502.21,28.6139
1787898420000,2502.21,2502.28,2502.05,2502.24,123.8218
1787898480000,2502.24,2502.25,2502.24,2502.24,42.5316
1787898540000,2502.24,2502.25,2500.98,2500.98,95.1562
1787898600000,2500.99,2500.99,2500.37,2500.37,120.34
1787898660000,2500.37,2500.37,2499.7,2499.7,34.3441
1787898720000,2499.71,2501,2499.34,2501,58.3507
1787898780000,2501,2501.15,2500.17,2501.14,67.9613
1787898840000,2501.14,2502.32,2501.14,2501.92,175.482
1787898900000,2501.92,2502.15,2501.21,2502.14,99.7391
1787898960000,2502.14,2502.84,2502.14,2502.43,200.3736
1787899020000,2502.43,2502.43,2501.98,2501.99,33.7993
1787899080000,2501.98,2501.99,2501.08,2501.08,36.6984
1787899140000,2501.08,2501.42,2500.5,2501.41,84.8379
1787899200000,2501.41,2501.42,2499.54,2499.55,101.2069
1787899260000,2499.54,2500.22,2499.3,2499.64,121.4311
1787899320000,2499.63,2499.73,2499.17,2499.43,54.8578
1787899380000,2499.44,2500,2499.43,2500,66.6728
1787899440000,2500,2501.45,2499.99,2501.32,224.9047
1787899500000,2501.32,2501.76,2501.1,2501.63,157.6594
1787899560000,2501.63,2503.76,2501.63,2503.46,226.2123
1787899620000,2503.46,2503.76,2503.41,2503.76,307.1609
1787899680000,2503.76,2503.76,2503.58,2503.75,368.3308
1787899740000,2503.75,2504.81,2503.74,2504.81,153.8641
1787899800000,2504.8,2505,2504.41,2504.55,147.0995
1787899860000,2504.55,2504.71,2504.07,2504.55,132.321
1787899920000,2504.55,2505.37,2504.55,2504.78,155.8728
1787899980000,2504.78,2504.78,2503.87,2503.87,86.4593
1787900040000,2503.88,2503.88,2503.7,2503.71,49.7371
1787900100000,2503.7,2503.7,2503.21,2503.67,70.7781
1787900160000,2503.66,2503.67,2503.34,2503.35,53.1157
1787900220000,2503.34,2503.35,2503.34,2503.35,29.0446
1787900280000,2503.34,2504.4,2503.34,2503.94,117.0898
1787900340000,2503.94,2503.94,2503,2503,31.9951
1787900400000,2503.01,2503.42,2502.54,2502.54,103.7285
1787900460000,2502.54,2503,2502.47,2502.47,44.2899
1787900520000,2502.48,2503,2502.24,2502.24,117.4235
1787900580000,2502.24,2502.25,2502.23,2502.23,38.4572
1787900640000,2502.23,2502.24,2500,2500,58.615
1787900700000,2500,2500,2498.65,2498.65,99.5312
1787900760000,2498.66,2498.66,2495.21,2496.27,789.1455
1787900820000,2496.28,2496.76,2495,2495.35,173.346
1787900880000,2495.35,2495.43,2494.27,2494.96,110.0428
1787900940000,2494.97,2495.49,2494.1,2495.48,130.0454
1787901000000,2495.48,2497.06,2495.12,2495.85,230.6382
1787901060000,2495.85,2496.32,2495.85,2496.31,62.4101
1787901120000,2496.31,2496.32,2495.3,2495.31,115.2709
1787901180000,2495.31,2495.99,2495.3,2495.82,94.0758
1787901240000,2495.82,2496.6,2495.36,2496.6,103.1124
1787901300000,2496.59,2497.6,2496.35,2497.5,128.5568
1787901360000,2497.5,2497.87,2497.16,2497.16,66.3572
1787901420000,2497.15,2497.15,2496.62,2496.63,65.1163
1787901480000,2496.62,2496.63,2496.32,2496.32,31.8793
1787901540000,2496.33,2496.47,2496.17,2496.47,51.7483
1787901600000,2496.46,2496.89,2496,2496.68,370.2413
1787901660000,2496.68,2496.68,2494.97,2495.44,67.851
1787901720000,2495.43,2496.26,2495.43,2496.04,93.5592
1787901780000,2496.04,2496.95,2496.01,2496.61,287.9596
1787901840000,2496.61,2496.61,2495.14,2496.1,71.4668
1787901900000,2496.09,2496.51,2495.99,2496.5,43.1623
1787901960000,2496.51,2497.67,2496.5,2497.22,106.9811
1787902020000,2497.22,2497.57,2497.21,2497.56,25.0506
1787902080000,2497.57,2497.89,2497.57,2497.65,117.8018
1787902140000,2497.65,2498.96,2497.65,2498.61,89.0745
1787902200000,2498.61,2498.94,2498.61,2498.79,119.9271
1787902260000,2498.78,2498.79,2497.69,2498.29,269.9102
1787902320000,2498.29,2498.3,2497.4,2497.4,156.3723
1787902380000,2497.4,2497.4,2496.69,2496.7,92.625
1787902440000,2496.69,2497.4,2496.64,2496.83,126.0402
1787902500000,2496.83,2497.04,2496.38,2496.88,146.2449
1787902560000,2496.88,2496.89,2495.88,2496.88,127.7776
1787902620000,2496.88,2496.88,2496.15,2496.73,148.1126
1787902680000,2496.72,2496.72,2496.44,2496.44,82.1386
1787902740000,2496.44,2496.45,2496.11,2496.23,109.8885
1787902800000,2496.23,2496.72,2496.19,2496.62,193.7136
1787902860000,2496.62,2496.62,2496.42,2496.42,89.2161
1787902920000,2496.42,2496.74,2495.64,2496.65,612.046
1787902980000,2496.65,2496.66,2496.19,2496.34,124.8096
1787903040000,2496.34,2496.34,2494.86,2494.86,155.9176
1787903100000,2494.86,2495.84,2494.86,2495.34,162.4391
1787903160000,2495.34,2496.13,2494.77,2495.64,176.7605
1787903220000,2495.64,2496.87,2495.61,2495.9,165.9167
1787903280000,2495.9,2496.51,2495.9,2496.45,197.7122
1787903340000,2496.45,2496.46,2496.27,2496.27,129.9842
1787903400000,2496.27,2496.28,2495.95,2495.95,160.8605
1787903460000,2495.95,2496.44,2495.63,2495.63,173.7054
1787903520000,2495.63,2496.44,2495.63,2496.22,204.0434
1787903580000,2496.23,2496.23,2495.9,2495.91,176.4197
1787903640000,2495.9,2495.9,2494.8,2494.81,224.8273
1787903700000,2494.81,2495.18,2494.81,2495.17,180.4579
1787903760000,2495.17,2495.63,2495.17,2495.57,220.8489
1787903820000,2495.57,2495.57,2495.4,2495.4,222.8318
1787903880000,2495.4,2495.63,2495.4,2495.56,293.0989
1787903940000,2495.56,2496.48,2495.25,2496.48,169.0009
1787904000000,2496.47,2498.3,2496.47,2498.3,307.9787
1787904060000,2498.3,2498.79,2498.11,2498.34,93.4336
1787904120000,2498.33,2500.55,2498.33,2500.54,212.1576
1787904180000,2500.55,2503.66,2500.54,2503.24,487.6535
1787904240000,2503.24,2503.24,2499.62,2499.62,169.2324
1787904300000,2499.63,2499.63,2497.88,2498.34,85.5025
1787904360000,2498.35,2499.06,2497.81,2499.05,155.7989
1787904420000,2499.05,2499.06,2498.23,2498.68,143.9302
1787904480000,2498.68,2499,2498.38,2498.67,168.1974
1787904540000,2498.67,2499.25,2498.51,2499.14,269.3047
1787904600000,2499.14,2499.77,2499.13,2499.15,311.4313
1787904660000,2499.14,2499.15,2498.39,2498.56,194.8835
1787904720000,2498.56,2498.57,2498.4,2498.56,170.0861
1787904780000,2498.57,2498.57,2497.53,2497.86,180.5102
1787904840000,2497.86,2497.87,2497.02,2497.02,176.1648
1787904900000,2497.02,2498.5,2497.02,2498.33,410.2841
1787904960000,2498.34,2499.97,2498.33,2499.96,780.5254
1787905020000,2499.96,2501.65,2499.6,2501.65,265.964
1787905080000,2501.65,2501.65,2500.92,2501.05,167.2926
1787905140000,2501.05,2501.24,2500.88,2501.24,215.6447
1787905200000,2501.23,2501.23,2499.96,2499.97,176.5104
1787905260000,2499.97,2500.45,2499.35,2499.36,142.0846
1787905320000,2499.35,2499.45,2498.93,2498.94,136.2989
1787905380000,2498.94,2498.94,2498.28,2498.92,272.7134
1787905440000,2498.91,2499.59,2498.91,2499.17,215.8867
1787905500000,2499.17,2499.18,2498.63,2498.79,196.5241
1787905560000,2498.78,2498.79,2498.18,2498.18,134.23
1787905620000,2498.18,2498.57,2498.18,2498.28,57.5818
1787905680000,2498.29,2498.29,2498.08,2498.08,51.2518
1787905740000,2498.08,2498.09,2497.8,2497.8,65.7166
1787905800000,2497.8,2497.96,2497.57,2497.96,117.5474
1787905860000,2497.96,2498.36,2497.38,2497.64,188.1741
1787905920000,2497.63,2498.01,2497.63,2497.63,77.696
1787905980000,2497.63,2497.63,2497,2497,75.8315
1787906040000,2497,2497.8,2496.71,2497.79,109.0106
1787906100000,2497.8,2498.17,2496.5,2496.66,245.4265
1787906160000,2496.66,2496.67,2495.71,2496.11,116.8369
1787906220000,2496.12,2496.12,2495.44,2495.73,105.1123
1787906280000,2495.72,2496.01,2495.53,2495.94,88.9676
1787906340000,2495.95,2496.76,2495.08,2495.08,121.4477
1787906400000,2495.09,2495.09,2494.84,2494.84,54.9384
1787906460000,2494.84,2495.96,2494.84,2495.96,97.7779
1787906520000,2495.96,2496.31,2495.7,2495.7,92.6664
1787906580000,2495.71,2495.71,2495.04,2495.04,87.1639
1787906640000,2495.05,2495.05,2494.13,2494.13,124.7507
1787906700000,2494.13,2495,2491.37,2491.37,212.7414
1787906760000,2491.37,2492.11,2490.6,2490.76,199.7162
1787906820000,2490.77,2492.13,2490,2491.08,243.5325
1787906880000,2491.09,2491.7,2489.3,2489.94,243.7284
1787906940000,2489.94,2490,2487.5,2487.67,513.5619
1787907000000,2487.68,2489.55,2486.91,2488.98,154.1435
1787907060000,2488.98,2489.76,2488.98,2489.76,66.3395
1787907120000,2489.76,2489.87,2489.57,2489.84,53.4378
1787907180000,2489.84,2490.8,2489.51,2490.79,67.3762
1787907240000,2490.8,2490.84,2490,2490.37,69.6211
1787907300000,2490.38,2490.38,2487.49,2487.49,150.8112
1787907360000,2487.5,2487.83,2486.52,2486.52,91.58
1787907420000,2486.53,2487.86,2486.53,2487.85,45.7315
1787907480000,2487.85,2488.28,2487.85,2487.94,55.8599
1787907540000,2487.95,2488.2,2487.94,2488.05,53.0442
1787907600000,2488.05,2488.52,2486.72,2486.78,150.4418
1787907660000,2486.79,2487.63,2485.61,2486.59,165.7
1787907720000,2486.59,2486.59,2483.4,2484.01,3350.9155
1787907780000,2484,2487.08,2483.44,2486.39,318.1864
1787907840000,2486.39,2488.2,2485.06,2486.91,176.8445
1787907900000,2486.91,2489.74,2486.49,2489.73,292.8211
1787907960000,2489.73,2491.32,2489.73,2491.08,227.3055
1787908020000,2491.07,2492.89,2490.56,2492.12,130.1632
1787908080000,2492.12,2492.12,2491.15,2491.92,72.4556
1787908140000,2491.93,2493.02,2490.41,2490.41,99.8707
1787908200000,2490.41,2490.5,2489.49,2490.38,63.3869
1787908260000,2490.38,2492.8,2490.37,2492.3,81.6918
1787908320000,2492.31,2492.31,2491.43,2491.7,66.8498
1787908380000,2491.71,2491.71,2489.63,2489.64,33.3507
1787908440000,2489.63,2490.19,2489.44,2489.59,170.5975
1787908500000,2489.58,2491.26,2489.58,2490.56,605.3955
1787908560000,2490.55,2491.51,2490.47,2491.47,26.157
1787908620000,2491.48,2491.82,2491.48,2491.82,17.4447
1787908680000,2491.81,2492.52,2491.81,2492.52,35.1628
1787908740000,2492.52,2492.52,2492.1,2492.11,27.5153
1787908800000,2492.1,2492.1,2491.31,2491.47,47.77
1787908860000,2491.46,2491.47,2490.89,2491.42,91.3497
1787908920000,2491.42,2491.42,2490.99,2491.05,16.6672
1787908980000,2491.05,2491.46,2491.05,2491.45,17.2047
1787909040000,2491.46,2492.66,2491.45,2492.66,53.0996
1787909100000,2492.67,2492.98,2491.93,2491.94,99.0615
1787909160000,2491.94,2491.94,2491.48,2491.49,22.9455
1787909220000,2491.49,2491.49,2490.64,2490.78,62.6974
1787909280000,2490.77,2490.86,2490.65,2490.86,48.0065
1787909340000,2490.85,2491.62,2490.85,2491.62,14.3936
1787909400000,2491.61,2492.08,2491.31,2492.08,40.8988
1787909460000,2492.08,2492.08,2490.91,2491.29,52.9583
1787909520000,2491.28,2491.28,2490,2490.07,48.9497
1787909580000,2490.08,2491.54,2490.07,2491.53,50.5713
1787909640000,2491.54,2491.76,2490.92,2491.02,40.0249
1787909700000,2491.02,2491.03,2490.33,2490.34,22.299
1787909760000,2490.34,2490.49,2490.26,2490.26,18.0481
1787909820000,2490.27,2491.96,2490.26,2490.84,66.6074
1787909880000,2490.83,2492.48,2490.42,2492.24,75.5848
1787909940000,2492.24,2492.83,2492.23,2492.82,68.8387
1787910000000,2492.83,2493.24,2490.2,2490.21,321.4136
1787910060000,2490.2,2490.71,2490.2,2490.52,17.0494
1787910120000,2490.52,2490.52,2489.66,2489.66,46.9752
1787910180000,2489.66,2490.13,2488.36,2489.18,51.6097
1787910240000,2489.19,2489.63,2488.59,2489.05,44.3979
1787910300000,2489.04,2490.64,2489.04,2490.64,158.0486
1787910360000,2490.64,2490.88,2489.24,2489.25,120.4341
1787910420000,2489.25,2489.25,2488.56,2488.63,99.4415
1787910480000,2488.63,2489,2488.58,2489,27.8589
1787910540000,2488.99,2489.11,2488.78,2488.78,50.337
1787910600000,2488.79,2488.79,2488.78,2488.78,14.2655
1787910660000,2488.79,2491.52,2488.78,2491.52,191.264
1787910720000,2491.52,2491.52,2490.93,2491.35,87.7648
1787910780000,2491.36,2491.48,2491.28,2491.34,30.3667
1787910840000,2491.34,2491.35,2491.34,2491.34,43.6567
1787910900000,2491.34,2491.35,2490.52,2490.53,38.8967
1787910960000,2490.52,2490.53,2490.04,2490.1,122.3457
1787911020000,2490.1,2490.1,2489.43,2489.43,30.0521
1787911080000,2489.43,2489.87,2489.4,2489.4,131.8914
1787911140000,2489.41,2489.58,2489.31,2489.58,34.3425
1787911200000,2489.57,2490.09,2489.54,2489.55,74.9743
1787911260000,2489.54,2490.09,2489.21,2489.27,104.9326
1787911320000,2489.27,2489.28,2487.4,2487.4,184.4759
1787911380000,2487.4,2487.4,2485.94,2486.3,192.7313
1787911440000,2486.3,2486.31,2483.4,2484.33,193.4053
1787911500000,2484.33,2485.23,2483.35,2485.22,105.743
1787911560000,2485.22,2485.97,2484.4,2484.4,72.7251
1787911620000,2484.41,2484.56,2482.17,2483.22,257.3889
1787911680000,2483.23,2484.72,2483.22,2484.17,95.0978
1787911740000,2484.17,2484.17,2482.22,2482.88,218.052
1787911800000,2482.89,2486.27,2482.88,2486.08,105.7916
1787911860000,2486.09,2486.87,2484.47,2486.87,72.0612
1787911920000,2486.87,2488.28,2486.87,2487.69,132.9887
1787911980000,2487.69,2489.19,2487.66,2489.19,117.6162
1787912040000,2489.18,2489.19,2486.55,2487.59,93.3884
1787912100000,2487.59,2487.95,2487.22,2487.23,158.6748
1787912160000,2487.23,2487.44,2485.44,2486.16,34.1208
1787912220000,2486.15,2486.65,2485.76,2485.76,40.2536
1787912280000,2485.77,2486.52,2485.76,2486.51,25.4821
1787912340000,2486.51,2486.7,2486.48,2486.49,16.1293
1787912400000,2486.48,2486.48,2485.98,2485.99,47.2022
1787912460000,2485.99,2486.43,2485.53,2486.3,66.901
1787912520000,2486.33,2486.7,2486.33,2486.48,28.949
1787912580000,2486.48,2486.49,2484.63,2485.21,56.7575
1787912640000,2485.2,2485.21,2484.39,2484.69,75.9771
1787912700000,2484.68,2485.19,2484.55,2485.19,71.8167
1787912760000,2485.2,2486.24,2485.19,2486.23,27.0544
1787912820000,2486.24,2487.24,2486.23,2487.24,26.589
1787912880000,2487.25,2488.58,2487.24,2488.53,26.8434
1787912940000,2488.53,2489.29,2488.53,2489.06,59.7734
1787913000000,2489.06,2490.87,2489.06,2490.87,125.3883
1787913060000,2490.87,2492.54,2490.87,2492.01,114.5998
1787913120000,2492.02,2493.5,2492.01,2493.34,48.5803
1787913180000,2493.35,2495.22,2493.35,2494.08,1039.7841
1787913240000,2494.08,2494.82,2493.57,2494.36,353.8654
1787913300000,2494.35,2494.36,2492.65,2493.66,151.4912
1787913360000,2493.67,2494.15,2493.66,2494.15,13.8024
1787913420000,2494.15,2495.14,2494.15,2494.95,37.1605
1787913480000,2494.94,2494.95,2494.42,2494.49,58.5543
1787913540000,2494.49,2494.82,2494.48,2494.82,45.1655
1787913600000,2494.81,2494.94,2494.67,2494.93,52.7081
1787913660000,2494.93,2494.93,2494.84,2494.85,14.4057
1787913720000,2494.85,2494.99,2494.71,2494.95,95.4102
1787913780000,2494.96,2494.96,2494.95,2494.96,11.5104
1787913840000,2494.95,2495.12,2494.01,2494.02,152.4046
1787913900000,2494.01,2494.27,2493.83,2494.27,35.6345
1787913960000,2494.26,2495.29,2494.26,2495.29,31.0702
1787914020000,2495.29,2495.62,2495.29,2495.61,48.6748
1787914080000,2495.62,2497.16,2495.61,2496.37,137.3287
1787914140000,2496.38,2496.81,2496.37,2496.45,66.4275
1787914200000,2496.45,2496.46,2496.11,2496.44,33.2828
1787914260000,2496.43,2497.84,2496.43,2497.83,89.9162
1787914320000,2497.83,2497.83,2496.4,2497.5,121.967
1787914380000,2497.49,2498.42,2497.49,2498.22,168.1096
1787914440000,2498.22,2499.86,2498.22,2499.8,249.533
1787914500000,2499.79,2502.08,2499.48,2500.08,699.0243
1787914560000,2500.08,2503.52,2500.07,2502.22,427.8655
1787914620000,2502.22,2504,2502.22,2503.42,261.2959
1787914680000,2503.41,2509.08,2503.41,2505.36,813.1934
1787914740000,2505.35,2506.58,2505.35,2506.56,191.0943
1787914800000,2506.57,2509.97,2505.79,2508.84,408.1114
1787914860000,2508.83,2510,2506.92,2506.92,316.3762
1787914920000,2506.92,2508.4,2506.53,2508.39,113.4512
1787914980000,2508.4,2511.51,2508.4,2510.23,519.7801
1787915040000,2510.24,2511.25,2509.67,2509.67,301.9303
1787915100000,2509.67,2510.12,2507.27,2509.97,216.0713
1787915160000,2509.96,2509.96,2508.36,2508.91,191.0336
1787915220000,2508.92,2510,2508.83,2509.99,85.5342
1787915280000,2509.99,2510.01,2509.99,2510.01,30.4702
1787915340000,2510,2510.01,2508.86,2509.95,326.5906
1787915400000,2509.94,2509.95,2508.98,2509.63,62.5315
1787915460000,2509.63,2509.68,2508.68,2508.68,57.9722
1787915520000,2508.69,2508.69,2508.44,2508.45,69.4795
1787915580000,2508.45,2510.12,2508.45,2509.67,156.3641
1787915640000,2509.66,2509.69,2509.66,2509.68,68.4187
1787915700000,2509.68,2510.42,2509.66,2510.18,163.5556
1787915760000,2510.18,2510.4,2509.03,2509.23,122.3668
1787915820000,2509.23,2509.43,2508.53,2508.53,80.1325
1787915880000,2508.53,2509.09,2508.1,2508.36,86.8473
1787915940000,2508.35,2510.16,2508.35,2509.98,165.9945
1787916000000,2509.97,2509.97,2509.12,2509.22,97.4101
1787916060000,2509.23,2509.23,2506.85,2507.56,163.0549
1787916120000,2507.56,2508.09,2507.38,2508.09,118.2761
1787916180000,2508.09,2508.75,2508.08,2508.75,59.8483
1787916240000,2508.74,2509.21,2508.44,2509.21,53.5085
1787916300000,2509.2,2509.2,2507.69,2507.69,238.6547
1787916360000,2507.69,2507.69,2506.07,2506.66,91.7177
1787916420000,2506.66,2506.67,2506.11,2506.11,91.7424
1787916480000,2506.1,2506.11,2504.3,2505.43,133.1255
1787916540000,2505.44,2505.49,2505.42,2505.49,50.0141
1787916600000,2505.49,2505.98,2505.01,2505.01,145.6073
1787916660000,2505,2505.46,2504.82,2505.46,51.7789
1787916720000,2505.46,2506.96,2505,2506.96,174.2184
1787916780000,2506.97,2508.11,2506.97,2507.94,82.4342
1787916840000,2507.94,2507.94,2506.66,2506.66,153.6635
1787916900000,2506.66,2506.67,2504.58,2504.59,61.2519
1787916960000,2504.58,2504.59,2503.71,2504.55,121.9857
1787917020000,2504.56,2505.74,2503.94,2504.01,164.776
1787917080000,2504.01,2504.43,2502.44,2502.5,235.2721
1787917140000,2502.5,2503.24,2502.43,2502.47,93.4334
1787917200000,2502.46,2502.76,2502.46,2502.74,24.5453
1787917260000,2502.74,2503.92,2502.74,2503.92,86.9039
1787917320000,2503.91,2505.46,2503.91,2505.45,108.6413
1787917380000,2505.46,2505.61,2505.33,2505.6,98.8087
1787917440000,2505.61,2505.61,2505.6,2505.61,30.2983
1787917500000,2505.61,2506.14,2505.6,2506.14,45.6606
1787917560000,2506.15,2506.43,2506.14,2506.42,40.4495
1787917620000,2506.43,2506.72,2505.71,2506.22,186.3102
1787917680000,2506.22,2506.47,2505.96,2506.2,70.3972
1787917740000,2506.2,2506.2,2506.12,2506.12,59.2059
1787917800000,2506.13,2506.13,2504.89,2504.89,153.4349
1787917860000,2504.89,2504.9,2503.01,2503.47,97.066
1787917920000,2503.47,2505.22,2503.47,2505.01,143.9341
1787917980000,2505.02,2505.07,2504.7,2504.7,27.6369
1787918040000,2504.71,2505.34,2504.37,2504.9,41.6528
1787918100000,2504.91,2504.91,2504.07,2504.66,34.4025
1787918160000,2504.66,2505.1,2504.14,2504.93,78.6012
1787918220000,2504.93,2504.93,2504.33,2504.7,50.0204
1787918280000,2504.69,2505.39,2504.69,2505.39,68.1876
1787918340000,2505.38,2505.39,2504.96,2505.1,44.2453
1787918400000,2505.1,2505.2,2504.1,2504.76,245.4156
1787918460000,2504.76,2505.45,2504.76,2505.45,24.3698
1787918520000,2505.45,2505.89,2504.47,2504.47,79.9249
1787918580000,2504.48,2504.54,2504.11,2504.25,28.5637
1787918640000,2504.25,2504.93,2504.24,2504.77,29.9017
1787918700000,2504.76,2506.54,2504.75,2506.27,38.1761
1787918760000,2506.26,2506.51,2504.45,2504.45,71.3734
1787918820000,2504.46,2504.97,2503.88,2503.89,70.2462
1787918880000,2503.89,2504.48,2503.51,2503.51,46.6012
1787918940000,2503.51,2503.51,2503,2503,61.2629
1787919000000,2503,2503.01,2500.9,2501.59,149.2431
1787919060000,2501.6,2501.6,2500.11,2500.45,80.5179
1787919120000,2500.45,2500.68,2500.01,2500.68,54.6284
1787919180000,2500.68,2501.46,2500.61,2501.46,22.9794
1787919240000,2501.45,2501.61,2501.05,2501.61,42.9748
1787919300000,2501.61,2504.69,2501.61,2503.79,107.4931
1787919360000,2503.78,2506.22,2503.78,2506.11,65.0521
1787919420000,2506.11,2507.39,2505.79,2506.8,197.202
1787919480000,2506.81,2508.41,2505.99,2505.99,247.9257
1787919540000,2505.98,2505.99,2503.41,2503.41,31.6569
1787919600000,2503.41,2504.29,2502.89,2504.16,95.5743
1787919660000,2504.15,2505.52,2504,2505.52,122.32
1787919720000,2505.52,2505.52,2503.67,2503.67,73.9138
1787919780000,2503.67,2504.05,2501.99,2502.1,75.8224
1787919840000,2502.11,2503.2,2502.11,2503.02,35.7167
1787919900000,2503.03,2503.41,2502.82,2502.83,75.4933
1787919960000,2502.82,2503.04,2502.08,2503.03,99.0347
1787920020000,2503.03,2503.03,2502,2502.01,37.2646
1787920080000,2502,2502.01,2500.81,2501.12,166.4464
1787920140000,2501.11,2501.99,2501.11,2501.18,24.59
1787920200000,2501.18,2501.28,2499.69,2499.96,123.6935
1787920260000,2499.96,2500.71,2499.6,2500.52,68.0138
1787920320000,2500.53,2500.65,2499.47,2499.47,62.1491
1787920380000,2499.48,2500.4,2498.65,2498.79,166.1264
1787920440000,2498.78,2499.36,2498.71,2499.35,41.8411
1787920500000,2499.35,2499.9,2498.65,2498.65,65.7965
1787920560000,2498.65,2498.66,2497.44,2497.83,112.1736
1787920620000,2497.82,2498.06,2496.95,2497.17,109.2391
1787920680000,2497.17,2498.39,2496.47,2496.82,212.2981
1787920740000,2496.82,2497.9,2496.82,2496.87,70.2747
1787920800000,2496.87,2496.87,2496.24,2496.28,134.0661
1787920860000,2496.28,2496.28,2495.4,2495.78,64.5251
1787920920000,2495.78,2497.29,2495.47,2496.99,103.0668
1787920980000,2496.99,2497.3,2495.29,2496.98,161.7545
1787921040000,2496.98,2499,2496.98,2498.96,152.2313
1787921100000,2498.97,2499.24,2498.25,2498.74,53.6954
1787921160000,2498.75,2498.75,2497.77,2498.36,36.2796
1787921220000,2498.36,2498.95,2498.36,2498.91,46.8226
1787921280000,2498.92,2498.92,2497.68,2497.68,40.9933
1787921340000,2497.69,2497.94,2496.54,2497.48,176.5867
1787921400000,2497.47,2497.48,2496.66,2497.18,78.8377
1787921460000,2497.18,2498.1,2497.18,2498.1,24.38
1787921520000,2498.09,2498.48,2498.04,2498.48,135.6554
1787921580000,2498.48,2498.68,2497.46,2497.57,25.8784
1787921640000,2497.58,2497.88,2497.57,2497.87,19.8656
1787921700000,2497.88,2498.63,2497.72,2497.73,31.5399
1787921760000,2497.73,2498.21,2497.73,2497.78,34.4589
1787921820000,2497.79,2498.37,2497.78,2498.31,33.1019
1787921880000,2498.31,2499.12,2498.31,2499,53.5372
1787921940000,2499,2499.11,2498.99,2499.11,38.5352
1787922000000,2499.1,2499.1,2497.57,2497.61,219.4886
1787922060000,2497.61,2500.31,2497.61,2500.31,68.7962
1787922120000,2500.32,2502.02,2500.32,2502.02,104.6669
1787922180000,2502.02,2502.83,2501.8,2501.81,110.1536
1787922240000,2501.81,2503.42,2501.81,2503.42,337.093
1787922300000,2503.41,2504.12,2503.14,2503.14,729.4679
1787922360000,2503.11,2503.11,2500.2,2500.33,145.8869
1787922420000,2500.33,2501.73,2500.01,2501.25,125.2506
1787922480000,2501.24,2501.24,2499.3,2499.62,315.4276
1787922540000,2499.62,2499.62,2497.28,2498.5,131.8209
1787922600000,2498.5,2499.15,2498.04,2499.15,75.7932
1787922660000,2499.15,2500.36,2499.15,2500,75.0419
1787922720000,2499.99,2500.27,2499.61,2499.93,78.6685
1787922780000,2499.93,2500.11,2499.82,2500.11,60.8065
1787922840000,2500.1,2500.58,2499.72,2500.58,149.1824
1787922900000,2500.58,2500.58,2496.9,2497.62,110.5783
1787922960000,2497.63,2497.88,2497.15,2497.8,88.6701
1787923020000,2497.8,2499.66,2497.37,2499.66,76.8683
1787923080000,2499.66,2500.13,2499.66,2499.92,78.2277
1787923140000,2499.92,2500.26,2499.92,2500.15,58.4833
1787923200000,2500.15,2500.21,2499.23,2499.84,62.8389
1787923260000,2499.84,2500.15,2499.23,2499.73,57.7131
1787923320000,2499.72,2499.73,2498.46,2498.47,69.4451
1787923380000,2498.46,2498.47,2497.39,2497.76,106.4341
1787923440000,2497.76,2497.76,2497.15,2497.7,66.937
1787923500000,2497.69,2499.3,2497.48,2498.42,116.4339
1787923560000,2498.42,2499.02,2498,2498.01,82.5303
1787923620000,2498,2500.65,2495.22,2500.65,536.7493
1787923680000,2500.65,2501.67,2499.14,2499.5,730.3094
1787923740000,2499.5,2499.92,2498.25,2498.89,112.2174
1787923800000,2498.89,2501.78,2498.33,2500,246.0457
1787923860000,2500,2503.33,2499.68,2501.1,476.1774
1787923920000,2501.1,2502.18,2500,2501.82,185.6529
1787923980000,2501.83,2503.42,2500.5,2503.41,254.9787
1787924040000,2503.41,2503.42,2502.34,2503.13,144.6572
1787924100000,2503.14,2505.02,2502.36,2503.4,366.9922
1787924160000,2503.39,2503.39,2501.55,2502.8,238.3523
1787924220000,2502.76,2502.76,2500.98,2501.32,76.0817
1787924280000,2501.32,2502.02,2498.49,2500.45,238.4582
1787924340000,2500.45,2500.88,2498.54,2498.54,150.4848
1787924400000,2498.54,2498.55,2496.86,2497.67,237.3772
1787924460000,2497.67,2500.62,2497.67,2499.19,342.5764
1787924520000,2499.2,2499.67,2496.24,2497.27,189.5378
1787924580000,2497.28,2498.72,2496.6,2498.72,234.9025
1787924640000,2498.72,2498.88,2497.15,2497.68,109.5215
1787924700000,2497.67,2499.11,2496.24,2499.11,204.2004
1787924760000,2499.11,2500.92,2497.7,2500.92,299.9943
1787924820000,2500.92,2502.96,2500.66,2501.71,353.2499
1787924880000,2501.71,2505.5,2501.6,2505.23,448.4702
1787924940000,2505.24,2505.8,2501.41,2502.39,495.3516
1787925000000,2502.39,2505.08,2502.39,2504.35,104.8644
1787925060000,2504.35,2505.95,2503.21,2504.92,198.3056
1787925120000,2504.92,2506.5,2503.44,2505.17,296.6453
1787925180000,2505.18,2509.79,2505.18,2509.34,643.3629
1787925240000,2509.34,2514.56,2508,2512.75,1330.2803
1787925300000,2512.75,2516.4,2510.3,2514.73,2301.8891
1787925360000,2514.73,2515.81,2511.81,2512.38,381.1604
1787925420000,2512.38,2514.15,2512.04,2513.6,570.5246
1787925480000,2513.6,2518,2513,2517.89,1060.1923
1787925540000,2517.9,2518.26,2509.16,2509.17,964.8595
1787925600000,2509.17,2525,2506.93,2513.52,3930.8099
1787925660000,2513.51,2513.51,2501.8,2501.95,1381.612
1787925720000,2501.94,2503.72,2490.5,2498.86,2455.4615
1787925780000,2499.01,2500.13,2492.9,2492.9,693.0375
1787925840000,2492.91,2495.05,2490.81,2491.06,685.9399
1787925900000,2491.06,2493.89,2485,2485.31,1828.202
1787925960000,2485.32,2487.61,2480.59,2484.94,4395.6166
1787926020000,2484.95,2487.03,2481.29,2484.99,932.8965
1787926080000,2484.99,2492.45,2483.65,2492.43,1120.5713
1787926140000,2492.44,2495.38,2485.99,2487.26,1759.4998
1787926200000,2487.26,2489.58,2484.73,2485.4,487.6543
1787926260000,2485.39,2485.93,2479.05,2482.96,1324.3437
1787926320000,2482.96,2483.31,2475.79,2478.87,1110.9539
1787926380000,2478.87,2478.98,2468,2477.29,2783.5086
1787926440000,2477.29,2480.02,2475,2477.91,579.7388
1787926500000,2477.91,2477.92,2472.01,2473.84,455.9328
1787926560000,2473.85,2476.66,2473.08,2476.66,285.834
1787926620000,2476.67,2483.49,2476.41,2481.4,683.6731
1787926680000,2481.4,2484.22,2480.4,2482.05,914.2722
1787926740000,2482.05,2486.65,2482.05,2486,401.4292
1787926800000,2486,2488.3,2485.17,2487.82,347.9206
1787926860000,2487.83,2490.56,2486.38,2488.82,447.5327
1787926920000,2488.83,2493.07,2488.1,2490.95,346.0021
1787926980000,2490.94,2491.2,2484.61,2485.12,453.1734
1787927040000,2485.12,2487.36,2482.4,2487.27,295.1224
1787927100000,2487.28,2491.11,2486.38,2486.38,330.2425
1787927160000,2486.34,2487.16,2482.96,2487.15,150.8231
1787927220000,2487.16,2487.44,2482.31,2483.74,370.7588
1787927280000,2483.75,2485.42,2481.81,2484.48,173.1782
1787927340000,2484.47,2493.35,2483.63,2492.12,521.2576
1787927400000,2492.11,2492.11,2486.89,2488.44,373.7254
1787927460000,2488.44,2492.29,2486.67,2492.27,213.5366
1787927520000,2492.27,2496.51,2492.11,2495.11,592.9787
1787927580000,2495.11,2497.16,2494.11,2495.97,442.7206
1787927640000,2495.98,2504.5,2495.83,2504.26,836.1701
1787927700000,2504.26,2509.08,2503.46,2504.96,1033.7047
1787927760000,2504.95,2506.89,2503.37,2504.9,440.0107
1787927820000,2504.89,2521.58,2504.89,2515.9,3036.0123
1787927880000,2515.85,2526.64,2515.46,2518.01,3251.1026
1787927940000,2518.01,2518.94,2511.68,2512.52,619.2662
1787928000000,2512.53,2518.05,2512.32,2516.24,412.8749
1787928060000,2516.24,2516.24,2513.16,2513.74,256.5861
1787928120000,2513.74,2514.08,2506.41,2507.43,891.9823
1787928180000,2507.42,2509.45,2506.41,2507.65,342.7122
1787928240000,2507.66,2510.97,2507.65,2510,230.0171
1787928300000,2510.01,2511.66,2506.61,2507.05,272.5134
1787928360000,2507.05,2507.56,2505.55,2506.69,334.9961
1787928420000,2506.68,2507.59,2504.08,2505.61,290.7411
1787928480000,2505.62,2506.78,2502.31,2502.78,408.4865
1787928540000,2502.77,2502.9,2500,2501.62,393.8913
1787928600000,2501.61,2505.92,2501.44,2505.68,223.1743
1787928660000,2505.68,2506.72,2504.6,2506.67,214.3497
1787928720000,2506.68,2506.9,2502.98,2506.17,123.1418
1787928780000,2506.17,2510.45,2506.16,2510.31,346.7433
1787928840000,2510.32,2511.36,2509.44,2511.35,167.1649
1787928900000,2511.35,2514.46,2510.56,2514.35,240.5123
1787928960000,2514.35,2515,2512.83,2514.32,329.3254
1787929020000,2514.33,2515,2513.17,2513.85,1019.9578
1787929080000,2513.85,2514.09,2510.75,2512.27,153.0089
1787929140000,2512.27,2513,2511.32,2513,72.0186
1787929200000,2513,2519.25,2513,2516.34,2133.7843
1787929260000,2516.34,2517.89,2511.34,2511.35,400.1419
1787929320000,2511.36,2511.36,2506.16,2508.68,451.2563
1787929380000,2508.68,2510.11,2506.89,2508.03,121.3969
1787929440000,2508.04,2510.31,2508.01,2509.44,101.25
1787929500000,2509.44,2509.72,2507.59,2507.59,156.5833
1787929560000,2507.59,2508.55,2506.58,2506.59,95.1294
1787929620000,2506.59,2507.05,2504.41,2505.86,145.6226
1787929680000,2505.87,2507.26,2504.91,2505.07,96.488
1787929740000,2505.08,2505.8,2503.36,2503.81,149.2904
1787929800000,2503.82,2505.69,2502.28,2505.67,139.1546
1787929860000,2505.67,2507.55,2505.08,2507.15,73.8795
1787929920000,2507.14,2507.56,2504.68,2505.26,76.9203
1787929980000,2505.26,2505.37,2502.52,2504.8,69.4786
1787930040000,2504.8,2505.72,2502.79,2503.6,569.4615
1787930100000,2503.6,2506.21,2503.54,2505.49,163.9661
1787930160000,2505.49,2505.49,2503.41,2504.15,314.5891
1787930220000,2504.16,2506.95,2504.06,2506.8,89.6482
1787930280000,2506.79,2507.87,2504.62,2507.24,140.5162
1787930340000,2507.23,2510.81,2506.79,2507.56,977.4506
1787930400000,2507.55,2510,2505.43,2507.52,237.0706
1787930460000,2507.52,2508,2503.62,2506.73,400.8216
1787930520000,2506.74,2507.35,2502.64,2504.8,262.4601
1787930580000,2504.8,2507.59,2504.64,2505.5,146.2782
1787930640000,2505.51,2508.16,2505.12,2508.15,84.4996
1787930700000,2508.16,2511.57,2507.85,2511.31,295.0484
1787930760000,2511.32,2512.56,2510.11,2511.04,146.9189
1787930820000,2511.04,2511.05,2507.53,2508.6,138.4972
1787930880000,2508.6,2508.6,2503.18,2505.85,566.2155
1787930940000,2505.85,2507.15,2504.9,2507.14,71.0491
1787931000000,2507.14,2508.1,2503.71,2505.86,407.9663
1787931060000,2505.86,2505.86,2502.86,2503.31,129.1414
1787931120000,2503.31,2504.46,2501.59,2504.45,229.9055
1787931180000,2504.44,2506.48,2503.89,2506.18,58.7179
1787931240000,2506.17,2506.68,2504.05,2504.1,106.3573
1787931300000,2504.1,2504.1,2501.84,2503.35,77.3513
1787931360000,2503.35,2505.84,2503.01,2505.63,143.3246
1787931420000,2505.63,2505.71,2503.86,2504.15,2834.8364
1787931480000,2504.15,2507.15,2503.96,2505.3,90.6466
1787931540000,2505.3,2505.63,2503.88,2503.96,134.4823
1787931600000,2503.96,2504.47,2495.99,2496,1965.2772
1787931660000,2496,2496.12,2489.8,2491.07,1839.6704
1787931720000,2491.39,2492.63,2487.68,2489.96,770.154
1787931780000,2489.96,2492.56,2488,2489.57,767.4696
1787931840000,2489.58,2490.25,2487.68,2489.14,1137.0475
1787931900000,2489.14,2489.87,2486.51,2488.2,338.9863
1787931960000,2488.21,2493.37,2487.88,2493.14,329.136
1787932020000,2493.15,2495.41,2492.41,2492.42,353.4843
1787932080000,2492.42,2492.72,2488.61,2489.41,138.9713
1787932140000,2489.42,2489.42,2486.89,2487.01,239.9742
1787932200000,2487,2488.1,2485,2486.78,739.6549
1787932260000,2486.77,2486.77,2480,2480.82,1682.7732
1787932320000,2480.82,2481.3,2478.72,2478.84,3801.326
1787932380000,2478.85,2480.42,2476.86,2479.19,842.3602
1787932440000,2479.19,2480.97,2477.84,2480.75,791.1873
1787932500000,2480.75,2480.88,2478.38,2478.72,745.4165
1787932560000,2478.73,2481.54,2478.24,2481.53,491.5902
1787932620000,2481.53,2481.54,2476.06,2476.54,489.0825
1787932680000,2476.55,2478,2471.35,2471.92,1343.3959
1787932740000,2471.92,2474.41,2470,2471.89,1181.2864
1787932800000,2471.89,2473.95,2470.91,2472.38,535.6337
1787932860000,2472.38,2472.67,2455.45,2463.45,6006.331
1787932920000,2463.46,2464.91,2457.06,2458.93,1096.1345
1787932980000,2458.93,2459.05,2445.4,2455.99,6431.4519
1787933040000,2456,2459.01,2454.03,2456.42,1815.9182
1787933100000,2456.41,2461.87,2456.31,2460.71,603.8831
1787933160000,2460.72,2463.16,2459.36,2459.68,1307.199
1787933220000,2459.68,2464.63,2459.68,2460.55,1060.1805
1787933280000,2460.55,2462.49,2457.72,2458.61,524.7855
1787933340000,2458.62,2460.09,2456.66,2457.36,478.3006
1787933400000,2457.37,2457.82,2455,2457.24,346.4815
1787933460000,2457.23,2457.23,2449.4,2449.92,890.1493
1787933520000,2449.92,2450.38,2445.26,2449.84,1332.4107
1787933580000,2449.84,2450.66,2446.26,2446.79,1500.4574
1787933640000,2446.78,2447.99,2444.59,2445.35,1251.9032
1787933700000,2445.35,2447.19,2442.89,2443,1454.6276
1787933760000,2443,2445.05,2441.4,2442.39,1343.9138
1787933820000,2442.39,2443.19,2437.5,2439.44,1856.5889
1787933880000,2439.44,2444.37,2438.01,2442.19,960.5578
1787933940000,2442.19,2447.74,2441.91,2443.71,2176.8074
1787934000000,2443.7,2450.29,2442.43,2445.95,1216.3703
1787934060000,2445.94,2447.4,2442.8,2444.04,617.278
1787934120000,2444.04,2444.14,2440.7,2442.91,687.6983
1787934180000,2442.91,2443.01,2435,2437.3,2352.1379
1787934240000,2437.3,2437.37,2415,2419.45,7938.1431
1787934300000,2419.44,2421.18,2405.97,2418.72,7772.507
1787934360000,2418.72,2423.61,2412.95,2421.28,1691.6066
1787934420000,2421.27,2432.7,2418.72,2431.66,2795.0838
1787934480000,2431.56,2435.24,2428.81,2431.98,2146.0129
1787934540000,2431.92,2433.97,2429.41,2430.45,1042.0928
1787934600000,2430.45,2437.55,2429.47,2434.01,1367.5706
1787934660000,2434.02,2439.45,2434.02,2437.21,1119.1729
1787934720000,2437.21,2441,2437.21,2440.31,770.7929
1787934780000,2440.31,2441.32,2434.39,2435.1,1054.9805
1787934840000,2435.1,2435.28,2430.35,2431.85,586.2032
1787934900000,2431.84,2436.03,2431.84,2435.53,579.6842
1787934960000,2435.52,2436.03,2432.3,2434.9,629.8056
1787935020000,2434.89,2438.12,2433.24,2438.01,1192.9159
1787935080000,2438,2442,2437.54,2441.99,725.0384
1787935140000,2442,2446.71,2438.97,2440.95,1336.6125
1787935200000,2440.95,2443.13,2440.61,2441.01,791.9424
1787935260000,2441,2441.82,2438.16,2439.88,344.0554
1787935320000,2439.88,2441.97,2439.29,2440.29,212.1259
1787935380000,2440.29,2442,2438.41,2438.42,410.3569
1787935440000,2438.41,2438.91,2436.55,2436.84,299.6855
1787935500000,2436.85,2442.87,2436.85,2442.54,472.1489
1787935560000,2442.54,2442.86,2440.32,2441.72,468.5896
1787935620000,2441.72,2443.25,2440.07,2442.92,291.3821
1787935680000,2442.91,2443.72,2440.66,2441.61,249.8046
1787935740000,2441.6,2444.52,2441.15,2442.52,256.1943
1787935800000,2442.52,2442.76,2437.92,2438.22,396.5445
1787935860000,2438.22,2441.1,2436.64,2441.1,350.3352
1787935920000,2441.1,2443.65,2440.44,2443.65,274.0065
1787935980000,2443.64,2443.64,2440.21,2440.21,195.288
1787936040000,2440.21,2443.2,2439.83,2440.81,433.7904
1787936100000,2440.82,2444.04,2440.82,2444.04,162.2834
1787936160000,2444.04,2445.17,2443.1,2444.9,256.6634
1787936220000,2444.9,2444.9,2443,2444.13,157.8022
1787936280000,2444.12,2444.45,2442.13,2443.52,258.8405
1787936340000,2443.52,2443.9,2442.29,2442.29,163.2273
1787936400000,2442.3,2443.17,2438.27,2438.54,276.06
1787936460000,2438.55,2439.91,2438.34,2439.68,265.6508
1787936520000,2439.68,2442.91,2437.5,2441.76,365.5383
1787936580000,2441.76,2442.01,2439.18,2440.19,457.3099
1787936640000,2440.19,2441.76,2438.7,2439.25,327.1635
1787936700000,2439.25,2439.63,2437.52,2437.98,490.7584
1787936760000,2437.98,2439.76,2437.69,2438.63,123.7242
1787936820000,2438.63,2441.12,2437.68,2440.78,370.712
1787936880000,2440.77,2443.65,2440.63,2441.25,591.5118
1787936940000,2441.25,2442.04,2440,2440,103.4565
1787937000000,2440.01,2440.86,2438.44,2440.53,123.6322
1787937060000,2440.54,2444.1,2439.5,2444.1,734.0311
1787937120000,2444.1,2444.11,2442.94,2443.88,153.6508
1787937180000,2443.89,2445.04,2443.45,2443.46,303.5225
1787937240000,2443.46,2445.64,2442.95,2445.64,281.5758
1787937300000,2445.64,2446.15,2443.23,2444.47,209.7785
1787937360000,2444.48,2446.47,2443.87,2445.89,146.4955
1787937420000,2445.88,2447.29,2444.77,2446.98,591.1321
1787937480000,2446.97,2446.97,2444.28,2444.3,112.0506
1787937540000,2444.3,2448.22,2444.3,2447.02,321.1825
1787937600000,2447.02,2447.88,2446.08,2447.21,173.0963
1787937660000,2447.22,2447.79,2444.04,2444.05,299.3579
1787937720000,2444.04,2444.88,2442.04,2442.68,174.027
1787937780000,2442.69,2446.33,2442.69,2443.01,248.6158
1787937840000,2443.01,2443.98,2442.44,2442.78,267.409
1787937900000,2442.79,2443.02,2439.71,2440.19,497.1275
1787937960000,2440.18,2440.18,2438.19,2440,379.88
1787938020000,2439.99,2441.89,2439.15,2441.64,177.4648
1787938080000,2441.63,2444.71,2441.63,2444.7,103.6528
1787938140000,2444.71,2444.71,2442.75,2442.75,83.7113
1787938200000,2442.75,2442.76,2439.76,2441.25,210.7266
1787938260000,2441.26,2443.13,2441.25,2443.12,90.5029
1787938320000,2443.13,2443.9,2442.78,2443.89,140.7027
1787938380000,2443.89,2445.67,2443.89,2444.82,106.289
1787938440000,2444.82,2444.82,2442.2,2442.2,77.7318
1787938500000,2442.21,2442.74,2440.68,2440.69,156.68
1787938560000,2440.68,2440.69,2438.96,2438.97,177.6509
1787938620000,2438.97,2439.23,2437.43,2438.46,300.1913
1787938680000,2438.46,2441.64,2438.46,2439.28,415.9372
1787938740000,2439.28,2440.74,2438.94,2438.94,146.6579
1787938800000,2438.93,2439.64,2438.58,2439.55,96.7774
1787938860000,2439.55,2440.66,2439.01,2440.07,64.3322
1787938920000,2440.08,2440.2,2437.71,2439.4,114.2682
1787938980000,2439.4,2440.03,2438.39,2438.53,96.2443
1787939040000,2438.52,2438.79,2438.26,2438.79,39.4447
1787939100000,2438.78,2440.34,2438.78,2440.33,30.2085
1787939160000,2440.34,2443.45,2440.34,2443.39,337.0554
1787939220000,2443.39,2444.76,2442.34,2444.66,152.9011
1787939280000,2444.65,2445,2443.28,2444.41,56.6377
1787939340000,2444.41,2446.56,2444.4,2446.06,176.9823
1787939400000,2446.07,2446.55,2444.66,2445.22,289.5219
1787939460000,2445.21,2445.68,2444.67,2445.67,83.7648
1787939520000,2445.67,2445.68,2443.65,2444.74,111.8021
1787939580000,2444.73,2444.73,2443.06,2443.12,31.9575
1787939640000,2443.11,2443.24,2443.11,2443.24,24.283
1787939700000,2443.23,2443.69,2442.52,2443.69,208.4319
1787939760000,2443.69,2444.77,2443.65,2444.77,131.2913
1787939820000,2444.77,2445.1,2442.91,2443.31,495.9989
1787939880000,2443.3,2443.36,2442.84,2443.36,83.6618
1787939940000,2443.35,2443.8,2443.3,2443.79,43.2828
1787940000000,2443.79,2445.02,2443.64,2444.09,152.5647
1787940060000,2444.08,2444.08,2442.29,2443.65,298.8842
1787940120000,2443.65,2443.65,2441.47,2442.42,147.0688
1787940180000,2442.41,2442.6,2441.57,2442.6,151.0552
1787940240000,2442.6,2443.45,2441.24,2441.24,91.4051
1787940300000,2441.24,2442.88,2440.96,2441.28,167.8319
1787940360000,2441.28,2441.62,2440.09,2440.1,97.0257
1787940420000,2440.09,2440.09,2439,2439.76,130.5561
1787940480000,2439.75,2441.24,2439.75,2441.24,106.85
1787940540000,2441.24,2442.62,2441.23,2441.51,71.2787
1787940600000,2441.52,2441.72,2438.91,2439.94,146.4803
1787940660000,2439.94,2441.07,2439.94,2440.98,583.6456
1787940720000,2440.98,2440.99,2439.19,2439.35,713.8799
1787940780000,2439.34,2439.65,2438.03,2438.64,156.8347
1787940840000,2438.64,2438.93,2438.22,2438.26,172.7461
1787940900000,2438.27,2438.52,2437.99,2438.08,625.1518
1787940960000,2438.08,2438.21,2437.38,2437.5,204.943
1787941020000,2437.5,2439.71,2436.95,2439.14,536.3433
1787941080000,2439.15,2439.64,2437.86,2437.86,114.8385
1787941140000,2437.87,2437.87,2430.11,2434.65,1222.6926
1787941200000,2434.66,2435.41,2434.31,2434.32,313.8751
1787941260000,2434.31,2434.31,2430,2430,414.8656
1787941320000,2430.13,2433,2430.1,2432.84,324.4936
1787941380000,2432.84,2433.8,2430.74,2430.74,294.0554
1787941440000,2430.75,2433.05,2430.74,2431.01,126.2255
1787941500000,2431.01,2432.38,2430.74,2432.24,156.4705
1787941560000,2432.23,2433.96,2432.09,2433.96,261.5498
1787941620000,2433.96,2434.66,2431.66,2431.74,153.8991
1787941680000,2431.74,2432.15,2431.73,2432.04,68.12
1787941740000,2432.03,2432.85,2431.46,2431.47,57.3441
1787941800000,2431.46,2432.85,2431.03,2431.03,93.8291
1787941860000,2431.03,2431.03,2428.62,2429.36,513.6386
1787941920000,2429.36,2432.24,2428.96,2431.02,859.4198
1787941980000,2431.01,2431.01,2429.65,2430.75,143.0873
1787942040000,2430.76,2432.85,2430.76,2431.6,113.7982
1787942100000,2431.61,2432.05,2428.29,2428.38,249.6566
1787942160000,2428.38,2428.39,2425.21,2427.2,425.6529
1787942220000,2427.21,2428.2,2425.89,2425.91,313.1646
1787942280000,2425.91,2427.16,2421.1,2422.15,685.2596
1787942340000,2422.15,2423.7,2419.42,2423.63,1091.8204
1787942400000,2423.63,2427.05,2423.63,2425.73,229.6748
1787942460000,2425.74,2427.63,2424.47,2425.07,985.4566
1787942520000,2425.07,2425.07,2423.04,2424.12,907.7651
1787942580000,2424.12,2424.99,2422.98,2422.98,916.9819
1787942640000,2422.99,2425.07,2422.91,2423.4,399.3441
1787942700000,2423.4,2424.87,2421.2,2422.01,705.9363
1787942760000,2422.02,2423.96,2420.55,2422.79,406.8175
1787942820000,2422.79,2422.79,2418.08,2419.32,792.8492
1787942880000,2419.32,2421.6,2418.79,2419.52,529.8269
1787942940000,2419.52,2419.64,2418.12,2418.51,192.684
1787943000000,2418.52,2420.54,2418.36,2420.06,254.3868
1787943060000,2420.05,2425.11,2419.42,2425.09,827.0091
1787943120000,2425.09,2426.79,2424.43,2425.32,298.3799
1787943180000,2425.32,2426.44,2424.49,2426.21,147.3876
1787943240000,2426.21,2426.97,2426.21,2426.97,198.7368
1787943300000,2426.96,2426.96,2424.34,2426.77,80.9615
1787943360000,2426.76,2426.98,2425.97,2426.98,106.6759
1787943420000,2426.98,2427.66,2425.37,2425.38,85.1247
1787943480000,2425.38,2426.12,2425.38,2425.8,48.8423
1787943540000,2425.8,2429.05,2425.8,2428.68,129.8377
1787943600000,2428.67,2430.94,2428.67,2430.04,213.9262
1787943660000,2430.04,2432.39,2430.04,2432.39,420.1716
1787943720000,2432.39,2432.88,2429.65,2430.87,280.5333
1787943780000,2430.86,2431.95,2429.7,2429.71,63.0441
1787943840000,2429.71,2430.58,2428.62,2429.87,435.7316
1787943900000,2429.87,2430.93,2429.58,2430.93,58.099
1787943960000,2430.93,2431,2430.63,2430.65,40.7758
1787944020000,2430.65,2434.16,2430.33,2433.38,437.1587
1787944080000,2433.38,2434.95,2433.38,2434.63,134.4944
1787944140000,2434.63,2436.9,2434.41,2436.57,228.5576
1787944200000,2436.58,2437.89,2435.85,2437.66,245.8942
1787944260000,2437.65,2437.66,2436.25,2436.52,78.8078
1787944320000,2436.52,2436.52,2434.77,2434.78,88.1439
1787944380000,2434.78,2435.58,2434.78,2435.4,63.3377
1787944440000,2435.39,2436.73,2435.21,2435.86,101.0226
1787944500000,2435.86,2435.86,2435.41,2435.46,211.7913
1787944560000,2435.45,2435.45,2434.48,2434.48,235.1869
1787944620000,2434.48,2435.52,2434.18,2435.52,116.1093
1787944680000,2435.51,2435.52,2434.25,2434.25,62.0438
1787944740000,2434.26,2435.08,2434.13,2434.96,95.9177
1787944800000,2434.96,2437.15,2434.83,2437.14,90.952
1787944860000,2437.14,2443.1,2437.14,2440.2,970.4698
1787944920000,2440.21,2440.6,2439.44,2439.77,166.5209
1787944980000,2439.76,2439.76,2437.67,2437.68,89.2604
1787945040000,2437.68,2438.11,2437.63,2438.11,74.356
1787945100000,2438.1,2439.78,2438.1,2439.78,108.5338
1787945160000,2439.77,2440.33,2439.77,2440.12,67.5953
1787945220000,2440.12,2440.83,2440.12,2440.32,75.9807
1787945280000,2440.32,2440.66,2439.31,2439.33,151.7857
1787945340000,2439.34,2439.34,2438.7,2438.71,73.946
1787945400000,2438.7,2438.7,2436.85,2437.28,152.1501
1787945460000,2437.29,2437.94,2436.39,2436.61,199.0777
1787945520000,2436.62,2438.11,2436.32,2436.67,102.0396
1787945580000,2436.67,2436.67,2435.42,2435.58,441.2295
1787945640000,2435.58,2437.58,2435.58,2437.13,750.694
1787945700000,2437.12,2437.72,2436.07,2436.74,708.7142
1787945760000,2436.73,2438.27,2436.73,2437.91,301.5153
1787945820000,2437.91,2438.21,2436.49,2437.39,550.3183
1787945880000,2437.39,2438.94,2437.39,2438.14,151.9539
1787945940000,2438.13,2438.66,2437.92,2438.35,95.9881
1787946000000,2438.35,2438.98,2438.35,2438.65,53.212
1787946060000,2438.65,2438.66,2438.16,2438.27,34.9194
1787946120000,2438.27,2438.75,2438.27,2438.74,49.0447
1787946180000,2438.74,2439.01,2438,2438,93.5299
1787946240000,2438,2438,2436.16,2436.25,120.4485
1787946300000,2436.25,2436.87,2435.67,2435.67,87.8918
1787946360000,2435.67,2435.67,2434.52,2434.98,261.0432
1787946420000,2434.98,2435.26,2434.79,2435.21,49.0413
1787946480000,2435.2,2435.2,2433.76,2433.76,150.517
1787946540000,2433.75,2433.75,2432.56,2433.34,175.3731
1787946600000,2433.34,2434.15,2432.97,2432.97,305.1658
1787946660000,2432.98,2433.92,2432.4,2432.41,54.7807
1787946720000,2432.4,2433.77,2432.4,2432.94,150.3022
1787946780000,2432.94,2432.95,2431.84,2431.84,153.8602
1787946840000,2431.85,2432.07,2431.07,2431.07,101.1403
1787946900000,2431.08,2434.53,2431.08,2434.53,188.2864
1787946960000,2434.52,2435.41,2433.7,2435.41,145.303
1787947020000,2435.42,2435.91,2434.99,2435.91,121.4943
1787947080000,2435.95,2436.97,2435.04,2435.71,192.3697
1787947140000,2435.7,2435.7,2434.56,2435.69,221.7795
1787947200000,2435.68,2436,2433.38,2435.98,157.5573
1787947260000,2435.99,2436.1,2434.55,2435.12,117.5298
1787947320000,2435.12,2435.33,2434.49,2434.5,42.3032
1787947380000,2434.49,2434.5,2433.03,2434.2,125.5102
1787947440000,2434.2,2434.49,2430.77,2432.04,171.1097
1787947500000,2432.05,2432.62,2431.46,2431.84,74.2674
1787947560000,2431.85,2432.04,2431.14,2431.15,89.828
1787947620000,2431.15,2435.21,2431.14,2435.11,113.6726
1787947680000,2435.12,2435.4,2434.92,2435.33,93.8003
1787947740000,2435.33,2435.54,2433.34,2435.47,147.3229
1787947800000,2435.47,2436.12,2435.18,2435.18,141.3356
1787947860000,2435.19,2436,2434.24,2434.24,303.0666
1787947920000,2434.24,2434.69,2433.73,2434.68,43.0055
1787947980000,2434.69,2435.21,2434.68,2435.21,47.3217
1787948040000,2435.22,2435.99,2435.22,2435.93,34.5703
1787948100000,2435.93,2435.93,2435.27,2435.61,33.3047
1787948160000,2435.61,2435.61,2433.86,2433.87,93.4775
1787948220000,2433.86,2433.87,2433,2433.08,37.0014
1787948280000,2433.08,2434.43,2433.08,2434.42,60.0207
1787948340000,2434.42,2434.65,2431.38,2431.39,76.2905
1787948400000,2431.38,2431.39,2430.77,2431.06,33.2094
1787948460000,2431.06,2432.99,2431.05,2432.99,65.5147
1787948520000,2432.99,2433.85,2432.98,2433.27,80.2788
1787948580000,2433.26,2433.44,2432.65,2432.65,89.2098
1787948640000,2432.66,2433.86,2432.65,2433.64,101.227
1787948700000,2433.64,2433.64,2432.66,2432.9,121.1061
1787948760000,2432.91,2433.6,2432.9,2433.59,45.291
1787948820000,2433.58,2433.59,2432.66,2432.67,31.0965
1787948880000,2432.67,2432.67,2432.46,2432.48,28.4135
1787948940000,2432.47,2432.48,2432.39,2432.4,12.8083
1787949000000,2432.39,2432.39,2430.57,2430.57,76.3327
1787949060000,2430.57,2431.23,2429,2429,150.2969
1787949120000,2429.01,2429.01,2426.9,2427.41,90.0938
1787949180000,2427.4,2427.5,2426,2426,325.6732
1787949240000,2426,2426,2424.68,2425.28,247.9691
1787949300000,2425.28,2426.02,2424.68,2424.69,68.0782
1787949360000,2424.69,2425.46,2424.03,2425.46,221.2042
1787949420000,2425.46,2428.11,2425.46,2427.48,319.6757
1787949480000,2427.48,2427.74,2427.08,2427.36,71.6052
1787949540000,2427.36,2427.98,2427.35,2427.48,110.2496
1787949600000,2427.48,2429.25,2427.12,2429.01,95.3814
1787949660000,2429.01,2429.01,2427.61,2427.61,75.3726
1787949720000,2427.61,2428.17,2427.61,2428.17,17.9126
1787949780000,2428.16,2428.33,2428.16,2428.32,23.4849
1787949840000,2428.32,2428.47,2427.45,2427.46,80.6523
1787949900000,2427.45,2428.8,2427.28,2428.79,101.227
1787949960000,2428.8,2429.36,2427.89,2427.89,52.4671
1787950020000,2427.89,2428.39,2427.67,2428.39,36.8146
1787950080000,2428.4,2430.66,2428.4,2429.4,85.1528
1787950140000,2429.39,2431.12,2429.39,2429.72,162.919
1787950200000,2429.71,2429.71,2427.41,2427.47,60.9563
1787950260000,2427.48,2428.45,2427.48,2427.92,50.5657
1787950320000,2427.93,2428.68,2426.48,2426.69,65.3526
1787950380000,2426.69,2427.34,2426.43,2427.34,45.61
1787950440000,2427.34,2428.58,2427.14,2428.06,47.5194
1787950500000,2428.06,2428.06,2427.58,2427.98,47.844
1787950560000,2427.97,2427.98,2427.34,2427.61,44.7418
1787950620000,2427.62,2427.62,2427.36,2427.36,55.2933
1787950680000,2427.36,2427.37,2427.04,2427.19,93.0063
1787950740000,2427.19,2427.61,2426.89,2427.61,188.8425
1787950800000,2427.61,2428.65,2427.61,2428.38,53.2991
1787950860000,2428.39,2428.39,2426.05,2426.87,69.2769
1787950920000,2426.86,2427.06,2426.14,2426.72,70.1836
1787950980000,2426.72,2426.73,2425.69,2425.94,91.5362
1787951040000,2425.94,2426.72,2425.62,2426.37,57.6107
1787951100000,2426.38,2427.79,2426.38,2427.79,49.7265
1787951160000,2427.8,2428.92,2427.79,2428.92,60.4854
1787951220000,2428.92,2429.3,2428.91,2429.29,25.8773
1787951280000,2429.29,2429.56,2429.18,2429.19,64.4524
1787951340000,2429.19,2429.19,2426.53,2426.53,52.8585
1787951400000,2426.52,2427.24,2426.28,2427.23,67.4779
1787951460000,2427.24,2427.37,2426.5,2427.37,67.3735
1787951520000,2427.37,2427.37,2426.65,2426.89,46.5816
1787951580000,2426.89,2428.26,2426.88,2428.25,24.8726
1787951640000,2428.25,2428.28,2428.02,2428.18,40.6929
1787951700000,2428.17,2428.51,2428.02,2428.41,31.2635
1787951760000,2428.41,2428.42,2428.26,2428.27,10.549
1787951820000,2428.26,2428.27,2427.75,2427.75,27.9399
1787951880000,2427.75,2427.75,2426.87,2426.87,52.2727
1787951940000,2426.87,2427.25,2426.78,2426.79,38.9973
1787952000000,2426.78,2426.78,2426.14,2426.4,80.3344
1787952060000,2426.4,2427.26,2426.38,2427.26,54.5315
1787952120000,2427.25,2427.25,2425.65,2425.66,121.8813
1787952180000,2425.65,2426.79,2424.25,2426.6,128.1751
1787952240000,2426.6,2427.44,2426.44,2427.44,62.4193
1787952300000,2427.43,2428.42,2427.43,2428.42,23.5306
1787952360000,2428.42,2429.29,2428.42,2429.07,55.3632
1787952420000,2429.07,2429.65,2429.06,2429.4,50.4174
1787952480000,2429.39,2430.06,2428.58,2428.74,132.1561
1787952540000,2428.74,2428.74,2428.02,2428.21,64.3955
1787952600000,2428.21,2429.36,2428.17,2429.36,25.4644
1787952660000,2429.36,2431.1,2429.35,2431.09,126.4625
1787952720000,2431.1,2431.86,2431.1,2431.76,53.2675
1787952780000,2431.75,2432.14,2431.58,2432.14,29.725
1787952840000,2432.14,2432.14,2431.48,2431.49,29.3597
1787952900000,2431.48,2431.74,2431.37,2431.37,15.2183
1787952960000,2431.38,2431.38,2430.85,2431.05,12.512
1787953020000,2431.05,2431.68,2430.85,2430.85,111.7577
1787953080000,2430.86,2431.34,2430.42,2430.42,46.094
1787953140000,2430.42,2431.19,2430.26,2431.09,38.5547
1787953200000,2431.09,2431.62,2429.3,2429.34,123.8771
1787953260000,2429.34,2429.34,2427.75,2428.56,45.8381
1787953320000,2428.55,2428.56,2426.82,2428.55,211.8324
1787953380000,2428.55,2430.26,2427.35,2428.93,119.3434
1787953440000,2428.92,2429.11,2427.34,2428.8,258.4819
1787953500000,2428.8,2428.8,2427.24,2427.48,17.8708
1787953560000,2427.47,2427.47,2426.45,2426.52,82.4859
1787953620000,2426.53,2428.09,2426.53,2426.76,107.7608
1787953680000,2426.76,2426.76,2425.2,2425.2,50.5536
1787953740000,2425.21,2426.25,2425.05,2425.33,92.7945
1787953800000,2425.33,2426.46,2425.31,2425.84,65.215
1787953860000,2425.84,2425.86,2425.31,2425.35,97.7398
1787953920000,2425.35,2425.35,2422.36,2425.1,580.105
1787953980000,2425.1,2425.51,2424.06,2424.71,159.6789
1787954040000,2424.71,2425.26,2424.35,2425.01,90.3893
1787954100000,2425.01,2425.01,2424.15,2424.15,58.145
1787954160000,2424.16,2425.25,2423.32,2423.32,111.338
1787954220000,2423.33,2423.33,2422.83,2423.15,33.0982
1787954280000,2423.16,2424.24,2423.16,2423.9,31.6073
1787954340000,2423.9,2424.91,2422.42,2424.9,119.6728
1787954400000,2424.91,2425.65,2423.29,2425.52,211.5463
1787954460000,2425.52,2425.6,2424.28,2425.32,205.3985
1787954520000,2425.31,2425.31,2422.68,2423.66,52.6816
1787954580000,2423.66,2424.5,2423.01,2423.01,82.6345
1787954640000,2423.02,2423.64,2423.01,2423.52,53.1686
1787954700000,2423.51,2424.43,2423.51,2424.43,48.1039
1787954760000,2424.43,2425.9,2424.43,2425.89,73.0238
1787954820000,2425.89,2426.7,2425.89,2426.69,121.1863
1787954880000,2426.7,2427.88,2426.7,2427.54,67.8402
1787954940000,2427.53,2427.54,2427.03,2427.24,31.6547
1787955000000,2427.24,2428.28,2427.24,2428.04,68.2671
1787955060000,2428.04,2428.1,2427.06,2427.07,35.4377
1787955120000,2427.07,2429.16,2426.92,2429.16,80.0127
1787955180000,2429.15,2429.17,2428.78,2428.79,35.9968
1787955240000,2428.78,2430.05,2428.44,2430.05,131.1729
1787955300000,2430.06,2430.15,2428.19,2428.19,233.9307
1787955360000,2428.19,2428.2,2426.8,2426.97,59.8688
1787955420000,2426.97,2428.26,2426.96,2428.26,68.8712
1787955480000,2428.25,2429.56,2428.25,2429.55,31.981
1787955540000,2429.56,2429.56,2428.66,2428.68,64.1791
1787955600000,2428.67,2429.36,2427.59,2429.36,269.4361
1787955660000,2429.37,2429.52,2428.63,2428.91,32.5355
1787955720000,2428.91,2429.47,2428.91,2429.3,17.1278
1787955780000,2429.3,2429.3,2428.82,2428.99,15.8545
1787955840000,2428.99,2430.02,2428.99,2430.02,55.7407
1787955900000,2430.02,2433.31,2430.02,2432.12,447.6934
1787955960000,2432.12,2433.58,2432.12,2433,127.1302
1787956020000,2433,2436.57,2433,2434.75,414.1287
1787956080000,2434.75,2434.86,2434.24,2434.25,29.9822
1787956140000,2434.25,2434.45,2434.19,2434.38,30.7741
1787956200000,2434.37,2435.33,2434.21,2434.22,146.3649
1787956260000,2434.21,2434.68,2434.21,2434.43,48.3277
1787956320000,2434.42,2435.63,2434.24,2434.9,72.0753
1787956380000,2434.89,2434.9,2434.31,2434.64,137.0426
1787956440000,2434.65,2435.73,2433.75,2434.88,120.7862
1787956500000,2434.88,2436.57,2434.62,2436.57,77.3698
1787956560000,2436.57,2437.52,2436.57,2436.91,125.7592
1787956620000,2436.92,2437.33,2436.24,2436.66,383.0511
1787956680000,2436.65,2438,2436.65,2437.88,287.5873
1787956740000,2437.88,2438.84,2437.5,2438.59,154.4206
1787956800000,2438.6,2438.6,2437.49,2437.69,389.0569
1787956860000,2437.68,2438.1,2437.07,2438.03,268.2181
1787956920000,2438.04,2438.48,2437.37,2438.47,437.9809
1787956980000,2438.48,2439.71,2438.42,2439.52,233.0483
1787957040000,2439.52,2440,2439.3,2439.92,214.1837
1787957100000,2439.92,2441.31,2439.92,2441.14,170.2997
1787957160000,2441.13,2441.6,2440.83,2441.59,212.7716
1787957220000,2441.59,2441.61,2440.54,2441.47,132.2769
1787957280000,2441.48,2442,2441.48,2442,65.5132
1787957340000,2442,2442,2440.81,2441.33,141.3351
1787957400000,2441.34,2441.38,2440.5,2440.51,63.0186
1787957460000,2440.51,2441.37,2440,2440.14,186.4842
1787957520000,2440.14,2441.36,2440.14,2440.61,52.9722
1787957580000,2440.61,2440.61,2440.3,2440.31,21.5141
1787957640000,2440.31,2445,2440.18,2444.22,1346.587
1787957700000,2444.21,2444.22,2441.26,2441.27,195.5674
1787957760000,2441.28,2442.63,2441.17,2442.5,275.4232
1787957820000,2442.51,2442.51,2441.81,2442.21,85.3166
1787957880000,2442.2,2442.94,2442.2,2442.81,62.9265
1787957940000,2442.8,2442.8,2442.01,2442.01,31.9193
1787958000000,2442.01,2442.01,2440.21,2440.54,186.6146
1787958060000,2440.55,2441.58,2439.67,2439.67,297.6718
1787958120000,2439.66,2439.89,2439.03,2439.39,48.8578
1787958180000,2439.38,2439.88,2439.29,2439.43,39.0676
1787958240000,2439.43,2439.43,2439.01,2439.27,83.1874
1787958300000,2439.27,2440.15,2439.27,2440.07,40.9348
1787958360000,2440.07,2440.45,2439.59,2439.6,124.5136
1787958420000,2439.6,2439.6,2439.1,2439.1,76.1009
1787958480000,2439.09,2439.09,2438.85,2438.86,32.9018
1787958540000,2438.86,2440.2,2438.61,2440.18,465.7671
1787958600000,2440.18,2440.18,2440.17,2440.18,16.4652
1787958660000,2440.17,2440.18,2440.17,2440.18,56.9401
1787958720000,2440.17,2440.18,2439.65,2440.18,31.4286
1787958780000,2440.17,2441.43,2440,2441.33,439.9719
1787958840000,2441.33,2441.82,2441.33,2441.79,245.2422
1787958900000,2441.79,2442.1,2438.8,2438.81,347.9252
1787958960000,2438.81,2439.16,2438.8,2439.15,110.5825
1787959020000,2439.16,2439.16,2439.14,2439.15,6.8875
1787959080000,2439.15,2439.15,2439.14,2439.15,4.947
1787959140000,2439.14,2439.15,2438.85,2438.86,49.086
1787959200000,2438.86,2438.86,2438.5,2438.5,58.1283
1787959260000,2438.51,2438.51,2437.23,2437.66,103.5581
1787959320000,2437.65,2437.65,2436.69,2436.79,103.9427
1787959380000,2436.78,2436.97,2436.47,2436.97,98.5228
1787959440000,2436.97,2438.85,2436.97,2438.53,319.9454
1787959500000,2438.54,2438.54,2438.15,2438.16,20.2664
1787959560000,2438.16,2438.71,2438.09,2438.71,56.6683
1787959620000,2438.7,2439,2438.51,2438.63,50.5248
1787959680000,2438.63,2438.64,2437.65,2437.69,74.8815
1787959740000,2437.68,2437.89,2437.68,2437.88,31.8667
1787959800000,2437.88,2438.07,2437.88,2438.06,28.0017
1787959860000,2438.07,2438.32,2438.06,2438.11,43.0754
1787959920000,2438.1,2438.1,2437.83,2437.98,16.6884
1787959980000,2437.97,2438.78,2437.97,2438.78,50.8463
1787960040000,2438.77,2438.77,2438.6,2438.6,36.2757
1787960100000,2438.6,2438.6,2438.41,2438.42,31.4207
1787960160000,2438.42,2438.95,2438.23,2438.94,55.2333
1787960220000,2438.94,2438.95,2438.88,2438.89,19.3381
1787960280000,2438.88,2439.44,2438.88,2439.44,70.5483
1787960340000,2439.43,2439.43,2438.14,2438.45,81.8365
1787960400000,2438.45,2439.19,2438.45,2438.91,292.2173
1787960460000,2438.91,2438.91,2438.46,2438.47,15.1038
1787960520000,2438.46,2438.91,2438.46,2438.91,31.5972
1787960580000,2438.91,2439.32,2438.9,2439.31,65.0694
1787960640000,2439.31,2439.54,2439.3,2439.45,107.6284
1787960700000,2439.45,2439.45,2438.52,2438.52,55.948
1787960760000,2438.51,2438.52,2438.44,2438.44,82.6598
1787960820000,2438.44,2438.44,2437.34,2437.62,85.5334
1787960880000,2437.62,2437.62,2437.49,2437.5,41.5935
1787960940000,2437.49,2437.8,2437.28,2437.29,94.5063
1787961000000,2437.29,2438.91,2437.29,2438.9,41.7734
1787961060000,2438.91,2439.99,2438.91,2439.63,37.5591
1787961120000,2439.62,2441.96,2439.58,2441.96,180.0206
1787961180000,2441.96,2442.58,2441.5,2441.59,102.8087
1787961240000,2441.59,2442.44,2441.54,2442.37,112.323
1787961300000,2442.36,2442.83,2442.3,2442.56,75.2332
1787961360000,2442.56,2442.62,2442.13,2442.61,66.4334
1787961420000,2442.61,2442.62,2442.34,2442.61,19.7239
1787961480000,2442.6,2442.61,2442.42,2442.43,44.4225
1787961540000,2442.43,2442.8,2442.42,2442.8,62.3758
1787961600000,2442.79,2443,2442.69,2443,155.1446
1787961660000,2443,2444.32,2442.99,2444.26,94.0648
1787961720000,2444.27,2444.31,2442.7,2442.7,199.0975
1787961780000,2442.69,2444.32,2442.69,2444.32,50.9257
1787961840000,2444.32,2444.32,2443.81,2443.81,36.2309
1787961900000,2443.82,2443.83,2442.95,2442.95,73.9257
1787961960000,2442.96,2444.92,2442.95,2444.92,75.579
1787962020000,2444.92,2445.27,2444.91,2445.16,41.5679
1787962080000,2445.16,2445.37,2444.3,2444.65,128.0218
1787962140000,2444.65,2444.88,2444.65,2444.75,50.3289
1787962200000,2444.75,2444.76,2443.67,2443.68,131.7231
1787962260000,2443.68,2443.93,2443.1,2443.1,61.3676
1787962320000,2443.1,2443.1,2442.11,2442.57,46.5126
1787962380000,2442.58,2443.11,2442.57,2442.78,33.0342
1787962440000,2442.79,2442.79,2442.18,2442.19,64.6078
1787962500000,2442.18,2443,2442.18,2442.78,39.5047
1787962560000,2442.78,2444.43,2442.69,2444.43,231.2193
1787962620000,2444.42,2444.43,2443.83,2443.83,25.5153
1787962680000,2443.83,2444.37,2443.68,2444.35,24.1321
1787962740000,2444.35,2444.59,2444.2,2444.59,26.0372
1787962800000,2444.59,2445.82,2444.58,2445.82,36.8885
1787962860000,2445.82,2447,2445.05,2447,632.5449
1787962920000,2447,2447,2446.98,2447,126.8432
1787962980000,2447,2447.3,2445.06,2445.3,760.3798
1787963040000,2445.29,2446.32,2445.29,2446.1,67.3203
1787963100000,2446.09,2447.51,2446.09,2447.5,115.1733
1787963160000,2447.5,2448.05,2447.5,2448.01,73.3668
1787963220000,2448.01,2448.01,2447.4,2447.41,50.5096
1787963280000,2447.41,2447.41,2445.46,2446,104.2064
1787963340000,2446,2446.19,2445.64,2445.64,74.501
1787963400000,2445.65,2445.65,2445.39,2445.54,83.7782
1787963460000,2445.55,2445.55,2443.61,2443.61,154.2583
1787963520000,2443.6,2443.72,2442.57,2443.58,327.6915
1787963580000,2443.57,2443.83,2443.3,2443.31,58.1253
1787963640000,2443.3,2443.32,2443.27,2443.28,2.369
1787963700000,2443.28,2443.92,2443.27,2443.92,21.2613
1787963760000,2443.93,2444.23,2443.92,2444.15,11.9789
1787963820000,2444.14,2444.88,2444.14,2444.57,42.2626
1787963880000,2444.58,2444.58,2443.62,2443.63,30.7243
1787963940000,2443.63,2443.86,2443.63,2443.85,20.2816
1787964000000,2443.86,2443.86,2443.85,2443.85,4.8461
1787964060000,2443.86,2444.43,2443.85,2444.43,66.7807
1787964120000,2444.43,2444.83,2444.2,2444.23,52.8093
1787964180000,2444.22,2444.53,2443.91,2444.52,41.2773
1787964240000,2444.53,2444.54,2444.4,2444.4,19.2063
1787964300000,2444.4,2444.49,2443.82,2443.82,65.0152
1787964360000,2443.83,2443.84,2443.82,2443.83,28.9496
1787964420000,2443.83,2443.84,2442.69,2442.89,131.9238
1787964480000,2442.88,2442.88,2442.08,2442.09,56.2268
1787964540000,2442.09,2443.08,2442.09,2442.1,143.1156
1787964600000,2442.11,2442.25,2441.02,2441.03,63.0733
1787964660000,2441.02,2441.42,2441.02,2441.41,25.0766
1787964720000,2441.42,2441.42,2441.2,2441.2,13.3223
1787964780000,2441.2,2441.81,2441.2,2441.8,55.084
1787964840000,2441.81,2443.54,2441.81,2443.53,23.8045
1787964900000,2443.54,2444.98,2442.79,2444.98,74.002
1787964960000,2444.98,2444.98,2443.82,2443.83,43.8522
1787965020000,2443.82,2443.82,2442.79,2442.9,26.272
1787965080000,2442.91,2442.91,2442.47,2442.47,6.22
1787965140000,2442.47,2442.48,2442.47,2442.47,9.5833
1787965200000,2442.47,2442.47,2442.22,2442.22,7.1854
1787965260000,2442.21,2442.22,2441.33,2441.33,14.9245
1787965320000,2441.34,2442.75,2441.33,2442.75,52.7179
1787965380000,2442.76,2442.76,2441.84,2442.06,19.7729
1787965440000,2442.05,2442.43,2442.05,2442.25,12.093
1787965500000,2442.24,2442.27,2441.73,2442.14,26.6142
1787965560000,2442.13,2442.13,2441.59,2441.6,22.8484
1787965620000,2441.6,2441.6,2441.28,2441.29,40.6377
1787965680000,2441.29,2441.38,2441.28,2441.37,77.5277
1787965740000,2441.37,2441.39,2441.3,2441.38,22.4607
1787965800000,2441.38,2441.39,2441.04,2441.04,126.2986
1787965860000,2441.04,2441.3,2440.86,2440.86,170.5356
1787965920000,2440.85,2440.99,2440.8,2440.99,108.6693
1787965980000,2440.99,2440.99,2440.86,2440.86,124.4913
1787966040000,2440.87,2440.87,2439.18,2439.78,304.4102
1787966100000,2439.77,2439.95,2439.49,2439.65,171.6701
1787966160000,2439.65,2440.56,2439.65,2440.56,92.9339
1787966220000,2440.56,2441,2440.3,2440.98,190.3496
1787966280000,2440.98,2440.98,2440.67,2440.81,50.3552
1787966340000,2440.81,2442,2440.81,2441.59,116.7169
1787966400000,2441.59,2441.6,2441.41,2441.41,22.8901
1787966460000,2441.42,2441.9,2441.41,2441.86,15.9145
1787966520000,2441.86,2441.87,2441.86,2441.87,12.6141
1787966580000,2441.86,2442.36,2441.56,2442.36,34.7421
1787966640000,2442.35,2442.86,2442.35,2442.86,35.9788
1787966700000,2442.86,2443.77,2442.85,2443.76,89.2528
1787966760000,2443.77,2443.92,2443.39,2443.91,27.4352
1787966820000,2443.92,2443.92,2442.92,2442.93,44.8015
1787966880000,2442.93,2443.44,2442.92,2443.44,9.0279
1787966940000,2443.44,2444.16,2443.43,2444.16,79.0893
1787967000000,2444.16,2444.45,2444.15,2444.19,24.6912
1787967060000,2444.18,2444.18,2443.62,2443.62,8.7508
1787967120000,2443.62,2443.79,2443.62,2443.79,9.2652
1787967180000,2443.78,2443.99,2443.67,2443.99,26.7374
1787967240000,2443.98,2444.13,2443.98,2444.12,8.8488
1787967300000,2444.11,2444.12,2444.11,2444.11,15.2197
1787967360000,2444.11,2444.13,2444.11,2444.12,13.6938
1787967420000,2444.12,2444.12,2442.48,2442.49,57.6583
1787967480000,2442.48,2443.25,2442.21,2443.24,49.4731
1787967540000,2443.25,2443.52,2443.24,2443.51,27.0779
1787967600000,2443.52,2443.52,2443.24,2443.41,31.15
1787967660000,2443.42,2444,2443.41,2444,74.9306
1787967720000,2444,2444.82,2444,2444.21,51.6967
1787967780000,2444.21,2445.12,2443.99,2444.24,151.7134
1787967840000,2444.24,2444.59,2444.24,2444.58,17.4742
1787967900000,2444.58,2444.58,2444.05,2444.06,18.1253
1787967960000,2444.05,2444.06,2442.37,2442.37,32.5251
1787968020000,2442.37,2444.03,2442.15,2444.03,233.9572
1787968080000,2444.02,2444.03,2443.88,2443.89,21.3308
1787968140000,2443.88,2444.35,2443.85,2444.35,32.9021
1787968200000,2444.35,2444.58,2444.34,2444.58,27.0188
1787968260000,2444.59,2445.29,2444.58,2445.29,100.9319
1787968320000,2445.3,2445.92,2443.5,2443.51,313.496
1787968380000,2443.51,2444.96,2443.5,2444.23,65.0912
1787968440000,2444.23,2444.23,2444.2,2444.21,19.0872
1787968500000,2444.2,2444.21,2444.2,2444.2,7.8204
1787968560000,2444.2,2444.21,2443.22,2443.23,9.7367
1787968620000,2443.22,2443.22,2442.56,2442.56,51.5919
1787968680000,2442.56,2443.97,2442.55,2443.95,185.228
1787968740000,2443.94,2443.95,2443.77,2443.78,31.2796
1787968800000,2443.77,2443.78,2443.77,2443.77,3.2396
1787968860000,2443.77,2443.78,2443.26,2443.26,6.667
1787968920000,2443.27,2444.17,2443.26,2444.16,20.8602
1787968980000,2444.17,2444.95,2443.14,2443.15,162.097
1787969040000,2443.14,2443.15,2442.37,2442.99,22.1305
1787969100000,2443,2444.1,2442.99,2444.1,8.1717
1787969160000,2444.09,2444.1,2444.09,2444.1,14.3004
1787969220000,2444.1,2444.1,2442.89,2442.89,21.8674
1787969280000,2442.89,2442.89,2442.17,2442.17,36.6214
1787969340000,2442.17,2443.63,2442.17,2443.63,230.1093
1787969400000,2443.63,2443.63,2442.74,2443.35,46.4341
1787969460000,2443.35,2443.35,2442.8,2442.9,50.6962
1787969520000,2442.9,2443,2442.89,2442.99,10.7702
1787969580000,2443,2443,2442.96,2442.99,67.6579
1787969640000,2442.99,2442.99,2441.81,2441.82,129.102
1787969700000,2441.82,2441.92,2441.6,2441.6,54.8222
1787969760000,2441.6,2441.61,2441.09,2441.1,23.3438
1787969820000,2441.09,2441.1,2440.51,2440.63,70.442
1787969880000,2440.63,2440.63,2440.22,2440.22,28.3304
1787969940000,2440.22,2440.24,2439.18,2439.18,129.9892
1787970000000,2439.19,2439.25,2437.92,2437.94,172.5865
1787970060000,2437.94,2439.2,2437.94,2438.52,183.7064
1787970120000,2438.51,2438.51,2438.16,2438.36,78.3747
1787970180000,2438.35,2438.35,2437.53,2437.53,26.272
1787970240000,2437.53,2437.64,2437.52,2437.59,39.52
1787970300000,2437.6,2437.94,2437.59,2437.76,13.3794
1787970360000,2437.76,2437.76,2437.26,2437.26,29.1266
1787970420000,2437.25,2437.26,2436.99,2437.2,50.0642
1787970480000,2437.19,2438.51,2437.19,2438.51,146.5301
1787970540000,2438.51,2438.51,2438.15,2438.4,230.5336
1787970600000,2438.39,2438.39,2438.14,2438.14,13.6937
1787970660000,2438.14,2438.14,2438.13,2438.14,19.9714
1787970720000,2438.13,2439.16,2438.13,2438.82,113.7708
1787970780000,2438.82,2438.82,2437.73,2437.73,35.7908
1787970840000,2437.73,2437.73,2435.59,2436.3,164.8538
1787970900000,2436.29,2436.49,2436.05,2436.48,41.0817
1787970960000,2436.49,2437.8,2436.49,2437.73,42.2556
1787971020000,2437.72,2438.76,2437.44,2438.76,93.5388
1787971080000,2438.76,2439.45,2438.76,2439.36,116.7571
1787971140000,2439.36,2439.61,2439.35,2439.59,18.047
1787971200000,2439.6,2439.6,2439.56,2439.56,8.8235
1787971260000,2439.56,2439.56,2439.07,2439.08,9.6225
1787971320000,2439.08,2439.36,2438.43,2438.43,38.1514
1787971380000,2438.42,2438.42,2438.02,2438.02,8.2598
1787971440000,2438.03,2438.14,2437.79,2437.91,19.7341
1787971500000,2437.91,2438.31,2437.91,2437.95,13.0063
1787971560000,2437.95,2438.04,2437.16,2438.04,44.8141
1787971620000,2438.05,2438.54,2438.05,2438.54,18.3446
1787971680000,2438.54,2438.54,2438.21,2438.21,29.3059
1787971740000,2438.22,2438.22,2438.21,2438.22,5.0294
1787971800000,2438.22,2438.5,2438.03,2438.04,43.0774
1787971860000,2438.04,2438.07,2437.9,2438,38.4429
1787971920000,2437.99,2438.78,2437.99,2438.78,14.6913
1787971980000,2438.78,2439.42,2438.68,2439.31,63.4532
1787972040000,2439.31,2440.1,2439.31,2439.9,158.8474
1787972100000,2439.9,2440.32,2438.82,2438.83,240.8858
1787972160000,2438.84,2438.86,2438.7,2438.86,65.2757
1787972220000,2438.86,2438.86,2438.71,2438.73,128.6793
1787972280000,2438.72,2438.72,2438.7,2438.71,175.0573
1787972340000,2438.71,2438.73,2438.71,2438.73,12.6975
1787972400000,2438.72,2439.54,2438.72,2439.43,149.2529
1787972460000,2439.43,2439.75,2439.43,2439.74,8.522
1787972520000,2439.73,2439.89,2439.73,2439.87,11.3451
1787972580000,2439.86,2439.87,2439.69,2439.7,19.1509
1787972640000,2439.69,2439.7,2438.72,2438.83,31.2087
1787972700000,2438.83,2439.65,2438.83,2439.06,78.3422
1787972760000,2439.06,2439.06,2439.05,2439.05,11.9271
1787972820000,2439.05,2439.06,2438.95,2438.95,13.3403
1787972880000,2438.95,2439.1,2438.93,2439.09,10.77
1787972940000,2439.09,2439.26,2439.09,2439.26,53.7888
1787973000000,2439.26,2439.26,2439.25,2439.25,12.9121
1787973060000,2439.25,2439.25,2439.05,2439.06,171.4653
1787973120000,2439.07,2439.43,2439.06,2439.43,16.8689
1787973180000,2439.44,2440.02,2439.44,2439.56,33.9754
1787973240000,2439.56,2439.56,2438.91,2438.93,228.8994
1787973300000,2438.93,2439.18,2438.92,2439.18,16.2095
1787973360000,2439.17,2439.18,2438.92,2438.93,32.5289
1787973420000,2438.94,2438.94,2437.19,2438.45,316.2758
1787973480000,2438.45,2438.45,2438.11,2438.23,8.9617
1787973540000,2438.24,2438.9,2438.24,2438.9,39.0204
1787973600000,2438.9,2439.64,2438.89,2439.64,11.6127
1787973660000,2439.64,2440.44,2439.63,2440.44,44.4824
1787973720000,2440.45,2441.62,2440.45,2440.46,178.0343
1787973780000,2440.46,2440.46,2439.5,2439.68,10.2677
1787973840000,2439.68,2440.25,2439.67,2440.25,8.3342
1787973900000,2440.25,2440.65,2440.25,2440.65,6.1593
1787973960000,2440.64,2440.76,2440.43,2440.43,49.3109
1787974020000,2440.42,2440.86,2439.48,2440.69,153.6308
1787974080000,2440.7,2440.7,2440.58,2440.58,8.9751
1787974140000,2440.59,2440.59,2440.2,2440.39,46.0901
1787974200000,2440.39,2440.62,2440.13,2440.42,39.7591
1787974260000,2440.41,2440.71,2440.41,2440.71,22.2345
1787974320000,2440.72,2441.37,2439.82,2439.82,170.7598
1787974380000,2439.8,2439.8,2439.24,2439.27,22.7328
1787974440000,2439.27,2439.27,2439.07,2439.08,32.3879
1787974500000,2439.08,2439.08,2438.9,2438.91,17.0488
1787974560000,2438.9,2438.91,2438.06,2438.07,57.631
1787974620000,2438.07,2438.07,2437.53,2437.75,57.521
1787974680000,2437.75,2438.91,2437.3,2438.9,177.4248
1787974740000,2438.91,2439.08,2438.03,2438.03,28.4139
1787974800000,2438.03,2438.04,2437.92,2437.93,9.2301
1787974860000,2437.92,2437.93,2437.91,2437.91,28.2139
1787974920000,2437.92,2438.89,2437.91,2438.89,91.1471
1787974980000,2438.89,2439.24,2438.89,2439.23,100.8157
1787975040000,2439.24,2439.99,2438.44,2438.44,289.3369
1787975100000,2438.44,2438.44,2437.25,2437.25,14.1687
1787975160000,2437.26,2437.27,2437.26,2437.26,7.8731
1787975220000,2437.26,2437.49,2437.02,2437.49,74.7695
1787975280000,2437.49,2438.45,2437.49,2437.91,35.6908
1787975340000,2437.92,2437.92,2437.13,2437.32,53.7866
1787975400000,2437.32,2437.33,2436.13,2436.16,158.181
1787975460000,2436.16,2436.71,2435.72,2435.72,145.0196
1787975520000,2435.73,2435.87,2434.56,2435.56,217.4812
1787975580000,2435.56,2435.72,2435.56,2435.62,12.129
1787975640000,2435.62,2435.62,2435.32,2435.62,42.1066
1787975700000,2435.62,2435.62,2435.61,2435.62,18.555
1787975760000,2435.62,2435.62,2435.61,2435.61,17.2832
1787975820000,2435.62,2435.62,2435.51,2435.51,32.1978
1787975880000,2435.52,2435.52,2435.51,2435.52,26.774
1787975940000,2435.51,2435.52,2435.04,2435.23,46.4083
1787976000000,2435.24,2435.6,2435.23,2435.59,33.7114
1787976060000,2435.59,2435.6,2435.59,2435.59,13.591
1787976120000,2435.6,2435.99,2434.65,2435,63.613
1787976180000,2435,2436.69,2435,2436.48,63.3084
1787976240000,2436.49,2436.68,2436.48,2436.53,76.9311
1787976300000,2436.53,2436.78,2436.39,2436.67,59.198
1787976360000,2436.67,2437.31,2436.67,2437.31,16.401
1787976420000,2437.3,2437.31,2436.43,2436.44,57.4387
1787976480000,2436.43,2436.44,2436.21,2436.22,10.6005
1787976540000,2436.22,2436.82,2436.21,2436.81,25.4911
1787976600000,2436.81,2437.03,2436.81,2437.02,29.3705
1787976660000,2437.02,2437.76,2437.02,2437.76,18.2742
1787976720000,2437.76,2437.77,2437.08,2437.09,46.1933
1787976780000,2437.09,2437.17,2437,2437.1,11.3997
1787976840000,2437.1,2437.11,2436.7,2436.84,180.2698
1787976900000,2436.85,2436.92,2436.84,2436.91,37.6323
1787976960000,2436.92,2436.92,2436.46,2436.83,15.1894
1787977020000,2436.83,2436.83,2436.58,2436.7,8.926
1787977080000,2436.7,2436.95,2436.7,2436.86,33.8184
1787977140000,2436.86,2437.04,2436.86,2437.03,4.3959
1787977200000,2437.03,2437.44,2437.03,2437.43,13.6444
1787977260000,2437.43,2437.44,2437.26,2437.27,17.4892
1787977320000,2437.26,2437.88,2437.26,2437.88,4.9975
1787977380000,2437.87,2438.2,2437.87,2438.19,20.5581
1787977440000,2438.19,2438.2,2438.19,2438.2,3.5029
1787977500000,2438.2,2438.2,2438.18,2438.19,7.379
1787977560000,2438.19,2438.19,2438,2438.01,7.6868
1787977620000,2438,2438.35,2438,2438.34,23.0575
1787977680000,2438.35,2438.35,2438.24,2438.24,9.1701
1787977740000,2438.24,2438.25,2437.61,2438.01,22.3661
1787977800000,2438.01,2438.28,2438.01,2438.28,9.0458
1787977860000,2438.27,2438.28,2438.17,2438.18,7.4868
1787977920000,2438.17,2439.24,2438.05,2438.87,638.9334
1787977980000,2438.88,2438.88,2438.28,2438.7,29.2025
1787978040000,2438.71,2438.71,2438.25,2438.37,31.676
1787978100000,2438.38,2438.83,2438.17,2438.83,16.683
1787978160000,2438.83,2439.4,2438.83,2439.28,14.0531
1787978220000,2439.27,2439.27,2437.9,2437.9,97.8603
1787978280000,2437.89,2439.15,2437.74,2439.03,113.8425
1787978340000,2439.04,2439.47,2439.03,2439.46,23.2872
1787978400000,2439.46,2439.47,2439.23,2439.23,12.0272
1787978460000,2439.24,2439.24,2439.23,2439.24,3.3038
1787978520000,2439.23,2439.61,2438.47,2438.49,109.3723
1787978580000,2438.5,2438.99,2438.5,2438.99,12.0572
1787978640000,2438.99,2438.99,2438.75,2438.94,12.7726
1787978700000,2438.93,2439.13,2438.93,2439.12,12.8362
1787978760000,2439.12,2439.13,2438.59,2438.59,76.9911
1787978820000,2438.59,2439.62,2438.11,2439.36,132.2806
1787978880000,2439.37,2439.37,2439.25,2439.25,41.2785
1787978940000,2439.25,2439.62,2439.25,2439.39,22.1952
1787979000000,2439.38,2439.39,2439.38,2439.38,15.1952
1787979060000,2439.39,2439.95,2439.38,2439.95,52.4173
1787979120000,2439.95,2440.55,2438.99,2438.99,335.5284
1787979180000,2439,2439.84,2438.99,2439.84,37.2189
1787979240000,2439.83,2440.49,2439.83,2440.49,12.41
1787979300000,2440.49,2441.13,2440.48,2441,13.0973
1787979360000,2441.01,2441.01,2440.36,2440.36,67.2081
1787979420000,2440.37,2440.37,2439.46,2439.46,71.7221
1787979480000,2439.46,2440.77,2439.29,2440.76,187.4897
1787979540000,2440.76,2440.76,2440.45,2440.45,30.3204
1787979600000,2440.45,2440.46,2439.43,2439.43,8.1393
1787979660000,2439.44,2439.96,2439.18,2439.65,32.5111
1787979720000,2439.65,2440.88,2439.64,2440.87,177.0468
1787979780000,2440.87,2441.35,2440.87,2441.34,87.1851
1787979840000,2441.34,2441.42,2440.33,2440.39,184.12
1787979900000,2440.39,2440.81,2440.39,2440.8,27.2345
1787979960000,2440.8,2440.8,2440.31,2440.6,78.5563
1787980020000,2440.61,2440.61,2440.34,2440.61,30.6758
1787980080000,2440.6,2441.79,2440.6,2441.19,80.4581
1787980140000,2441.19,2441.46,2441.05,2441.06,47.6424
1787980200000,2441.05,2441.06,2440.68,2440.68,9.1421
1787980260000,2440.68,2441.29,2440.68,2441.28,47.6149
1787980320000,2441.28,2441.77,2441.22,2441.77,40.7966
1787980380000,2441.77,2441.87,2441.75,2441.87,37.1009
1787980440000,2441.87,2442.03,2441.41,2441.41,42.5407
1787980500000,2441.41,2441.42,2441.02,2441.03,86.1436
1787980560000,2441.03,2441.03,2440.43,2440.91,40.352
1787980620000,2440.9,2440.9,2440.87,2440.87,15.6234
1787980680000,2440.88,2440.88,2440.48,2440.49,117.9301
1787980740000,2440.49,2440.49,2440.48,2440.48,12.0839
1787980800000,2440.49,2440.49,2440,2440.01,5.567
1787980860000,2440.01,2440.01,2440,2440.01,6.1193
1787980920000,2440.01,2440.01,2439.54,2439.54,109.466
1787980980000,2439.54,2440.13,2439.18,2440.12,317.9243
1787981040000,2440.13,2440.5,2440.13,2440.49,6.6575
1787981100000,2440.5,2440.5,2440.49,2440.49,7.819
1787981160000,2440.49,2440.5,2440.49,2440.5,14.8683
1787981220000,2440.5,2440.5,2440.49,2440.49,5.2153
1787981280000,2440.5,2441,2439.75,2439.75,360.1737
1787981340000,2439.76,2439.76,2439.75,2439.76,16.8804
1787981400000,2439.76,2439.76,2439.7,2439.7,9.2197
1787981460000,2439.71,2439.71,2439.7,2439.71,19.7037
1787981520000,2439.71,2439.71,2439.56,2439.56,20.9931
1787981580000,2439.56,2439.56,2439.15,2439.16,13.4872
1787981640000,2439.16,2439.16,2438.94,2438.94,46.8432
1787981700000,2438.95,2440.14,2438.72,2440.14,196.5595
1787981760000,2440.15,2440.68,2440.15,2440.68,14.7562
1787981820000,2440.68,2440.93,2440.38,2440.46,77.7808
1787981880000,2440.47,2441,2440.46,2441,59.9814
1787981940000,2441,2441,2440.98,2441,84.6969
1787982000000,2440.99,2441.62,2440.99,2441.62,153.5648
1787982060000,2441.61,2441.62,2440.01,2440.06,163.4291
1787982120000,2440.07,2440.37,2440.06,2440.36,28.1922
1787982180000,2440.37,2440.98,2440.36,2440.97,25.9105
1787982240000,2440.96,2440.97,2440.96,2440.97,2.3201
1787982300000,2440.97,2440.97,2440.96,2440.97,15.0924
1787982360000,2440.96,2440.97,2440.96,2440.96,8.2646
1787982420000,2440.97,2441.24,2440.96,2441.23,53.0455
1787982480000,2441.24,2441.26,2440.94,2440.94,20.7871
1787982540000,2440.94,2440.95,2440.31,2440.45,181.1788
1787982600000,2440.46,2440.46,2440.33,2440.33,18.7402
1787982660000,2440.32,2440.32,2439.34,2439.34,37.9164
1787982720000,2439.33,2439.36,2439.33,2439.34,8.1641
1787982780000,2439.34,2439.35,2439.1,2439.1,254.1369
1787982840000,2439.1,2439.11,2438.57,2438.57,29.7071
1787982900000,2438.57,2438.58,2438.38,2438.39,39.9392
1787982960000,2438.38,2438.39,2437.99,2437.99,67.3779
1787983020000,2437.99,2438.59,2437.98,2438.55,221.687
1787983080000,2438.56,2438.56,2438.55,2438.56,23.0819
1787983140000,2438.56,2438.63,2438.55,2438.62,22.4287
1787983200000,2438.62,2439.05,2438.62,2438.96,11.9558
1787983260000,2438.95,2438.96,2437.1,2437.14,81.787
1787983320000,2437.14,2437.32,2436.35,2436.51,93.0775
1787983380000,2436.5,2437.06,2436.5,2436.95,20.598
1787983440000,2436.95,2437.53,2436.94,2437.36,27.1394
1787983500000,2437.36,2437.36,2437.23,2437.23,11.9049
1787983560000,2437.24,2437.24,2437.23,2437.23,7.3032
1787983620000,2437.23,2437.93,2436.4,2436.82,164.2366
1787983680000,2436.83,2437.15,2436.35,2436.35,14.3459
1787983740000,2436.36,2437.3,2436.12,2437.29,46.3571
1787983800000,2437.3,2437.3,2436.81,2436.82,14.2415
1787983860000,2436.81,2436.82,2436.34,2436.35,21.6641
1787983920000,2436.34,2436.35,2435.9,2435.9,19.2055
1787983980000,2435.9,2435.91,2433.9,2434.2,446.1752
1787984040000,2434.21,2434.21,2430.45,2431.79,513.6663
1787984100000,2431.78,2432.87,2431.72,2432.83,59.0837
1787984160000,2432.82,2432.87,2432.67,2432.86,16.9268
1787984220000,2432.86,2433.65,2432.86,2433.64,184.2625
1787984280000,2433.64,2434.05,2433.64,2433.95,18.1589
1787984340000,2433.94,2433.95,2432.63,2432.64,49.7178
1787984400000,2432.64,2432.8,2432.24,2432.47,70.8303
1787984460000,2432.48,2432.53,2431.98,2431.98,21.9828
1787984520000,2431.99,2431.99,2430.74,2430.9,125.2985
1787984580000,2430.9,2430.9,2430.57,2430.77,102.0884
1787984640000,2430.77,2431.96,2430.77,2431.96,23.1309
1787984700000,2431.96,2432.09,2431.4,2431.41,90.089
1787984760000,2431.4,2431.4,2430.6,2430.73,115.7838
1787984820000,2430.73,2431.38,2430.73,2431.38,44.7096
1787984880000,2431.37,2431.37,2431.15,2431.16,47.3677
1787984940000,2431.15,2431.58,2430.94,2431.58,35.4787
1787985000000,2431.57,2432.05,2431.57,2432.04,25.7499
1787985060000,2432.05,2432.64,2432.04,2432.64,55.4492
1787985120000,2432.63,2433.18,2432.63,2433.17,29.8027
1787985180000,2433.17,2433.18,2432.69,2433.06,43.2498
1787985240000,2433.07,2433.5,2432.63,2433.5,33.6349
1787985300000,2433.49,2433.5,2433.22,2433.23,88.9423
1787985360000,2433.22,2433.23,2433.22,2433.22,21.9262
1787985420000,2433.22,2433.23,2433.06,2433.22,23.1516
1787985480000,2433.23,2433.23,2433.22,2433.23,7.1321
1787985540000,2433.23,2433.23,2432.8,2432.8,9.0915
1787985600000,2432.79,2432.92,2432.58,2432.92,22.7956
1787985660000,2432.92,2433.53,2432.92,2433.53,9.3187
1787985720000,2433.53,2434.95,2433.52,2434.69,36.9555
1787985780000,2434.69,2434.69,2434.1,2434.1,20.061
1787985840000,2434.11,2434.11,2433.92,2433.94,41.1841
1787985900000,2433.94,2434.13,2433.94,2434.13,7.0489
1787985960000,2434.12,2434.56,2434.12,2434.56,12.9757
1787986020000,2434.56,2434.96,2434.51,2434.96,24.7898
1787986080000,2434.96,2435.12,2434.95,2435.12,29.8936
1787986140000,2435.11,2435.12,2434.45,2434.5,88.5851
1787986200000,2434.5,2435.07,2434.5,2435.07,44.5123
1787986260000,2435.07,2435.42,2435.06,2435.42,12.7545
1787986320000,2435.41,2435.42,2435.03,2435.04,62.2422
1787986380000,2435.04,2435.04,2434.44,2434.45,89.317
1787986440000,2434.45,2434.45,2434.14,2434.15,59.56
1787986500000,2434.14,2434.92,2434.14,2434.92,43.6769
1787986560000,2434.92,2435.26,2434.92,2435.25,8.7348
1787986620000,2435.25,2435.25,2434.2,2435.17,113.9109
1787986680000,2435.16,2435.16,2434.83,2434.98,22.2882
1787986740000,2434.99,2435.21,2434.98,2435.16,15.986
1787986800000,2435.17,2435.36,2435,2435.01,23.8499
1787986860000,2435,2435.36,2435,2435.36,22.3756
1787986920000,2435.36,2435.91,2435.35,2435.9,20.6054
1787986980000,2435.91,2436.25,2435.91,2436.24,11.7131
1787987040000,2436.25,2436.6,2436.13,2436.6,16.6516
1787987100000,2436.6,2437.42,2436.6,2437.42,136.053
1787987160000,2437.42,2437.68,2437.39,2437.39,129.1991
1787987220000,2437.39,2437.44,2435.1,2435.11,322.9226
1787987280000,2435.1,2435.11,2434.72,2434.73,19.7988
1787987340000,2434.72,2434.73,2434.16,2434.27,30.4455
1787987400000,2434.26,2434.44,2434.26,2434.43,66.5684
1787987460000,2434.44,2434.94,2434.43,2434.94,15.0235
1787987520000,2434.93,2434.94,2434.92,2434.92,33.5959
1787987580000,2434.93,2434.93,2434.66,2434.7,28.4196
1787987640000,2434.7,2434.7,2434.69,2434.7,6.349
1787987700000,2434.69,2434.69,2434.17,2434.2,101.6923
1787987760000,2434.2,2434.94,2434.2,2434.93,48.0667
1787987820000,2434.94,2434.97,2434.93,2434.97,10.7441
1787987880000,2434.96,2436.02,2434.96,2436.01,214.433
1787987940000,2436.01,2436.41,2435.81,2436.15,42.2203
1787988000000,2436.16,2436.16,2436.05,2436.05,18.2229
1787988060000,2436.06,2436.06,2435.91,2435.93,15.6146
1787988120000,2435.93,2436.6,2435.93,2436.6,14.4715
1787988180000,2436.6,2436.6,2436.16,2436.16,28.7344
1787988240000,2436.16,2436.16,2435.87,2435.88,14.9797
1787988300000,2435.87,2436.02,2435.87,2436.02,14.9664
1787988360000,2436.02,2436.02,2435.85,2435.85,16.1818
1787988420000,2435.85,2435.86,2435.66,2435.67,13.2469
1787988480000,2435.66,2435.66,2435.61,2435.61,20.9672
1787988540000,2435.61,2435.62,2435.31,2435.31,38.7411
1787988600000,2435.31,2435.31,2434.71,2435.19,56.8536
1787988660000,2435.18,2435.94,2435.18,2435.94,34.3617
1787988720000,2435.94,2435.94,2435.93,2435.94,60.7933
1787988780000,2435.94,2435.94,2435.93,2435.94,23.1229
1787988840000,2435.94,2435.94,2435.68,2435.69,27.8282
1787988900000,2435.68,2435.99,2435.68,2435.99,36.7674
1787988960000,2435.99,2436.24,2435.98,2436.24,23.733
1787989020000,2436.24,2436.53,2436.24,2436.53,82.0839
1787989080000,2436.53,2437.22,2436.52,2437.22,29.0048
1787989140000,2437.22,2437.92,2437.1,2437.92,93.3722
1787989200000,2437.92,2438,2437.49,2437.49,46.6972
1787989260000,2437.49,2437.49,2436.16,2436.72,100.5765
1787989320000,2436.72,2436.96,2435.26,2436.45,333.3932
1787989380000,2436.45,2436.45,2435.85,2435.97,53.7808
1787989440000,2435.97,2436.94,2435.96,2436.94,46.7427
1787989500000,2436.94,2437,2436.88,2437,35.4279
1787989560000,2437,2437.19,2436.99,2437.19,23.8751
1787989620000,2437.18,2438,2436.99,2437,210.46
1787989680000,2436.99,2436.99,2436.16,2436.48,29.6009
1787989740000,2436.47,2436.48,2436.47,2436.48,32.3315
1787989800000,2436.47,2436.48,2436,2436.01,42.8476
1787989860000,2436.01,2436.38,2435.95,2436.38,98.2403
1787989920000,2436.38,2436.54,2436.09,2436.1,40.5207
1787989980000,2436.09,2436.1,2435.88,2435.89,17.254
1787990040000,2435.89,2435.96,2435.88,2435.96,74.3024
1787990100000,2435.96,2436.11,2435.95,2436.11,15.3307
1787990160000,2436.1,2436.3,2436.1,2436.3,29.2766
1787990220000,2436.29,2436.74,2436.29,2436.74,38.2323
1787990280000,2436.74,2436.84,2436.5,2436.76,60.2231
1787990340000,2436.76,2436.89,2436.4,2436.41,63.8176
1787990400000,2436.4,2436.4,2434.58,2434.59,109.6365
1787990460000,2434.59,2434.68,2434.58,2434.67,10.8902
1787990520000,2434.68,2434.68,2433.73,2433.74,29.729
1787990580000,2433.74,2433.75,2431.97,2432,285.779
1787990640000,2431.99,2432.51,2431.2,2432.5,306.8818
1787990700000,2432.51,2432.95,2432.5,2432.94,32.5178
1787990760000,2432.94,2432.95,2432.94,2432.94,12.7891
1787990820000,2432.95,2433.83,2432.94,2433.72,55.2894
1787990880000,2433.72,2433.72,2432.65,2432.84,57.5724
1787990940000,2432.84,2433.09,2432.65,2433.09,60.0843
1787991000000,2433.09,2433.09,2432.76,2432.76,28.4649
1787991060000,2432.76,2433.09,2432.76,2433.09,28.2702
1787991120000,2433.08,2433.09,2433.08,2433.08,31.4757
1787991180000,2433.09,2434.07,2432.52,2432.53,62.9872
1787991240000,2432.53,2433.57,2432.4,2433.56,376.6264
1787991300000,2433.57,2433.57,2432.95,2432.96,42.1717
1787991360000,2432.95,2432.96,2432.53,2432.56,33.2323
1787991420000,2432.56,2432.66,2432.55,2432.66,16.6808
1787991480000,2432.66,2433.45,2432.65,2433.44,19.4336
1787991540000,2433.45,2434.02,2433.45,2434.02,13.2899
1787991600000,2434.01,2434.02,2434.01,2434.02,15.9668
1787991660000,2434.02,2434.02,2433.33,2433.62,92.1512
1787991720000,2433.61,2434.78,2433.61,2434.78,28.7142
1787991780000,2434.77,2435.14,2434.77,2435.13,22.0964
1787991840000,2435.13,2435.14,2435.13,2435.14,16.484
1787991900000,2435.13,2435.53,2435.07,2435.46,151.4954
1787991960000,2435.46,2435.47,2435.46,2435.46,16.3335
1787992020000,2435.46,2435.69,2435.46,2435.68,45.6204
1787992080000,2435.67,2435.68,2435.67,2435.68,25.5282
1787992140000,2435.67,2435.68,2435.67,2435.67,24.3569
1787992200000,2435.68,2435.68,2434.9,2434.91,50.9342
1787992260000,2434.91,2434.91,2433.82,2433.83,21.2579
1787992320000,2433.82,2433.83,2433.13,2433.46,145.8797
1787992380000,2433.45,2433.46,2433.16,2433.17,30.7878
1787992440000,2433.17,2434.15,2433.16,2434.14,35.9247
1787992500000,2434.13,2434.14,2434,2434,20.4501
1787992560000,2433.99,2434,2433.8,2433.8,3.8
1787992620000,2433.81,2433.81,2433.49,2433.49,10.3133
1787992680000,2433.49,2433.5,2433.49,2433.5,2.2296
1787992740000,2433.5,2433.5,2433.49,2433.5,23.4965
1787992800000,2433.5,2434,2433.49,2433.98,39.8097
1787992860000,2433.98,2434.47,2433.98,2434.47,312.9801
1787992920000,2434.46,2434.47,2433.78,2433.78,43.7885
1787992980000,2433.78,2433.79,2432.53,2432.89,57.5897
1787993040000,2432.89,2433.04,2432.88,2433.03,20.922
1787993100000,2433.04,2433.04,2431.26,2432.46,78.7898
1787993160000,2432.46,2432.46,2432.44,2432.45,44.5495
1787993220000,2432.44,2433.3,2432.44,2433.29,32.2089
1787993280000,2433.3,2434.38,2433.3,2433.45,163.3817
1787993340000,2433.46,2433.46,2432.04,2432.05,37.8826
1787993400000,2432.05,2432.5,2432,2432.5,41.0626
1787993460000,2432.49,2432.5,2432.48,2432.48,4.6569
1787993520000,2432.48,2432.62,2432.48,2432.62,62.4184
1787993580000,2432.62,2432.62,2432.09,2432.09,31.1873
1787993640000,2432.1,2432.1,2431.26,2431.26,34.3496
1787993700000,2431.27,2432.28,2431.27,2431.68,224.3609
1787993760000,2431.67,2432.69,2431.67,2432.67,49.0674
1787993820000,2432.67,2432.68,2432.67,2432.67,15.4758
1787993880000,2432.68,2433.48,2432.67,2433.46,74.1227
1787993940000,2433.47,2434.15,2433.46,2434.15,36.9545
1787994000000,2434.14,2434.99,2434.14,2434.98,47.7829
1787994060000,2434.99,2434.99,2433.65,2434.54,262.6612
1787994120000,2434.53,2434.75,2434.53,2434.74,6.1674
1787994180000,2434.74,2434.75,2434.37,2434.37,28.3997
1787994240000,2434.38,2435.25,2434.37,2435.25,37.6225
1787994300000,2435.24,2436.38,2435.24,2436.38,20.5494
1787994360000,2436.37,2436.38,2433.75,2435.26,266.2483
1787994420000,2435.25,2435.25,2434.58,2434.59,46.6553
1787994480000,2434.58,2434.58,2434.55,2434.55,47.0102
1787994540000,2434.56,2434.56,2434.53,2434.53,44.4852
1787994600000,2434.53,2434.53,2434.26,2434.27,25.1222
1787994660000,2434.26,2435.17,2434.26,2435.16,81.1733
1787994720000,2435.16,2435.17,2434.82,2434.83,116.0811
1787994780000,2434.82,2435.59,2434.77,2435.58,70.4836
1787994840000,2435.58,2435.59,2435.58,2435.58,47.9482
1787994900000,2435.58,2435.59,2435.53,2435.59,15.3646
1787994960000,2435.59,2435.59,2435.58,2435.58,33.4756
1787995020000,2435.58,2436.01,2435.58,2435.59,49.7917
1787995080000,2435.58,2435.78,2435.58,2435.78,64.3436
1787995140000,2435.77,2435.78,2435.77,2435.78,3.0146
1787995200000,2435.78,2435.99,2435.25,2435.25,108.6485
1787995260000,2435.26,2435.26,2435.25,2435.25,4.8281
1787995320000,2435.25,2435.25,2435.01,2435.01,16.8382
1787995380000,2435.01,2435.02,2435,2435.02,19.701
1787995440000,2435.01,2435.02,2435.01,2435.02,36.178
1787995500000,2435.02,2435.02,2434.78,2434.78,43.3049
1787995560000,2434.77,2434.78,2434.1,2434.11,25.5235
1787995620000,2434.11,2434.11,2434.1,2434.1,8.0158
1787995680000,2434.1,2434.11,2434.1,2434.11,24.6548
1787995740000,2434.1,2434.11,2434.1,2434.1,15.4669
1787995800000,2434.11,2434.47,2434.1,2434.47,40.5751
1787995860000,2434.47,2434.92,2434.46,2434.91,42.7901
1787995920000,2434.91,2435.32,2434.91,2435.32,36.6192
1787995980000,2435.32,2435.67,2435.22,2435.67,71.3822
1787996040000,2435.67,2435.8,2435.66,2435.79,43.5756
1787996100000,2435.8,2435.8,2435.79,2435.8,21.8167
1787996160000,2435.8,2436.23,2435.79,2436.22,37.5684
1787996220000,2436.23,2436.23,2436.22,2436.22,10.1001
1787996280000,2436.23,2436.81,2436.22,2436.81,41.3596
1787996340000,2436.8,2437.01,2436.8,2437,14.2808
1787996400000,2437,2437.29,2437,2437.29,38.7609
1787996460000,2437.29,2437.29,2436.51,2436.52,70.2615
1787996520000,2436.51,2436.72,2436.22,2436.72,106.3914
1787996580000,2436.71,2437.21,2436.71,2436.96,130.3705
1787996640000,2436.97,2436.97,2435.83,2435.83,259.9113
1787996700000,2435.83,2435.84,2435.6,2435.6,56.9109
1787996760000,2435.6,2435.69,2435.37,2435.38,125.8045
1787996820000,2435.38,2435.38,2435.37,2435.38,69.529
1787996880000,2435.38,2435.38,2435.37,2435.37,71.4407
1787996940000,2435.38,2435.77,2435.37,2435.76,25.8616
1787997000000,2435.76,2436.37,2435.76,2436.37,9.9396
1787997060000,2436.36,2436.68,2436.36,2436.68,41.0655
1787997120000,2436.68,2436.68,2436.67,2436.67,33.768
1787997180000,2436.68,2436.68,2435.89,2435.9,71.5624
1787997240000,2435.89,2436.07,2435.31,2436.06,140.5294
1787997300000,2436.07,2436.3,2435.81,2435.82,45.138
1787997360000,2435.81,2435.82,2435.81,2435.82,48.8911
1787997420000,2435.81,2436.18,2435.81,2436.17,36.5728
1787997480000,2436.18,2436.18,2435.76,2436.1,94.1165
1787997540000,2436.1,2436.55,2435.43,2435.44,130.7393
1787997600000,2435.43,2435.43,2434.76,2434.77,39.7151
1787997660000,2434.77,2434.79,2434.76,2434.79,14.1682
1787997720000,2434.78,2434.79,2434.48,2434.55,44.345
1787997780000,2434.55,2434.55,2434.1,2434.1,82.2071
1787997840000,2434.1,2434.11,2433.13,2433.13,73.9499
1787997900000,2433.14,2433.14,2432.26,2432.27,65.1977
1787997960000,2432.26,2432.48,2431.43,2432.29,286.3109
1787998020000,2432.29,2432.89,2432.04,2432.88,123.7317
1787998080000,2432.88,2432.88,2432.87,2432.88,9.5375
1787998140000,2432.88,2432.88,2432.87,2432.87,25.2549
1787998200000,2432.88,2433.05,2432.87,2433.05,24.3514
1787998260000,2433.04,2433.36,2433.04,2433.36,23.1986
1787998320000,2433.37,2433.79,2433.36,2433.78,20.4828
1787998380000,2433.78,2433.79,2433.78,2433.78,19.9056
1787998440000,2433.79,2434.21,2433.78,2434.2,19.382
1787998500000,2434.2,2435.51,2434.2,2435.51,56.8536
1787998560000,2435.5,2436.16,2435.5,2436.16,71.3304
1787998620000,2436.15,2437,2436.15,2436.99,42.8567
1787998680000,2436.99,2437.96,2436.99,2437.95,118.4679
1787998740000,2437.96,2437.96,2437.21,2437.23,59.6065
1787998800000,2437.22,2437.73,2437.22,2437.72,20.5303
1787998860000,2437.72,2438.41,2436,2436.56,364.5312
1787998920000,2436.56,2437.18,2436.21,2436.86,63.7549
1787998980000,2436.86,2437.01,2436.4,2436.91,65.5955
1787999040000,2436.9,2437.37,2436.54,2437.37,50.1262
1787999100000,2437.36,2437.37,2436.92,2436.93,8.6259
1787999160000,2436.92,2436.93,2436.54,2436.62,31.4368
1787999220000,2436.61,2436.88,2436.6,2436.87,49.8071
1787999280000,2436.87,2436.87,2436.5,2436.53,14.623
1787999340000,2436.54,2436.54,2436.53,2436.54,36.4403
1787999400000,2436.53,2436.54,2436.05,2436.06,62.2226
1787999460000,2436.06,2436.11,2436.05,2436.11,67.2644
1787999520000,2436.11,2436.11,2436.1,2436.11,9.9114
1787999580000,2436.1,2436.11,2436.09,2436.1,66.9675
1787999640000,2436.11,2436.29,2436.1,2436.29,17.9214
1787999700000,2436.29,2436.33,2436.1,2436.11,14.1004
1787999760000,2436.1,2436.82,2436.1,2436.82,36.5289
1787999820000,2436.82,2436.82,2436.35,2436.35,31.4238
1787999880000,2436.35,2436.35,2436.02,2436.02,31.1666
1787999940000,2436.02,2436.02,2435.82,2435.83,19.5952
1788000000000,2435.82,2435.83,2435.54,2435.54,20.4729
1788000060000,2435.54,2435.54,2435.46,2435.5,12.5751
1788000120000,2435.5,2435.5,2435.49,2435.49,5.0637
1788000180000,2435.49,2435.5,2435.15,2435.15,15.3244
1788000240000,2435.16,2435.36,2435.15,2435.35,38.1753
1788000300000,2435.35,2435.41,2435.35,2435.41,7.8134
1788000360000,2435.41,2436.12,2435.41,2436.11,51.3296
1788000420000,2436.11,2436.41,2436.11,2436.41,12.7531
1788000480000,2436.41,2436.42,2436.4,2436.41,18.3469
1788000540000,2436.41,2436.43,2436.41,2436.43,16.678
1788000600000,2436.42,2436.52,2436.42,2436.51,12.651
1788000660000,2436.51,2436.59,2436.51,2436.59,45.4665
1788000720000,2436.58,2436.58,2435.64,2435.64,62.2934
1788000780000,2435.64,2436.14,2435.64,2436.14,14.8749
1788000840000,2436.13,2436.14,2436.13,2436.13,13.5582
1788000900000,2436.13,2436.14,2436.13,2436.13,14.2904
1788000960000,2436.13,2436.14,2436.13,2436.13,17.0662
1788001020000,2436.13,2436.14,2436.13,2436.13,12.957
1788001080000,2436.14,2436.14,2435.36,2435.4,33.3622
1788001140000,2435.41,2435.52,2434.71,2434.72,132.0888
1788001200000,2434.71,2434.72,2434.12,2434.17,36.7391
1788001260000,2434.18,2434.47,2433.63,2433.65,56.8215
1788001320000,2433.64,2434.51,2433.64,2434.51,99.8362
1788001380000,2434.52,2434.82,2434.46,2434.82,15.7348
1788001440000,2434.82,2434.83,2434.82,2434.82,8.633
1788001500000,2434.83,2435.33,2434.82,2434.96,18.6844
1788001560000,2434.97,2434.98,2434.96,2434.98,10.7406
1788001620000,2434.98,2434.98,2434.34,2434.34,18.4346
1788001680000,2434.35,2434.71,2434.34,2434.53,12.8752
1788001740000,2434.53,2434.54,2434.53,2434.53,7.5609
1788001800000,2434.53,2435.33,2434.53,2435.24,77.6329
1788001860000,2435.24,2435.51,2435.23,2435.5,9.0435
1788001920000,2435.5,2435.78,2435.5,2435.78,24.7428
1788001980000,2435.79,2436.76,2435.78,2436.76,32.2258
1788002040000,2436.75,2438.42,2436.75,2438.02,104.6823
1788002100000,2438.03,2438.5,2437.97,2437.97,32.427
1788002160000,2437.96,2437.96,2437.88,2437.89,24.4064
1788002220000,2437.89,2437.89,2437.88,2437.88,5.1842
1788002280000,2437.88,2437.95,2437.6,2437.6,26.5827
1788002340000,2437.6,2437.61,2437.6,2437.61,29.4528
1788002400000,2437.61,2437.71,2437.55,2437.7,73.1723
1788002460000,2437.7,2437.71,2437.69,2437.7,48.5058
1788002520000,2437.7,2437.7,2437.41,2437.42,19.806
1788002580000,2437.41,2437.42,2437.3,2437.31,38.241
1788002640000,2437.3,2437.3,2437.08,2437.08,56.8005
1788002700000,2437.09,2437.48,2437.01,2437.48,26.2384
1788002760000,2437.47,2437.48,2437.47,2437.47,13.7021
1788002820000,2437.48,2437.48,2437.47,2437.47,8.7666
1788002880000,2437.48,2437.48,2437.36,2437.39,16.1759
1788002940000,2437.39,2437.49,2437.39,2437.48,68.2119
1788003000000,2437.48,2437.49,2437.15,2437.15,18.8038
1788003060000,2437.15,2437.16,2437.11,2437.12,53.1124
1788003120000,2437.11,2437.49,2437.11,2437.48,97.5241
1788003180000,2437.48,2437.49,2437.4,2437.4,15.5684
1788003240000,2437.4,2437.41,2437.4,2437.41,8.7609
1788003300000,2437.4,2437.4,2437.39,2437.39,45.7208
1788003360000,2437.4,2437.4,2437.34,2437.34,13.9428
1788003420000,2437.33,2437.34,2436.09,2436.1,56.9633
1788003480000,2436.09,2436.59,2436.09,2436.59,139.0628
1788003540000,2436.59,2437.03,2436.58,2437.03,93.7413
1788003600000,2437.03,2437.49,2436.63,2436.64,28.6926
1788003660000,2436.64,2436.64,2436.2,2436.2,22.6581
1788003720000,2436.19,2436.19,2436.18,2436.18,14.9942
1788003780000,2436.18,2436.18,2436,2436,36.395
1788003840000,2436,2436,2435.87,2435.88,13.5179
1788003900000,2435.87,2436.19,2435.87,2436.18,59.6372
1788003960000,2436.19,2436.19,2436.18,2436.18,29.6997
1788004020000,2436.18,2436.64,2436.18,2436.63,84.847
1788004080000,2436.63,2436.64,2436.63,2436.63,18.4453
1788004140000,2436.64,2436.64,2436.63,2436.63,72.7997
1788004200000,2436.64,2436.87,2436.57,2436.58,63.1348
1788004260000,2436.58,2436.87,2436.56,2436.62,58.6367
1788004320000,2436.62,2436.62,2436.39,2436.39,12.5106
1788004380000,2436.39,2436.4,2436.34,2436.35,11.6893
1788004440000,2436.34,2436.35,2436,2436.01,16.1668
1788004500000,2436,2436.01,2435.77,2435.77,66.1415
1788004560000,2435.78,2435.78,2435.19,2435.2,21.2189
1788004620000,2435.19,2435.32,2435.19,2435.32,44.0711
1788004680000,2435.33,2435.62,2435.33,2435.62,30.397
1788004740000,2435.62,2435.89,2435.61,2435.87,20.8744
1788004800000,2435.88,2435.88,2435.87,2435.88,21.2561
1788004860000,2435.88,2435.88,2435.81,2435.82,5.8387
1788004920000,2435.82,2435.94,2435.81,2435.93,41.0171
1788004980000,2435.93,2436.34,2435.92,2436.33,79.0839
1788005040000,2436.34,2436.54,2436.34,2436.53,6.7401
1788005100000,2436.53,2436.62,2436.53,2436.62,17.0682
1788005160000,2436.62,2436.75,2436.36,2436.37,31.4447
1788005220000,2436.36,2436.37,2436.36,2436.37,8.4867
1788005280000,2436.36,2436.37,2435.62,2435.62,7.2115
1788005340000,2435.63,2435.63,2435.54,2435.54,13.9306
1788005400000,2435.54,2435.75,2435.29,2435.29,27.3054
1788005460000,2435.3,2435.3,2435.29,2435.29,20.3079
1788005520000,2435.29,2436.2,2435.29,2436.2,20.5031
1788005580000,2436.2,2436.23,2436.19,2436.23,19.5556
1788005640000,2436.22,2436.73,2436.22,2436.73,32.4282
1788005700000,2436.72,2437.33,2436.72,2437.32,72.5867
1788005760000,2437.33,2437.49,2437.33,2437.48,8.9773
1788005820000,2437.48,2437.49,2437.48,2437.49,86.7323
1788005880000,2437.48,2438.83,2437.48,2438.4,188.2013
1788005940000,2438.41,2438.41,2438.29,2438.3,22.7447
1788006000000,2438.29,2438.96,2438.29,2438.96,124.7658
1788006060000,2438.96,2438.96,2438.3,2438.3,21.2145
1788006120000,2438.3,2438.3,2437.63,2437.82,68.0239
1788006180000,2437.82,2437.87,2436.02,2436.03,56.5493
1788006240000,2436.02,2436.03,2433.99,2434.39,204.3774
1788006300000,2434.39,2434.4,2433.93,2434.33,106.3644
1788006360000,2434.32,2434.93,2434.32,2434.79,25.8458
1788006420000,2434.8,2435,2434.79,2434.99,98.4342
1788006480000,2434.98,2435.5,2434.66,2435.49,85.4748
1788006540000,2435.49,2435.72,2435.49,2435.72,22.9453
1788006600000,2435.72,2435.72,2435.7,2435.71,10.5018
1788006660000,2435.7,2436.15,2435.7,2436.15,24.0737
1788006720000,2436.14,2436.15,2434.15,2434.76,36.244
1788006780000,2434.76,2434.76,2434.75,2434.75,10.7337
1788006840000,2434.75,2434.76,2434.26,2434.26,22.163
1788006900000,2434.27,2434.74,2434.16,2434.74,19.256
1788006960000,2434.75,2434.9,2434.74,2434.89,12.5457
1788007020000,2434.9,2435.09,2434.88,2435.09,23.8202
1788007080000,2435.08,2435.17,2435.08,2435.17,11.8524
1788007140000,2435.17,2435.17,2434.89,2435.03,37.3533
1788007200000,2435.04,2435.04,2434.77,2434.78,10.1461
1788007260000,2434.77,2435.05,2434.77,2435.05,25.4971
1788007320000,2435.05,2435.05,2435.04,2435.04,10.5192
1788007380000,2435.05,2435.25,2434.45,2434.45,79.6934
1788007440000,2434.46,2434.46,2434.45,2434.45,12.3062
1788007500000,2434.46,2434.46,2434.45,2434.45,10.5593
1788007560000,2434.45,2434.46,2434.45,2434.46,12.6588
1788007620000,2434.45,2434.61,2434.38,2434.39,28.0733
1788007680000,2434.38,2434.39,2434.38,2434.38,19.9164
1788007740000,2434.38,2435.14,2434.38,2435.13,38.652
1788007800000,2435.12,2435.12,2434.57,2434.57,63.9586
1788007860000,2434.58,2434.93,2434.28,2434.29,26.2722
1788007920000,2434.28,2434.29,2433.64,2433.64,8.8558
1788007980000,2433.64,2433.75,2433.14,2433.52,52.4113
1788008040000,2433.51,2433.91,2433.51,2433.91,76.018
1788008100000,2433.91,2434,2433.9,2434,21.6047
1788008160000,2434,2434,2433.99,2433.99,9.0946
1788008220000,2434,2434.13,2433.99,2434.12,11.4503
1788008280000,2434.13,2434.37,2434.13,2434.33,16.8841
1788008340000,2434.33,2434.33,2434.32,2434.33,17.6425
1788008400000,2434.33,2434.58,2434.33,2434.57,15.4538
1788008460000,2434.58,2434.9,2434.57,2434.9,17.2257
1788008520000,2434.9,2434.9,2434.89,2434.89,30.886
1788008580000,2434.9,2434.9,2434.89,2434.9,16.8213
1788008640000,2434.9,2434.9,2434.1,2434.11,39.0072
1788008700000,2434.1,2434.45,2434.1,2434.44,25.4093
1788008760000,2434.44,2434.6,2434.22,2434.22,65.4022
1788008820000,2434.22,2434.22,2433.81,2433.82,283.1022
1788008880000,2433.81,2434,2433.42,2433.65,711.0832
1788008940000,2433.66,2433.66,2433.36,2433.48,523.7469
1788009000000,2433.48,2433.81,2433.05,2433.06,301.5141
1788009060000,2433.06,2434.17,2433.03,2434.16,435.9176
1788009120000,2434.17,2434.27,2433.37,2433.84,402.2689
1788009180000,2433.85,2434,2433.63,2433.87,404.6432
1788009240000,2433.86,2434.49,2433.7,2434,409.5836
1788009300000,2433.99,2434.86,2433.99,2434.85,61.478
1788009360000,2434.86,2435.78,2434.85,2435.78,37.4977
1788009420000,2435.78,2435.78,2433.92,2433.92,86.2413
1788009480000,2433.91,2433.91,2433,2433,82.0351
1788009540000,2433.01,2433.01,2432.42,2432.42,113.1532
1788009600000,2432.43,2433.37,2432.43,2433.2,86.3953
1788009660000,2433.21,2433.55,2433.2,2433.55,16.2395
1788009720000,2433.55,2434.24,2433.55,2434.24,29.1083
1788009780000,2434.23,2434.68,2434.23,2434.67,17.338
1788009840000,2434.68,2434.91,2434.67,2434.91,57.2515
1788009900000,2434.91,2434.91,2434.63,2434.73,67.6346
1788009960000,2434.72,2434.73,2434.72,2434.73,13.1105
1788010020000,2434.73,2434.73,2434.72,2434.73,6.4997
1788010080000,2434.72,2434.73,2433.07,2433.79,117.8233
1788010140000,2433.79,2435,2433.79,2434.35,154.3357
1788010200000,2434.35,2434.36,2434.14,2434.14,33.861
1788010260000,2434.15,2434.15,2433.73,2433.73,18.096
1788010320000,2433.73,2434,2433.73,2433.99,27.6466
1788010380000,2434,2434,2433.78,2433.79,15.691
1788010440000,2433.78,2433.79,2433.67,2433.67,24.4466
1788010500000,2433.68,2434.91,2433.68,2434.75,88.4651
1788010560000,2434.75,2435,2434.74,2435,56.3452
1788010620000,2435,2436,2434.99,2435.99,36.8916
1788010680000,2436,2436,2435.01,2435.02,38.7027
1788010740000,2435.02,2435.02,2433.76,2434,78.7527
1788010800000,2433.99,2434.25,2433.99,2434.24,23.8395
1788010860000,2434.25,2434.31,2434.24,2434.31,23.5009
1788010920000,2434.3,2434.31,2433.99,2434.21,96.2367
1788010980000,2434.22,2434.4,2434.21,2434.39,20.9215
1788011040000,2434.39,2434.56,2434.39,2434.55,24.0226
1788011100000,2434.56,2434.56,2434.55,2434.55,21.6951
1788011160000,2434.55,2434.79,2434.55,2434.79,14.559
1788011220000,2434.79,2435.32,2434.38,2435.32,25.3764
1788011280000,2435.32,2435.41,2435.31,2435.41,43.611
1788011340000,2435.41,2436,2435.41,2435.72,21.3915
1788011400000,2435.72,2435.73,2435.72,2435.73,11.4152
1788011460000,2435.72,2435.73,2435.72,2435.73,30.3276
1788011520000,2435.73,2435.82,2435.72,2435.82,9.9194
1788011580000,2435.82,2436.19,2435.82,2436.19,16.9213
1788011640000,2436.19,2436.35,2436.19,2436.29,39.6697
1788011700000,2436.28,2436.29,2435.99,2435.99,58.7154
1788011760000,2435.99,2436,2435.99,2436,17.8036
1788011820000,2436,2436.51,2435.99,2436.5,77.4624
1788011880000,2436.5,2436.51,2436.15,2436.47,95.3643
1788011940000,2436.47,2436.47,2435.62,2435.63,42.29
1788012000000,2435.63,2435.87,2435.62,2435.86,21.5648
1788012060000,2435.87,2436.14,2435.87,2436.13,31.5962
1788012120000,2436.13,2436.16,2436.13,2436.16,7.7913
1788012180000,2436.16,2436.16,2436.14,2436.14,17.6375
1788012240000,2436.14,2436.15,2435.05,2435.42,46.3345
1788012300000,2435.41,2436.16,2435.41,2435.82,17.0259
1788012360000,2435.82,2436.18,2435.81,2436.17,23.8209
1788012420000,2436.18,2436.18,2436.17,2436.18,36.1556
1788012480000,2436.18,2436.5,2436.17,2436.5,20.6505
1788012540000,2436.49,2436.74,2436.17,2436.17,300.4069
1788012600000,2436.17,2436.18,2435.2,2435.21,61.222
1788012660000,2435.21,2435.67,2435.21,2435.47,20.1144
1788012720000,2435.46,2436.24,2435.46,2436.23,57.9135
1788012780000,2436.23,2436.5,2436.23,2436.49,13.6885
1788012840000,2436.49,2436.5,2436.08,2436.08,10.1475
1788012900000,2436.08,2436.18,2435.96,2436.17,44.4052
1788012960000,2436.18,2436.87,2436.17,2436.87,31.3456
1788013020000,2436.87,2436.87,2436.21,2436.21,13.0822
1788013080000,2436.21,2436.22,2436.21,2436.21,14.7199
1788013140000,2436.21,2436.22,2435.49,2435.49,56.2642
1788013200000,2435.48,2435.95,2435.48,2435.95,21.7758
1788013260000,2435.95,2436.93,2435.95,2436.63,125.1062
1788013320000,2436.64,2436.64,2436.4,2436.45,25.1271
1788013380000,2436.46,2437.07,2436.46,2437.07,18.3513
1788013440000,2437.07,2437.07,2437.06,2437.06,33.5808
1788013500000,2437.06,2437.07,2437.06,2437.07,19.476
1788013560000,2437.07,2437.24,2437.06,2437.24,22.0483
1788013620000,2437.24,2437.24,2437.01,2437.02,15.6097
1788013680000,2437.02,2437.02,2435.54,2435.75,50.1433
1788013740000,2435.75,2435.9,2435.74,2435.9,13.0668
1788013800000,2435.9,2436.6,2435.89,2436.04,61.6096
1788013860000,2436.05,2436.1,2436.04,2436.09,7.0368
1788013920000,2436.1,2436.3,2436.1,2436.13,24.3017
1788013980000,2436.13,2436.13,2436.12,2436.12,11.9502
1788014040000,2436.13,2436.13,2436.12,2436.13,13.3341
1788014100000,2436.13,2437.2,2436.13,2436.68,69.5849
1788014160000,2436.68,2436.82,2436.38,2436.81,29.8604
1788014220000,2436.81,2436.92,2436.81,2436.86,22.9476
1788014280000,2436.86,2437.16,2436.85,2437.16,48.4668
1788014340000,2437.16,2437.6,2437.04,2437.6,35.6148
1788014400000,2437.6,2439.88,2437.6,2439.67,159.3072
1788014460000,2439.68,2441.43,2439.67,2441.22,222.3231
1788014520000,2441.23,2445.48,2441.23,2443.5,1049.1504
1788014580000,2443.49,2448.68,2442.99,2444.05,1598.0635
1788014640000,2444.05,2446.14,2443.75,2444.69,145.3838
1788014700000,2444.7,2445.97,2444.7,2445.96,58.0808
1788014760000,2445.96,2447.72,2445.96,2447.72,137.6481
1788014820000,2447.72,2452.64,2447.71,2450.22,674.0809
1788014880000,2450.23,2450.33,2447.55,2447.56,207.2573
1788014940000,2447.56,2448,2446.24,2447.69,249.5874
1788015000000,2447.69,2447.97,2446.24,2447.96,79.8395
1788015060000,2447.96,2448.31,2447.65,2448.31,150.2849
1788015120000,2448.32,2448.66,2447,2447.35,234.3624
1788015180000,2447.35,2447.52,2446.65,2447.52,192.3251
1788015240000,2447.52,2447.68,2447,2447.27,164.9546
1788015300000,2447.27,2447.77,2447.26,2447.54,54.2663
1788015360000,2447.55,2447.9,2447.12,2447.9,58.6385
1788015420000,2447.9,2449.12,2447.9,2449.12,68.4397
1788015480000,2449.12,2450,2448.7,2449.01,248.0573
1788015540000,2449,2449.36,2448.24,2448.58,150.4931
1788015600000,2448.59,2449.35,2447.73,2447.82,175.8287
1788015660000,2447.82,2447.82,2445.93,2445.94,105.7487
1788015720000,2445.93,2446.21,2444.88,2444.88,240.7886
1788015780000,2444.89,2445.15,2441.03,2442.69,505.9008
1788015840000,2442.7,2443.83,2442.69,2443.8,63.6745
1788015900000,2443.79,2443.8,2442.95,2442.96,78.6473
1788015960000,2442.95,2442.95,2441.91,2441.92,43.04
1788016020000,2441.92,2444.66,2441.92,2444.44,92.3383
1788016080000,2444.43,2444.44,2443.39,2443.4,46.255
1788016140000,2443.4,2443.97,2443.13,2443.97,51.9985
1788016200000,2443.97,2444.52,2443.92,2444.16,36.6044
1788016260000,2444.16,2445.16,2444.16,2445.16,27.2918
1788016320000,2445.16,2445.25,2444.09,2444.09,24.7207
1788016380000,2444.1,2445.07,2444.1,2444.34,117.5512
1788016440000,2444.35,2444.85,2444.35,2444.85,34.4006
1788016500000,2444.84,2445.19,2444.75,2444.76,40.7416
1788016560000,2444.75,2445.79,2444.75,2445.7,41.5168
1788016620000,2445.69,2445.69,2444.43,2444.43,87.088
1788016680000,2444.43,2444.43,2441.31,2441.82,149.5772
1788016740000,2441.82,2444.53,2441.82,2444.52,155.7282
1788016800000,2444.53,2446.12,2444.53,2445.48,55.4171
1788016860000,2445.48,2445.49,2445,2445.49,65.8572
1788016920000,2445.49,2445.5,2444.52,2444.54,74.6827
1788016980000,2444.55,2446.08,2444.55,2446.08,100.4428
1788017040000,2446.08,2447.05,2446.07,2446.17,110.1991
1788017100000,2446.16,2446.16,2444.85,2444.85,59.2755
1788017160000,2444.85,2445.12,2444.85,2445.12,43.583
1788017220000,2445.12,2445.2,2444.8,2445.18,30.2888
1788017280000,2445.17,2445.52,2444.87,2444.89,40.5116
1788017340000,2444.89,2444.9,2444.78,2444.78,13.2047
1788017400000,2444.78,2444.78,2442.78,2443.05,50.8682
1788017460000,2443.04,2443.05,2442.28,2442.28,31.3374
1788017520000,2442.29,2443.19,2442.29,2442.64,49.5362
1788017580000,2442.65,2442.65,2442.64,2442.64,56.3961
1788017640000,2442.64,2443.44,2442.63,2443.21,81.1827
1788017700000,2443.2,2443.44,2443.15,2443.44,42.4398
1788017760000,2443.43,2443.92,2443.43,2443.91,10.436
1788017820000,2443.92,2444.15,2443.91,2443.99,18.768
1788017880000,2443.99,2444.23,2443.98,2444.22,20.8674
1788017940000,2444.23,2444.69,2443.73,2444.69,105.4867
1788018000000,2444.68,2446.07,2444.68,2445.88,80.6955
1788018060000,2445.88,2446.04,2445.67,2446.04,71.3044
1788018120000,2446.04,2446.04,2445.24,2445.3,100.0349
1788018180000,2445.3,2445.3,2444.44,2444.45,57.316
1788018240000,2444.45,2444.45,2443.88,2443.89,57.9259
1788018300000,2443.88,2445.23,2443.46,2445.06,154.9628
1788018360000,2445.06,2445.77,2445.05,2445.16,23.2477
1788018420000,2445.16,2446.08,2445.15,2446.06,59.1243
1788018480000,2446.07,2446.75,2446.07,2446.44,40.5506
1788018540000,2446.43,2446.94,2445.7,2446.93,182.4002
1788018600000,2446.94,2446.94,2446.35,2446.44,31.1556
1788018660000,2446.45,2446.45,2444.18,2445.31,185.6445
1788018720000,2445.31,2445.64,2445.31,2445.32,24.83
1788018780000,2445.31,2445.32,2444.9,2444.92,17.5993
1788018840000,2444.92,2445.02,2444.34,2444.53,32.6252
1788018900000,2444.53,2444.53,2442.82,2442.83,69.0138
1788018960000,2442.83,2444.19,2442.82,2444.17,168.5756
1788019020000,2444.18,2444.29,2444.13,2444.13,26.662
1788019080000,2444.13,2444.14,2444.13,2444.14,7.6922
1788019140000,2444.14,2444.76,2444.13,2444.76,23.1988
1788019200000,2444.75,2445.42,2444.75,2445.24,52.0976
1788019260000,2445.24,2445.83,2445.24,2445.83,41.1859
1788019320000,2445.83,2446.52,2445.82,2446.51,52.5921
1788019380000,2446.52,2446.78,2444.52,2445.57,248.9086
1788019440000,2445.57,2445.79,2445.34,2445.35,118.6197
1788019500000,2445.34,2445.68,2444.9,2445.65,62.955
1788019560000,2445.65,2446.29,2445.32,2446.12,45.8295
1788019620000,2446.13,2446.8,2445.88,2446.8,31.724
1788019680000,2446.8,2447.25,2446.16,2446.32,93.2843
1788019740000,2446.31,2447.16,2446.31,2447.16,45.006
1788019800000,2447.17,2447.88,2447.16,2447.61,86.4644
1788019860000,2447.61,2448.52,2447.08,2447.37,80.8412
1788019920000,2447.37,2448.45,2447.37,2447.77,98.5397
1788019980000,2447.77,2448.08,2447.76,2448.08,69.3835
1788020040000,2448.08,2448.49,2446.68,2448.47,128.2101
1788020100000,2448.47,2451.8,2448.46,2451.14,275.4538
1788020160000,2451.13,2457.77,2450.56,2452.05,1213.6069
1788020220000,2452.05,2453.14,2451.28,2451.72,225.7417
1788020280000,2451.72,2451.89,2450.54,2450.54,111.6533
1788020340000,2450.55,2451.14,2450.16,2450.62,186.4126
1788020400000,2450.63,2451.5,2450.63,2451.04,505.5789
1788020460000,2451.04,2451.48,2449.4,2449.64,135.8654
1788020520000,2449.64,2450.3,2449.07,2449.15,93.9851
1788020580000,2449.14,2449.14,2448.02,2448.31,91.1354
1788020640000,2448.31,2448.81,2447.43,2448.7,111.7306
1788020700000,2448.7,2448.7,2446.66,2446.69,86.7616
1788020760000,2446.69,2446.69,2445.59,2445.62,175.8773
1788020820000,2445.62,2447.43,2445.62,2447.43,28.9041
1788020880000,2447.43,2447.75,2447.41,2447.42,104.4426
1788020940000,2447.41,2448,2447.37,2447.99,35.2384
1788021000000,2448,2448,2447.62,2447.63,11.6038
1788021060000,2447.62,2447.62,2446.04,2446.05,25.6471
1788021120000,2446.05,2448.99,2445.87,2448.99,182.0504
1788021180000,2448.99,2450.88,2448.99,2449.51,209.4437
1788021240000,2449.52,2449.52,2448.54,2448.54,17.9747
1788021300000,2448.54,2448.98,2448.54,2448.97,20.6722
1788021360000,2448.97,2448.98,2447.32,2448.47,72.0256
1788021420000,2448.47,2449.69,2448.47,2449.69,38.2748
1788021480000,2449.69,2449.9,2448.8,2448.89,136.2163
1788021540000,2448.9,2449.44,2448.89,2449.44,27.768
1788021600000,2449.44,2450.87,2449.44,2450.87,91.9927
1788021660000,2450.88,2451.66,2450.74,2450.74,108.4184
1788021720000,2450.75,2450.75,2450.33,2450.33,95.7676
1788021780000,2450.32,2450.45,2449.73,2449.73,50.7637
1788021840000,2449.74,2450.6,2449.72,2450.6,533.5631
1788021900000,2450.6,2451.17,2449.75,2449.76,242.3586
1788021960000,2449.75,2450.24,2449.75,2449.86,37.874
1788022020000,2449.85,2450.45,2449.85,2450.25,48.9769
1788022080000,2450.25,2451.98,2450.25,2451.97,253.2151
1788022140000,2451.98,2452.78,2451.93,2452.78,160.1836
1788022200000,2452.78,2453.67,2452.77,2453.54,278.1639
1788022260000,2453.55,2453.55,2452.56,2453.12,180.4637
1788022320000,2453.12,2454.63,2452.77,2454.26,195.0291
1788022380000,2454.26,2454.81,2451.79,2452.09,591.9066
1788022440000,2452.09,2452.55,2451.45,2451.45,111.1147
1788022500000,2451.45,2451.73,2450.64,2451.71,51.7367
1788022560000,2451.71,2451.72,2450.75,2450.93,67.6597
1788022620000,2450.93,2450.94,2450.44,2450.45,72.1485
1788022680000,2450.45,2451.19,2450.45,2450.81,171.3951
1788022740000,2450.81,2451.29,2450.81,2450.98,83.5283
1788022800000,2450.99,2452.14,2450.99,2452.13,235.1337
1788022860000,2452.13,2452.32,2451.75,2452.29,116.0676
1788022920000,2452.29,2452.31,2452,2452.3,230.4674
1788022980000,2452.3,2454.01,2451.32,2454,1360.0538
1788023040000,2454,2454.01,2453.53,2453.7,636.8642
1788023100000,2453.7,2454.45,2453.01,2453.02,314.9025
1788023160000,2453.02,2453.17,2452.46,2452.86,93.8274
1788023220000,2452.86,2452.87,2452.46,2452.62,77.5713
1788023280000,2452.63,2452.63,2452,2452,475.6538
1788023340000,2452,2452.69,2451.2,2452.33,334.4061
1788023400000,2452.34,2452.74,2452.28,2452.74,43.0233
1788023460000,2452.74,2453.8,2452.74,2453.2,94.7453
1788023520000,2453.2,2454.17,2452.92,2453.66,97.0279
1788023580000,2453.66,2453.67,2452.43,2452.43,88.8846
1788023640000,2452.48,2453.17,2452.39,2453.16,200.3676
1788023700000,2453.16,2454.14,2453.16,2454.14,81.4464
1788023760000,2454.14,2455.44,2454.13,2454.72,221.0597
1788023820000,2454.72,2455.23,2454.71,2455.23,43.4999
1788023880000,2455.23,2455.24,2452,2452,184.0121
1788023940000,2452,2452.59,2452,2452.59,34.8226
1788024000000,2452.58,2452.59,2450.92,2450.93,59.2387
1788024060000,2450.92,2450.93,2450.01,2450.05,127.4412
1788024120000,2450.04,2450.11,2450.04,2450.11,130.5496
1788024180000,2450.11,2451.6,2449.35,2451.56,137.6804
1788024240000,2451.56,2451.87,2451.08,2451.46,46.2645
1788024300000,2451.46,2451.47,2450.27,2450.94,52.0755
1788024360000,2450.93,2450.94,2449.71,2449.84,68.3965
1788024420000,2449.84,2449.88,2449.35,2449.36,103.3616
1788024480000,2449.36,2449.37,2449.35,2449.37,80.3746
1788024540000,2449.36,2449.37,2448.12,2448.39,156.7945
1788024600000,2448.38,2449.65,2448.36,2449.65,87.7247
1788024660000,2449.65,2449.8,2448.75,2448.76,40.1572
1788024720000,2448.75,2448.76,2448.4,2448.41,24.089
1788024780000,2448.41,2448.41,2447,2447.35,89.2193
1788024840000,2447.35,2447.43,2446.57,2446.58,96.0753
1788024900000,2446.58,2447.14,2445.57,2447.14,157.4453
1788024960000,2447.14,2448.85,2447.14,2448.84,32.3706
1788025020000,2448.85,2449.36,2448.79,2449.19,27.0821
1788025080000,2449.19,2449.61,2447.77,2447.77,31.3423
1788025140000,2447.76,2448.53,2447.43,2448.53,114.2546
1788025200000,2448.53,2450,2448.53,2450,36.2848
1788025260000,2449.99,2450,2449.55,2449.66,45.7797
1788025320000,2449.65,2449.66,2448.58,2449.45,55.2799
1788025380000,2449.45,2449.8,2449.44,2449.52,38.5378
1788025440000,2449.52,2450,2449.35,2449.35,92.2507
1788025500000,2449.35,2449.99,2449.35,2449.43,31.133
1788025560000,2449.43,2450.78,2449.43,2450.59,52.0157
1788025620000,2450.6,2450.6,2450.05,2450.05,22.0223
1788025680000,2450.05,2450.05,2449.69,2449.86,60.7013
1788025740000,2449.85,2450.35,2449.76,2450.19,46.8982
1788025800000,2450.22,2450.63,2449.76,2450.03,91.3779
1788025860000,2450.02,2450.03,2449.68,2449.69,27.1309
1788025920000,2449.68,2449.68,2449.1,2449.11,202.8478
1788025980000,2449.11,2449.68,2448,2448.22,242.3024
1788026040000,2448.22,2449,2448.22,2448.25,120.8905
1788026100000,2448.25,2448.48,2447.94,2447.94,41.2128
1788026160000,2447.94,2448.17,2447.53,2447.95,69.2831
1788026220000,2447.95,2448.44,2447.94,2448.35,25.0606
1788026280000,2448.35,2448.35,2447.9,2448.15,33.9793
1788026340000,2448.15,2450.74,2448.14,2450.74,49.1841
1788026400000,2450.74,2451.92,2450.44,2450.45,143.9555
1788026460000,2450.45,2451.14,2450.04,2451.14,55.1631
1788026520000,2451.14,2451.3,2450.27,2450.75,58.1033
1788026580000,2450.75,2450.84,2449.96,2449.96,40.3641
1788026640000,2449.95,2449.95,2448.68,2448.69,24.8911
1788026700000,2448.68,2448.93,2448.46,2448.93,32.9563
1788026760000,2448.93,2448.93,2448.9,2448.91,11.0552
1788026820000,2448.9,2449.35,2448.9,2449.24,20.5452
1788026880000,2449.24,2449.24,2448.81,2448.95,45.9934
1788026940000,2448.96,2448.96,2448.57,2448.57,15.8468
1788027000000,2448.57,2448.57,2448.33,2448.33,12.0118
1788027060000,2448.34,2448.34,2448.24,2448.24,7.4718
1788027120000,2448.24,2448.25,2448.24,2448.25,11.3935
1788027180000,2448.25,2448.25,2448.08,2448.08,28.3206
1788027240000,2448.08,2448.14,2448.08,2448.13,14.1218
1788027300000,2448.13,2448.48,2448.13,2448.41,24.1072
1788027360000,2448.4,2448.4,2446.56,2447.08,48.473
1788027420000,2447.09,2447.38,2446.96,2447.24,26.1811
1788027480000,2447.24,2447.38,2446.98,2446.98,16.5418
1788027540000,2446.97,2446.97,2446.65,2446.87,12.433
1788027600000,2446.88,2447.21,2445.97,2446.12,64.3763
1788027660000,2446.11,2447,2446.11,2447,49.9458
1788027720000,2447,2448.57,2447,2448.57,36.0402
1788027780000,2448.56,2449.35,2448,2448.37,256.9254
1788027840000,2448.37,2448.71,2448.36,2448.71,27.6389
1788027900000,2448.71,2448.72,2447.78,2447.98,21.3735
1788027960000,2447.98,2447.99,2447.56,2447.72,16.9906
1788028020000,2447.71,2448.18,2447.71,2448.18,37.7932
1788028080000,2448.17,2448.18,2447.64,2447.65,19.5845
1788028140000,2447.65,2447.65,2447.01,2447.01,9.3952
1788028200000,2447,2447,2445.99,2445.99,21.9301
1788028260000,2446,2447.87,2445.6,2447.87,300.6384
1788028320000,2447.86,2447.88,2447.44,2447.44,24.1496
1788028380000,2447.43,2448,2447.43,2447.61,23.9652
1788028440000,2447.62,2448.16,2447.52,2447.53,23.3367
1788028500000,2447.53,2448.87,2447.52,2448.86,43.5358
1788028560000,2448.87,2448.97,2448.86,2448.97,20.0817
1788028620000,2448.97,2451.3,2448.96,2451.3,471.5661
1788028680000,2451.31,2453.01,2451.31,2452.83,578.1744
1788028740000,2452.83,2452.94,2451.29,2451.84,171.1519
1788028800000,2451.85,2453.24,2451.84,2453.17,634.5201
1788028860000,2453.16,2455.01,2453.16,2453.9,1853.7433
1788028920000,2453.89,2455.01,2452.97,2452.97,1511.0105
1788028980000,2452.97,2453.06,2452.01,2452.92,192.5323
1788029040000,2452.92,2453.4,2452.91,2453.01,113.8816
1788029100000,2453.02,2453.1,2452.68,2453.1,61.3134
1788029160000,2453.1,2453.65,2453.09,2453.65,31.7109
1788029220000,2453.64,2454.62,2453.64,2454.62,67.8096
1788029280000,2454.62,2455.02,2454.49,2454.9,155.2584
1788029340000,2454.9,2455.83,2454.54,2454.77,179.2838
1788029400000,2454.76,2455.15,2454.29,2454.84,116.5552
1788029460000,2454.83,2455.14,2454.73,2455.14,162.2276
1788029520000,2455.14,2455.36,2454.8,2454.9,131.8619
1788029580000,2454.9,2454.9,2453.84,2453.84,66.9781
1788029640000,2453.85,2453.85,2453.84,2453.85,7.5379
1788029700000,2453.85,2453.85,2453,2453.02,59.7021
1788029760000,2453.02,2453.02,2452.56,2452.6,64.4404
1788029820000,2452.6,2452.66,2452.6,2452.65,29.2794
1788029880000,2452.65,2452.66,2452.6,2452.61,18.6236
1788029940000,2452.61,2452.61,2451.96,2452.45,212.3198
1788030000000,2452.45,2452.63,2452.44,2452.62,109.2139
1788030060000,2452.63,2453.42,2452.62,2453.04,213.973
1788030120000,2453.04,2453.15,2452.77,2453.15,28.478
1788030180000,2453.15,2454,2453.14,2453.86,54.4862
1788030240000,2453.87,2454.11,2453.62,2453.78,58.3976
1788030300000,2453.77,2453.77,2453.05,2453.63,91.0811
1788030360000,2453.63,2454.58,2453.62,2454.58,63.8062
1788030420000,2454.57,2454.75,2454.57,2454.6,39.8776
1788030480000,2454.59,2454.6,2453.64,2453.9,55.1073
1788030540000,2453.9,2453.91,2453.9,2453.9,25.1077
1788030600000,2453.9,2454.2,2453.9,2454.2,51.4962
1788030660000,2454.19,2455,2454.19,2455,51.9968
1788030720000,2455,2455.69,2454.99,2455.67,52.015
1788030780000,2455.67,2456.89,2455.66,2456.46,130.8302
1788030840000,2456.46,2457.01,2456.45,2457,43.669
1788030900000,2457.01,2457.61,2456.01,2456.02,120.8676
1788030960000,2456.01,2458,2456,2458,89.8226
1788031020000,2458,2458.43,2456.15,2457.07,381.8646
1788031080000,2457.07,2457.54,2457.07,2457.37,72.3864
1788031140000,2457.37,2457.59,2457.37,2457.52,41.9836
1788031200000,2457.51,2458.69,2457.51,2458.69,51.9043
1788031260000,2458.68,2458.69,2457.47,2457.73,90.1951
1788031320000,2457.73,2458.14,2457.25,2458.11,139.9929
1788031380000,2458.11,2458.31,2457.13,2458.3,90.966
1788031440000,2458.3,2458.69,2458.3,2458.69,46.5338
1788031500000,2458.68,2458.68,2457.1,2457.16,46.6957
1788031560000,2457.17,2457.21,2457.08,2457.08,22.7565
1788031620000,2457.08,2457.19,2457.08,2457.13,39.3653
1788031680000,2457.13,2457.27,2456.9,2457.27,20.1093
1788031740000,2457.28,2457.65,2457.28,2457.64,34.33
1788031800000,2457.65,2458.67,2457.64,2458.66,50.9405
1788031860000,2458.66,2458.66,2456.03,2457.03,195.3061
1788031920000,2457.04,2457.04,2456.05,2456.07,11.946
1788031980000,2456.07,2456.32,2455.77,2455.84,26.6586
1788032040000,2455.85,2456.25,2455.85,2455.93,16.8205
1788032100000,2455.93,2455.93,2455.55,2455.61,16.008
1788032160000,2455.6,2455.61,2454.59,2454.77,58.944
1788032220000,2454.77,2458.9,2454.25,2454.51,367.9471
1788032280000,2454.53,2455.47,2454.25,2454.38,93.6173
1788032340000,2454.39,2454.89,2454.38,2454.88,45.4394
1788032400000,2454.88,2455.74,2454.26,2455.73,143.7281
1788032460000,2455.73,2456.37,2455.73,2456.37,17.8852
1788032520000,2456.37,2456.89,2455.88,2455.88,31.0692
1788032580000,2455.89,2455.9,2455.54,2455.55,36.8178
1788032640000,2455.55,2455.67,2455.22,2455.66,25.1267
1788032700000,2455.67,2455.67,2455.59,2455.6,22.1229
1788032760000,2455.6,2455.6,2455.49,2455.55,3.1706
1788032820000,2455.55,2455.6,2455.11,2455.19,33.6122
1788032880000,2455.2,2455.54,2455.19,2455.54,11.6542
1788032940000,2455.54,2455.55,2455.09,2455.09,9.3565
1788033000000,2455.1,2455.1,2454.15,2454.16,53.5971
1788033060000,2454.16,2454.16,2454,2454,8.6921
1788033120000,2454,2454.19,2453.69,2454.19,29.3891
1788033180000,2454.18,2454.25,2453.8,2453.8,32.8212
1788033240000,2453.81,2453.81,2453.44,2453.44,7.243
1788033300000,2453.45,2453.45,2452.93,2452.94,49.0495
1788033360000,2452.93,2452.93,2451.7,2452.8,85.7619
1788033420000,2452.8,2453,2452.62,2452.99,13.9438
1788033480000,2452.99,2453.44,2452.99,2453.43,27.2692
1788033540000,2453.43,2453.51,2453.43,2453.51,12.2976
1788033600000,2453.51,2453.52,2452.92,2452.93,48.6418
1788033660000,2452.92,2452.93,2452.34,2452.35,7.3383
1788033720000,2452.34,2453.62,2452.22,2453.61,30.9944
1788033780000,2453.62,2455.01,2453.62,2454.4,34.1587
1788033840000,2454.4,2454.4,2453.39,2453.89,30.5015
1788033900000,2453.89,2454.28,2453.89,2453.97,13.9177
1788033960000,2453.97,2454.62,2453.84,2454.62,35.1411
1788034020000,2454.62,2455.3,2454.62,2455.3,50.1152
1788034080000,2455.31,2455.71,2455.25,2455.71,134.8038
1788034140000,2455.71,2456.06,2455.7,2455.96,157.8541
1788034200000,2455.96,2456.11,2455.58,2455.61,211.6727
1788034260000,2455.61,2456.14,2455.6,2456.14,48.6289
1788034320000,2456.13,2456.48,2456.13,2456.47,13.7727
1788034380000,2456.47,2456.47,2455.44,2455.44,54.8901
1788034440000,2455.45,2456.35,2455.45,2456.34,19.8863
1788034500000,2456.35,2456.98,2455.86,2455.86,27.9578
1788034560000,2455.86,2456.77,2455.67,2456.77,76.4902
1788034620000,2456.76,2457.1,2456.76,2457.09,25.7005
1788034680000,2457.1,2457.82,2457.1,2457.81,20.0723
1788034740000,2457.81,2458.24,2457.48,2457.48,62.0298
1788034800000,2457.48,2457.79,2457.48,2457.79,33.619
1788034860000,2457.79,2457.79,2455.7,2455.73,143.1859
1788034920000,2455.73,2455.74,2455.32,2455.33,4.7724
1788034980000,2455.32,2455.32,2454.9,2454.94,8.1132
1788035040000,2454.93,2454.93,2454.61,2454.66,10.1392
1788035100000,2454.67,2454.71,2454.66,2454.7,5.7944
1788035160000,2454.71,2454.71,2454.62,2454.63,15.798
1788035220000,2454.63,2454.63,2454,2454.01,20.6819
1788035280000,2454.01,2454.01,2453.43,2453.6,87.446
1788035340000,2453.59,2453.6,2453.24,2453.24,36.0129
1788035400000,2453.19,2453.2,2452.85,2452.85,6.9509
1788035460000,2452.86,2452.86,2451.77,2452.6,44.967
1788035520000,2452.6,2452.63,2451.86,2451.86,7.8303
1788035580000,2451.86,2451.86,2451.7,2451.7,23.5728
1788035640000,2451.71,2452.54,2451.7,2452.12,20.0193
1788035700000,2452.11,2453.76,2452.04,2453.6,171.8003
1788035760000,2453.61,2453.61,2452.83,2452.83,33.4187
1788035820000,2452.83,2452.83,2452.3,2452.71,20.5899
1788035880000,2452.71,2452.72,2452.45,2452.67,14.9174
1788035940000,2452.67,2452.85,2452.67,2452.85,8.8974
1788036000000,2452.85,2452.85,2452.84,2452.84,82.052
1788036060000,2452.84,2453.26,2452.84,2453.25,13.0246
1788036120000,2453.25,2453.33,2453.25,2453.33,16.0398
1788036180000,2453.33,2453.78,2453.29,2453.29,34.9054
1788036240000,2453.3,2453.63,2453.29,2453.34,79.4738
1788036300000,2453.34,2453.35,2452.66,2453.18,84.7328
1788036360000,2453.17,2453.18,2453.17,2453.18,8.0332
1788036420000,2453.18,2453.18,2453.17,2453.18,22.0125
1788036480000,2453.17,2453.18,2452.41,2452.78,56.4336
1788036540000,2452.78,2453.63,2452.78,2453.63,15.1001
1788036600000,2453.62,2453.71,2453.07,2453.08,21.8796
1788036660000,2453.08,2453.49,2453.07,2453.09,9.946
1788036720000,2453.09,2453.52,2452.9,2453.44,46.6024
1788036780000,2453.44,2453.44,2453.05,2453.27,35.0487
1788036840000,2453.27,2453.27,2453.26,2453.27,1.87
1788036900000,2453.27,2453.27,2452.91,2452.96,12.1545
1788036960000,2452.96,2452.97,2452.96,2452.96,21.7157
1788037020000,2452.97,2452.97,2452.92,2452.96,67.8912
1788037080000,2452.97,2453.12,2452.97,2453.11,43.6298
1788037140000,2453.12,2453.12,2452.82,2452.82,25.3608
1788037200000,2452.82,2452.83,2452.2,2452.2,13.6256
1788037260000,2452.19,2452.78,2450.79,2450.87,492.9418
1788037320000,2450.88,2451.42,2450.87,2450.88,29.7942
1788037380000,2450.88,2450.88,2449.66,2450.01,256.9991
1788037440000,2450,2450,2449.08,2449.97,131.4734
1788037500000,2449.97,2450.25,2449.96,2450.25,40.3332
1788037560000,2450.25,2450.49,2450.25,2450.49,3.7442
1788037620000,2450.49,2453.8,2450.49,2452.86,107.5021
1788037680000,2452.87,2453.01,2452.09,2452.09,16.6229
1788037740000,2452.08,2452.31,2451.87,2452.31,29.6951
1788037800000,2452.31,2452.48,2452.31,2452.48,17.1632
1788037860000,2452.47,2452.48,2452.1,2452.11,7.1445
1788037920000,2452.1,2453.49,2452.1,2453.48,87.3896
1788037980000,2453.49,2454.09,2452.9,2452.9,33.5062
1788038040000,2452.9,2452.9,2451.48,2451.64,168.331
1788038100000,2451.64,2452.44,2451.63,2452.23,70.2745
1788038160000,2452.22,2452.23,2451.39,2451.45,100.8788
1788038220000,2451.46,2452.25,2451.46,2452.25,8.353
1788038280000,2452.24,2452.64,2452.24,2452.64,13.8902
1788038340000,2452.63,2452.64,2452.63,2452.64,9.1238
1788038400000,2452.63,2452.64,2452.63,2452.64,2.8062
1788038460000,2452.64,2452.64,2452.44,2452.45,3.2251
1788038520000,2452.44,2452.44,2451.95,2451.95,8.7235
1788038580000,2451.95,2451.95,2451.63,2451.63,11.5671
1788038640000,2451.64,2451.69,2451.63,2451.69,13.0336
1788038700000,2451.68,2451.68,2450.42,2450.72,45.7395
1788038760000,2450.72,2450.72,2450.47,2450.47,6.2352
1788038820000,2450.47,2450.67,2450.47,2450.67,16.5244
1788038880000,2450.66,2450.67,2450.26,2450.26,5.3904
1788038940000,2450.26,2450.27,2450.26,2450.26,17.9149
1788039000000,2450.27,2450.27,2450.26,2450.27,4.8106
1788039060000,2450.27,2450.94,2450.27,2450.94,22.3678
1788039120000,2450.93,2450.94,2450.93,2450.94,5.0738
1788039180000,2450.93,2450.94,2450.87,2450.87,11.5914
1788039240000,2450.87,2450.87,2450.5,2450.71,9.0385
1788039300000,2450.71,2450.72,2450.2,2450.21,34.2897
1788039360000,2450.21,2450.45,2450.17,2450.18,21.552
1788039420000,2450.18,2450.19,2450.17,2450.19,9.2672
1788039480000,2450.19,2451.18,2450.19,2451.17,20.3605
1788039540000,2451.17,2451.18,2451.11,2451.11,15.002
1788039600000,2451.11,2451.12,2450.15,2451.11,16.3057
1788039660000,2451.12,2451.23,2451.11,2451.23,9.1623
1788039720000,2451.24,2451.24,2451.23,2451.24,12.6654
1788039780000,2451.24,2451.41,2450.15,2450.15,27.1425
1788039840000,2450.15,2451.44,2450.15,2451.44,16.9936
1788039900000,2451.44,2451.44,2451.04,2451.07,8.7577
1788039960000,2451.1,2451.32,2451.1,2451.1,4.078
1788040020000,2451.1,2452.61,2450.88,2450.88,71.134
1788040080000,2450.89,2451.36,2450.7,2451.35,10.2944
1788040140000,2451.35,2451.55,2451.35,2451.55,3.7971
1788040200000,2451.55,2451.99,2451.55,2451.98,22.6952
1788040260000,2451.99,2451.99,2451.6,2451.82,7.9314
1788040320000,2451.82,2452.06,2451.81,2452.05,4.161
1788040380000,2452.05,2452.64,2452.05,2452.64,14.9799
1788040440000,2452.63,2452.64,2451.91,2452.4,22.3469
1788040500000,2452.4,2452.44,2451.86,2451.86,13.9625
1788040560000,2451.85,2452.72,2451.82,2452.65,20.8382
1788040620000,2452.66,2452.66,2451.79,2451.8,18.6111
1788040680000,2451.8,2451.8,2451.57,2451.58,8.0273
1788040740000,2451.58,2451.58,2450.78,2451.47,27.8326
1788040800000,2451.47,2451.83,2450.58,2450.59,48.0973
1788040860000,2450.59,2450.68,2450.28,2450.68,15.1988
1788040920000,2450.68,2451.93,2450.68,2451.93,64.018
1788040980000,2451.93,2451.93,2451.17,2451.17,104.7055
1788041040000,2451.17,2451.71,2451.17,2451.49,40.99
1788041100000,2451.48,2451.48,2450.77,2450.77,25.2063
1788041160000,2450.77,2452.07,2450.77,2452.07,27.384
1788041220000,2452.06,2452.69,2451.66,2452.69,57.3101
1788041280000,2452.69,2452.7,2452.27,2452.59,22.3048
1788041340000,2452.59,2452.59,2452.58,2452.59,2.2317
1788041400000,2452.59,2453.12,2452.59,2453.12,39.553
1788041460000,2453.11,2453.12,2452.44,2452.5,18.2083
1788041520000,2452.5,2452.85,2452.49,2452.84,12.8374
1788041580000,2452.84,2452.85,2450.77,2451,190.9763
1788041640000,2451.01,2451.07,2450.9,2451.04,11.45
1788041700000,2451.04,2451.42,2450.94,2451.22,28.6617
1788041760000,2451.21,2451.56,2451.21,2451.55,25.016
1788041820000,2451.55,2451.55,2450.83,2450.83,9.6847
1788041880000,2450.82,2450.82,2450.22,2450.43,15.1179
1788041940000,2450.43,2450.43,2449.65,2449.65,26.1651
1788042000000,2449.66,2449.68,2449.37,2449.38,16.7584
1788042060000,2449.38,2450.08,2449.38,2450.07,22.5473
1788042120000,2450.08,2450.08,2449.79,2449.8,14.17
1788042180000,2449.79,2450.08,2449.79,2450.08,17.1027
1788042240000,2450.08,2450.08,2450.07,2450.08,2.2344
1788042300000,2450.08,2450.08,2449.61,2449.62,9.2221
1788042360000,2449.61,2449.62,2449.61,2449.62,9.1731
1788042420000,2449.62,2450.36,2449.61,2450.36,150.9262
1788042480000,2450.36,2450.48,2449.99,2450.48,69.8755
1788042540000,2450.47,2451.11,2450.47,2450.99,26.8765
1788042600000,2451,2451,2450.99,2451,3.8778
1788042660000,2451,2451.44,2451,2451.44,9.9825
1788042720000,2451.43,2451.43,2451.11,2451.12,32.3482
1788042780000,2451.12,2451.35,2451.12,2451.34,25.0968
1788042840000,2451.34,2451.34,2451.25,2451.26,13.694
1788042900000,2451.26,2451.26,2451.25,2451.25,2.3512
1788042960000,2451.25,2451.6,2451.25,2451.48,146.5276
1788043020000,2451.48,2451.48,2451.12,2451.13,12.1147
1788043080000,2451.13,2451.13,2451.12,2451.12,12.8445
1788043140000,2451.13,2451.25,2451.12,2451.25,18.703
1788043200000,2451.24,2451.56,2451.24,2451.55,15.8383
1788043260000,2451.54,2451.55,2451.37,2451.37,16.4287
1788043320000,2451.38,2451.38,2451.37,2451.38,6.9718
1788043380000,2451.38,2451.38,2451.37,2451.38,2.136
1788043440000,2451.38,2451.38,2451.37,2451.38,2.5491
1788043500000,2451.38,2451.67,2451.38,2451.67,11.6543
1788043560000,2451.67,2452.45,2451.66,2452.41,33.4186
1788043620000,2452.4,2452.41,2452.4,2452.4,5.4398
1788043680000,2452.4,2452.41,2452.17,2452.18,11.1529
1788043740000,2452.18,2452.18,2452.17,2452.17,0.6872
1788043800000,2452.17,2452.31,2452.17,2452.3,12.7922
1788043860000,2452.3,2452.3,2452.09,2452.1,51.851
1788043920000,2452.09,2452.1,2452.09,2452.1,5.6243
1788043980000,2452.1,2452.1,2452.09,2452.09,42.5275
1788044040000,2452.1,2452.74,2452.09,2452.74,29.1742
1788044100000,2452.74,2452.74,2452.73,2452.74,16.435
1788044160000,2452.74,2452.74,2452.73,2452.74,4.8329
1788044220000,2452.74,2452.94,2452.73,2452.94,21.7236
1788044280000,2452.94,2453.25,2452.94,2453.13,159.9969
1788044340000,2453.09,2453.09,2452.63,2452.64,11.0757
1788044400000,2452.63,2452.87,2452.63,2452.87,37.4268
1788044460000,2452.87,2453.07,2452.63,2453.07,18.9051
1788044520000,2453.07,2454.07,2453.06,2454.07,50.2477
1788044580000,2454.07,2455.54,2454.06,2454.73,253.1372
1788044640000,2454.73,2455.01,2454.07,2454.07,65.4703
1788044700000,2454.06,2454.53,2453.93,2454.53,61.4598
1788044760000,2454.52,2455.82,2454.52,2455.82,248.4743
1788044820000,2455.81,2456.01,2454.36,2454.46,284.2311
1788044880000,2454.47,2454.92,2454.46,2454.66,97.9803
1788044940000,2454.66,2454.82,2454.66,2454.67,27.3858
1788045000000,2454.68,2456.14,2454.67,2456.13,78.6887
1788045060000,2456.13,2456.14,2455.25,2455.25,60.0104
1788045120000,2455.25,2455.25,2454.73,2454.73,34.3699
1788045180000,2454.74,2456.17,2454.44,2455.65,210.9796
1788045240000,2455.66,2455.66,2455.65,2455.65,14.1931
1788045300000,2455.65,2455.66,2455.06,2455.06,11.7649
1788045360000,2455.06,2455.24,2455.06,2455.24,14.5287
1788045420000,2455.23,2455.93,2455.23,2455.93,28.2857
1788045480000,2455.93,2456.47,2455.5,2455.5,148.2318
1788045540000,2455.5,2455.51,2455.5,2455.51,32.7125
1788045600000,2455.51,2455.51,2454.87,2454.88,55.4649
1788045660000,2454.88,2454.93,2454.68,2454.69,14.532
1788045720000,2454.69,2454.69,2454.14,2454.14,10.2797
1788045780000,2454.14,2454.14,2452.88,2453.11,247.6722
1788045840000,2453.11,2453.11,2453.01,2453.04,36.1374
1788045900000,2453.04,2453.04,2452.74,2452.83,123.764
1788045960000,2452.84,2453.6,2452.83,2452.99,16.6897
1788046020000,2452.99,2454.8,2452.98,2454.73,171.5316
1788046080000,2454.74,2454.74,2454.43,2454.44,6.9999
1788046140000,2454.44,2455.27,2454.43,2455.25,71.9881
1788046200000,2455.25,2455.53,2455.25,2455.5,24.7984
1788046260000,2455.5,2455.5,2455.12,2455.13,11.6002
1788046320000,2455.12,2455.13,2455.12,2455.13,5.8615
1788046380000,2455.13,2455.44,2455.13,2455.43,37.3136
1788046440000,2455.43,2455.44,2453.44,2453.8,286.125
1788046500000,2453.81,2454,2453.8,2454,35.9382
1788046560000,2454,2455.93,2454,2455.93,34.4938
1788046620000,2455.93,2455.93,2455.79,2455.79,31.0129
1788046680000,2455.8,2456.16,2455.56,2455.57,44.1558
1788046740000,2455.56,2456.63,2455.56,2456.63,51.1078
1788046800000,2456.63,2457.12,2456.62,2457.12,49.0217
1788046860000,2457.12,2457.52,2457.04,2457.41,95.9389
1788046920000,2457.4,2457.4,2456.87,2456.93,69.3012
1788046980000,2456.92,2457.03,2456.87,2457,14.0828
1788047040000,2457,2457.29,2456.54,2456.55,45.4939
1788047100000,2456.55,2457.09,2456.54,2456.98,30.8014
1788047160000,2456.99,2457.15,2456.99,2457.15,24.6951
1788047220000,2457.15,2457.96,2457.15,2457.96,95.2784
1788047280000,2457.95,2459.53,2457.95,2459.53,102.9143
1788047340000,2459.52,2459.53,2459.52,2459.52,6.0978
1788047400000,2459.52,2459.52,2459.01,2459.01,22.0995
1788047460000,2459.01,2459.76,2459.01,2459.24,41.482
1788047520000,2459.24,2459.25,2458.9,2458.9,30.6824
1788047580000,2458.91,2458.91,2458.18,2458.18,29.5986
1788047640000,2458.17,2458.37,2457.86,2458.35,85.7327
1788047700000,2458.34,2458.34,2458.17,2458.18,14.9503
1788047760000,2458.18,2458.18,2457.48,2457.48,27.9713
1788047820000,2457.48,2457.48,2457.38,2457.38,43.1705
1788047880000,2457.39,2457.39,2457.38,2457.38,20.1857
1788047940000,2457.39,2457.68,2457.07,2457.67,56.469
1788048000000,2457.67,2457.68,2457.21,2457.22,71.9146
1788048060000,2457.21,2457.21,2456.76,2456.76,45.4531
1788048120000,2456.76,2457.05,2456.75,2457.05,23.4475
1788048180000,2457.04,2457.22,2456.65,2456.65,21.2474
1788048240000,2456.65,2456.65,2456.32,2456.5,12.7077
1788048300000,2456.51,2456.52,2456.5,2456.52,20.0663
1788048360000,2456.52,2456.58,2456.51,2456.53,41.6371
1788048420000,2456.53,2456.53,2455.87,2455.91,34.7865
1788048480000,2455.91,2455.94,2455.91,2455.94,45.0918
1788048540000,2455.94,2456.13,2455.68,2455.75,53.6725
1788048600000,2455.75,2455.75,2455.55,2455.55,33.8729
1788048660000,2455.56,2455.56,2454.53,2455.56,101.5659
1788048720000,2455.56,2455.61,2455.56,2455.6,19.3041
1788048780000,2455.61,2455.72,2455.6,2455.71,12.4832
1788048840000,2455.71,2456.26,2455.71,2456.26,10.2213
1788048900000,2456.26,2457.37,2456.25,2457.37,13.4296
1788048960000,2457.37,2457.73,2457.36,2457.72,10.5681
1788049020000,2457.73,2467.4,2457.73,2467.34,1310.6429
1788049080000,2467.34,2467.93,2462.83,2462.83,443.6923
1788049140000,2462.83,2464.32,2462.49,2464.07,250.8931
1788049200000,2464.08,2464.08,2461.68,2461.68,65.9638
1788049260000,2461.69,2462.36,2461.49,2462.35,94.4269
1788049320000,2462.35,2463.27,2462.13,2462.63,52.3212
1788049380000,2462.64,2462.64,2461.79,2461.79,71.3127
1788049440000,2461.79,2461.85,2460.71,2461.85,122.4329
1788049500000,2461.84,2461.85,2461.48,2461.64,31.9265
1788049560000,2461.63,2461.79,2461.51,2461.78,19.5323
1788049620000,2461.79,2461.79,2461.78,2461.79,17.9589
1788049680000,2461.78,2461.93,2461.26,2461.88,42.1719
1788049740000,2461.87,2462.63,2461.87,2462.63,21.8215
1788049800000,2462.64,2462.93,2460.95,2461.38,65.5492
1788049860000,2461.39,2462.23,2460.87,2462.04,92.4482
1788049920000,2462.04,2462.4,2460.83,2460.84,42.256
1788049980000,2460.84,2460.84,2460.32,2460.45,55.0652
1788050040000,2460.44,2460.61,2460.17,2460.6,50.9655
1788050100000,2460.6,2461.91,2460.31,2461.91,140.1393
1788050160000,2461.91,2464.68,2461.91,2464.28,207.2191
1788050220000,2464.27,2465.32,2463.51,2463.51,265.4819
1788050280000,2463.52,2463.52,2462.33,2462.33,83.2348
1788050340000,2462.33,2462.34,2462.22,2462.23,21.2451
1788050400000,2462.22,2462.72,2462.22,2462.71,11.5839
1788050460000,2462.71,2464.2,2462.62,2463.03,48.9382
1788050520000,2463.03,2463.03,2460.99,2461,119.8115
1788050580000,2461,2461.55,2460.55,2460.84,174.5359
1788050640000,2460.84,2461.46,2460.82,2460.82,27.6094
1788050700000,2460.83,2461.79,2460.58,2461.29,30.0542
1788050760000,2461.28,2461.41,2461.06,2461.06,16.7962
1788050820000,2461.06,2461.07,2460.99,2461,6.733
1788050880000,2460.99,2462.38,2460.76,2462.27,53.0217
1788050940000,2462.27,2463.05,2462.27,2463.05,84.8408
1788051000000,2463.04,2463.55,2462.34,2462.69,176.0595
1788051060000,2462.69,2462.7,2461.83,2461.84,69.5042
1788051120000,2461.83,2461.83,2460.69,2460.95,79.2293
1788051180000,2460.96,2461.52,2460.95,2461.52,10.6523
1788051240000,2461.51,2461.52,2460.96,2461.24,41.553
1788051300000,2461.27,2461.27,2460,2460,55.5036
1788051360000,2460,2460.12,2459.6,2460.12,93.4252
1788051420000,2460.12,2460.12,2459.58,2459.93,172.2926
1788051480000,2459.93,2459.93,2459.68,2459.8,13.274
1788051540000,2459.8,2459.8,2458.83,2458.95,63.6471
1788051600000,2458.94,2459.11,2458.83,2458.83,21.4787
1788051660000,2458.84,2458.84,2457.73,2458.18,74.8645
1788051720000,2458.17,2459.45,2458.17,2459.44,19.2351
1788051780000,2459.44,2460.11,2459.44,2460.11,29.9324
1788051840000,2460.11,2460.62,2460.1,2460.62,100.5551
1788051900000,2460.62,2460.62,2459.67,2459.68,35.107
1788051960000,2459.67,2459.68,2458.75,2459.02,22.5955
1788052020000,2459.02,2459.02,2457.52,2457.6,51.3227
1788052080000,2457.6,2457.6,2457.27,2457.27,23.2362
1788052140000,2457.28,2457.6,2457.17,2457.58,43.2682
1788052200000,2457.58,2458.1,2457.58,2458.05,15.4952
1788052260000,2458.04,2458.05,2457.02,2457.02,36.0173
1788052320000,2457.01,2457.16,2456.52,2457.15,37.5396
1788052380000,2457.15,2457.15,2456.5,2456.5,31.087
1788052440000,2456.5,2456.71,2456.28,2456.39,59.4195
1788052500000,2456.39,2456.71,2456.2,2456.49,164.8419
1788052560000,2456.49,2456.5,2454.59,2455.11,100.2837
1788052620000,2455.1,2455.1,2453.15,2454.23,330.6825
1788052680000,2454.24,2454.64,2454.24,2454.32,46.3287
1788052740000,2454.31,2456.2,2454.31,2456.08,206.5069
1788052800000,2456.09,2456.52,2456.03,2456.52,17.8483
1788052860000,2456.52,2456.52,2456.49,2456.49,8.0798
1788052920000,2456.49,2456.5,2456.36,2456.36,4.6974
1788052980000,2456.37,2456.71,2456.36,2456.7,18.9489
1788053040000,2456.71,2456.71,2455.59,2455.59,205.1217
1788053100000,2455.6,2455.6,2454.59,2454.95,38.2565
1788053160000,2454.96,2454.96,2453.08,2453.18,96.0657
1788053220000,2453.18,2453.98,2453.18,2453.56,42.2947
1788053280000,2453.56,2454,2453.56,2453.98,26.4137
1788053340000,2453.98,2454.25,2453.98,2454.18,39.6353
1788053400000,2454.18,2454.25,2454.17,2454.19,54.5548
1788053460000,2454.19,2454.19,2453.41,2453.41,51.3253
1788053520000,2453.42,2455.47,2453.41,2455.45,97.6924
1788053580000,2455.44,2455.45,2455.09,2455.31,32.5862
1788053640000,2455.31,2455.31,2455.3,2455.31,15.4775
1788053700000,2455.31,2456.05,2455.31,2456.05,18.8037
1788053760000,2456.04,2456.4,2455.62,2456.39,42.9432
1788053820000,2456.4,2458,2456.39,2457.99,126.447
1788053880000,2458,2458.21,2456.47,2456.96,144.218
1788053940000,2456.96,2457.46,2456.96,2457.23,119.8249
1788054000000,2457.23,2457.23,2456.96,2457.07,17.5207
1788054060000,2457.07,2457.07,2456.56,2456.57,16.2488
1788054120000,2456.56,2456.75,2456.22,2456.23,25.2098
1788054180000,2456.23,2456.38,2456.2,2456.3,74.0741
1788054240000,2456.29,2456.3,2455.98,2456.29,36.2895
1788054300000,2456.29,2458.55,2456.29,2458.55,186.7188
1788054360000,2458.54,2459.21,2457.96,2459.21,376.345
1788054420000,2459.2,2459.2,2458.04,2458.04,59.6077
1788054480000,2458.04,2458.12,2457.9,2458.12,13.5731
1788054540000,2458.13,2459.19,2458.12,2459.19,13.9277
1788054600000,2459.19,2459.41,2458.83,2459.01,37.7603
1788054660000,2459.01,2459.01,2457.32,2457.34,312.5318
1788054720000,2457.33,2457.33,2456.73,2456.78,14.6317
1788054780000,2456.77,2457.12,2456.08,2456.39,38.9516
1788054840000,2456.4,2456.55,2456.39,2456.54,10.2103
1788054900000,2456.54,2456.55,2455.93,2455.93,25.4734
1788054960000,2455.93,2455.93,2455.43,2455.43,17.7439
1788055020000,2455.43,2455.43,2455.23,2455.24,68.6632
1788055080000,2455.24,2456.84,2455.21,2456.59,326.8822
1788055140000,2456.6,2456.6,2456.36,2456.37,6.5713
1788055200000,2456.37,2456.82,2456.25,2456.25,17.0032
1788055260000,2456.25,2456.25,2455.39,2455.4,44.4584
1788055320000,2455.39,2456.77,2455.05,2456.77,54.3002
1788055380000,2456.76,2457.65,2456.76,2457.65,41.8497
1788055440000,2457.64,2458.21,2457.64,2458.2,47.3597
1788055500000,2458.2,2458.5,2458.16,2458.5,85.1411
1788055560000,2458.49,2458.57,2456.05,2456.05,180.6562
1788055620000,2456.05,2456.43,2456.05,2456.43,16.6715
1788055680000,2456.43,2456.89,2456.43,2456.88,9.1226
1788055740000,2456.89,2457.14,2456.76,2457.14,14.7401
1788055800000,2457.14,2457.39,2456.59,2456.6,89.9073
1788055860000,2456.6,2456.62,2456.44,2456.45,35.3224
1788055920000,2456.45,2458.12,2456.45,2458.12,31.1381
1788055980000,2458.12,2458.4,2457.99,2457.99,28.2316
1788056040000,2457.99,2458.45,2457.9,2458.35,56.8246
1788056100000,2458.36,2458.36,2457.23,2457.23,41.8808
1788056160000,2457.23,2458.46,2457.23,2458.46,32.5187
1788056220000,2458.46,2458.58,2458.16,2458.16,22.5649
1788056280000,2458.17,2458.17,2457.99,2457.99,7.7655
1788056340000,2457.99,2457.99,2457.83,2457.83,15.2494
1788056400000,2457.84,2457.84,2457.82,2457.82,4.8175
1788056460000,2457.82,2458,2457.82,2458,42.8573
1788056520000,2458,2458,2456.16,2456.16,81.4921
1788056580000,2456.16,2456.17,2455.5,2455.53,81.7002
1788056640000,2455.53,2455.61,2455.27,2455.28,10.6753
1788056700000,2455.29,2455.3,2454.14,2454.73,54.2741
1788056760000,2454.73,2454.73,2453.6,2453.74,39.2901
1788056820000,2453.73,2454.84,2453.73,2454.84,21.0262
1788056880000,2454.83,2456,2454.83,2455.99,14.6424
1788056940000,2456,2456.85,2455.47,2455.55,99.9117
1788057000000,2455.56,2456.16,2454.85,2454.95,63.5217
1788057060000,2454.96,2455.38,2453.9,2453.9,64.8543
1788057120000,2453.91,2454.5,2453.91,2454.49,52.0272
1788057180000,2454.49,2454.85,2454.49,2454.8,35.7279
1788057240000,2454.8,2455.32,2453.76,2455.21,151.9861
1788057300000,2455.21,2455.22,2454.06,2454.54,41.4819
1788057360000,2454.55,2455.07,2454.54,2454.84,49.6286
1788057420000,2454.83,2455.29,2454.83,2455.29,8.078
1788057480000,2455.28,2455.32,2455.28,2455.3,9.3395
1788057540000,2455.31,2456.32,2455.3,2456.31,36.4725
1788057600000,2456.31,2457.13,2456.19,2457.12,59.882
1788057660000,2457.12,2458.04,2456.1,2456.48,275.0265
1788057720000,2456.49,2456.55,2455.74,2455.94,42.2231
1788057780000,2455.95,2456.01,2455.83,2455.84,31.5997
1788057840000,2455.84,2456.19,2455.83,2456.18,72.3989
1788057900000,2456.18,2456.18,2454.93,2454.93,120.5221
1788057960000,2454.92,2456.32,2454.82,2455.63,233.857
1788058020000,2455.62,2455.87,2455.35,2455.62,62.8799
1788058080000,2455.63,2455.74,2455.12,2455.6,51.5283
1788058140000,2455.61,2456.25,2455.61,2456.25,7.1267
1788058200000,2456.24,2457.18,2456.23,2457.18,56.6049
1788058260000,2457.18,2457.75,2457.18,2457.74,40.3431
1788058320000,2457.75,2458.83,2457.74,2458.83,22.7603
1788058380000,2458.83,2458.99,2457.45,2457.64,193.7502
1788058440000,2457.65,2457.92,2457.65,2457.92,25.5844
1788058500000,2457.92,2457.93,2457.5,2457.51,40.0508
1788058560000,2457.51,2457.51,2457.45,2457.45,28.793
1788058620000,2457.45,2457.45,2456.16,2456.23,50.951
1788058680000,2456.23,2456.23,2456.22,2456.23,15.1246
1788058740000,2456.22,2456.23,2454.79,2454.97,103.46
1788058800000,2454.97,2455.08,2454.81,2454.82,49.3054
1788058860000,2454.82,2456,2454.17,2456,248.4593
1788058920000,2456,2456,2454.66,2454.67,81.3721
1788058980000,2454.66,2454.93,2454.47,2454.71,72.7927
1788059040000,2454.71,2454.74,2454.65,2454.73,7.6716
1788059100000,2454.73,2455.48,2454.73,2455.37,63.7118
1788059160000,2455.37,2455.37,2454.49,2454.59,21.6635
1788059220000,2454.58,2454.58,2454.22,2454.47,37.0011
1788059280000,2454.47,2455.5,2454.46,2455.49,17.4326
1788059340000,2455.49,2455.66,2455.49,2455.65,12.1571
1788059400000,2455.66,2455.99,2455.5,2455.51,13.4814
1788059460000,2455.51,2455.7,2455.51,2455.63,11.9002
1788059520000,2455.62,2455.69,2455.53,2455.69,9.1828
1788059580000,2455.68,2456.16,2455.68,2456.16,19.8518
1788059640000,2456.17,2456.17,2456.13,2456.14,1.5651
1788059700000,2456.13,2456.14,2456.13,2456.14,9.7875
1788059760000,2456.14,2456.14,2455.57,2455.57,13.7664
1788059820000,2455.57,2456.04,2455.57,2456.03,22.0731
1788059880000,2456.04,2456.67,2456.03,2456.67,97.134
1788059940000,2456.66,2456.87,2456.5,2456.51,46.3277
1788060000000,2456.51,2456.87,2455.51,2455.51,129.8488
1788060060000,2455.51,2456.34,2455.37,2456.33,80.0526
1788060120000,2456.34,2456.42,2456.33,2456.42,90.6939
1788060180000,2456.41,2456.81,2455.39,2456.8,71.8027
1788060240000,2456.81,2457.46,2456.81,2457.46,67.736
1788060300000,2457.45,2457.51,2457.42,2457.42,12.8664
1788060360000,2457.42,2457.42,2457.1,2457.11,14.8002
1788060420000,2457.1,2457.44,2457.09,2457.44,50.6153
1788060480000,2457.44,2458.69,2457.44,2458.69,97.4416
1788060540000,2458.69,2459.11,2458.68,2459.11,277.5604
1788060600000,2459.11,2459.57,2458.17,2458.78,282.9667
1788060660000,2458.78,2459.41,2458.77,2459.35,39.8418
1788060720000,2459.34,2459.97,2459.34,2459.96,33.0137
1788060780000,2459.97,2460.39,2459.97,2460,47.3684
1788060840000,2460,2460.72,2460,2460.41,90.9076
1788060900000,2460.4,2460.41,2459.07,2459.32,168.9965
1788060960000,2459.33,2459.33,2459.02,2459.03,53.027
1788061020000,2459.04,2459.04,2458.64,2458.65,27.3628
1788061080000,2458.64,2458.8,2458.64,2458.8,87.9549
1788061140000,2458.79,2459.14,2458.79,2458.81,114.4329
1788061200000,2458.8,2458.81,2458.51,2458.51,15.5248
1788061260000,2458.52,2460.44,2458.49,2460.44,165.099
1788061320000,2460.44,2460.72,2459.73,2459.74,69.8711
1788061380000,2459.74,2459.76,2459.73,2459.75,9.0336
1788061440000,2459.75,2459.76,2458.2,2458.5,103.3613
1788061500000,2458.49,2458.5,2458.08,2458.14,17.8899
1788061560000,2458.15,2458.15,2458.01,2458.02,4.3731
1788061620000,2458.02,2458.02,2457.88,2457.89,10.9307
1788061680000,2457.89,2457.89,2457.88,2457.89,5.9934
1788061740000,2457.88,2458,2457.88,2457.99,9.8344
1788061800000,2458,2458,2457.88,2457.88,25.5424
1788061860000,2457.88,2457.88,2457.26,2457.26,8.7591
1788061920000,2457.26,2457.26,2457.25,2457.26,10.2712
1788061980000,2457.25,2457.26,2457.15,2457.16,18.6855
1788062040000,2457.16,2457.16,2457.15,2457.16,12.0502
1788062100000,2457.16,2457.25,2456.85,2456.85,24.9267
1788062160000,2456.85,2457.51,2456.85,2457.15,79.2425
1788062220000,2457.15,2457.16,2457.12,2457.14,89.1129
1788062280000,2457.13,2457.16,2457.01,2457.16,14.0889
1788062340000,2457.15,2457.16,2457.14,2457.15,22.5397
1788062400000,2457.14,2457.15,2457.12,2457.13,11.8284
1788062460000,2457.13,2457.13,2456.99,2457,37.3471
1788062520000,2457,2457.99,2456.99,2457.85,163.1885
1788062580000,2457.85,2458.56,2457.85,2458.48,55.6741
1788062640000,2458.48,2458.48,2458.47,2458.48,2.9353
1788062700000,2458.48,2458.75,2458.3,2458.66,69.9975
1788062760000,2458.66,2458.67,2457.6,2457.6,29.2174
1788062820000,2457.6,2457.61,2457.02,2457.03,13.5244
1788062880000,2457.02,2457.07,2456.48,2457.07,158.3743
1788062940000,2457.08,2457.08,2457.05,2457.05,11.5282
1788063000000,2457.05,2457.06,2457.05,2457.05,10.5333
1788063060000,2457.05,2457.06,2457.05,2457.06,3.4918
1788063120000,2457.06,2457.06,2457.05,2457.06,8.7388
1788063180000,2457.05,2457.21,2457.05,2457.21,18.6142
1788063240000,2457.2,2457.21,2457.2,2457.21,4.914
1788063300000,2457.21,2457.54,2457.05,2457.13,220.073
1788063360000,2457.13,2458.69,2457.13,2458.31,83.2063
1788063420000,2458.31,2458.31,2457.86,2457.86,7.91
1788063480000,2457.85,2457.85,2457.3,2457.37,11.3238
1788063540000,2457.38,2457.74,2457.08,2457.19,306.8836
1788063600000,2457.19,2457.2,2457.05,2457.05,12.2542
1788063660000,2457.05,2457.05,2455.77,2455.77,204.5561
1788063720000,2455.78,2456.23,2455.77,2456.13,26.2524
1788063780000,2456.13,2456.13,2455.67,2455.68,17.6008
1788063840000,2455.67,2455.68,2454.54,2455.12,487.4544
1788063900000,2455.12,2456.26,2455.12,2455.83,29.031
1788063960000,2455.82,2456.21,2455.62,2456.21,239.0388
1788064020000,2456.21,2456.39,2456.2,2456.38,7.5853
1788064080000,2456.39,2456.55,2456.38,2456.55,27.7796
1788064140000,2456.54,2456.6,2455.54,2455.55,159.9989
1788064200000,2455.54,2455.93,2455.05,2455.06,32.5014
1788064260000,2455.06,2455.06,2454.59,2455.05,42.531
1788064320000,2455.05,2455.5,2455.04,2455.49,20.8495
1788064380000,2455.5,2455.5,2455.45,2455.46,17.5835
1788064440000,2455.46,2455.46,2454.53,2454.54,70.9035
1788064500000,2454.54,2454.54,2454,2454,61.4859
1788064560000,2454.01,2454.88,2453.78,2454.86,164.7476
1788064620000,2454.85,2456.18,2454.53,2455.5,326.6408
1788064680000,2455.5,2455.5,2454.89,2455,72.5528
1788064740000,2455,2455,2452.92,2453.63,1198.9421
1788064800000,2453.62,2454.66,2452.99,2454.66,435.8458
1788064860000,2454.66,2455.2,2454.66,2455.19,69.3763
1788064920000,2455.19,2455.33,2454.71,2455.05,111.7108
1788064980000,2455.05,2455.33,2455.05,2455.33,51.4883
1788065040000,2455.32,2455.75,2453.38,2453.39,305.7182
1788065100000,2453.39,2453.54,2453.15,2453.52,55.6958
1788065160000,2453.52,2454.27,2453.37,2453.84,156.6406
1788065220000,2453.84,2453.85,2452.02,2452.3,250.8124
1788065280000,2452.29,2452.89,2451.55,2452.89,157.8792
1788065340000,2452.88,2452.88,2452.32,2452.32,101.625
1788065400000,2452.32,2452.57,2452.32,2452.57,35.6833
1788065460000,2452.57,2453.78,2452.56,2453.69,96.8601
1788065520000,2453.69,2453.7,2452.49,2452.54,90.1139
1788065580000,2452.55,2452.89,2452.32,2452.32,40.0494
1788065640000,2452.32,2454.01,2452.08,2453.72,425.4024
1788065700000,2453.71,2453.71,2453.58,2453.66,12.8692
1788065760000,2453.66,2453.92,2453.66,2453.91,25.543
1788065820000,2453.91,2454.31,2453.85,2454.31,18.4342
1788065880000,2454.31,2454.54,2453.97,2454.54,32.2943
1788065940000,2454.53,2455.87,2454.53,2455.87,47.0413
1788066000000,2455.86,2455.87,2455.67,2455.82,52.0536
1788066060000,2455.81,2456.64,2455.81,2456.64,59.2531
1788066120000,2456.63,2457.68,2456.63,2457.68,108.4301
1788066180000,2457.67,2459.41,2457.67,2459.14,250.8306
1788066240000,2459.14,2459.66,2459.14,2459.66,159.9765
1788066300000,2459.66,2460,2457.54,2458.03,498.9194
1788066360000,2458.03,2458.52,2457.39,2457.4,75.6957
1788066420000,2457.4,2457.9,2457.25,2457.89,14.241
1788066480000,2457.9,2457.9,2457.89,2457.9,13.5231
1788066540000,2457.9,2457.9,2457.89,2457.9,35.3188
1788066600000,2457.89,2457.9,2457.7,2457.7,49.0149
1788066660000,2457.7,2457.7,2456.75,2456.76,24.6193
1788066720000,2456.76,2457.09,2456.76,2457.01,12.6954
1788066780000,2457.01,2457.14,2457.01,2457.14,6.9169
1788066840000,2457.14,2457.14,2457.02,2457.03,20.9561
1788066900000,2457.02,2457.03,2456.87,2456.88,19.6986
1788066960000,2456.88,2456.88,2456.87,2456.88,11.9454
1788067020000,2456.87,2456.88,2455.84,2455.85,45.5787
1788067080000,2455.84,2455.85,2455.84,2455.84,30.8036
1788067140000,2455.84,2455.84,2455.82,2455.82,10.6496
1788067200000,2455.83,2455.83,2455.82,2455.83,12.3131
1788067260000,2455.83,2455.83,2455.82,2455.83,8.0402
1788067320000,2455.82,2455.83,2455.82,2455.82,11.7653
1788067380000,2455.82,2455.9,2455.82,2455.89,35.7771
1788067440000,2455.88,2455.91,2455.87,2455.88,86.0603
1788067500000,2455.88,2455.88,2455.87,2455.87,33.024
1788067560000,2455.88,2455.88,2455.57,2455.58,32.3592
1788067620000,2455.58,2455.58,2455.57,2455.58,12.5387
1788067680000,2455.58,2455.58,2455.57,2455.57,16.3413
1788067740000,2455.58,2455.87,2455.57,2455.87,18.3256
1788067800000,2455.86,2455.87,2455.86,2455.86,9.496
1788067860000,2455.86,2455.87,2455.86,2455.86,13.5005
1788067920000,2455.86,2455.87,2455.61,2455.62,32.6717
1788067980000,2455.62,2455.62,2455.61,2455.62,9.8244
1788068040000,2455.62,2455.62,2455.61,2455.62,7.9578
1788068100000,2455.62,2455.62,2455.29,2455.34,145.8073
1788068160000,2455.34,2455.59,2455.33,2455.37,67.1421
1788068220000,2455.37,2455.37,2455.11,2455.11,34.0143
1788068280000,2455.12,2455.27,2455.12,2455.27,35.8751
1788068340000,2455.26,2455.76,2455.26,2455.76,13.5269
1788068400000,2455.77,2456.37,2455.77,2456.37,31.903
1788068460000,2456.37,2456.37,2456.28,2456.29,17.5883
1788068520000,2456.29,2456.29,2455.85,2455.85,32.0931
1788068580000,2455.84,2456.88,2455.8,2456.39,218.7457
1788068640000,2456.4,2456.44,2455.85,2455.86,65.9435
1788068700000,2455.85,2455.98,2455.49,2455.98,60.6227
1788068760000,2455.97,2455.98,2455.97,2455.97,24.3602
1788068820000,2455.97,2456.16,2455.97,2456.15,126.1029
1788068880000,2456.15,2456.16,2455.99,2455.99,18.209
1788068940000,2455.99,2456.17,2455.99,2456.16,13.3329
1788069000000,2456.17,2456.17,2455.88,2455.89,12.3585
1788069060000,2455.88,2455.89,2455.19,2455.45,47.9907
1788069120000,2455.44,2455.45,2455.44,2455.44,23.4941
1788069180000,2455.45,2455.79,2455.44,2455.79,15.1803
1788069240000,2455.79,2456.02,2455.55,2455.55,36.5894
1788069300000,2455.54,2455.57,2455.54,2455.57,23.2327
1788069360000,2455.57,2455.61,2455.57,2455.61,34.3437
1788069420000,2455.61,2455.72,2455.6,2455.71,11.9172
1788069480000,2455.71,2455.72,2455.71,2455.72,27.8924
1788069540000,2455.72,2456.36,2455.72,2456.36,123.1931
1788069600000,2456.35,2456.36,2455.01,2455.01,57.0234
1788069660000,2455.02,2455.3,2455.01,2455.29,96.533
1788069720000,2455.3,2455.3,2455.29,2455.3,7.5386
1788069780000,2455.3,2456.4,2455.29,2456.4,16.8611
1788069840000,2456.4,2456.43,2456.13,2456.28,18.9683
1788069900000,2456.28,2456.29,2455.2,2455.62,45.1942
1788069960000,2455.61,2455.62,2455.61,2455.62,9.4406
1788070020000,2455.62,2455.66,2455.62,2455.66,9.721
1788070080000,2455.65,2455.66,2455.65,2455.65,22.7664
1788070140000,2455.65,2455.65,2455.61,2455.61,18.5808
1788070200000,2455.62,2455.62,2455.61,2455.62,5.1815
1788070260000,2455.61,2455.62,2455.39,2455.4,159.1812
1788070320000,2455.39,2455.43,2455.39,2455.43,22.7944
1788070380000,2455.42,2455.43,2455.42,2455.42,15.6154
1788070440000,2455.43,2455.87,2455.42,2455.87,10.2403
1788070500000,2455.87,2456,2455.87,2456,20.6038
1788070560000,2456,2456.41,2456,2456.4,18.8375
1788070620000,2456.41,2456.41,2456.4,2456.4,10.1828
1788070680000,2456.4,2456.41,2456.29,2456.3,9.9678
1788070740000,2456.3,2456.56,2456.3,2456.55,17.4926
1788070800000,2456.56,2456.56,2456.55,2456.55,12.9782
1788070860000,2456.56,2456.76,2456.55,2456.76,23.4322
1788070920000,2456.75,2456.76,2456.75,2456.76,9.3012
1788070980000,2456.76,2456.88,2456.75,2456.88,6.7454
1788071040000,2456.88,2457.64,2456.88,2457.64,74.8004
1788071100000,2457.64,2457.85,2457.27,2457.27,38.2725
1788071160000,2457.27,2457.28,2456.97,2456.97,19.1377
1788071220000,2456.98,2457.23,2456.72,2456.72,219.6552
1788071280000,2456.73,2456.73,2456.55,2456.66,13.0042
1788071340000,2456.67,2456.67,2456.66,2456.66,2.8461
1788071400000,2456.66,2456.67,2456.66,2456.67,19.4645
1788071460000,2456.67,2457.07,2456.66,2457.07,9.3528
1788071520000,2457.07,2457.13,2457.06,2457.13,15.4008
1788071580000,2457.13,2457.13,2457.12,2457.13,8.1567
1788071640000,2457.12,2457.21,2457.12,2457.21,32.6363
1788071700000,2457.21,2457.75,2457.2,2457.75,26.8482
1788071760000,2457.74,2459,2457.74,2458.46,98.3342
1788071820000,2458.47,2459,2458.32,2458.73,74.0689
1788071880000,2458.72,2459,2457.44,2458.93,127.5027
1788071940000,2458.93,2458.99,2458.61,2458.62,17.9487
1788072000000,2458.62,2459.51,2458.61,2459.05,116.3883
1788072060000,2459.05,2460.26,2459.05,2459.83,141.2401
1788072120000,2459.84,2459.93,2458.65,2458.68,382.1106
1788072180000,2458.68,2458.85,2458.23,2458.23,38.07
1788072240000,2458.24,2460.01,2458.24,2459.42,375.9188
1788072300000,2459.43,2459.69,2459.05,2459.31,53.9969
1788072360000,2459.3,2459.62,2459.3,2459.62,14.7378
1788072420000,2459.62,2459.62,2459.34,2459.46,52.6898
1788072480000,2459.46,2461.52,2459.45,2460.85,139.3532
1788072540000,2460.86,2460.9,2460.13,2460.17,65.4186
1788072600000,2460.16,2460.16,2458.89,2459.72,141.0805
1788072660000,2459.73,2460.56,2459.72,2460.56,43.7286
1788072720000,2460.55,2460.56,2459.82,2459.83,26.9934
1788072780000,2459.83,2460.06,2459.76,2459.76,35.7543
1788072840000,2459.76,2460.05,2459.75,2460.05,12.1057
1788072900000,2460.04,2460.22,2459.83,2459.84,76.0535
1788072960000,2459.84,2459.85,2459.73,2459.74,55.2437
1788073020000,2459.73,2459.74,2459.73,2459.73,8.5052
1788073080000,2459.73,2460.97,2459.73,2460.97,70.8072
1788073140000,2460.97,2461.07,2460.97,2461.07,22.6365
1788073200000,2461.07,2461.29,2460.05,2460.05,54.4035
1788073260000,2460.05,2460.17,2459.8,2459.8,174.3072
1788073320000,2459.8,2459.8,2459,2459,156.1819
1788073380000,2459,2459.17,2459,2459.08,209.005
1788073440000,2459.09,2459.31,2459.08,2459.31,68.6152
1788073500000,2459.31,2459.5,2459.31,2459.44,112.8379
1788073560000,2459.44,2459.44,2459.43,2459.44,2.8701
1788073620000,2459.43,2459.44,2459.02,2459.03,21.2949
1788073680000,2459.02,2459.03,2458.78,2458.79,9.9794
1788073740000,2458.78,2458.79,2458.78,2458.78,7.7944
1788073800000,2458.79,2458.79,2458.7,2458.71,15.2245
1788073860000,2458.7,2458.95,2458.7,2458.95,20.4174
1788073920000,2458.95,2459.29,2458.95,2459.29,28.8484
1788073980000,2459.28,2459.58,2459.28,2459.57,13.4215
1788074040000,2459.57,2459.58,2459.57,2459.57,27.9143
1788074100000,2459.57,2459.58,2458.37,2458.37,59.5531
1788074160000,2458.37,2458.37,2458.1,2458.2,22.9611
1788074220000,2458.21,2458.21,2458.2,2458.21,7.3666
1788074280000,2458.21,2458.21,2458,2458.01,16.129
1788074340000,2458.01,2458.21,2458,2458.2,31.1537
1788074400000,2458.21,2458.21,2458.2,2458.2,12.8501
1788074460000,2458.21,2458.21,2458,2458.01,38.8517
1788074520000,2458.01,2458.01,2458,2458,7.515
1788074580000,2458,2458.01,2458,2458.01,17.9868
1788074640000,2458.01,2458.01,2458,2458,29.8265
1788074700000,2458,2458.01,2458,2458.01,6.3634
1788074760000,2458,2458.01,2458,2458,12.7807
1788074820000,2458,2458.02,2458,2458.01,16.7546
1788074880000,2458.02,2458.02,2458.01,2458.01,4.8089
1788074940000,2458.01,2458.02,2458.01,2458.01,3.661
1788075000000,2458.01,2458.02,2458.01,2458.01,23.4912
1788075060000,2458.01,2458.01,2457.83,2457.84,59.2822
1788075120000,2457.83,2458.52,2457.75,2457.75,126.534
1788075180000,2457.76,2457.76,2457.24,2457.24,37.3817
1788075240000,2457.24,2457.25,2456.98,2457,51.1435
1788075300000,2457.01,2457.24,2457,2457.23,27.5311
1788075360000,2457.24,2457.94,2457.23,2457.51,74.418
1788075420000,2457.52,2458.51,2457.31,2458.51,137.2336
1788075480000,2458.52,2458.94,2456.53,2456.64,297.8561
1788075540000,2456.64,2457.03,2456.64,2457.02,10.4666
1788075600000,2457.03,2457.03,2457.02,2457.02,8.9861
1788075660000,2457.03,2457.03,2456.87,2456.87,30.7972
1788075720000,2456.87,2457.33,2456.87,2457.33,62.5455
1788075780000,2457.32,2457.33,2456.15,2456.15,202.3103
1788075840000,2456.15,2456.21,2456.15,2456.2,29.9361
1788075900000,2456.2,2456.21,2456,2456.06,19.0718
1788075960000,2456.07,2456.07,2455.36,2455.43,46.3872
1788076020000,2455.44,2456.13,2455.43,2455.62,238.9458
1788076080000,2455.62,2456.29,2455,2456,319.1062
1788076140000,2456,2456.01,2456,2456,9.9734
1788076200000,2456.01,2456.6,2456,2456,39.0894
1788076260000,2456.01,2456.61,2456,2456.29,36.9003
1788076320000,2456.3,2456.63,2456.29,2456.62,23.5593
1788076380000,2456.63,2457.24,2456.62,2457.23,18.6296
1788076440000,2457.24,2457.47,2457.23,2457.46,28.8885
1788076500000,2457.46,2457.47,2456.15,2456.52,161.7361
1788076560000,2456.51,2456.52,2455.67,2455.76,34.8914
1788076620000,2455.76,2456,2455.76,2456,12.0342
1788076680000,2455.99,2456.21,2455.99,2456.2,9.6718
1788076740000,2456.2,2456.21,2455.28,2455.28,22.8264
1788076800000,2455.28,2455.32,2455.28,2455.32,22.5866
1788076860000,2455.31,2455.34,2455.31,2455.34,9.6515
1788076920000,2455.35,2457.6,2455.32,2457.38,378.1388
1788076980000,2457.37,2457.38,2457.03,2457.13,26.8203
1788077040000,2457.13,2457.49,2457.13,2457.49,16.5736
1788077100000,2457.49,2457.49,2457.43,2457.43,57.1922
1788077160000,2457.43,2457.44,2457.43,2457.44,11.5774
1788077220000,2457.43,2458.14,2457.43,2458.13,72.2396
1788077280000,2458.13,2458.9,2458.13,2458.89,53.3807
1788077340000,2458.9,2458.94,2458.78,2458.88,64.0569
1788077400000,2458.87,2458.89,2457.15,2457.15,216.9322
1788077460000,2457.15,2457.16,2456.69,2456.7,80.9607
1788077520000,2456.69,2457,2456.63,2456.94,53.893
1788077580000,2456.95,2456.95,2456.53,2456.62,23.1392
1788077640000,2456.62,2456.62,2456.53,2456.53,6.7955
1788077700000,2456.54,2457.33,2456.53,2457.33,15.1895
1788077760000,2457.33,2457.96,2457.33,2457.61,33.1537
1788077820000,2457.61,2457.62,2457.08,2457.37,20.5886
1788077880000,2457.36,2458.57,2457.36,2458.57,49.5769
1788077940000,2458.57,2459.31,2458.56,2459.24,61.9609
1788078000000,2459.24,2459.9,2459.16,2459.16,57.824
1788078060000,2459.16,2459.17,2458.63,2458.64,58.6631
1788078120000,2458.63,2458.64,2457.96,2457.96,57.8032
1788078180000,2457.96,2457.96,2457.61,2457.61,9.6151
1788078240000,2457.62,2457.86,2457.61,2457.86,29.3639
1788078300000,2457.85,2459.03,2457.85,2458.97,99.5569
1788078360000,2458.97,2458.98,2458.76,2458.76,17.8899
1788078420000,2458.75,2458.76,2458.53,2458.53,11.0854
1788078480000,2458.54,2458.54,2458.53,2458.54,8.0986
1788078540000,2458.53,2458.6,2458.53,2458.6,20.5843
1788078600000,2458.6,2458.6,2458,2458.31,77.9677
1788078660000,2458.3,2458.42,2458.3,2458.42,18.5499
1788078720000,2458.41,2458.42,2458.41,2458.41,8.6108
1788078780000,2458.41,2458.42,2458.41,2458.41,2.8211
1788078840000,2458.42,2458.66,2458.42,2458.43,49.8026
1788078900000,2458.42,2458.43,2457.52,2457.61,69.9816
1788078960000,2457.61,2457.61,2456.11,2456.12,25.3013
1788079020000,2456.11,2456.11,2455.68,2456.08,27.912
1788079080000,2456.08,2456.08,2455.94,2455.96,13.4449
1788079140000,2455.97,2455.97,2455.52,2455.53,23.3213
1788079200000,2455.52,2455.52,2455,2455.3,56.8173
1788079260000,2455.3,2455.57,2455.29,2455.39,29.4762
1788079320000,2455.4,2455.57,2455.34,2455.57,26.4114
1788079380000,2455.57,2455.65,2455.51,2455.64,17.7306
1788079440000,2455.65,2455.96,2455.64,2455.96,24.9184
1788079500000,2455.95,2455.96,2455,2455.01,28.5321
1788079560000,2455,2455.01,2454.72,2454.72,59.389
1788079620000,2454.72,2455.54,2454.72,2455.54,19.8308
1788079680000,2455.53,2455.54,2455.53,2455.53,16.0243
1788079740000,2455.54,2455.88,2455.53,2455.61,37.7186
1788079800000,2455.62,2455.62,2455.31,2455.31,5.0436
1788079860000,2455.32,2455.52,2455.31,2455.52,7.3379
1788079920000,2455.52,2455.6,2455.26,2455.26,32.0194
1788079980000,2455.27,2455.62,2455.27,2455.62,23.3982
1788080040000,2455.61,2455.61,2455.47,2455.59,16.4256
1788080100000,2455.6,2456.92,2455.6,2456.8,74.944
1788080160000,2456.8,2457.05,2456.8,2457.04,54.0667
1788080220000,2457.04,2457.13,2456.84,2457.13,53.3926
1788080280000,2457.12,2457.16,2456.92,2456.92,60.0559
1788080340000,2456.93,2456.93,2456.86,2456.86,8.1895
1788080400000,2456.87,2456.87,2455.89,2456.76,259.6125
1788080460000,2456.76,2457.59,2456.75,2457.59,32.0257
1788080520000,2457.59,2457.59,2457.28,2457.29,12.1588
1788080580000,2457.29,2457.6,2457.28,2457.55,14.5015
1788080640000,2457.56,2457.56,2457.55,2457.56,29.0367
1788080700000,2457.56,2457.56,2457.55,2457.56,16.1778
1788080760000,2457.55,2457.56,2457.21,2457.22,28.6378
1788080820000,2457.22,2457.22,2457.21,2457.21,20.9173
1788080880000,2457.22,2457.22,2456.52,2456.53,19.5772
1788080940000,2456.53,2456.53,2456.52,2456.52,14.016
1788081000000,2456.52,2456.75,2456.52,2456.75,23.5702
1788081060000,2456.75,2456.75,2456.74,2456.75,19.6942
1788081120000,2456.75,2457.03,2456.74,2457.02,23.2611
1788081180000,2457.03,2457.03,2457.02,2457.03,8.5563
1788081240000,2457.03,2457.03,2457.02,2457.03,6.4036
1788081300000,2457.03,2457.03,2456.48,2456.48,25.1567
1788081360000,2456.48,2457.13,2456.12,2457.13,76.6319
1788081420000,2457.13,2457.13,2456.45,2456.45,13.9792
1788081480000,2456.46,2456.96,2456.38,2456.6,142.024
1788081540000,2456.6,2456.6,2456.53,2456.54,73.9979
1788081600000,2456.54,2457.14,2456.53,2457.14,45.0058
1788081660000,2457.14,2458.24,2457.14,2458.24,74.4422
1788081720000,2458.24,2458.24,2456.4,2456.4,96.4939
1788081780000,2456.4,2456.4,2455.05,2455.05,25.2347
1788081840000,2455.05,2455.15,2454.59,2455.15,68.3359
1788081900000,2455.15,2455.72,2455.14,2455.54,43.0972
1788081960000,2455.54,2455.54,2455.03,2455.04,15.4958
1788082020000,2455.03,2455.04,2454.72,2454.72,9.5803
1788082080000,2454.72,2455.7,2454.26,2455.06,186.5329
1788082140000,2455.05,2455.06,2453.13,2453.34,68.8514
1788082200000,2453.34,2454.36,2453.34,2454.03,27.4583
1788082260000,2454.04,2454.39,2454.04,2454.38,22.4628
1788082320000,2454.39,2455.36,2454.38,2455.36,55.8086
1788082380000,2455.35,2455.59,2453.67,2453.83,303.7424
1788082440000,2453.84,2454.45,2453.84,2454.01,18.6731
1788082500000,2454,2454.01,2454,2454,28.8154
1788082560000,2454,2454,2452.67,2453.15,78.2408
1788082620000,2453.15,2454.35,2453.14,2454.34,148.4376
1788082680000,2454.34,2454.34,2453.52,2453.52,23.0633
1788082740000,2453.52,2453.52,2452.56,2452.81,86.5509
1788082800000,2452.8,2455.15,2451.79,2455.15,309.7583
1788082860000,2455.15,2455.19,2455.01,2455.19,133.5256
1788082920000,2455.19,2455.19,2454.13,2454.13,52.6716
1788082980000,2454.13,2454.13,2453.55,2453.8,63.4985
1788083040000,2453.79,2454.01,2453.72,2454,28.6683
1788083100000,2454.01,2454.34,2454,2454.32,87.3871
1788083160000,2454.33,2454.38,2454.32,2454.37,23.5872
1788083220000,2454.38,2454.68,2453.54,2453.79,141.6865
1788083280000,2453.79,2455.04,2453.79,2455.04,35.43
1788083340000,2455.03,2455.77,2453.19,2453.19,343.9936
1788083400000,2453.19,2453.38,2452.92,2453.37,11.5302
1788083460000,2453.37,2453.88,2453.37,2453.87,41.7466
1788083520000,2453.88,2453.88,2453.71,2453.71,10.5005
1788083580000,2453.71,2453.72,2453.43,2453.43,73.4845
1788083640000,2453.44,2453.57,2453.11,2453.52,80.4246
1788083700000,2453.52,2453.55,2453.52,2453.54,17.4701
1788083760000,2453.54,2453.61,2453.54,2453.61,18.5653
1788083820000,2453.61,2453.71,2453.6,2453.7,22.1346
1788083880000,2453.71,2453.71,2453.7,2453.71,1.8669
1788083940000,2453.71,2453.71,2453.54,2453.54,30.5591
1788084000000,2453.54,2453.54,2453.33,2453.38,45.3374
1788084060000,2453.38,2453.6,2453.37,2453.6,24.6255
1788084120000,2453.59,2453.6,2453.05,2453.05,47.8908
1788084180000,2453.05,2453.05,2452.79,2452.81,11.58
1788084240000,2452.8,2452.8,2452.58,2452.58,14.1911
1788084300000,2452.59,2453.72,2452.58,2453.72,78.2769
1788084360000,2453.72,2454.86,2453.71,2454.86,50.439
1788084420000,2454.85,2454.92,2454.48,2454.49,26.9294
1788084480000,2454.49,2454.83,2454.48,2454.74,45.848
1788084540000,2454.75,2454.82,2454.43,2454.82,24.5583
1788084600000,2454.83,2455.65,2454.82,2455.62,56.4845
1788084660000,2455.62,2455.65,2454.11,2454.12,164
1788084720000,2454.11,2454.12,2454,2454,25.5258
1788084780000,2454,2454.01,2453.65,2453.65,18.0092
1788084840000,2453.64,2453.64,2453.47,2453.47,30.3611
1788084900000,2453.48,2453.83,2453.47,2453.82,17.5486
1788084960000,2453.82,2453.92,2453.82,2453.91,16.566
1788085020000,2453.91,2453.91,2453.9,2453.9,13.1905
1788085080000,2453.9,2453.91,2453.53,2453.54,23.6928
1788085140000,2453.54,2453.67,2452.5,2453.66,200.1571
1788085200000,2453.65,2454.71,2453.65,2454.7,74.8188
1788085260000,2454.7,2454.71,2454.12,2454.12,28.0006
1788085320000,2454.12,2455.01,2454.12,2454.89,30.9864
1788085380000,2454.89,2455.05,2454.89,2455.02,23.4462
1788085440000,2455.02,2455.55,2455.02,2455.55,50.8207
1788085500000,2455.55,2456.03,2455.54,2456.02,49.8052
1788085560000,2456.03,2456.1,2456.02,2456.09,34.3447
1788085620000,2456.1,2457.75,2456.1,2457.75,266.2519
1788085680000,2457.75,2458.75,2454.6,2455.13,603.1843
1788085740000,2455.13,2455.5,2455.03,2455.5,33.5118
1788085800000,2455.49,2455.97,2455.31,2455.31,125.2403
1788085860000,2455.31,2456.77,2455.31,2456.76,73.7021
1788085920000,2456.76,2456.99,2456.56,2456.56,90.9959
1788085980000,2456.56,2456.56,2456.2,2456.2,51.4656
1788086040000,2456.2,2456.21,2456.06,2456.06,17.3882
1788086100000,2456.07,2456.41,2456.06,2456.41,39.7073
1788086160000,2456.41,2456.76,2456.39,2456.56,33.7602
1788086220000,2456.56,2456.69,2456.55,2456.69,36.2987
1788086280000,2456.68,2456.68,2456.65,2456.66,8.911
1788086340000,2456.65,2456.66,2456.62,2456.63,42.7148
1788086400000,2456.62,2456.63,2456.62,2456.63,22.8846
1788086460000,2456.62,2457.94,2456.62,2457.94,224.8838
1788086520000,2457.94,2458.2,2457.82,2458.19,70.1191
1788086580000,2458.2,2458.43,2458.06,2458.07,68.7003
1788086640000,2458.07,2458.1,2457.91,2457.91,96.7866
1788086700000,2457.91,2458.75,2457.91,2458.74,48.0182
1788086760000,2458.74,2458.75,2458.32,2458.5,92.6722
1788086820000,2458.51,2459.14,2458.41,2459.14,42.9584
1788086880000,2459.14,2459.28,2459.13,2459.28,43.038
1788086940000,2459.28,2459.57,2459.27,2459.27,62.821
1788087000000,2459.27,2459.27,2458.17,2458.41,85.3039
1788087060000,2458.42,2458.97,2458.41,2458.97,79.8992
1788087120000,2458.97,2459.8,2458.96,2459.37,52.4398
1788087180000,2459.37,2459.37,2458.95,2459.21,49.5643
1788087240000,2459.22,2459.35,2459.16,2459.35,42.319
1788087300000,2459.35,2459.57,2459.33,2459.57,36.2874
1788087360000,2459.56,2459.57,2459.37,2459.37,17.9246
1788087420000,2459.36,2459.61,2459.36,2459.61,48.0717
1788087480000,2459.61,2459.68,2459.6,2459.67,19.3129
1788087540000,2459.67,2459.68,2459.67,2459.68,15.0326
1788087600000,2459.68,2459.92,2459.66,2459.66,50.1151
1788087660000,2459.66,2459.67,2459.31,2459.32,20.1911
1788087720000,2459.32,2459.32,2459.31,2459.32,16.3148
1788087780000,2459.32,2459.32,2458.6,2458.61,39.3076
1788087840000,2458.6,2458.6,2458.28,2458.29,64.5744
1788087900000,2458.28,2458.76,2458.2,2458.76,28.6798
1788087960000,2458.76,2459.88,2458.76,2459.87,28.0172
1788088020000,2459.87,2459.88,2459.87,2459.87,23.4836
1788088080000,2459.88,2460,2459.88,2459.99,39.9922
1788088140000,2460,2460,2459.99,2460,30.0331
1788088200000,2460,2460.29,2459.44,2459.87,215.632
1788088260000,2459.86,2459.86,2458.06,2458.3,65.0606
1788088320000,2458.3,2458.31,2458.15,2458.22,35.884
1788088380000,2458.22,2458.38,2457.84,2458.38,75.8933
1788088440000,2458.38,2459.02,2458.38,2459.02,24.8602
1788088500000,2459.01,2459.02,2458.71,2458.72,49.0523
1788088560000,2458.72,2458.72,2457.91,2458.15,73.6876
1788088620000,2458.16,2458.88,2458.15,2458.88,38.9582
1788088680000,2458.87,2459.22,2458.87,2459.21,30.3168
1788088740000,2459.21,2459.5,2459.21,2459.49,91.3829
1788088800000,2459.5,2459.55,2459.5,2459.55,36.6666
1788088860000,2459.54,2459.55,2459.54,2459.54,26.6634
1788088920000,2459.55,2459.55,2459.2,2459.47,119.2602
1788088980000,2459.47,2459.47,2459.2,2459.21,13.1839
1788089040000,2459.2,2460.16,2459.2,2460.14,157.0765
1788089100000,2460.14,2460.14,2459.71,2459.9,115.3837
1788089160000,2459.91,2460.01,2459.9,2460.01,24.1872
1788089220000,2460.01,2460.96,2459.58,2460.63,224.6969
1788089280000,2460.63,2461.81,2460.62,2461.41,318.6554
1788089340000,2461.4,2461.41,2460.94,2461.36,89.3855
1788089400000,2461.36,2461.39,2459.49,2460.19,112.5574
1788089460000,2460.19,2460.64,2459.95,2460.63,78.8452
1788089520000,2460.64,2460.64,2459.95,2459.95,161.996
1788089580000,2459.95,2461.02,2459.95,2461.01,57.2286
1788089640000,2461.02,2461.02,2460.11,2460.11,64.9436
1788089700000,2460.11,2460.11,2459,2459.01,77.9006
1788089760000,2459,2459.7,2458.35,2458.68,233.3878
1788089820000,2458.68,2458.68,2457.79,2458,24.8698
1788089880000,2458.01,2458.01,2457.98,2457.99,7.2144
1788089940000,2457.98,2459.06,2457.98,2459.06,26.4828
1788090000000,2459.06,2459.06,2459.05,2459.06,12.705
1788090060000,2459.06,2459.67,2459.05,2459.66,25.0778
1788090120000,2459.67,2460.62,2459.67,2460.51,91.2309
1788090180000,2460.53,2460.9,2459.55,2459.7,323.4293
1788090240000,2459.69,2459.8,2459.69,2459.75,27.0022
1788090300000,2459.75,2460.15,2459.74,2459.98,55.948
1788090360000,2459.98,2459.99,2459.5,2459.51,32.9812
1788090420000,2459.5,2459.62,2459.5,2459.61,16.1925
1788090480000,2459.61,2459.62,2459.14,2459.14,43.1196
1788090540000,2459.15,2459.15,2458.58,2458.6,38.2789
1788090600000,2458.59,2458.6,2458.06,2458.06,50.185
1788090660000,2458.06,2458.07,2457.13,2457.13,112.9525
1788090720000,2457.12,2457.5,2456.51,2456.52,113.4526
1788090780000,2456.52,2458.3,2456.52,2458.25,232.1146
1788090840000,2458.24,2458.25,2458.02,2458.16,47.0661
1788090900000,2458.17,2458.17,2458.16,2458.16,31.8748
1788090960000,2458.16,2458.44,2458.16,2458.43,58.1383
1788091020000,2458.44,2459.25,2458.43,2459.25,76.04
1788091080000,2459.24,2459.76,2459.24,2459.75,21.8794
1788091140000,2459.75,2460.42,2459.75,2460.41,66.0821
1788091200000,2460.42,2460.83,2460.42,2460.82,110.691
1788091260000,2460.83,2461.41,2460.82,2461.4,53.8305
1788091320000,2461.41,2462.95,2460.19,2460.19,424.5618
1788091380000,2460.2,2463.61,2460.19,2463.61,97.4332
1788091440000,2463.6,2463.85,2463.26,2463.85,93.1472
1788091500000,2463.85,2469.48,2463.84,2465.2,886.2117
1788091560000,2465.2,2469.93,2465.2,2468.72,478.8881
1788091620000,2468.71,2470,2465.9,2466.37,669.0594
1788091680000,2466.37,2467.73,2466.15,2467.7,137.3268
1788091740000,2467.7,2470.31,2467.7,2470.14,583.0745
1788091800000,2470.15,2470.64,2467.92,2468.33,551.6583
1788091860000,2468.34,2470.42,2468.08,2470.35,129.073
1788091920000,2470.36,2473.3,2470.34,2470.34,742.5425
1788091980000,2470.33,2470.63,2469.88,2470.31,256.8494
1788092040000,2470.3,2470.31,2469,2470.1,201.9359
1788092100000,2470.09,2470.09,2466.95,2467.2,150.6461
1788092160000,2467.2,2467.39,2466.95,2467.38,107.285
1788092220000,2467.38,2468.09,2466.74,2467.85,145.1482
1788092280000,2467.84,2467.85,2467.02,2467.02,158.617
1788092340000,2467.02,2467.02,2465.18,2465.46,71.4631
1788092400000,2465.46,2467.51,2465.45,2466.33,182.5958
1788092460000,2466.32,2466.32,2464.38,2465.7,62.2577
1788092520000,2465.69,2467.16,2464.54,2464.55,287.6719
1788092580000,2464.55,2464.96,2464.36,2464.81,51.0337
1788092640000,2464.81,2464.92,2464.8,2464.84,31.022
1788092700000,2464.84,2465.04,2463.9,2464.11,122.7376
1788092760000,2464.1,2464.11,2462.64,2463.36,196.5045
1788092820000,2463.36,2464.28,2463.35,2464.27,18.3277
1788092880000,2464.27,2465.5,2464.27,2465.42,69.7138
1788092940000,2465.41,2466.29,2465.27,2466.29,68.2501
1788093000000,2466.29,2466.75,2463.73,2465.26,253.9555
1788093060000,2465.26,2465.76,2463.82,2465.75,45.9772
1788093120000,2465.76,2467.25,2463.63,2465.79,488.6676
1788093180000,2465.79,2467.15,2462.48,2462.85,303.4952
1788093240000,2462.86,2463.16,2458.73,2460.4,259.241
1788093300000,2460.39,2461.83,2458.75,2461.82,217.3256
1788093360000,2461.82,2462.96,2461.16,2461.28,216.4233
1788093420000,2461.27,2462.43,2460.24,2462.07,225.327
1788093480000,2462.07,2462.28,2460.88,2462.01,167.1059
1788093540000,2462.02,2463.86,2462.02,2463.85,80.866
1788093600000,2463.86,2464.19,2462.44,2463.38,150.3926
1788093660000,2463.37,2464.28,2463.37,2464.28,38.0568
1788093720000,2464.27,2466.03,2464.27,2466.02,165.9895
1788093780000,2466.03,2466.55,2463.89,2464.88,410.2619
1788093840000,2464.89,2464.91,2464.36,2464.77,159.7131
1788093900000,2464.77,2464.86,2464.77,2464.78,37.1766
1788093960000,2464.78,2464.78,2464.77,2464.78,8.3614
1788094020000,2464.77,2464.78,2463.26,2463.58,392.1977
1788094080000,2463.57,2463.96,2463.32,2463.96,71.7818
1788094140000,2463.96,2465.79,2463.95,2465.12,111.5074
1788094200000,2465.13,2465.13,2463.65,2463.75,133.5086
1788094260000,2463.76,2464.54,2462.69,2464.2,300.5668
1788094320000,2464.2,2465.03,2464.16,2465.03,101.7968
1788094380000,2465.03,2465.03,2464.54,2464.83,94.3503
1788094440000,2464.83,2465.65,2464.83,2464.85,83.2683
1788094500000,2464.85,2466.81,2464.57,2466.36,182.7801
1788094560000,2466.35,2467.82,2466.35,2467.82,168.129
1788094620000,2467.81,2467.92,2467.11,2467.54,196.9955
1788094680000,2467.54,2469.01,2467.53,2468.58,1155.4906
1788094740000,2468.57,2469.71,2468.57,2469.47,247.8086
1788094800000,2469.47,2469.93,2466.78,2467.17,534.2839
1788094860000,2467.17,2467.17,2466.4,2466.77,59.1445
1788094920000,2466.77,2468.11,2466.77,2467.99,42.4437
1788094980000,2467.99,2468.01,2466.94,2467.83,139.206
1788095040000,2467.82,2470.92,2467.82,2469.18,311.1953
1788095100000,2469.18,2469.18,2466,2466.92,144.5265
1788095160000,2466.92,2467.99,2466.23,2467.01,82.7841
1788095220000,2467.01,2467.25,2466,2467.24,131.2774
1788095280000,2467.25,2467.25,2466.86,2466.96,66.3708
1788095340000,2466.95,2466.96,2464.29,2464.29,209.9722
1788095400000,2464.29,2465.02,2464.28,2465.01,43.6666
1788095460000,2465.01,2465.02,2463.76,2464.24,90.8848
1788095520000,2464.23,2464.23,2462.5,2462.76,160.9629
1788095580000,2462.75,2463.73,2462.75,2463.72,28.7008
1788095640000,2463.73,2464.09,2462.11,2462.12,102.1634
1788095700000,2462.11,2463.24,2462.06,2462.06,64.5872
1788095760000,2462.06,2462.07,2460.87,2461.92,78.0293
1788095820000,2461.91,2463.58,2461.91,2463.58,27.2937
1788095880000,2463.58,2463.58,2463.05,2463.07,44.7074
1788095940000,2463.06,2464.2,2463.06,2464.2,68.8513
1788096000000,2464.19,2464.28,2464.17,2464.19,51.8502
1788096060000,2464.19,2464.61,2464.19,2464.61,78.8824
1788096120000,2464.61,2466.1,2464.61,2465.34,82.0775
1788096180000,2465.35,2466.01,2465.35,2466.01,39.5785
1788096240000,2466,2467.08,2466,2467.07,48.2282
1788096300000,2467.07,2467.08,2465.7,2466.01,59.203
1788096360000,2466,2466.01,2465.47,2465.52,77.0432
1788096420000,2465.52,2466.35,2465.52,2466.29,30.5567
1788096480000,2466.28,2466.39,2466.28,2466.38,8.5292
1788096540000,2466.39,2466.78,2466.38,2466.72,26.4859
1788096600000,2466.73,2466.73,2465.16,2465.77,63.3205
1788096660000,2465.77,2467.37,2465.52,2466.94,60.454
1788096720000,2466.93,2467.93,2466.93,2467.73,69.4128
1788096780000,2467.72,2467.72,2466.85,2467.43,44.2223
1788096840000,2467.43,2467.54,2467.04,2467.33,63.5881
1788096900000,2467.33,2468.58,2466.19,2466.68,335.7763
1788096960000,2466.67,2467.69,2466.18,2467.69,108.1615
1788097020000,2467.69,2468.68,2467.4,2468.68,73.1588
1788097080000,2468.68,2468.91,2468.46,2468.91,49.2604
1788097140000,2468.9,2468.9,2467.89,2468.17,127.9996
1788097200000,2468.18,2468.31,2467.73,2468.31,89.9818
1788097260000,2468.32,2468.83,2467.52,2468.78,388.613
1788097320000,2468.79,2471,2468.79,2470.99,120.0971
1788097380000,2471,2471.77,2470.26,2471.11,96.2455
1788097440000,2471.11,2471.11,2469.6,2470.22,206.8679
1788097500000,2470.21,2472.47,2470.2,2472.41,156.8324
1788097560000,2472.41,2474.71,2471.81,2472.51,517.5951
1788097620000,2472.51,2473.54,2472.05,2472.94,154.2677
1788097680000,2472.93,2478.44,2472.93,2474.27,1434.0098
1788097740000,2474.27,2475.19,2474.24,2475.19,190.801
1788097800000,2475.2,2475.77,2474.19,2474.57,151.8377
1788097860000,2474.57,2474.85,2474,2474.36,71.3682
1788097920000,2474.35,2474.5,2472.51,2474.21,432.6976
1788097980000,2474.2,2474.21,2473.16,2474.09,295.7847
1788098040000,2474.08,2474.83,2473.23,2474.8,334.2388
1788098100000,2474.8,2474.91,2473.8,2474.87,151.0914
1788098160000,2474.87,2475.52,2474.4,2475.51,133.9976
1788098220000,2475.51,2476.99,2475.51,2476.32,214.3352
1788098280000,2476.31,2477.63,2476.31,2476.95,364.4819
1788098340000,2476.96,2477.66,2475.58,2475.59,391.3782
1788098400000,2475.58,2475.58,2473.01,2473.74,232.0427
1788098460000,2473.74,2475.38,2473.23,2475.38,238.9388
1788098520000,2475.39,2476.22,2474.9,2476.2,271.5618
1788098580000,2476.2,2476.33,2475.13,2475.14,237.9479
1788098640000,2475.13,2475.14,2473.53,2474.2,157.2636
1788098700000,2474.2,2474.21,2472.65,2472.65,162.5861
1788098760000,2472.65,2472.96,2470.91,2472.96,389.1789
1788098820000,2472.96,2474.8,2472.47,2474.8,128.7123
1788098880000,2474.8,2475.88,2474.62,2474.62,204.9599
1788098940000,2474.63,2475.42,2474.03,2475.42,107.4791
1788099000000,2475.41,2475.72,2475.02,2475.02,121.0652
1788099060000,2475.03,2476.02,2475.02,2475.44,267.5661
1788099120000,2475.43,2475.8,2475.32,2475.8,206.229
1788099180000,2475.8,2479.61,2475.8,2479.6,414.1605
1788099240000,2479.6,2479.61,2477.55,2478.7,298.859
1788099300000,2478.7,2479.45,2478.24,2479.13,333.8048
1788099360000,2479.13,2479.13,2476.83,2476.9,640.2327
1788099420000,2476.9,2477.88,2476.07,2477.42,139.1584
1788099480000,2477.43,2477.43,2475.61,2475.61,131.2993
1788099540000,2475.62,2476.04,2475.01,2475.01,125.2058
1788099600000,2475,2475.79,2475,2475.79,88.894
1788099660000,2475.78,2475.79,2475.26,2475.79,98.5964
1788099720000,2475.79,2475.79,2475,2475.61,150.0848
1788099780000,2475.61,2476.03,2475.57,2476.03,89.9514
1788099840000,2476.02,2476.81,2475.57,2476.81,107.0489
1788099900000,2476.81,2478.25,2476.74,2477.61,207.68
1788099960000,2477.61,2477.62,2476,2476,75.4631
1788100020000,2476,2476.01,2475.55,2475.94,43.6603
1788100080000,2475.95,2476.93,2475.88,2476.92,120.3942
1788100140000,2476.93,2477.28,2476.75,2476.75,123.6071
1788100200000,2476.76,2477.92,2476.76,2477.11,131.6646
1788100260000,2477.11,2478.61,2477.1,2478.25,281.4286
1788100320000,2478.25,2479.71,2478.24,2479,268.9117
1788100380000,2478.99,2478.99,2477.65,2477.65,124.8909
1788100440000,2477.65,2477.65,2476.26,2476.26,254.1401
1788100500000,2476.26,2476.27,2474.33,2474.96,140.069
1788100560000,2474.95,2476.44,2474.95,2475.94,133.0424
1788100620000,2475.95,2476.2,2475.72,2475.73,89.6493
1788100680000,2475.72,2475.73,2473.52,2473.58,460.9965
1788100740000,2473.59,2474.43,2473.58,2474.43,85.3564
1788100800000,2474.44,2475.29,2474.44,2475.29,101.8761
1788100860000,2475.29,2475.78,2475.28,2475.77,112.2013
1788100920000,2475.78,2476.56,2475.6,2475.61,202.9195
1788100980000,2475.6,2476.67,2475.6,2476.17,116.8829
1788101040000,2476.16,2476.7,2475.59,2475.59,188.0385
1788101100000,2475.59,2475.59,2474.4,2475.04,181.0651
1788101160000,2475.04,2475.57,2475.04,2475.16,102.1626
1788101220000,2475.17,2475.74,2475.15,2475.73,144.6901
1788101280000,2475.73,2476.94,2475.73,2476.93,189.1918
1788101340000,2476.94,2477.57,2475.92,2475.92,176.051
1788101400000,2475.92,2476.19,2475.41,2476.06,110.7545
1788101460000,2476.06,2477.3,2476.06,2477.28,121.9145
1788101520000,2477.29,2478.32,2477.09,2477.09,145.0028
1788101580000,2477.1,2477.97,2477.09,2477.59,103.8233
1788101640000,2477.59,2478.31,2477.59,2478.28,118.751
1788101700000,2478.28,2479.04,2478.14,2478.14,216.487
1788101760000,2478.13,2478.36,2476.68,2478.15,291.5048
1788101820000,2478.15,2478.91,2476.06,2476.45,387.131
1788101880000,2476.45,2476.87,2476.45,2476.82,65.369
1788101940000,2476.82,2477.15,2476.82,2477.12,123.3803
1788102000000,2477.13,2478.35,2477.13,2477.2,217.055
1788102060000,2477.2,2477.45,2476.18,2476.18,238.2913
1788102120000,2476.19,2476.63,2474.98,2476.52,276.3496
1788102180000,2476.52,2477.28,2476.44,2476.67,149.5222
1788102240000,2476.67,2476.68,2475.31,2475.32,222.2655
1788102300000,2475.32,2475.75,2475.32,2475.75,57.4358
1788102360000,2475.76,2477.95,2475.76,2477.82,251.3839
1788102420000,2477.81,2478.48,2477.81,2478.48,97.742
1788102480000,2478.47,2479.62,2478.14,2479.47,313.9467
1788102540000,2479.47,2482.2,2477.45,2477.46,803.4845
1788102600000,2477.45,2478.04,2476.48,2478.04,134.0077
1788102660000,2478.04,2478.04,2476.06,2476.06,254.5875
1788102720000,2476.07,2476.36,2475.31,2475.32,191.2899
1788102780000,2475.31,2475.86,2474.4,2474.53,233.8372
1788102840000,2474.53,2475.35,2473.15,2473.79,403.5608
1788102900000,2473.79,2474.68,2472.71,2472.72,221.9069
1788102960000,2472.71,2477.1,2471.86,2476.21,696.7842
1788103020000,2476.21,2478.04,2475.1,2477.5,207.4686
1788103080000,2477.5,2477.92,2476.64,2476.65,130.0488
1788103140000,2476.64,2476.7,2475.41,2475.78,155.5735
1788103200000,2475.77,2476.53,2475.77,2475.84,180.3308
1788103260000,2475.84,2477.05,2475.84,2477.05,65.364
1788103320000,2477.06,2477.51,2476.78,2477.08,114.2361
1788103380000,2477.08,2478.04,2476.44,2478.04,164.2594
1788103440000,2478.04,2478.16,2477.78,2478.16,75.1409
1788103500000,2478.15,2479.61,2477.88,2479.54,146.1657
1788103560000,2479.54,2479.88,2478.79,2479.88,252.3241
1788103620000,2479.89,2480.2,2477.17,2477.96,456.5263
1788103680000,2477.96,2478.15,2476.89,2478.15,65.529
1788103740000,2478.14,2478.15,2477.58,2477.59,38.8823
1788103800000,2477.58,2479.15,2477.58,2479.15,65.8639
1788103860000,2479.15,2479.56,2478.8,2479.55,107.7247
1788103920000,2479.56,2479.82,2479.17,2479.38,113.0979
1788103980000,2479.37,2479.64,2478.6,2478.96,111.2019
1788104040000,2478.97,2478.97,2478,2478,68.1327
1788104100000,2478.01,2478.01,2478,2478,21.6937
1788104160000,2478,2478.48,2478,2478,57.514
1788104220000,2478,2478.01,2476.86,2476.87,41.2169
1788104280000,2476.87,2477.55,2476.15,2477.55,46.3911
1788104340000,2477.54,2477.92,2477.54,2477.92,20.8581
1788104400000,2477.92,2478.73,2477.91,2478.41,108.1006
1788104460000,2478.41,2478.84,2477.91,2478.74,103.645
1788104520000,2478.73,2478.73,2478.25,2478.4,63.629
1788104580000,2478.39,2479.16,2478.39,2479.16,21.8658
1788104640000,2479.16,2479.95,2478.99,2479.95,61.6738
1788104700000,2479.95,2480.23,2479.35,2479.81,148.1272
1788104760000,2479.82,2480.84,2479.81,2480.83,33.3855
1788104820000,2480.83,2481.13,2480.27,2481.12,117.7055
1788104880000,2481.12,2484,2480.07,2480.07,532.0408
1788104940000,2480.06,2480.07,2478.82,2479.04,130.2701
1788105000000,2479.05,2480.07,2479.04,2479.6,68.1151
1788105060000,2479.61,2479.61,2478.56,2478.73,110.3795
1788105120000,2478.73,2479.73,2478.36,2478.83,70.8897
1788105180000,2478.83,2481.1,2478.83,2481.1,71.085
1788105240000,2481.1,2481.1,2479.42,2479.42,110.9229
1788105300000,2479.41,2480.08,2479.14,2479.46,52.8483
1788105360000,2479.45,2479.46,2478.75,2478.83,74.4586
1788105420000,2478.83,2480.33,2478.82,2480.11,36.7397
1788105480000,2480.1,2480.78,2479.92,2480.77,45.5775
1788105540000,2480.78,2481.11,2480.54,2481.11,39.4529
1788105600000,2481.11,2481.75,2479.56,2479.6,118.4818
1788105660000,2479.59,2479.75,2479.28,2479.74,68.6254
1788105720000,2479.75,2483.92,2479.74,2483.25,219.3334
1788105780000,2483.24,2485,2482.53,2484.57,285.3724
1788105840000,2484.57,2488.85,2484.47,2486.68,539.3921
1788105900000,2486.67,2488.52,2486.15,2486.76,208.0238
1788105960000,2486.75,2486.75,2483.79,2484,90.1236
1788106020000,2484,2485.29,2483.99,2484.5,284.0505
1788106080000,2484.51,2485.46,2483.76,2484.37,112.5893
1788106140000,2484.36,2484.8,2483.51,2483.91,166.5884
1788106200000,2483.9,2484.56,2483.9,2484.34,71.3489
1788106260000,2484.33,2487.72,2482.93,2487.72,153.4342
1788106320000,2487.72,2496.12,2487.72,2493,1510.9864
1788106380000,2492.99,2508.88,2492.99,2504.81,3524.7385
1788106440000,2504.82,2513,2504.82,2510.7,1979.3463
1788106500000,2510.7,2519.68,2507.02,2515.12,2420.3362
1788106560000,2515.11,2516.87,2511.66,2513.79,1145.0695
1788106620000,2513.79,2517.61,2510.05,2517.52,931.8219
1788106680000,2517.51,2518,2513.97,2516.75,749.4798
1788106740000,2516.76,2518,2515.06,2517.19,622.8152
1788106800000,2517.19,2517.33,2512.44,2512.56,617.7556
1788106860000,2512.55,2514.73,2511.34,2513.99,393.028
1788106920000,2513.99,2513.99,2511.1,2511.66,376.1181
1788106980000,2511.66,2511.66,2509.04,2511.32,456.7708
1788107040000,2511.32,2516.56,2510.64,2516.16,758.7031
1788107100000,2516.16,2517.85,2514.4,2514.72,537.9455
1788107160000,2514.71,2514.82,2513.08,2513.09,335.0313
1788107220000,2513.08,2515.72,2513.03,2514.3,243.3515
1788107280000,2514.3,2514.96,2513.67,2513.67,193.147
1788107340000,2513.66,2514.53,2513.28,2513.67,181.4599
1788107400000,2513.68,2514.53,2513.27,2513.37,195.5741
1788107460000,2513.37,2513.97,2512.34,2512.35,266.9488
1788107520000,2512.34,2516.7,2512.34,2516.42,301.9586
1788107580000,2516.42,2517.76,2515.22,2516.36,395.9534
1788107640000,2516.36,2517.45,2514.79,2517.33,258.5279
1788107700000,2517.34,2521,2517.34,2519.56,1896.102
1788107760000,2519.55,2526.96,2519.55,2523.27,3494.2605
1788107820000,2523.27,2525.04,2521.65,2524.5,904.6936
1788107880000,2524.49,2524.95,2521.01,2521.11,668.0757
1788107940000,2521.11,2522,2519.56,2521.74,822.5236
1788108000000,2521.75,2528.89,2521.74,2528.24,1459.7126
1788108060000,2528.24,2534.1,2527.98,2531.85,3400.7227
1788108120000,2531.86,2534.98,2529.78,2529.79,984.259
1788108180000,2529.78,2531.24,2526.88,2527.86,373.9856
1788108240000,2527.86,2529.41,2525.22,2529.15,408.7254
1788108300000,2529.15,2529.94,2526.88,2529.61,465.6339
1788108360000,2529.61,2530.98,2529.04,2529.38,457.8134
1788108420000,2529.38,2529.94,2526.6,2526.99,191.8437
1788108480000,2526.98,2529.99,2526.98,2529.41,377.5555
1788108540000,2529.4,2529.4,2526.28,2526.28,156.3221
1788108600000,2526.28,2528.44,2525.49,2527.24,130.611
1788108660000,2527.23,2527.24,2522.51,2522.52,484.594
1788108720000,2522.51,2524.45,2521.63,2523.78,415.1295
1788108780000,2523.79,2525.92,2523.78,2524.07,476.6199
1788108840000,2524.07,2524.48,2522.37,2522.38,244.347
1788108900000,2522.38,2523.24,2520.45,2521.1,422.6649
1788108960000,2521.11,2525.34,2521.1,2525.33,437.482
1788109020000,2525.34,2529,2525.34,2526.91,635.2136
1788109080000,2526.9,2529.98,2526.6,2526.91,284.7831
1788109140000,2526.9,2530,2525.67,2529.28,367.4219
1788109200000,2529.27,2529.27,2524.71,2524.87,203.2249
1788109260000,2524.87,2525.86,2522.64,2523.29,187.3598
1788109320000,2523.3,2524.42,2522.25,2522.27,157.4817
1788109380000,2522.26,2522.68,2521.97,2522.5,81.7963
1788109440000,2522.5,2523.91,2522.01,2523.56,171.5975
1788109500000,2523.55,2524.39,2521.97,2522.61,266.2398
1788109560000,2522.62,2523.49,2521.37,2521.44,243.0515
1788109620000,2521.44,2522.73,2519.25,2522.73,557.8691
1788109680000,2522.72,2524.15,2521.66,2523.81,394.3883
1788109740000,2523.82,2523.82,2521.85,2521.94,428.162
1788109800000,2521.94,2522.95,2520.74,2522.45,269.0222
1788109860000,2522.45,2524,2522.44,2523.34,194.4371
1788109920000,2523.35,2524.16,2522.44,2523.2,226.1779
1788109980000,2523.19,2523.19,2520.45,2521.09,286.3562
1788110040000,2521.09,2521.87,2520.08,2521.09,196.9462
1788110100000,2521.09,2521.1,2513.39,2515.33,794.1702
1788110160000,2515.34,2515.34,2509.25,2512.77,871.5242
1788110220000,2512.76,2514.09,2509.25,2509.48,589.8664
1788110280000,2509.49,2511.12,2508.71,2509.39,426.0523
1788110340000,2509.4,2510,2506.5,2509.99,1345.8081
1788110400000,2509.99,2509.99,2504.52,2508.31,697.6816
1788110460000,2508.31,2508.32,2506.02,2508.04,295.4637
1788110520000,2508.04,2508.75,2506.5,2507.96,280.8941
1788110580000,2507.96,2508.42,2505.39,2505.39,359.5747
1788110640000,2505.39,2506.15,2497.78,2501.68,1190.8563
1788110700000,2501.67,2501.68,2494.71,2496.32,899.2027
1788110760000,2496.32,2501.26,2494.98,2497.73,613.1324
1788110820000,2497.73,2498.65,2494.36,2497.92,417.9892
1788110880000,2497.93,2500.69,2497.93,2500.47,166.6105
1788110940000,2500.48,2500.48,2498.07,2498.07,142.4318
1788111000000,2498.08,2498.08,2494.84,2496.17,360.7872
1788111060000,2496.18,2501.08,2496.18,2500.85,126.5203
1788111120000,2500.84,2501.92,2499.27,2500.17,166.109
1788111180000,2500.18,2500.6,2499.75,2500.42,110.2796
1788111240000,2500.43,2503.79,2500.43,2503.79,165.1446
1788111300000,2503.79,2505.17,2503.25,2504.83,420.2211
1788111360000,2504.83,2506.63,2504.67,2505.82,86.0389
1788111420000,2505.82,2506.39,2503.7,2505.29,222.923
1788111480000,2505.3,2505.3,2504.95,2505.2,48.4565
1788111540000,2505.2,2505.39,2504.82,2504.9,83.274
1788111600000,2504.9,2506.06,2503.63,2505.4,311.9228
1788111660000,2505.41,2506.36,2504.85,2505.27,165.4649
1788111720000,2505.27,2506.62,2503.9,2506.31,124.3271
1788111780000,2506.3,2506.94,2505.77,2506.1,239.684
1788111840000,2506.09,2508.26,2506.09,2506.91,222.8529
1788111900000,2506.91,2508.82,2506.91,2508.82,172.985
1788111960000,2508.82,2509.52,2507.16,2508.21,155.9363
1788112020000,2508.21,2508.22,2505.16,2507.1,182.7546
1788112080000,2507.11,2507.49,2505.49,2505.84,74.931
1788112140000,2505.83,2506.72,2505.24,2506.72,36.0242
1788112200000,2506.73,2507.77,2506,2506.01,59.3979
1788112260000,2506,2506.83,2506,2506.2,68.0893
1788112320000,2506.19,2506.2,2504.05,2504.38,61.7263
1788112380000,2504.39,2505.22,2501.45,2501.49,313.4574
1788112440000,2501.49,2505.08,2501.49,2504.83,187.8081
1788112500000,2504.82,2504.82,2503.43,2503.44,54.7029
1788112560000,2503.43,2503.66,2502.12,2503.66,75.3509
1788112620000,2503.66,2504,2503.12,2504,42.7162
1788112680000,2504,2504.98,2504,2504.98,50.4131
1788112740000,2504.98,2506.09,2504.96,2505.73,233.6565
1788112800000,2505.73,2507.14,2505.72,2507.14,98.8574
1788112860000,2507.14,2508.34,2504.63,2504.64,355.3335
1788112920000,2504.64,2505.57,2504.59,2504.65,105.4941
1788112980000,2504.64,2508.34,2504.64,2508.33,72.1254
1788113040000,2508.34,2508.34,2506.01,2506.08,27.8323
1788113100000,2506.08,2506.09,2502.91,2503.08,67.6033
1788113160000,2503.08,2503.08,2501.47,2501.99,79.5183
1788113220000,2501.99,2502.3,2500.7,2501.93,69.5677
1788113280000,2501.92,2502.24,2500,2500.44,151.6203
1788113340000,2500.43,2500.44,2499.28,2499.6,242.9539
1788113400000,2499.61,2499.7,2496.59,2498.19,280.6429
1788113460000,2498.18,2500,2497.26,2499.25,341.0538
1788113520000,2499.26,2500,2497.86,2498.88,77.6317
1788113580000,2498.88,2498.99,2498.51,2498.52,20.4516
1788113640000,2498.51,2499.7,2498.51,2499.69,113.863
1788113700000,2499.69,2500.6,2499.41,2500.24,48.5809
1788113760000,2500.24,2500.24,2498.69,2499.29,44.4045
1788113820000,2499.29,2501.22,2499.29,2501.22,186.5801
1788113880000,2501.22,2501.46,2501.2,2501.21,64.7581
1788113940000,2501.2,2503.43,2501.2,2503.4,133.9815
1788114000000,2503.4,2503.41,2501.64,2502.54,76.1184
1788114060000,2502.53,2502.53,2501.76,2502,47.2211
1788114120000,2502,2502.95,2502,2502.78,30.5257
1788114180000,2502.78,2503.07,2502.36,2502.49,38.3714
1788114240000,2502.5,2503.37,2502.49,2503.37,36.0268
1788114300000,2503.37,2503.97,2503.36,2503.97,24.8163
1788114360000,2503.96,2504.42,2502.67,2503.42,82.1203
1788114420000,2503.42,2507.11,2503.42,2507.11,413.516
1788114480000,2507.1,2507.87,2506.3,2507.86,150.9801
1788114540000,2507.86,2512.82,2507.8,2511.8,508.9772
1788114600000,2511.81,2513.28,2511.28,2511.34,353.2626
1788114660000,2511.34,2513.39,2510.7,2511.88,556.2398
1788114720000,2511.88,2514.64,2511.55,2513.88,188.1359
1788114780000,2513.88,2514.6,2512.38,2514.25,75.6452
1788114840000,2514.25,2515,2514.03,2515,746.9784
1788114900000,2514.99,2516.47,2514.72,2515.89,181.7116
1788114960000,2515.89,2515.89,2514.07,2514.08,91.4733
1788115020000,2514.08,2517.54,2513.83,2516.53,403.6391
1788115080000,2516.54,2516.95,2515.11,2515.81,56.0296
1788115140000,2515.8,2516.63,2515.03,2515.03,39.7051
1788115200000,2515.03,2515.03,2514.25,2514.25,25.5192
1788115260000,2514.24,2514.7,2513.41,2513.94,76.9805
1788115320000,2513.93,2515.33,2513.79,2515.33,49.6442
1788115380000,2515.32,2515.33,2512.27,2512.89,63.4575
1788115440000,2512.89,2514.17,2512.89,2514.17,53.5699
1788115500000,2514.17,2514.66,2513.83,2514.06,37.0451
1788115560000,2514.05,2514.4,2513.33,2513.45,71.9833
1788115620000,2513.45,2513.45,2511.7,2512.26,112.3644
1788115680000,2512.27,2512.56,2512.26,2512.27,50.8682
1788115740000,2512.28,2514.18,2512.27,2513.36,141.7482
1788115800000,2513.35,2513.74,2512.21,2512.22,45.6135
1788115860000,2512.22,2512.52,2511.68,2512.16,26.9995
1788115920000,2512.15,2512.62,2511.88,2511.9,39.8871
1788115980000,2511.89,2511.89,2509.86,2509.86,57.7237
1788116040000,2509.87,2511.3,2509.83,2510.14,114.773
1788116100000,2510.14,2510.14,2509.21,2509.44,59.4751
1788116160000,2509.44,2510.54,2509.44,2510.53,48.5541
1788116220000,2510.53,2511.13,2509.67,2509.68,38.7463
1788116280000,2509.69,2512.23,2509.69,2511.88,78.1547
1788116340000,2511.88,2512.07,2510.63,2510.64,134.8655
1788116400000,2510.64,2510.84,2510.16,2510.16,59.4953
1788116460000,2510.16,2510.34,2509.6,2509.83,48.9265
1788116520000,2509.83,2509.83,2508.97,2508.98,65.6334
1788116580000,2508.99,2509.14,2508.13,2508.17,83.5153
1788116640000,2508.16,2508.96,2506.46,2508.96,188.5517
1788116700000,2508.95,2508.95,2507.87,2507.92,56.7886
1788116760000,2507.92,2507.92,2506.11,2506.16,147.3347
1788116820000,2506.16,2509.97,2506.16,2509.66,301.3793
1788116880000,2509.66,2510.69,2509.22,2509.23,67.7969
1788116940000,2509.22,2509.22,2508.15,2508.16,83.0255
1788117000000,2508.15,2508.25,2507.83,2508.24,22.1291
1788117060000,2508.24,2510.67,2508.24,2510.66,45.937
1788117120000,2510.67,2511.69,2510.66,2511.69,44.2327
1788117180000,2511.69,2512.15,2511.68,2512.15,37.3867
1788117240000,2512.15,2512.15,2511.01,2512.15,51.9894
1788117300000,2512.15,2513.33,2509.85,2510.16,283.0725
1788117360000,2510.16,2510.52,2509.42,2509.43,32.1964
1788117420000,2509.42,2510.6,2508.97,2510.59,32.7111
1788117480000,2510.59,2510.59,2509.81,2510.52,32.0515
1788117540000,2510.51,2510.83,2509.51,2509.52,19.4077
1788117600000,2509.52,2509.52,2508.31,2508.31,28.4346
1788117660000,2508.32,2508.84,2508.14,2508.14,54.4173
1788117720000,2508.14,2508.51,2506.9,2506.91,66.7292
1788117780000,2506.91,2507.03,2505.99,2507.03,63.6815
1788117840000,2507.03,2507.03,2506.38,2506.67,33.5019
1788117900000,2506.66,2507.15,2506.66,2507.15,43.3493
1788117960000,2507.15,2507.25,2505.68,2506.26,106.3233
1788118020000,2506.25,2506.73,2506.25,2506.37,31.717
1788118080000,2506.37,2506.68,2506.15,2506.16,50.3928
1788118140000,2506.15,2506.56,2506.15,2506.17,21.7832
1788118200000,2506.17,2507.37,2505,2506.93,403.2352
1788118260000,2506.94,2507.38,2506.7,2506.71,29.2265
1788118320000,2506.71,2507.04,2505.22,2505.22,35.1407
1788118380000,2505.21,2506.54,2505,2505.88,57.4414
1788118440000,2505.87,2505.87,2504.17,2505.63,103.2808
1788118500000,2505.64,2505.64,2504.33,2504.55,69.8634
1788118560000,2504.55,2504.64,2502.09,2502.1,137.9548
1788118620000,2502.1,2503.44,2501.49,2501.49,85.0288
1788118680000,2501.48,2501.79,2500.66,2501.59,153.5745
1788118740000,2501.59,2501.59,2500.36,2500.71,87.3283
1788118800000,2500.69,2502,2500,2501.77,156.8863
1788118860000,2501.78,2502.75,2501.58,2502.05,127.4136
1788118920000,2502.04,2502.04,2499.98,2499.98,90.4456
1788118980000,2499.99,2499.99,2499.53,2499.96,70.4914
1788119040000,2499.96,2500.41,2499.37,2499.37,29.0415
1788119100000,2499.36,2500,2496.25,2498.57,259.7941
1788119160000,2498.57,2500.43,2497.95,2499.8,87.1465
1788119220000,2499.8,2501.57,2498.98,2501.08,111.1946
1788119280000,2501.09,2501.47,2500.29,2500.29,39.4221
1788119340000,2500.29,2500.29,2497.83,2499.07,131.8952
1788119400000,2499.06,2499.75,2498.68,2499.74,35.7567
1788119460000,2499.74,2500.71,2498.6,2500.18,194.0977
1788119520000,2500.19,2500.67,2500.19,2500.44,32.8603
1788119580000,2500.44,2500.45,2499.86,2499.86,52.5336
1788119640000,2499.86,2500.05,2499.86,2500,31.2213
1788119700000,2500,2501.79,2500,2501.18,57.3613
1788119760000,2501.19,2501.34,2500.92,2500.98,28.1415
1788119820000,2500.98,2500.98,2500.97,2500.97,23.491
1788119880000,2500.98,2503.49,2500.97,2501.75,216.633
1788119940000,2501.74,2503.83,2501.74,2503.83,89.3717
1788120000000,2503.82,2506.34,2503.52,2505.85,218.6008
1788120060000,2505.86,2506.77,2505.45,2506.06,108.2799
1788120120000,2506.05,2507.57,2505.95,2506.78,116.8244
1788120180000,2506.78,2507.45,2506.17,2506.18,89.906
1788120240000,2506.18,2506.44,2504.92,2504.92,103.3578
1788120300000,2504.92,2505.56,2504.58,2505.55,91.5539
1788120360000,2505.55,2505.73,2504.97,2504.98,28.9034
1788120420000,2504.97,2504.97,2504.45,2504.45,16.326
1788120480000,2504.46,2505.56,2504.46,2505.56,35.6876
1788120540000,2505.56,2506.63,2505.55,2506.29,16.0714
1788120600000,2506.29,2506.29,2504.97,2505.08,18.6142
1788120660000,2505.08,2505.82,2505.01,2505.15,39.0504
1788120720000,2505.15,2507.61,2505.15,2507.6,49.2473
1788120780000,2507.6,2507.88,2505.84,2506.07,141.9663
1788120840000,2506.07,2506.08,2504.49,2504.72,47.332
1788120900000,2504.72,2505.48,2504.42,2505.29,48.2511
1788120960000,2505.29,2506.03,2505.29,2505.8,40.1273
1788121020000,2505.79,2505.8,2505.61,2505.61,24.7795
1788121080000,2505.61,2505.62,2503.71,2504.04,36.2779
1788121140000,2504.04,2505.71,2503.13,2505.24,126.1522
1788121200000,2505.24,2505.98,2505.11,2505.11,28.4537
1788121260000,2505.11,2505.24,2504.99,2505,25.0463
1788121320000,2505,2506.03,2504.99,2506.03,54.5521
1788121380000,2506.03,2507.12,2505.74,2507.12,66.5152
1788121440000,2507.13,2507.93,2507.13,2507.93,69.121
1788121500000,2507.92,2508.6,2506.54,2506.69,210.6648
1788121560000,2506.68,2506.92,2505.46,2505.46,165.9166
1788121620000,2505.47,2506.01,2504.65,2505.67,343.5759
1788121680000,2505.68,2505.68,2505.67,2505.67,26.0846
1788121740000,2505.67,2505.68,2503.58,2503.58,55.3533
1788121800000,2503.58,2503.58,2500.27,2500.27,204.2028
1788121860000,2500.27,2500.65,2496.64,2498.02,491.0004
1788121920000,2498.02,2500.33,2497.17,2497.61,342.4694
1788121980000,2497.62,2500.82,2497.62,2500.15,58.5425
1788122040000,2500.16,2501,2499.79,2500.99,32.6027
1788122100000,2501,2502,2500.93,2502,19.1653
1788122160000,2502,2503.14,2501.98,2503.14,95.527
1788122220000,2503.15,2504.46,2503.14,2504.41,121.4154
1788122280000,2504.41,2504.41,2499.8,2499.8,188.6791
1788122340000,2499.81,2500.55,2497.12,2497.67,80.3257
1788122400000,2497.67,2497.67,2491.54,2495.45,401.023
1788122460000,2495.44,2496.41,2494.91,2495.33,88.6664
1788122520000,2495.32,2495.32,2492.79,2492.8,148.0116
1788122580000,2492.81,2493.32,2490,2492,1708.7772
1788122640000,2492.01,2493.68,2485.28,2488.46,1014.3111
1788122700000,2488.46,2491.88,2487.37,2490.63,350.5513
1788122760000,2490.63,2491.99,2489.97,2490.82,74.4682
1788122820000,2490.83,2493.05,2490.82,2493.04,111.6604
1788122880000,2493.04,2494.65,2493.03,2494.63,78.8107
1788122940000,2494.64,2495,2493.56,2494.2,48.4708
1788123000000,2494.2,2496.21,2494.2,2495.61,132.4225
1788123060000,2495.62,2496.89,2495.62,2496.89,43.8213
1788123120000,2496.89,2499.23,2496.41,2498.97,237.3693
1788123180000,2498.97,2499.9,2497.22,2497.55,560.1128
1788123240000,2497.46,2497.46,2496.28,2496.31,33.7956
1788123300000,2496.31,2496.31,2496.03,2496.3,44.9088
1788123360000,2496.31,2496.31,2491.22,2492.98,399.0104
1788123420000,2492.97,2493.4,2492.28,2493.28,88.2613
1788123480000,2493.28,2493.28,2491.25,2491.59,58.7991
1788123540000,2491.6,2491.6,2490.81,2490.81,47.3808
1788123600000,2490.82,2490.82,2487.02,2488.09,254.4311
1788123660000,2488.08,2489.49,2460.23,2466.04,7314.6853
1788123720000,2466.04,2472.26,2460.18,2468.98,1303.0449
1788123780000,2468.98,2474.87,2468.98,2474.05,518.9522
1788123840000,2474.05,2476.17,2473.45,2473.45,164.6886
1788123900000,2473.44,2473.44,2471.1,2471.29,179.0278
1788123960000,2471.3,2472.44,2470.87,2471.49,167.1728
1788124020000,2471.49,2474.09,2471.49,2474.08,189.1733
1788124080000,2474.08,2475.88,2472.27,2473.22,293.9357
1788124140000,2473.22,2474.93,2473.12,2474.93,144.2607
1788124200000,2474.93,2475.91,2466.57,2468.5,748.8888
1788124260000,2468.5,2473.78,2468.5,2472.82,403.8356
1788124320000,2472.82,2475.19,2472.78,2474.82,76.7804
1788124380000,2474.82,2475.61,2473.52,2473.9,304.7195
1788124440000,2473.89,2474.24,2473.88,2474.23,54.9064
1788124500000,2474.24,2477.07,2474.23,2477.07,165.1604
1788124560000,2477.06,2477.54,2475.07,2476,140.4211
1788124620000,2476,2479.06,2476,2478.5,135.0594
1788124680000,2478.5,2478.5,2474.88,2475.36,172.6359
1788124740000,2475.36,2476.69,2474.05,2476.68,129.2675
1788124800000,2476.68,2478.48,2476.31,2478.18,106.6505
1788124860000,2478.19,2478.19,2476.17,2476.47,73.3083
1788124920000,2476.47,2476.98,2473.47,2473.59,114.4914
1788124980000,2473.59,2473.95,2471.95,2472.38,202.4924
1788125040000,2472.38,2476.91,2471.48,2476.9,206.1771
1788125100000,2476.91,2476.91,2475.43,2476.31,92.5904
1788125160000,2476.32,2477.87,2476.12,2477.72,110.1396
1788125220000,2477.71,2478.38,2476.27,2477.22,110.2764
1788125280000,2477.22,2478.24,2477.21,2478.23,96.0836
1788125340000,2478.23,2479.02,2477.7,2477.7,157.0914
1788125400000,2477.7,2480.87,2476.77,2480.28,262.537
1788125460000,2480.27,2481.02,2479.32,2480.22,183.5039
1788125520000,2480.22,2480.29,2478.84,2478.96,44.5654
1788125580000,2478.96,2479.39,2478.36,2479.39,128.9457
1788125640000,2479.39,2482,2479.39,2481.84,214.625
1788125700000,2481.85,2483.72,2480.1,2480.32,214.3419
1788125760000,2480.33,2480.76,2479.2,2480.76,143.7102
1788125820000,2480.75,2480.76,2478.07,2478.22,85.9444
1788125880000,2478.22,2478.99,2478.21,2478.23,31.3521
1788125940000,2478.22,2478.99,2477.58,2478.97,151.5871
1788126000000,2478.97,2479.47,2477.87,2478,90.4224
1788126060000,2478.01,2479.67,2477.93,2478.97,125.3958
1788126120000,2478.97,2479.22,2478.15,2478.31,37.3323
1788126180000,2478.31,2479.23,2477.75,2479.22,174.6752
1788126240000,2479.22,2480,2477.88,2480,45.7134
1788126300000,2479.99,2480,2477.41,2477.5,62.5414
1788126360000,2477.52,2477.76,2475.88,2475.88,76.9913
1788126420000,2475.88,2477.59,2475.88,2475.89,103.4767
1788126480000,2475.88,2475.88,2474.97,2475.36,84.9596
1788126540000,2475.35,2476.87,2475.35,2475.79,82.9914
1788126600000,2475.79,2475.79,2475.01,2475.68,80.5726
1788126660000,2475.69,2476.87,2475.21,2476.87,99.9575
1788126720000,2476.87,2477.97,2476.87,2477.72,67.6771
1788126780000,2477.72,2478.76,2477.72,2478.28,60.5431
1788126840000,2478.29,2479,2478.27,2478.27,82.4368
1788126900000,2478.28,2481.35,2478.28,2481.35,214.9729
1788126960000,2481.35,2483.02,2480.36,2480.36,252.7849
1788127020000,2480.35,2482.62,2480.35,2482.44,79.4414
1788127080000,2482.44,2482.45,2481.64,2481.71,70.9832
1788127140000,2481.72,2481.89,2481.56,2481.56,95.1616
1788127200000,2481.57,2482.5,2476.94,2478.57,309.6831
1788127260000,2478.58,2487.47,2478.58,2487.46,333.1124
1788127320000,2487.46,2488.77,2485.42,2487.92,203.5808
1788127380000,2487.91,2487.91,2485.48,2487.01,305.4138
1788127440000,2487.03,2487.03,2484.17,2484.42,70.2673
1788127500000,2484.43,2485.65,2483.49,2483.57,97.657
1788127560000,2483.57,2483.57,2480.88,2481.95,149.7175
1788127620000,2481.95,2482.91,2481.95,2482.55,119.2355
1788127680000,2482.55,2482.85,2480.24,2480.88,114.6587
1788127740000,2480.88,2480.88,2479.79,2480.06,66.8523
1788127800000,2480.06,2480.07,2475.18,2475.9,511.9337
1788127860000,2475.9,2476.55,2474.56,2474.57,263.7756
1788127920000,2474.56,2476.78,2474.56,2475.78,466.3668
1788127980000,2475.78,2477.03,2474.66,2474.79,52.3115
1788128040000,2474.78,2475.14,2474.56,2474.57,69.6194
1788128100000,2474.57,2474.57,2472.77,2472.78,95.3059
1788128160000,2472.77,2472.77,2472,2472.01,97.8841
1788128220000,2472.01,2472.01,2469.31,2470.17,355.8801
1788128280000,2470.17,2473.67,2468.8,2473.58,127.9957
1788128340000,2473.58,2476.13,2472.91,2475.13,88.3746
1788128400000,2475.12,2475.56,2473.27,2474.63,112.2321
1788128460000,2474.62,2475.23,2472.11,2472.11,98.8042
1788128520000,2472.11,2472.87,2468.21,2470.38,213.0032
1788128580000,2470.38,2471.46,2470.03,2470.8,93.1678
1788128640000,2470.79,2470.81,2468.37,2468.37,41.5964
1788128700000,2468.36,2468.36,2465.52,2466.53,480.2436
1788128760000,2466.52,2468.72,2466.29,2467.29,225.6941
1788128820000,2467.29,2467.29,2465.15,2465.76,196.9691
1788128880000,2465.81,2466.84,2465.81,2466.44,72.7368
1788128940000,2466.43,2467.43,2466.43,2467.41,52.5551
1788129000000,2467.4,2467.4,2460.4,2464.79,1084.1871
1788129060000,2464.8,2466.46,2462.33,2466.24,150.5417
1788129120000,2466.25,2467.97,2465.17,2466.92,218.3356
1788129180000,2466.95,2467.2,2463.65,2465.27,186.8635
1788129240000,2465.27,2466.38,2464.68,2464.76,62.5401
1788129300000,2464.76,2466.07,2464.76,2465.64,122.442
1788129360000,2465.64,2466.92,2465.25,2465.31,92.4774
1788129420000,2465.32,2467.49,2465.31,2466.93,242.3065
1788129480000,2466.93,2469.54,2466.35,2469.54,394.9631
1788129540000,2469.53,2471.95,2469.53,2471.95,172.8725
1788129600000,2471.95,2474.07,2471.4,2474.07,186.5598
1788129660000,2474.06,2475.26,2473.69,2474.07,198.6686
1788129720000,2474.06,2474.06,2472.08,2472.09,32.3086
1788129780000,2472.09,2473.08,2470.48,2472.14,120.012
1788129840000,2472.14,2472.14,2471.32,2471.66,92.825
1788129900000,2471.65,2472.6,2470,2471.94,242.6332
1788129960000,2471.94,2473.11,2470.51,2471.36,255.1906
1788130020000,2471.36,2471.37,2469.28,2470.06,97.1448
1788130080000,2470.06,2471.56,2468.99,2470.28,224.7188
1788130140000,2470.28,2470.28,2467.91,2469.5,170.0885
1788130200000,2469.49,2469.71,2466.72,2467.85,195.4316
1788130260000,2467.85,2467.85,2465.96,2466.46,151.9022
1788130320000,2466.46,2467.21,2466.26,2467.05,65.4905
1788130380000,2467.05,2468.59,2467.05,2467.9,188.2213
1788130440000,2467.9,2468.72,2467.9,2468.41,53.7614
1788130500000,2468.4,2468.67,2467.21,2468.05,152.9878
1788130560000,2468.05,2470.29,2467.99,2470.28,528.1333
1788130620000,2470.28,2472.34,2470.09,2472.09,395.162
1788130680000,2472.09,2472.71,2470.84,2470.85,252.6954
1788130740000,2470.84,2470.85,2469.7,2470.63,66.5337
1788130800000,2470.62,2470.62,2465.11,2465.11,163.4131
1788130860000,2465.11,2468.96,2465.1,2467.72,266.403
1788130920000,2467.71,2468.35,2466.15,2467.82,247.655
1788130980000,2467.82,2467.82,2466.41,2466.53,156.2322
1788131040000,2466.52,2466.94,2464.28,2464.29,59.2123
1788131100000,2464.28,2466.13,2464.28,2466.12,169.2133
1788131160000,2466.13,2467.55,2465.88,2467.44,87.6555
1788131220000,2467.44,2467.44,2464.43,2466.23,152.0203
1788131280000,2466.23,2467.29,2466.16,2466.77,216.1018
1788131340000,2466.77,2466.77,2466.02,2466.33,63.3863
1788131400000,2466.32,2467.16,2465.36,2465.36,217.6995
1788131460000,2465.34,2468.13,2465.05,2468.06,290.6159
1788131520000,2468.06,2468.67,2467.75,2468.19,117.3167
1788131580000,2468.19,2468.19,2465,2465.01,99.3556
1788131640000,2465.01,2465.24,2463.86,2464.73,155.9019
1788131700000,2464.72,2465.88,2464.05,2464.44,198.1222
1788131760000,2464.44,2464.68,2462.59,2462.59,114.1706
1788131820000,2462.6,2462.6,2452.58,2457.99,2669.4762
1788131880000,2457.99,2459.62,2454.83,2458.53,462.0666
1788131940000,2458.53,2463.28,2458.15,2462.44,383.8133
1788132000000,2462.44,2463.66,2461.79,2461.84,279.9589
1788132060000,2461.84,2461.84,2459.6,2459.6,299.4435
1788132120000,2459.59,2460.61,2458.74,2459.23,223.7794
1788132180000,2459.23,2459.23,2435.53,2442.88,6384.3466
1788132240000,2442.89,2443.45,2438.28,2439.37,1434.2055
1788132300000,2439.37,2441.64,2435.19,2439.77,1885.9183
1788132360000,2439.77,2442.1,2438.22,2441.8,1476.0995
1788132420000,2441.8,2442.36,2435.99,2438.85,1125.9178
1788132480000,2438.85,2439.26,2430.65,2433.84,1927.3398
1788132540000,2433.84,2435.36,2422.75,2426.74,3043.0495
1788132600000,2426.74,2432.39,2421.18,2432.29,2559.0568
1788132660000,2432.29,2435.72,2428.95,2434.4,1625.3056
1788132720000,2434.4,2434.46,2424.29,2427.86,1875.6322
1788132780000,2427.86,2429.8,2425.17,2427.15,963.0285
1788132840000,2427.17,2427.69,2423.4,2425,569.1188
1788132900000,2425,2425,2416.83,2420.89,2426.1769
1788132960000,2420.89,2423.22,2412,2422.39,2461.8713
1788133020000,2422.39,2423.58,2418.24,2418.65,806.8222
1788133080000,2418.64,2420.99,2411,2413.98,2157.3219
1788133140000,2413.98,2413.98,2407.23,2411.16,1925.0275
1788133200000,2411.16,2415.44,2408.44,2411.5,853.3913
1788133260000,2411.52,2413.85,2403.43,2410.11,2271.9443
1788133320000,2410.1,2410.2,2406.68,2408,497.5027
1788133380000,2408,2413.68,2407.6,2409.72,1099.0069
1788133440000,2409.73,2414.8,2409.72,2412.07,548.1037
1788133500000,2412.08,2414,2404.35,2404.36,1238.4953
1788133560000,2404.35,2404.36,2394.21,2398.02,4859.554
1788133620000,2398.02,2401.63,2387.28,2396.75,3017.2392
1788133680000,2396.76,2399.04,2392.26,2397.89,1409.5494
1788133740000,2397.89,2402.76,2397.61,2402.48,1013.0899
1788133800000,2402.48,2407.43,2401.56,2406.81,945.824
1788133860000,2406.81,2408.62,2403.01,2408.11,644.4081
1788133920000,2408.11,2416.01,2407.7,2415.72,1266.2075
1788133980000,2415.73,2416.59,2410,2411.79,1198.6029
1788134040000,2411.79,2414.43,2410.17,2414.12,412.1295
1788134100000,2414.12,2417.51,2413.35,2415.01,682.0832
1788134160000,2415.06,2419.45,2415.06,2417.55,664.6593
1788134220000,2417.55,2420.01,2417.1,2417.83,318.7199
1788134280000,2417.83,2419.86,2417.34,2417.76,385.2125
1788134340000,2417.75,2419.63,2416.88,2416.88,344.5467
1788134400000,2416.89,2416.9,2411.92,2414.13,960.1865
1788134460000,2414.13,2417.13,2410.62,2417.13,608.8167
1788134520000,2417.13,2419.14,2415.61,2417.3,448.0002
1788134580000,2417.3,2420.32,2417.3,2419.37,517.3337
1788134640000,2419.38,2421.71,2418.4,2421.06,931.6903
1788134700000,2421.06,2421.07,2418.83,2419.44,289.8586
1788134760000,2419.45,2419.86,2416.58,2416.93,259.0962
1788134820000,2416.93,2417.35,2411.28,2412.11,900.9395
1788134880000,2412.11,2413,2410.26,2411.99,450.3043
1788134940000,2411.99,2412,2406.53,2408.23,808.2098
1788135000000,2408.23,2410.67,2408.22,2410.53,158.1486
1788135060000,2410.53,2416.75,2410.14,2416.75,341.2696
1788135120000,2416.76,2418.44,2414.19,2418.44,321.3353
1788135180000,2418.43,2420.74,2418.43,2420.27,420.6096
1788135240000,2420.27,2421.74,2419.67,2420.35,534.4532
1788135300000,2420.35,2424.18,2419.12,2424.17,774.1886
1788135360000,2424.17,2429.07,2422.99,2428.61,893.972
1788135420000,2428.6,2430.53,2427.36,2427.41,530.0455
1788135480000,2427.42,2428.25,2426.49,2426.85,337.9755
1788135540000,2426.85,2428.66,2425.99,2427.81,266.5996
1788135600000,2427.82,2429.58,2427.38,2428.76,108.8641
1788135660000,2428.76,2430.48,2427.84,2429.42,302.7632
1788135720000,2429.43,2430.08,2428.63,2429.14,244.7771
1788135780000,2429.15,2431.38,2428.52,2431.37,229.5031
1788135840000,2431.37,2432.33,2429.32,2431.99,754.2415
1788135900000,2432,2432.14,2430.47,2430.85,352.3734
1788135960000,2430.84,2431.2,2428.12,2430.17,350.3814
1788136020000,2430.18,2431.63,2429.55,2429.94,90.2361
1788136080000,2429.93,2430.15,2428.83,2430.15,112.5005
1788136140000,2430.15,2430.96,2429.7,2430.48,67.1139
1788136200000,2430.48,2430.48,2429.06,2429.07,132.1908
1788136260000,2429.07,2430.68,2428.95,2430.61,174.3879
1788136320000,2430.61,2431.42,2430.06,2430.89,101.4309
1788136380000,2430.9,2431.5,2430.42,2431.5,112.1933
1788136440000,2431.49,2432.32,2431.13,2432.32,113.9549
1788136500000,2432.32,2436.52,2432.32,2435.41,619.2874
1788136560000,2435.41,2441.9,2435.24,2438.84,1971.4506
1788136620000,2438.87,2440.21,2433.95,2434.32,918.2487
1788136680000,2434.32,2434.63,2433.95,2434.1,203.8645
1788136740000,2434.1,2434.1,2431.8,2432.9,344.7472
1788136800000,2432.9,2433.98,2432.18,2432.37,369.4957
1788136860000,2432.37,2433.95,2432.06,2433.93,172.0596
1788136920000,2433.93,2433.93,2432.94,2433.85,98.2649
1788136980000,2433.85,2433.85,2432.67,2432.9,154.2028
1788137040000,2432.9,2432.94,2432.23,2432.32,99.4193
1788137100000,2432.33,2432.33,2430.81,2431,163.4012
1788137160000,2431,2431.4,2430.21,2430.7,220.6872
1788137220000,2430.7,2430.7,2428.75,2428.9,318.3992
1788137280000,2428.91,2428.91,2428.38,2428.38,15.0184
1788137340000,2428.38,2429.77,2428.38,2429.17,224.9185
1788137400000,2429.18,2432.14,2429.18,2432.09,143.7993
1788137460000,2432.09,2432.09,2429.79,2429.8,51.7165
1788137520000,2429.79,2430.98,2429.51,2430.88,98.1634
1788137580000,2430.88,2433.14,2430.88,2433.03,75.3315
1788137640000,2433.03,2433.59,2432.56,2432.58,130.0193
1788137700000,2432.58,2433.49,2431.53,2432.24,77.2135
1788137760000,2432.24,2432.24,2430.58,2430.58,27.5554
1788137820000,2430.58,2430.63,2427.37,2427.72,1087.8798
1788137880000,2427.72,2427.72,2427.3,2427.32,66.1441
1788137940000,2427.32,2428.25,2426.29,2428.25,150.2259
1788138000000,2428.24,2429.57,2427,2427.94,152.0884
1788138060000,2427.93,2430.4,2425.73,2429.52,178.0213
1788138120000,2429.53,2430.75,2427.71,2428.56,147.9647
1788138180000,2428.56,2428.82,2425.71,2426.67,201.5675
1788138240000,2426.66,2426.66,2420.29,2420.3,1094.0905
1788138300000,2420.3,2421.59,2419.81,2420.38,560.526
1788138360000,2420.38,2420.56,2417.95,2419.73,194.9107
1788138420000,2419.72,2419.72,2416.16,2417.37,411.0385
1788138480000,2417.37,2417.39,2415.96,2416.7,2267.0241
1788138540000,2416.69,2417.95,2415.84,2416.16,445.7895
1788138600000,2416.14,2419.67,2416.14,2416.74,617.6658
1788138660000,2416.75,2418.78,2416.51,2417.56,232.2078
1788138720000,2417.55,2417.56,2415,2415.97,178.8669
1788138780000,2415.97,2416.41,2413.59,2416.09,438.5474
1788138840000,2416.08,2418.87,2415.86,2418,262.4838
1788138900000,2418,2418,2415.89,2416.55,150.6371
1788138960000,2416.56,2418.18,2415.93,2416.79,87.933
1788139020000,2416.8,2417.88,2415,2415.2,129.6405
1788139080000,2415.19,2417.36,2415.19,2417.24,138.7327
1788139140000,2417.25,2421.67,2416.75,2421.28,1868.1066
1788139200000,2421.28,2423,2420.23,2420.23,417.8103
1788139260000,2420.22,2420.62,2416.8,2418.34,194.8674
1788139320000,2418.34,2419.35,2417.23,2418.88,141.9478
1788139380000,2418.87,2422.58,2418.87,2419.89,123.1631
1788139440000,2419.82,2423,2419.02,2423,191.3784
1788139500000,2423,2423,2420.83,2421.21,109.9965
1788139560000,2421.21,2422.65,2420.68,2421.52,251.9407
1788139620000,2421.52,2421.52,2419.95,2421.35,512.8788
1788139680000,2421.36,2423.15,2421.32,2422.06,128.7616
1788139740000,2422.05,2422.05,2419.45,2420.08,140.3848
1788139800000,2420.07,2420.97,2419.56,2419.9,110.3105
1788139860000,2419.9,2420.87,2418.17,2418.17,191.2929
1788139920000,2418.17,2419.77,2415.97,2419.62,283.5367
1788139980000,2419.62,2420.45,2417.39,2417.41,144.999
1788140040000,2417.44,2417.56,2415.16,2417.25,173.7983
1788140100000,2417.25,2417.91,2416.06,2416.85,151.3246
1788140160000,2416.85,2420.3,2416.84,2418.62,153.4068
1788140220000,2418.62,2421,2418.14,2420.54,131.7272
1788140280000,2420.55,2421.08,2417.26,2417.28,243.6249
1788140340000,2417.27,2426.66,2417,2421.93,518.7571
1788140400000,2421.93,2423.55,2421.53,2422.31,230.427
1788140460000,2422.31,2422.45,2421,2421.01,90.0665
1788140520000,2421.01,2421.18,2419.81,2419.81,179.7573
1788140580000,2419.81,2419.87,2418.32,2419.49,78.8823
1788140640000,2419.49,2419.49,2417.23,2418.44,276.7301
1788140700000,2418.44,2421.19,2417.76,2421.19,125.1687
1788140760000,2421.21,2421.81,2418.05,2418.05,82.2669
1788140820000,2418.06,2418.42,2417,2417.24,98.7218
1788140880000,2417.23,2418.85,2416.77,2417.68,216.0075
1788140940000,2417.68,2419.9,2417.28,2419.63,150.8867
1788141000000,2419.63,2419.66,2418.63,2419,88.2625
1788141060000,2418.99,2419.23,2418.07,2418.15,74.2798
1788141120000,2418.16,2420.09,2417.06,2417.06,288.0538
1788141180000,2417.07,2417.41,2416.18,2416.97,160.4474
1788141240000,2416.97,2417.46,2415.67,2415.67,145.7781
1788141300000,2415.68,2417.24,2414.21,2416.9,182.9536
1788141360000,2416.89,2417.72,2415.24,2415.25,218.8328
1788141420000,2415.24,2415.24,2414,2414.04,143.4668
1788141480000,2414.03,2414.2,2412.89,2413.09,131.1519
1788141540000,2413.1,2413.1,2409.49,2412.95,413.7554
1788141600000,2412.95,2412.95,2410.55,2410.69,120.1517
1788141660000,2410.68,2413.2,2410.53,2412.52,344.8705
1788141720000,2412.52,2413.64,2411.7,2411.71,167.9381
1788141780000,2411.71,2413.57,2408.18,2412.61,665.1052
1788141840000,2412.62,2414.63,2412.6,2414.63,110.9782
1788141900000,2414.63,2416.11,2413.99,2415.96,82.4026
1788141960000,2415.96,2418,2415.89,2417.35,151.3712
1788142020000,2417.36,2418,2416.79,2416.79,157.97
1788142080000,2416.79,2417,2414.16,2416.01,177.9435
1788142140000,2416.01,2417.44,2416,2417.31,61.4226
1788142200000,2417.3,2418.98,2417.3,2418.76,82.2848
1788142260000,2418.76,2420.49,2418.11,2420.07,185.3857
1788142320000,2420.07,2422.07,2419.72,2421.63,168.9166
1788142380000,2421.63,2425.31,2421.62,2424.5,311.7754
1788142440000,2424.5,2425.02,2422.72,2422.73,153.4689
1788142500000,2422.72,2422.77,2421,2421.53,89.7514
1788142560000,2421.54,2423,2421.54,2422.46,92.5354
1788142620000,2422.46,2423.47,2419.92,2420.73,397.9363
1788142680000,2420.73,2421.8,2420.32,2420.32,161.2324
1788142740000,2420.33,2420.67,2417.56,2418.45,319.911
1788142800000,2418.46,2419.5,2418.34,2418.63,83.4312
1788142860000,2418.64,2418.64,2416.83,2417.27,190.0606
1788142920000,2417.27,2418.41,2416.14,2416.15,154.5707
1788142980000,2416.15,2417.11,2415.89,2417.1,123.4727
1788143040000,2417.09,2418,2415,2415.14,235.7204
1788143100000,2415.15,2417.06,2415,2415.26,67.4856
1788143160000,2415.26,2416.32,2415.26,2415.82,82.2041
1788143220000,2415.83,2417,2415.83,2416.49,28.511
1788143280000,2416.49,2416.79,2416.25,2416.68,29.8826
1788143340000,2416.68,2416.96,2416.4,2416.57,20.2434
1788143400000,2416.58,2418.95,2415.58,2417.97,134.704
1788143460000,2417.97,2418.18,2417.05,2417.06,52.5048
1788143520000,2417.06,2417.72,2416.76,2417.5,137.5337
1788143580000,2417.5,2418.08,2416.22,2416.22,60.5156
1788143640000,2416.23,2416.28,2416,2416,143.1165
1788143700000,2416,2416,2413.66,2413.8,175.117
1788143760000,2413.81,2414.8,2413.18,2414.8,88.6489
1788143820000,2414.8,2416.29,2413.78,2414.61,58.5461
1788143880000,2414.62,2415.59,2414.62,2415.43,40.2277
1788143940000,2415.42,2415.42,2413.62,2414.59,44.1652
1788144000000,2414.6,2415,2413.78,2414.31,45.8167
1788144060000,2414.32,2414.32,2412.78,2413.19,71.8246
1788144120000,2413.18,2413.44,2412.41,2413.44,91.4451
1788144180000,2413.43,2414.34,2413.25,2413.35,35.1727
1788144240000,2413.36,2414.15,2413.3,2413.3,95.9869
1788144300000,2413.31,2413.69,2412.34,2412.6,132.2823
1788144360000,2412.6,2414.24,2412,2412.76,91.7477
1788144420000,2412.76,2412.92,2410.43,2410.5,165.9066
1788144480000,2410.5,2410.5,2409.3,2409.3,169.7839
1788144540000,2409.31,2409.73,2406.9,2408.74,359.2806
1788144600000,2408.74,2410.04,2404.04,2405.3,581.1402
1788144660000,2405.31,2405.6,2403.41,2405.24,217.2158
1788144720000,2405.23,2405.28,2404.24,2405.23,128.2382
1788144780000,2405.23,2405.67,2403.21,2405.66,126.4043
1788144840000,2405.66,2405.66,2402.81,2403.15,171.5605
1788144900000,2403.14,2403.36,2401.35,2402.58,269.5961
1788144960000,2402.59,2404.33,2402.2,2404.33,168.8858
1788145020000,2404.33,2407.98,2404.33,2407.24,395.4333
1788145080000,2407.24,2408.4,2406.96,2407.01,164.7449
1788145140000,2407.01,2407.99,2407,2407.9,158.8771
1788145200000,2407.91,2408.56,2405.24,2406.18,307.0618
1788145260000,2406.18,2407.19,2405.03,2407.19,183.9128
1788145320000,2407.18,2409.43,2407.18,2409.4,233.9813
1788145380000,2409.41,2412.04,2409.41,2411.96,192.9978
1788145440000,2411.96,2412.33,2410.25,2410.4,117.3731
1788145500000,2410.4,2411.67,2410,2410,64.6491
1788145560000,2410,2411.24,2409.23,2411.24,77.9937
1788145620000,2411.25,2412.2,2410.7,2411.13,339.8209
1788145680000,2411.13,2412.56,2410.68,2412.26,62.6976
1788145740000,2412.26,2415.06,2411.78,2415.05,243.615
1788145800000,2415.05,2415.55,2414.2,2415.43,126.1447
1788145860000,2415.42,2416.33,2414.86,2415.61,136.8703
1788145920000,2415.61,2416.3,2415.46,2416.14,65.5642
1788145980000,2416.13,2416.71,2414.85,2415.19,166.1079
1788146040000,2415.2,2416.63,2415.2,2415.41,71.8237
1788146100000,2415.4,2417,2414.64,2416.95,49.2115
1788146160000,2416.95,2417.43,2415.43,2415.44,67.9111
1788146220000,2415.45,2415.46,2413.75,2413.98,123.2325
1788146280000,2413.99,2414.98,2413.82,2414.97,40.2926
1788146340000,2414.97,2414.98,2414.44,2414.45,18.7333
1788146400000,2414.45,2416.93,2414.45,2416.92,67.4173
1788146460000,2416.91,2417.85,2416.91,2417.71,59.9351
1788146520000,2417.71,2419.25,2417.36,2419.11,112.7077
1788146580000,2419.11,2420.03,2418.67,2420,119.2266
1788146640000,2420,2422.4,2419.99,2421.79,394.021
1788146700000,2421.79,2421.8,2420.01,2420.01,65.5499
1788146760000,2420.01,2420.5,2419.08,2419.82,72.5253
1788146820000,2419.82,2420.5,2419.36,2420.42,29.9975
1788146880000,2420.42,2420.82,2420.28,2420.36,40.8918
1788146940000,2420.36,2420.36,2419.52,2420.13,82.8458
1788147000000,2420.12,2420.13,2418.82,2419.44,180.9109
1788147060000,2419.44,2419.6,2418.45,2419.37,102.0911
1788147120000,2419.37,2420.04,2419.1,2420.03,31.6998
1788147180000,2420.04,2420.21,2419.61,2419.61,46.2669
1788147240000,2419.61,2419.67,2418.65,2418.9,38.4317
1788147300000,2418.9,2419.85,2418.68,2419.42,61.917
1788147360000,2419.42,2420.97,2419.41,2420.96,36.3755
1788147420000,2420.97,2422.85,2420.97,2422.25,203.1179
1788147480000,2422.25,2423.2,2421.48,2421.57,89.1297
1788147540000,2421.57,2423.04,2421.57,2422.05,113.9088
1788147600000,2422.06,2422.15,2421.48,2421.48,53.8874
1788147660000,2421.48,2421.48,2420.51,2420.73,44.7821
1788147720000,2420.73,2422.32,2420.51,2422.32,118.7347
1788147780000,2422.32,2423.3,2422.15,2423.08,131.4778
1788147840000,2423.08,2423.57,2423.07,2423.38,66.3074
1788147900000,2423.39,2424.24,2423.38,2423.78,82.3865
1788147960000,2423.78,2424.22,2423.29,2423.3,89.8375
1788148020000,2423.29,2424.21,2423.29,2423.46,39.3651
1788148080000,2423.46,2424.08,2422.68,2423.15,134.0429
1788148140000,2423.15,2423.26,2422.75,2422.76,68.4702
1788148200000,2422.75,2422.76,2422.31,2422.32,56.5759
1788148260000,2422.31,2422.82,2422.08,2422.32,85.7666
1788148320000,2422.32,2422.35,2421.53,2421.85,53.5996
1788148380000,2421.86,2422.21,2421.13,2422.2,104.1131
1788148440000,2422.21,2422.21,2421.66,2421.66,55.6817
1788148500000,2421.67,2421.67,2421.18,2421.39,77.1395
1788148560000,2421.39,2422,2421.38,2421.81,39.5516
1788148620000,2421.8,2421.81,2420.67,2420.84,87.7199
1788148680000,2420.84,2421.67,2420.84,2421.66,26.4743
1788148740000,2421.67,2421.67,2420.93,2420.94,78.7009
1788148800000,2420.94,2421.29,2420,2420.45,93.2713
1788148860000,2420.45,2420.45,2418.45,2419.04,107.9713
1788148920000,2419.04,2419.04,2415.15,2415.38,370.3598
1788148980000,2415.37,2416.2,2415,2415.63,197.6795
1788149040000,2415.63,2415.68,2414,2414.72,190.6135
1788149100000,2414.71,2414.81,2413.99,2414.8,152.673
1788149160000,2414.8,2417.16,2414.8,2417.16,121.8034
1788149220000,2417.16,2418.36,2416.43,2417.36,73.1438
1788149280000,2417.36,2417.36,2414.04,2414.25,164.2232
1788149340000,2414.25,2415.37,2414.14,2415.21,69.6821
1788149400000,2415.21,2415.42,2414.46,2415.14,49.8126
1788149460000,2415.14,2415.32,2414.89,2415.23,34.6744
1788149520000,2415.24,2415.24,2413.44,2414.15,116.1626
1788149580000,2414.16,2414.16,2413.6,2413.76,25.3491
1788149640000,2413.75,2414.74,2413.68,2414.74,33.4205
1788149700000,2414.75,2415.06,2413,2413.32,450.4878
1788149760000,2413.31,2414.47,2413.16,2414.2,106.1648
1788149820000,2414.21,2414.51,2413.42,2413.42,106.1936
1788149880000,2413.42,2413.46,2412.27,2412.67,188.7682
1788149940000,2412.67,2413.23,2412.19,2412.69,53.8108
1788150000000,2412.69,2414.25,2412.68,2414.03,105.268
1788150060000,2414.03,2414.03,2413.06,2413.66,79.2466
1788150120000,2413.67,2414.08,2413.5,2414.07,76.2759
1788150180000,2414.07,2414.08,2411.34,2411.35,226.0065
1788150240000,2411.35,2413.51,2411.34,2412.92,195.7007
1788150300000,2412.93,2414.48,2412.32,2412.52,122.1936
1788150360000,2412.52,2412.9,2411.4,2411.99,173.6107
1788150420000,2411.99,2413.35,2411.8,2412.31,102.5779
1788150480000,2412.31,2414,2412.31,2414,43.0475
1788150540000,2414,2414.32,2412.58,2412.62,200.3506
1788150600000,2412.62,2414.47,2412.62,2414.25,85.3826
1788150660000,2414.26,2414.76,2412.93,2413.58,457.6496
1788150720000,2413.57,2414.51,2412.81,2414.16,178.0988
1788150780000,2414.15,2414.34,2412.27,2413.51,643.4138
1788150840000,2413.51,2413.9,2413.08,2413.51,74.3464
1788150900000,2413.5,2413.51,2412.54,2413.33,176.2213
1788150960000,2413.33,2414.77,2413.3,2413.85,116.9063
1788151020000,2413.85,2415.72,2413.85,2415.09,64.0855
1788151080000,2415.08,2415.08,2412.9,2412.92,113.2034
1788151140000,2412.91,2415.15,2412.05,2415.15,191.5752
1788151200000,2415.17,2415.45,2413.8,2413.8,117.9507
1788151260000,2413.8,2414.21,2413.07,2414.2,26.1571
1788151320000,2414.21,2414.21,2413.54,2413.55,43.155
1788151380000,2413.54,2415,2412.88,2415,95.1993
1788151440000,2414.99,2416.2,2414.99,2415.37,209.1565
1788151500000,2415.37,2415.38,2414.42,2414.84,87.1716
1788151560000,2414.83,2414.83,2413.48,2413.48,82.9917
1788151620000,2413.48,2415.36,2413.48,2413.86,228.3518
1788151680000,2413.86,2414.24,2413.39,2413.5,74.8894
1788151740000,2413.5,2413.55,2411.48,2411.55,114.1401
1788151800000,2411.54,2413.97,2411.43,2413.97,173.4595
1788151860000,2413.97,2414.57,2413.8,2414.03,59.8833
1788151920000,2414.03,2414.04,2413.03,2413.36,253.3266
1788151980000,2413.37,2416.79,2413.37,2416.34,48.2452
1788152040000,2416.35,2417.4,2416.34,2417.4,73.8555
1788152100000,2417.4,2418.43,2417.4,2418.43,46.06
1788152160000,2418.43,2418.43,2416.15,2416.52,240.265
1788152220000,2416.53,2418.3,2416.53,2418.3,21.6687
1788152280000,2418.29,2418.46,2418.07,2418.45,17.5527
1788152340000,2418.46,2418.46,2417.43,2417.68,174.0513
1788152400000,2417.67,2417.67,2416.09,2416.6,81.4869
1788152460000,2416.59,2416.59,2415.28,2415.91,40.6362
1788152520000,2415.91,2416.09,2414.1,2416.09,282.4474
1788152580000,2416.09,2418.38,2416.09,2417.42,131.5483
1788152640000,2417.43,2420,2417.43,2419.99,128.971
1788152700000,2419.99,2422,2419.79,2419.8,234.7419
1788152760000,2419.79,2420.31,2419.13,2419.41,163.4389
1788152820000,2419.4,2420.36,2419.4,2419.51,38.3895
1788152880000,2419.51,2420.8,2419.18,2420.79,49.1454
1788152940000,2420.79,2421.63,2419.44,2420.47,220.1088
1788153000000,2420.47,2420.84,2419.25,2420.83,75.9338
1788153060000,2420.84,2420.84,2420.09,2420.83,37.8724
1788153120000,2420.84,2421.92,2420.83,2421.92,71.8283
1788153180000,2421.92,2423.7,2421.91,2422.79,127.2039
1788153240000,2422.8,2422.8,2422.09,2422.48,166.2745
1788153300000,2422.48,2423.5,2422.37,2423.5,246.8125
1788153360000,2423.51,2427.64,2423.2,2426.02,661.437
1788153420000,2426.02,2426.64,2424.86,2425.42,128.0881
1788153480000,2425.42,2430.39,2425.42,2430.05,303.5254
1788153540000,2430.05,2431.63,2428.4,2431.35,347.0532
1788153600000,2431.34,2432.74,2429.64,2432.17,366.3529
1788153660000,2432.17,2432.17,2428.66,2429.94,606.4442
1788153720000,2429.94,2432.29,2428.46,2431.42,206.3612
1788153780000,2431.42,2433.42,2431.11,2433.4,139.9667
1788153840000,2433.4,2437.42,2433.4,2436.81,734.8097
1788153900000,2436.81,2441.93,2436.8,2438.75,812.2545
1788153960000,2438.74,2440.72,2436.93,2437.2,268.8821
1788154020000,2437.19,2437.2,2432.57,2433.27,646.4308
1788154080000,2433.28,2435,2433.28,2434.53,233.8987
1788154140000,2434.53,2435,2434,2434.99,124.9475
1788154200000,2435,2437.73,2434.87,2436.02,261.5302
1788154260000,2436.03,2436.29,2434.43,2435.83,164.8559
1788154320000,2435.83,2435.83,2433.72,2434.44,249.9338
1788154380000,2434.44,2436.36,2434.06,2435.81,78.0424
1788154440000,2435.8,2436.49,2435.48,2436.49,40.6395
1788154500000,2436.49,2436.84,2435,2435,103.5688
1788154560000,2435.01,2436.82,2432.56,2432.85,550.2238
1788154620000,2432.84,2432.94,2430.49,2430.97,336.4704
1788154680000,2430.97,2431.07,2429.16,2430.15,272.8637
1788154740000,2430.15,2430.67,2429.87,2430.67,65.9772
1788154800000,2430.67,2433.58,2430.67,2433.51,224.0011
1788154860000,2433.51,2435.83,2433.44,2433.81,363.6912
1788154920000,2433.81,2436.42,2433.81,2436.39,233.4187
1788154980000,2436.39,2437,2435.58,2435.59,182.4567
1788155040000,2435.59,2436,2435.4,2435.72,83.2586
1788155100000,2435.73,2437.77,2435.73,2436.86,103.7057
1788155160000,2436.86,2437.58,2436.41,2437.58,151.4782
1788155220000,2437.57,2437.82,2437.12,2437.12,87.1811
1788155280000,2437.12,2437.12,2436,2436.2,93.7458
1788155340000,2436.2,2437.57,2435.62,2437.52,86.6717
1788155400000,2437.51,2438.41,2436.15,2436.82,121.8517
1788155460000,2436.82,2437.89,2436.31,2437.89,61.3997
1788155520000,2437.89,2438.59,2437.48,2438.1,107.4222
1788155580000,2438.1,2438.15,2437.43,2438.02,32.0209
1788155640000,2438.02,2438.02,2435.94,2435.94,84.5394
1788155700000,2435.95,2436.51,2435.64,2435.64,59.7267
1788155760000,2435.64,2435.64,2433.63,2434.2,92.1021
1788155820000,2434.21,2435.74,2433.73,2435.74,143.5934
1788155880000,2435.73,2437.47,2435.56,2437.46,135.6277
1788155940000,2437.46,2437.47,2435.85,2435.99,111.2213
1788156000000,2436,2436.45,2434.87,2436.27,88.7962
1788156060000,2436.28,2436.36,2434.58,2436.36,130.6235
1788156120000,2436.36,2437.65,2436.36,2437.65,60.2912
1788156180000,2437.66,2437.68,2436.24,2436.33,137.9937
1788156240000,2436.33,2436.39,2436.07,2436.15,13.9586
1788156300000,2436.14,2436.14,2435,2435.27,96.3297
1788156360000,2435.28,2435.49,2433.45,2433.58,263.5693
1788156420000,2433.56,2433.79,2432.43,2432.44,126.4668
1788156480000,2432.43,2433.45,2431.32,2433.45,202.8242
1788156540000,2433.47,2435.33,2433.47,2435.21,53.3219
1788156600000,2435.22,2435.86,2435.21,2435.86,14.3093
1788156660000,2435.85,2435.86,2434.6,2435.86,121.013
1788156720000,2435.85,2437.37,2435.48,2435.67,138.5636
1788156780000,2435.66,2436.71,2435.66,2436.7,46.6457
1788156840000,2436.69,2437.35,2435.59,2436.2,132.784
1788156900000,2436.2,2440,2436.2,2439.72,208.9013
1788156960000,2439.73,2441.51,2439.3,2439.56,212.8416
1788157020000,2439.57,2440.28,2439.3,2439.45,55.6775
1788157080000,2439.46,2444.39,2439.4,2443.15,657.0455
1788157140000,2443.15,2443.42,2441.3,2441.35,170.0775
1788157200000,2441.35,2441.35,2437.75,2437.75,332.403
1788157260000,2437.75,2439.94,2437.27,2439.04,258.551
1788157320000,2439.03,2439.04,2436.84,2436.85,125.0277
1788157380000,2436.84,2437.21,2436.17,2436.73,82.708
1788157440000,2436.72,2437.96,2436.72,2437.96,65.0685
1788157500000,2437.96,2440.32,2437.95,2439.83,476.7939
1788157560000,2439.83,2443.1,2439.83,2442.8,537.5696
1788157620000,2442.8,2444.83,2442.8,2443.2,277.9345
1788157680000,2443.2,2443.2,2440.71,2441.15,128.4571
1788157740000,2441.16,2441.75,2440.8,2441.59,136.7976
1788157800000,2441.59,2441.59,2438.99,2440.2,207.6242
1788157860000,2440.19,2440.56,2437.05,2439.68,429.1337
1788157920000,2439.68,2440.58,2439.36,2439.94,57.1365
1788157980000,2439.94,2440.87,2438.82,2439.67,99.0887
1788158040000,2439.67,2440.55,2439.6,2439.64,158.0819
1788158100000,2439.65,2439.83,2437.71,2438.06,123.7167
1788158160000,2438.05,2438.78,2437.98,2438.78,74.9465
1788158220000,2438.78,2441.82,2438.78,2441.82,427.414
1788158280000,2441.82,2444.28,2441.41,2441.46,452.0083
1788158340000,2441.47,2443.32,2441.01,2443.01,105.4042
1788158400000,2443.01,2443.81,2442.08,2443.39,128.7101
1788158460000,2443.39,2444.38,2443.39,2444.37,169.913
1788158520000,2444.38,2444.38,2443.32,2443.4,43.9924
1788158580000,2443.4,2443.4,2442.65,2442.66,63.8782
1788158640000,2442.66,2442.9,2442.37,2442.37,55.0582
1788158700000,2442.37,2442.67,2441.55,2442.67,61.545
1788158760000,2442.66,2443.37,2442.66,2443.36,33.212
1788158820000,2443.36,2443.37,2443,2443.01,29.8835
1788158880000,2443,2443.6,2442.22,2442.35,68.3973
1788158940000,2442.35,2442.35,2441.85,2442.16,91.0958
1788159000000,2442.16,2442.17,2440.21,2440.54,67.623
1788159060000,2440.55,2440.55,2439.73,2440.55,66.4745
1788159120000,2440.54,2440.99,2440.54,2440.99,32.0387
1788159180000,2440.98,2441.48,2440.58,2440.7,54.8539
1788159240000,2440.7,2440.88,2440.03,2440.44,73.2404
1788159300000,2440.44,2441.15,2440.44,2440.46,69.3118
1788159360000,2440.45,2440.47,2439.13,2439.2,118.362
1788159420000,2439.2,2439.65,2438.73,2439.43,148.5983
1788159480000,2439.43,2440.09,2439.43,2439.77,39.9746
1788159540000,2439.78,2439.78,2438.38,2438.66,176.2131
1788159600000,2438.66,2438.66,2437.48,2438.64,59.3943
1788159660000,2438.64,2440.7,2438.64,2440.69,44.8375
1788159720000,2440.69,2440.7,2438.46,2438.72,180.0814
1788159780000,2438.73,2438.73,2436.88,2437.93,100.7985
1788159840000,2437.94,2438.5,2436.43,2437.39,186.6204
1788159900000,2437.4,2438.16,2437.04,2438.06,48.0326
1788159960000,2438.07,2438.16,2437.35,2437.88,58.221
1788160020000,2437.87,2437.95,2436.17,2437.95,120.5792
1788160080000,2437.95,2438.67,2437.89,2438.67,60.1546
1788160140000,2438.67,2439.36,2438.66,2438.91,53.2581
1788160200000,2438.91,2440.87,2438.91,2440.87,56.0951
1788160260000,2440.86,2441.71,2440.86,2441.7,17.4422
1788160320000,2441.69,2441.79,2440.4,2441.78,196.9091
1788160380000,2441.79,2441.79,2438.51,2438.52,275.2426
1788160440000,2438.51,2439.7,2438.51,2439.7,45.7913
1788160500000,2439.69,2441.99,2439.69,2441.99,39.6427
1788160560000,2442,2443.01,2441.71,2443,155.5889
1788160620000,2443,2444.19,2443,2443.33,77.1001
1788160680000,2443.33,2443.33,2443,2443,142.5887
1788160740000,2443,2443.34,2441.96,2441.96,497.7382
1788160800000,2441.96,2444.43,2441.59,2442.36,305.413
1788160860000,2442.37,2444.48,2441.63,2441.63,220.252
1788160920000,2441.64,2442.4,2441.5,2442.01,48.9844
1788160980000,2442.01,2442.39,2441.81,2442.39,32.2311
1788161040000,2442.38,2444.96,2442.38,2444.96,92.669
1788161100000,2444.96,2446.6,2444.21,2444.47,326.4612
1788161160000,2444.46,2445.87,2443.27,2443.3,296.4789
1788161220000,2443.31,2444.87,2443.31,2444.55,146.8769
1788161280000,2444.54,2444.55,2443.06,2443.1,61.4306
1788161340000,2443.1,2443.11,2442.97,2442.97,65.4001
1788161400000,2442.97,2443,2441.84,2441.94,138.0109
1788161460000,2441.94,2441.94,2440.85,2440.85,111.1176
1788161520000,2440.86,2441.26,2440.35,2440.44,176.4405
1788161580000,2440.45,2440.51,2438.83,2440.48,288.2009
1788161640000,2440.49,2441.4,2440.48,2441.23,43.7714
1788161700000,2441.24,2442,2441.23,2441.99,85.4276
1788161760000,2442,2442.58,2441.99,2442.45,63.8657
1788161820000,2442.45,2442.75,2440.27,2442.75,74.22
1788161880000,2442.75,2442.75,2441.21,2441.39,64.6541
1788161940000,2441.39,2442.74,2441.38,2442.73,49.2276
1788162000000,2442.74,2442.8,2439.45,2439.62,279.1132
1788162060000,2439.62,2440.8,2438.99,2438.99,127.4994
1788162120000,2439,2440.54,2438.83,2440.47,120.8529
1788162180000,2440.47,2440.82,2440.12,2440.82,75.716
1788162240000,2440.81,2441.86,2440.81,2441.15,73.3419
1788162300000,2441.15,2441.67,2440.88,2441.66,68.6784
1788162360000,2441.66,2441.67,2440.78,2441.1,98.158
1788162420000,2441.1,2441.11,2439.32,2440.01,141.0218
1788162480000,2440.01,2441.01,2439.5,2441.01,86.1153
1788162540000,2441.02,2441.02,2438.83,2439.33,182.8796
1788162600000,2439.34,2439.74,2439,2439.39,143.3461
1788162660000,2439.4,2440.49,2439.39,2440.25,107.7694
1788162720000,2440.25,2440.26,2439.39,2439.58,174.9885
1788162780000,2439.59,2439.72,2439.41,2439.41,177.1967
1788162840000,2439.42,2439.51,2439.41,2439.51,98.7574
1788162900000,2439.51,2439.98,2439.4,2439.4,156.0465
1788162960000,2439.4,2440.19,2439.4,2439.52,154.4424
1788163020000,2439.52,2440.57,2439.52,2440.57,87.8749
1788163080000,2440.57,2440.9,2440.38,2440.38,75.6597
1788163140000,2440.39,2440.39,2440.38,2440.38,61.7595
1788163200000,2440.38,2440.6,2439.22,2439.49,151.9097
1788163260000,2439.49,2442.22,2439.49,2440.43,137.7348
1788163320000,2440.42,2440.62,2438.83,2438.83,119.7584
1788163380000,2438.83,2438.83,2437.36,2438.04,338.3851
1788163440000,2438.05,2438.27,2437.21,2437.21,69.245
1788163500000,2437.22,2437.22,2436.58,2436.66,204.5933
1788163560000,2436.65,2436.65,2435.03,2435.15,230.9466
1788163620000,2435.15,2435.71,2434.16,2434.61,483.3316
1788163680000,2434.61,2437.85,2434.61,2437.85,94.2451
1788163740000,2437.85,2439.08,2437.84,2439.08,27.2521
1788163800000,2439.08,2440,2438.63,2440,82.5089
1788163860000,2439.99,2444.6,2438.32,2443.55,544.93
1788163920000,2443.56,2445.83,2442.2,2442.2,475.3957
1788163980000,2442.19,2442.96,2441.76,2441.91,170.5136
1788164040000,2441.91,2441.92,2440.34,2440.81,150.2869
1788164100000,2440.81,2440.81,2439.51,2440.04,101.2086
1788164160000,2440.04,2440.69,2439.12,2439.12,112.0857
1788164220000,2439.12,2439.56,2437.12,2437.64,261.3339
1788164280000,2437.65,2438.78,2437.64,2438.63,54.3169
1788164340000,2438.63,2438.98,2436.87,2436.87,79.688
1788164400000,2436.87,2437.09,2433.63,2434.54,360.0347
1788164460000,2434.54,2436.35,2434.54,2435.24,124.2086
1788164520000,2435.24,2435.62,2434.79,2435.14,72.513
1788164580000,2435.15,2435.47,2433.73,2434.68,222.406
1788164640000,2434.68,2435.11,2434.32,2435.1,53.7647
1788164700000,2435.1,2436.36,2434.75,2436.08,184.2939
1788164760000,2436.07,2436.08,2434.05,2434.06,64.5725
1788164820000,2434.07,2435.76,2433.56,2435.75,158.2966
1788164880000,2435.75,2436.75,2435.34,2436.55,191.7676
1788164940000,2436.55,2436.98,2436.24,2436.25,234.1272
1788165000000,2436.24,2437.61,2435.54,2437.59,306.4166
1788165060000,2437.6,2438.2,2437.18,2437.83,273.9234
1788165120000,2437.83,2438.99,2437.82,2438.77,259.0919
1788165180000,2438.76,2439.08,2437,2437.43,148.363
1788165240000,2437.43,2437.91,2437.11,2437.42,24.8685
1788165300000,2437.43,2438.81,2437.43,2438.18,51.7511
1788165360000,2438.18,2438.22,2437.39,2437.79,30.536
1788165420000,2437.79,2437.79,2436.77,2437.23,80.2194
1788165480000,2437.23,2437.5,2436.82,2436.83,43.7936
1788165540000,2436.82,2438.49,2436.81,2438.48,105.6977
1788165600000,2438.49,2439.08,2437.36,2438.5,128.4515
1788165660000,2438.5,2442.06,2438.49,2441.41,151.2137
1788165720000,2441.4,2449.69,2441.34,2445.67,1013.1131
1788165780000,2445.68,2447.53,2444.12,2444.12,208.1376
1788165840000,2444.12,2444.13,2442.55,2443.21,100.1991
1788165900000,2443.21,2444.92,2442.9,2444.65,175.87
1788165960000,2444.66,2445.01,2442.63,2442.75,248.1297
1788166020000,2442.75,2443.5,2442.69,2443.48,33.5226
1788166080000,2443.49,2445,2443.48,2444.79,115.7553
1788166140000,2444.8,2445.92,2444.45,2444.94,98.1411
1788166200000,2444.94,2444.95,2443.32,2444.39,89.8458
1788166260000,2444.36,2444.71,2443.96,2443.96,54.3974
1788166320000,2443.97,2445.55,2443.96,2445.55,75.4317
1788166380000,2445.54,2448.25,2445.15,2447.33,154.2044
1788166440000,2447.33,2448,2446.7,2446.7,132.4154
1788166500000,2446.71,2446.96,2445.8,2446.86,75.3443
1788166560000,2446.85,2446.85,2446.14,2446.6,140.3205
1788166620000,2446.6,2447.28,2446,2447.28,83.6856
1788166680000,2447.28,2447.67,2447.27,2447.66,63.3181
1788166740000,2447.66,2447.66,2446.14,2446.14,53.1817
1788166800000,2446.15,2446.65,2445.77,2446.13,71.716
1788166860000,2446.12,2446.12,2445.24,2445.57,96.2239
1788166920000,2445.58,2445.9,2444.77,2445.37,69.3439
1788166980000,2445.36,2445.36,2444.09,2444.11,96.0306
1788167040000,2444.11,2444.75,2444.11,2444.18,99.6777
1788167100000,2444.19,2447.48,2443.03,2447.06,126.5518
1788167160000,2447.06,2447.28,2444.97,2445.15,88.4377
1788167220000,2445.15,2445.96,2444.18,2445.96,106.3641
1788167280000,2445.96,2453.13,2445.95,2452.57,440.4348
1788167340000,2452.57,2453.13,2450.83,2451.25,644.6288
1788167400000,2451.25,2451.26,2448.52,2448.52,392.2393
1788167460000,2448.53,2448.53,2446.41,2446.63,115.0004
1788167520000,2446.62,2446.63,2444.76,2444.76,139.5786
1788167580000,2444.76,2446.47,2444.76,2446.24,108.1259
1788167640000,2446.24,2446.82,2445.32,2445.7,87.4963
1788167700000,2445.69,2445.7,2444.16,2444.58,120.1999
1788167760000,2444.58,2448,2444.15,2448,189.0117
1788167820000,2447.99,2448.33,2447.08,2448.32,120.6232
1788167880000,2448.33,2448.86,2446.74,2447.34,129.2837
1788167940000,2447.35,2448.1,2447.35,2448.09,48.4231
1788168000000,2448.1,2448.45,2447.26,2447.81,206.8725
1788168060000,2447.81,2449.06,2447.8,2449.06,94.6538
1788168120000,2449.05,2450.86,2449.05,2449.43,224.124
1788168180000,2449.44,2451.28,2449.42,2450.17,353.4694
1788168240000,2450.16,2452.32,2450.16,2450.8,262.3729
1788168300000,2450.8,2451.96,2449.95,2449.96,120.2028
1788168360000,2449.95,2449.95,2447.18,2448.29,239.2272
1788168420000,2448.3,2449.49,2448.04,2449.34,69.848
1788168480000,2449.34,2449.67,2448.1,2448.1,96.7025
1788168540000,2448.1,2448.11,2446.97,2446.97,62.7453
1788168600000,2446.98,2448.26,2446.97,2448.26,51.9461
1788168660000,2448.26,2448.44,2446.5,2446.84,157.1082
1788168720000,2446.85,2447.76,2446.83,2447.34,93.7663
1788168780000,2447.35,2449,2447.33,2448.36,63.6129
1788168840000,2448.35,2448.35,2447.32,2447.51,88.4362
1788168900000,2447.52,2447.68,2446.85,2447.68,133.6806
1788168960000,2447.68,2448.14,2447.5,2448.13,162.5288
1788169020000,2448.12,2448.13,2446.33,2446.52,212.5274
1788169080000,2446.53,2447.52,2446.36,2447.01,57.0877
1788169140000,2447.02,2447.76,2447.01,2447.61,70.9401
1788169200000,2447.61,2447.61,2446.33,2446.33,104.6039
1788169260000,2446.33,2446.72,2446.33,2446.72,24.4318
1788169320000,2446.72,2448.01,2446.72,2447.16,146.9096
1788169380000,2447.16,2449.64,2447.04,2448.5,84.5513
1788169440000,2448.49,2449.48,2448.49,2449.27,99.5627
1788169500000,2449.27,2454.75,2449.27,2453.33,705.3247
1788169560000,2453.32,2456.7,2452.89,2454.32,562.2182
1788169620000,2454.32,2454.32,2452.55,2452.67,153.5815
1788169680000,2452.66,2453.6,2450.89,2451.8,265.0607
1788169740000,2451.79,2452.29,2450.95,2451.17,230.2599
1788169800000,2451.17,2451.17,2449.08,2449.08,127.1726
1788169860000,2449.08,2449.08,2447.2,2447.71,125.2506
1788169920000,2447.72,2448.39,2447.59,2447.72,92.4357
1788169980000,2447.72,2447.73,2446.98,2447.43,70.3754
1788170040000,2447.43,2448.06,2447.11,2448.01,105.7056
1788170100000,2448,2448,2446.53,2446.54,101.6387
1788170160000,2446.53,2446.54,2446.32,2446.32,28.733
1788170220000,2446.32,2446.54,2446.32,2446.54,37.2564
1788170280000,2446.54,2447.41,2446.54,2446.57,135.2053
1788170340000,2446.56,2447.14,2446.56,2446.7,41.5918
1788170400000,2446.71,2447.05,2446.45,2446.45,84.0172
1788170460000,2446.45,2446.46,2444.67,2445.27,263.8506
1788170520000,2445.27,2445.27,2443,2443.93,211.604
1788170580000,2443.92,2443.97,2442.33,2443.97,154.3413
1788170640000,2443.96,2443.99,2443.11,2443.99,71.3774
1788170700000,2443.98,2444.28,2443.11,2443.11,233.7013
1788170760000,2443.11,2443.45,2441.5,2441.81,228.7179
1788170820000,2441.82,2443.68,2441.28,2442.96,177.2916
1788170880000,2442.95,2442.96,2441.49,2441.66,103.6377
1788170940000,2441.66,2444.29,2440.82,2444.04,342.3471
1788171000000,2444.04,2444.67,2442.54,2444.67,260.0942
1788171060000,2444.67,2446.76,2444.63,2446.29,62.2714
1788171120000,2446.29,2448.59,2446.11,2447.67,102.7858
1788171180000,2447.67,2449.07,2447.52,2449.07,115.9339
1788171240000,2449.07,2449.49,2448.28,2449.48,259.2398
1788171300000,2449.48,2449.48,2447.28,2447.59,195.5951
1788171360000,2447.59,2449.31,2447.57,2448.11,106.4756
1788171420000,2448.1,2448.1,2445.39,2446.91,127.684
1788171480000,2446.91,2447.87,2446.91,2447.86,141.2429
1788171540000,2447.87,2449.29,2446.93,2447.29,302.0268
1788171600000,2447.29,2448.47,2446.9,2448.46,105.9416
1788171660000,2448.47,2448.47,2447.24,2447.25,45.8476
1788171720000,2447.25,2447.25,2446.37,2446.38,133.646
1788171780000,2446.37,2447.76,2446.17,2447.36,72.5687
1788171840000,2447.36,2447.88,2446.53,2447.45,208.3158
1788171900000,2447.46,2447.46,2446.25,2447.35,148.8301
1788171960000,2447.35,2449.13,2447.35,2449.01,52.4378
1788172020000,2449.02,2449.49,2448.77,2449.39,115.1448
1788172080000,2449.39,2449.39,2449.32,2449.32,110.9283
1788172140000,2449.32,2449.33,2448.94,2449.19,83.6743
1788172200000,2449.19,2449.2,2446.92,2447.23,310.5587
1788172260000,2447.23,2447.57,2446.46,2447.57,101.0061
1788172320000,2447.56,2448.53,2446.26,2446.58,162.5492
1788172380000,2446.58,2446.58,2446.08,2446.09,62.7271
1788172440000,2446.09,2446.97,2446.08,2446.96,65.8126
1788172500000,2446.96,2447.97,2446.96,2447.81,67.7216
1788172560000,2447.8,2449.44,2447.8,2448.91,235.0588
1788172620000,2448.92,2450,2448.29,2450,261.712
1788172680000,2450,2450.59,2449.5,2449.98,253.6662
1788172740000,2449.97,2451.02,2449.97,2450.52,92.4248
1788172800000,2450.53,2451,2449.14,2450.01,169.734
1788172860000,2450.01,2450.1,2449.17,2449.59,244.8219
1788172920000,2449.6,2450.78,2449.44,2450.24,218.1765
1788172980000,2450.24,2450.93,2450.24,2450.93,43.9053
1788173040000,2450.93,2451.79,2450.9,2450.91,180.1776
1788173100000,2450.91,2450.91,2449.83,2450.15,193.3889
1788173160000,2450.16,2450.95,2450.1,2450.1,75.5237
1788173220000,2450.1,2451.37,2449.96,2451.15,77.5752
1788173280000,2451.15,2451.52,2450.64,2451.52,140.195
1788173340000,2451.51,2451.51,2450.01,2450.45,579.6636
1788173400000,2450.45,2452.06,2449.98,2449.98,574.6936
1788173460000,2449.98,2453.87,2449.98,2453.5,189.517
1788173520000,2453.5,2456.01,2453.5,2456,893.7629
1788173580000,2456.01,2456.52,2454.43,2455.13,998.7373
1788173640000,2455.13,2456.9,2454.95,2454.95,264.9567
1788173700000,2454.95,2456.54,2454.83,2456.01,508.4696
1788173760000,2456,2456.01,2454.84,2454.85,752.149
1788173820000,2454.84,2455.33,2454.84,2454.9,76.855
1788173880000,2454.91,2456.04,2454.9,2454.92,142.076
1788173940000,2454.93,2456.2,2454.92,2455.63,317.3952
1788174000000,2455.64,2455.64,2452.67,2453.16,118.7189
1788174060000,2453.15,2456.8,2453.13,2455.21,704.7935
1788174120000,2455.22,2455.22,2454.26,2455.22,119.0974
1788174180000,2455.21,2455.56,2453.65,2454.4,257.8196
1788174240000,2454.4,2454.4,2453.31,2453.99,163.3776
1788174300000,2453.99,2455.09,2453.32,2453.61,223.642
1788174360000,2453.62,2458.02,2452.98,2457.5,484.3863
1788174420000,2457.5,2457.5,2454.11,2455.57,96.0586
1788174480000,2455.57,2455.57,2452.93,2452.93,80.1185
1788174540000,2452.93,2453.18,2452.31,2452.84,50.0777
1788174600000,2452.84,2454.59,2452.84,2454.59,22.7778
1788174660000,2454.59,2455.45,2454.58,2454.66,106.1231
1788174720000,2454.67,2456.4,2454.66,2455.59,87.9409
1788174780000,2455.59,2455.86,2455.58,2455.85,33.1533
1788174840000,2455.85,2455.85,2453.8,2454.64,91.7676
1788174900000,2454.65,2456.28,2454.64,2456.27,109.1415
1788174960000,2456.27,2456.55,2452.66,2453.16,276.8026
1788175020000,2453.15,2454.55,2452.66,2454.45,64.7546
1788175080000,2454.44,2456.1,2454.44,2456,117.9595
1788175140000,2456.01,2457,2455.75,2456.36,484.1528
1788175200000,2456.36,2456.65,2455.71,2455.71,54.0302
1788175260000,2455.71,2455.72,2454.73,2454.74,96.4414
1788175320000,2454.73,2455.1,2454.16,2455.1,49.3737
1788175380000,2455.09,2455.11,2454.21,2454.81,242.7745
1788175440000,2454.82,2454.99,2454.21,2454.99,38.4862
1788175500000,2455,2455.16,2453.13,2453.22,128.6829
1788175560000,2453.22,2453.23,2452.75,2453.13,83.6053
1788175620000,2453.13,2453.13,2451.64,2452.36,94.2356
1788175680000,2452.36,2452.37,2450.96,2451.61,115.3215
1788175740000,2451.62,2452.19,2451.61,2452.19,74.0092
1788175800000,2452.19,2452.31,2451.4,2452.31,295.378
1788175860000,2452.3,2452.3,2451.34,2451.7,102.3419
1788175920000,2451.7,2451.79,2450,2450,127.4055
1788175980000,2450,2450.43,2449.55,2450.15,81.8804
1788176040000,2450.14,2450.15,2448.99,2448.99,243.579
1788176100000,2448.99,2449,2447.8,2448.56,96.65
1788176160000,2448.56,2448.69,2447.62,2447.62,90.04
1788176220000,2447.62,2448.9,2447.62,2448.78,117.3807
1788176280000,2448.78,2449.62,2448.77,2448.8,57.409
1788176340000,2448.81,2448.81,2447.84,2448.8,95.037
1788176400000,2448.81,2449.78,2448.81,2449.08,87.2514
1788176460000,2449.08,2449.09,2448.23,2448.23,30.2753
1788176520000,2448.23,2448.24,2447.7,2447.97,77.6789
1788176580000,2447.98,2447.98,2446.64,2447.25,109.3509
1788176640000,2447.25,2448.12,2447.25,2447.33,53.6957
1788176700000,2447.33,2448.38,2446.79,2446.79,109.1194
1788176760000,2446.8,2447.78,2446.59,2447.44,117.7789
1788176820000,2447.44,2447.45,2446.37,2446.8,48.7111
1788176880000,2446.79,2446.8,2445.78,2445.79,146.9415
1788176940000,2445.8,2446.05,2445.8,2445.98,38.6034
1788177000000,2445.99,2447.22,2445.99,2447.08,80.5967
1788177060000,2447.08,2447.09,2445.12,2446.2,98.1249
1788177120000,2446.21,2446.82,2446.2,2446.2,37.584
1788177180000,2446.21,2446.21,2444.48,2444.49,60.721
1788177240000,2444.48,2444.84,2444.02,2444.83,51.8263
1788177300000,2444.84,2446.48,2444.83,2445.15,80.2353
1788177360000,2445.15,2445.44,2444.44,2445.44,40.9247
1788177420000,2445.45,2445.45,2445.42,2445.42,5.84
1788177480000,2445.43,2446.21,2444.8,2446.2,47.231
1788177540000,2446.2,2446.62,2446.12,2446.35,96.2769
1788177600000,2446.36,2446.36,2444.8,2445.29,57.4712
1788177660000,2445.3,2448.3,2445.3,2447.91,167.3916
1788177720000,2447.92,2450.87,2447.92,2450.87,126.8653
1788177780000,2450.87,2454.01,2450.87,2453.55,415.7118
1788177840000,2453.55,2456.35,2452.89,2456.35,469.1887
1788177900000,2456.35,2457.25,2454.17,2454.38,142.791
1788177960000,2454.39,2455.66,2453.88,2453.89,182.5875
1788178020000,2453.89,2453.89,2452.1,2453.03,144.7458
1788178080000,2453.04,2457.25,2453.04,2456.59,249.8343
1788178140000,2456.59,2456.59,2451.45,2455.7,929.5262
1788178200000,2455.69,2455.72,2454.9,2455.01,169.3556
1788178260000,2455.02,2456.44,2455.02,2455.12,141.4262
1788178320000,2455.11,2455.11,2452.58,2454,205.9472
1788178380000,2454,2455,2453.77,2453.77,96.1557
1788178440000,2453.78,2453.78,2453.21,2453.21,44.5497
1788178500000,2453.21,2453.45,2452.43,2453.29,52.2937
1788178560000,2453.29,2453.93,2453.24,2453.93,48.8922
1788178620000,2453.92,2454.18,2452.05,2452.8,250.4219
1788178680000,2452.84,2456.72,2452.84,2456.18,88.0774
1788178740000,2456.18,2464.27,2455.32,2462.52,1011.3959
1788178800000,2462.53,2462.53,2458.88,2459.72,225.1925
1788178860000,2459.71,2462.23,2457.71,2457.71,256.1285
1788178920000,2457.72,2459.72,2455.88,2459.72,195.125
1788178980000,2459.71,2460.5,2457.96,2457.96,135.014
1788179040000,2457.97,2459.59,2455.48,2456.7,353.5663
1788179100000,2456.71,2457.28,2447.36,2447.36,733.2955
1788179160000,2447.37,2452.38,2447.37,2451.64,315.6649
1788179220000,2451.67,2457.33,2451.5,2455.66,484.7276
1788179280000,2455.67,2455.97,2454.7,2455.64,125.463
1788179340000,2455.64,2457.3,2454.61,2454.62,147.6983
1788179400000,2454.61,2455.02,2451.67,2452.39,354.6841
1788179460000,2452.34,2453.29,2449.85,2452.71,746.6436
1788179520000,2452.7,2456.76,2451.53,2456.19,232.3622
1788179580000,2456.18,2456.49,2454.55,2455.7,177.143
1788179640000,2455.74,2456.7,2455.07,2456.58,124.0012
1788179700000,2456.58,2458.21,2455.51,2458.21,170.396
1788179760000,2458.21,2458.92,2455.98,2455.99,278.0015
1788179820000,2455.98,2456.49,2454.37,2455.95,170.7769
1788179880000,2455.95,2456.15,2453,2453.01,362.1952
1788179940000,2453.01,2453.01,2450.01,2450.01,278.4017
1788180000000,2450.01,2450.56,2447.92,2448.13,362.6964
1788180060000,2448.13,2449.3,2444.59,2448.42,638.1157
1788180120000,2448.42,2451,2448,2451,189.1466
1788180180000,2450.99,2451.47,2449.15,2449.74,120.109
1788180240000,2449.74,2451.3,2449.12,2450.94,113.0145
1788180300000,2450.95,2451.48,2448.58,2449.02,125.291
1788180360000,2449.01,2450.85,2448.17,2450.72,79.8882
1788180420000,2450.65,2451.48,2450.4,2451.36,115.8511
1788180480000,2451.35,2451.36,2448.64,2450,230.058
1788180540000,2449.99,2449.99,2446.84,2446.84,226.8579
1788180600000,2446.84,2449.78,2446.84,2449.58,110.5447
1788180660000,2449.58,2450.5,2448.83,2448.83,119.2398
1788180720000,2448.84,2450.01,2448.84,2450.01,41.4989
1788180780000,2450.01,2452.21,2449.17,2449.17,115.2165
1788180840000,2449.17,2449.98,2447.81,2447.81,98.6571
1788180900000,2447.81,2448.21,2446.47,2448.2,96.3723
1788180960000,2448.2,2449.64,2448.2,2449.63,29.6926
1788181020000,2449.64,2450.88,2449.63,2450.59,56.2234
1788181080000,2450.58,2451.79,2450.02,2451.55,83.5164
1788181140000,2451.54,2451.55,2450.87,2451.55,93.9494
1788181200000,2451.55,2454.9,2451.43,2453.96,560.144
1788181260000,2453.95,2457.65,2452.58,2457.59,410.9161
1788181320000,2457.58,2459.03,2456.81,2457.6,262.7073
1788181380000,2457.59,2457.59,2453.65,2454.12,55.8027
1788181440000,2454.13,2455.5,2453.12,2453.81,91.4725
1788181500000,2453.81,2455.66,2453.51,2454.17,63.0226
1788181560000,2454.17,2455.39,2453.78,2454.04,45.2043
1788181620000,2454.04,2454.78,2453.28,2454.2,46.1887
1788181680000,2454.21,2454.84,2453.19,2453.41,64.9076
1788181740000,2453.44,2453.75,2452.71,2452.95,76.7632
1788181800000,2452.94,2453.19,2452.36,2453.02,134.1618
1788181860000,2453.02,2453.17,2452.42,2452.87,137.2006
1788181920000,2452.88,2454.72,2452.87,2453.4,33.077
1788181980000,2453.4,2453.81,2453.03,2453.42,32.0858
1788182040000,2453.42,2454.51,2453.42,2453.71,68.4767
1788182100000,2453.71,2453.79,2452.78,2452.78,27.2656
1788182160000,2452.78,2454.79,2452.28,2454.17,191.2237
1788182220000,2454.17,2454.17,2452.08,2452.48,72.9629
1788182280000,2452.46,2452.47,2450.43,2450.43,142.7436
1788182340000,2450.43,2450.43,2449.42,2449.52,100.9495
1788182400000,2449.48,2451.52,2448.91,2451.24,71.1577
1788182460000,2451.25,2453.77,2451.24,2453.59,225.6104
1788182520000,2453.59,2453.59,2450.2,2450.57,76.8016
1788182580000,2450.56,2452.14,2450.56,2452.13,30.6453
1788182640000,2452.13,2452.69,2451.6,2451.87,42.3985
1788182700000,2451.87,2451.87,2449.46,2449.91,81.9951
1788182760000,2449.91,2449.91,2446.8,2447.34,264.8826
1788182820000,2447.34,2449.92,2445.37,2448.13,742.2078
1788182880000,2448.13,2451.15,2448.13,2451.03,135.0345
1788182940000,2451.03,2451.03,2449.2,2450.46,52.4529
1788183000000,2450.46,2457,2450.18,2455.1,398.6667
1788183060000,2455.1,2457.25,2453.94,2457.03,288.7684
1788183120000,2457.03,2458.56,2448.91,2449.13,532.0369
1788183180000,2449.13,2451.74,2447.35,2448.64,320.5485
1788183240000,2448.63,2450.98,2447.22,2450.98,211.3927
1788183300000,2450.98,2450.98,2445.48,2445.76,236.2353
1788183360000,2445.77,2447.47,2445.12,2445.13,243.762
1788183420000,2445.13,2449.22,2445.13,2446.9,291.7911
1788183480000,2446.91,2450.58,2446.77,2448.61,306.3346
1788183540000,2448.62,2453.71,2448.62,2452.22,276.8295
1788183600000,2452.22,2454.95,2449.35,2450.04,227.3359
1788183660000,2450.04,2453.6,2449.9,2452.97,119.422
1788183720000,2452.97,2456.06,2452.77,2452.77,222.5727
1788183780000,2452.77,2452.77,2449.46,2449.6,200.7369
1788183840000,2449.61,2450.19,2447.85,2447.96,171.8846
1788183900000,2447.96,2448.72,2445.99,2446.25,282.0377
1788183960000,2446.25,2446.38,2442.98,2446.05,321.2702
1788184020000,2446.04,2446.39,2441.66,2445.96,707.3198
1788184080000,2445.96,2449.38,2445.89,2447.57,367.8465
1788184140000,2447.57,2448,2444.39,2445.11,173.9801
1788184200000,2445.12,2445.75,2440.22,2441.86,377.2834
1788184260000,2441.87,2442.66,2438.29,2441.78,578.7022
1788184320000,2441.78,2441.79,2437.05,2439.5,457.7198
1788184380000,2439.5,2440.2,2438.26,2439.93,317.0518
1788184440000,2439.94,2441.52,2439.15,2441.39,222.7287
1788184500000,2441.4,2444.14,2441.4,2444.14,208.1503
1788184560000,2444.13,2446.07,2443.36,2444.9,356.123
1788184620000,2444.9,2445.19,2440.82,2442.24,151.5729
1788184680000,2442.24,2442.27,2440.12,2441.6,154.6078
1788184740000,2441.6,2441.6,2438.86,2440.28,107.3869
1788184800000,2440.29,2441.93,2438.68,2439.14,333.2366
1788184860000,2439.14,2440.02,2438.52,2439.42,183.5209
1788184920000,2439.43,2443.44,2438.82,2443.07,222.447
1788184980000,2443.07,2446.89,2442.83,2446.58,271.5724
1788185040000,2446.59,2447,2444.81,2444.81,162.567
1788185100000,2444.78,2446.15,2442.4,2445.61,83.1013
1788185160000,2445.61,2445.86,2440.5,2440.83,155.6676
1788185220000,2440.83,2442.13,2438.28,2439.67,163.3545
1788185280000,2439.67,2447.9,2439.45,2447.25,471.2158
1788185340000,2447.25,2447.85,2444.9,2445.19,109.5556
1788185400000,2445.18,2445.97,2442.5,2444.4,202.2563
1788185460000,2444.4,2444.76,2441.22,2441.22,99.9117
1788185520000,2441.21,2441.21,2439.19,2441.07,230.9516
1788185580000,2441.08,2442.74,2440.89,2442.32,410.1616
1788185640000,2442.33,2442.88,2440.54,2440.54,131.2574
1788185700000,2440.55,2440.61,2437.75,2440.4,284.1995
1788185760000,2440.39,2442.6,2439.73,2442.59,172.6196
1788185820000,2442.59,2443,2440.79,2442.99,296.3143
1788185880000,2442.99,2446.15,2442.69,2445.65,362.1252
1788185940000,2445.66,2446.65,2445.52,2446.5,279.1119
1788186000000,2446.5,2446.5,2443.55,2444.09,132.5828
1788186060000,2444.08,2444.36,2443.55,2444.35,162.7072
1788186120000,2444.36,2448.93,2444.35,2445.3,397.2551
1788186180000,2445.28,2445.28,2440.75,2442.46,288.922
1788186240000,2442.46,2442.46,2439.45,2439.45,183.2906
1788186300000,2439.46,2441.55,2437.76,2440.91,376.7185
1788186360000,2440.9,2441.21,2439.5,2439.53,143.5095
1788186420000,2439.52,2441.87,2439.44,2440.67,177.0488
1788186480000,2440.68,2445.09,2440.67,2444.85,391.8863
1788186540000,2444.85,2445.87,2444.75,2445.48,268.2144
1788186600000,2445.48,2448.37,2444.21,2448.37,314.8465
1788186660000,2448.37,2450.65,2446.49,2446.55,283.1344
1788186720000,2446.55,2446.92,2444,2446.86,222.6598
1788186780000,2446.85,2446.88,2444.47,2446.87,227.3204
1788186840000,2446.88,2449.07,2444.49,2444.87,564.307
1788186900000,2444.87,2450.47,2444.87,2450.4,270.3515
1788186960000,2450.41,2453.58,2449.54,2452.91,406.284
1788187020000,2452.9,2455.65,2452.77,2452.92,555.6023
1788187080000,2452.91,2456.32,2452.73,2454.56,406.4722
1788187140000,2454.57,2456.15,2453.87,2454.68,244.8383
1788187200000,2454.68,2458,2454.64,2457.16,433.3055
1788187260000,2457.16,2472.3,2455.87,2468.23,3633.9987
1788187320000,2468.23,2473.3,2467.44,2471.61,907.7441
1788187380000,2471.61,2475,2468.04,2469.73,1222.036
1788187440000,2469.72,2470.23,2465.07,2465.32,1233.0734
1788187500000,2465.32,2468.75,2465.16,2465.17,639.1911
1788187560000,2465.17,2466.36,2461.44,2463.05,588.2825
1788187620000,2463.05,2467.96,2463.05,2467.95,347.4675
1788187680000,2467.95,2470.56,2464.02,2464.02,729.1069
1788187740000,2464.03,2464.97,2462.3,2463.48,458.3461
1788187800000,2463.47,2464.47,2461.91,2462.4,256.4867
1788187860000,2462.4,2465.2,2462.39,2463.04,255.316
1788187920000,2463.04,2465.64,2463.04,2465.45,174.1703
1788187980000,2465.45,2466.24,2463.28,2463.28,384.1013
1788188040000,2463.28,2463.58,2460.75,2463.57,295.4473
1788188100000,2463.58,2463.58,2462.08,2463.52,165.7485
1788188160000,2463.52,2469.85,2463.39,2469.76,596.5649
1788188220000,2469.77,2471.32,2466.84,2467.95,472.4263
1788188280000,2467.95,2468.85,2467.18,2468.26,263.2583
1788188340000,2468.27,2468.51,2466.45,2467.56,391.1748
1788188400000,2467.57,2470.85,2467.57,2468.2,416.1631
1788188460000,2468.19,2470.96,2468.1,2468.71,264.2667
1788188520000,2468.71,2468.72,2466.01,2466.85,230.2149
1788188580000,2466.85,2468.28,2466.47,2468.28,225.1726
1788188640000,2468.27,2468.95,2464.75,2465.12,544.7165
1788188700000,2465.12,2466,2462.64,2462.64,365.1401
1788188760000,2462.65,2467,2462.64,2466.99,387.7716
1788188820000,2467,2468.6,2465.36,2465.36,194.1284
1788188880000,2465.36,2466.6,2463.9,2466.59,158.9791
1788188940000,2466.6,2468,2466.15,2466.36,202.0721
1788189000000,2466.35,2466.35,2463.69,2464.57,218.4809
1788189060000,2464.57,2465.08,2462.27,2463.06,276.7807
1788189120000,2463.05,2463.33,2461.86,2462.26,310.4416
1788189180000,2462.22,2462.23,2459.34,2459.34,323.0318
1788189240000,2459.34,2460.16,2458.89,2459.49,280.507
1788189300000,2459.49,2461.07,2458.28,2459.65,245.1857
1788189360000,2459.66,2463.69,2459.66,2462.4,502.2672
1788189420000,2462.4,2462.4,2460.12,2461.48,201.8364
1788189480000,2461.47,2461.47,2459.75,2459.76,100.2613
1788189540000,2459.76,2461.06,2458.76,2460.77,146.7255
1788189600000,2460.77,2462.97,2459.9,2462.96,162.0401
1788189660000,2462.96,2466.75,2462.37,2466.21,391.8944
1788189720000,2466.21,2467.61,2465.24,2465.25,302.1633
1788189780000,2465.24,2466.76,2464.94,2465.69,153.775
1788189840000,2465.68,2466.7,2465,2466.19,113.475
1788189900000,2466.19,2466.9,2464.2,2464.77,276.1459
1788189960000,2464.76,2465.48,2464,2465.1,131.4576
1788190020000,2465.1,2466.74,2465.09,2466.74,98.4313
1788190080000,2466.73,2470.5,2465.58,2469.89,516.0061
1788190140000,2469.89,2469.91,2467.47,2468.54,313.4998
1788190200000,2468.54,2469.3,2465.96,2468.92,217.4164
1788190260000,2468.91,2471,2467.6,2470.08,171.0442
1788190320000,2470.09,2474.48,2470.09,2471.98,545.1617
1788190380000,2471.93,2473.44,2470.11,2470.11,303.4868
1788190440000,2470.12,2471.97,2469.66,2470.63,218.4976
1788190500000,2470.62,2471.98,2469.99,2470.72,275.453
1788190560000,2470.71,2471.56,2469.81,2471.29,142.4174
1788190620000,2471.3,2471.42,2468.8,2471.33,119.7351
1788190680000,2471.33,2471.33,2468.35,2468.75,143.2673
1788190740000,2468.76,2469.25,2466.45,2468.89,391.9812
1788190800000,2468.89,2469.99,2468.27,2468.58,68.3545
1788190860000,2468.59,2469.61,2468.35,2469.48,122.823
1788190920000,2469.48,2474,2469.47,2473.6,242.7171
1788190980000,2473.6,2477.91,2473.6,2475.28,1327.9442
1788191040000,2475.29,2478.09,2475.27,2476.61,398.7918
1788191100000,2476.62,2477.64,2473.56,2474.33,275.2723
1788191160000,2474.32,2475.12,2472.9,2472.91,161.1487
1788191220000,2472.91,2473.58,2471.73,2472.48,328.3911
1788191280000,2472.47,2473.08,2470.91,2471.64,264.9653
1788191340000,2471.64,2473.16,2471.3,2473.01,92.1856
1788191400000,2473,2473.5,2471.6,2472.97,219.9503
1788191460000,2472.97,2474.24,2471.81,2474.24,113.6423
1788191520000,2474.23,2474.23,2472.52,2472.53,107.3897
1788191580000,2472.52,2472.53,2471,2471,101.4409
1788191640000,2471,2472,2469.4,2471.76,265.5672
1788191700000,2471.75,2472.11,2470.51,2471.08,153.6847
1788191760000,2471.08,2471.13,2469.44,2470.05,149.8773
1788191820000,2470.04,2470.31,2468.42,2468.96,261.1423
1788191880000,2468.96,2468.96,2467.63,2467.64,114.9295
1788191940000,2467.63,2468.39,2467.14,2467.68,121.9399
1788192000000,2467.68,2468.66,2466.09,2466.1,265.0641
1788192060000,2466.1,2468.28,2464.82,2468.21,248.5342
1788192120000,2468.25,2472.6,2468.25,2471.45,324.372
1788192180000,2471.45,2471.85,2469.26,2469.98,141.6488
1788192240000,2469.97,2469.98,2468.14,2469.9,172.974
1788192300000,2469.89,2470.26,2469.17,2469.55,83.9964
1788192360000,2469.56,2471.71,2469.37,2471.6,115.0945
1788192420000,2471.61,2471.65,2469.78,2470.81,120.865
1788192480000,2470.8,2470.8,2465.06,2465.73,191.5052
1788192540000,2465.73,2468,2465.68,2467.22,155.4087
1788192600000,2467.22,2470.5,2466.27,2470.08,131.9093
1788192660000,2470.07,2471.31,2468.45,2469.47,354.1381
1788192720000,2469.48,2470.28,2468.45,2468.48,322.7781
1788192780000,2468.45,2468.46,2466.84,2467.13,219.3407
1788192840000,2467.12,2467.32,2464.59,2465.55,238.9049
1788192900000,2465.55,2465.67,2463.8,2464.59,153.6801
1788192960000,2464.59,2464.59,2462.98,2463.72,176.7137
1788193020000,2463.72,2464.32,2462.27,2462.29,221.0104
1788193080000,2462.28,2467.78,2462.05,2467.78,253.8712
1788193140000,2467.78,2471,2467.78,2468.8,577.2691
1788193200000,2468.79,2468.8,2466.45,2466.73,107.9601
1788193260000,2466.72,2467.28,2464.28,2465.57,174.0823
1788193320000,2465.57,2466.06,2464.05,2466.06,128.3301
1788193380000,2466.05,2467.36,2465.94,2465.94,132.6911
1788193440000,2465.94,2465.95,2464.67,2464.85,87.4645
1788193500000,2464.86,2466.97,2464.24,2466.64,254.1971
1788193560000,2466.63,2466.63,2462.3,2463.7,373.5364
1788193620000,2463.69,2464.24,2463.43,2464.24,64.6687
1788193680000,2464.24,2465.71,2463.96,2464.68,160.3478
1788193740000,2464.68,2465.88,2464.07,2464.77,288.6744
1788193800000,2464.78,2466,2464,2465.71,187.512
1788193860000,2465.71,2466.98,2464.48,2465.63,357.4221
1788193920000,2465.64,2467.34,2465.08,2466.78,212.8756
1788193980000,2466.78,2467.07,2465.13,2465.13,185.0951
1788194040000,2465.14,2466.15,2464.79,2466.03,127.5288
1788194100000,2466.03,2467.02,2465.93,2466.17,194.5789
1788194160000,2466.16,2468.38,2466.16,2467.14,225.5818
1788194220000,2467.14,2467.22,2465.74,2466.35,114.8517
1788194280000,2466.34,2467.29,2466.06,2466.07,146.3427
1788194340000,2466.06,2466.41,2464.93,2466.34,96.3603
1788194400000,2466.33,2467.22,2466.33,2467.16,123.2625
1788194460000,2467.17,2468.13,2466.67,2468.04,153.7153
1788194520000,2468.03,2469.39,2467.79,2468.43,312.5005
1788194580000,2468.43,2470,2467.99,2469.99,131.084
1788194640000,2470,2472.33,2470,2471.52,235.7602
1788194700000,2471.52,2472.7,2471.28,2471.29,95.9192
1788194760000,2471.28,2471.28,2468.5,2470.07,139.1461
1788194820000,2470.08,2472.04,2470.07,2471.78,108.7097
1788194880000,2471.78,2472.1,2471.18,2471.73,164.6279
1788194940000,2471.73,2471.98,2470.63,2471.11,158.4545
1788195000000,2471.12,2471.37,2470.16,2470.29,146.4201
1788195060000,2470.29,2470.94,2470,2470,144.7978
1788195120000,2470.01,2470.48,2469.24,2470.18,214.6541
1788195180000,2470.18,2472,2470.18,2472,134.9559
1788195240000,2471.99,2473.26,2471.99,2472.26,87.9314
1788195300000,2472.26,2477.24,2472.26,2474.59,552.9161
1788195360000,2474.59,2475.9,2471.06,2471.52,202.2931
1788195420000,2471.52,2472.23,2471.38,2471.39,306.2794
1788195480000,2471.39,2471.51,2470,2470.12,116.4545
1788195540000,2470.12,2470.55,2469.05,2469.2,131.8697
1788195600000,2469.19,2470.3,2468.27,2469.75,127.5569
1788195660000,2469.74,2470.01,2468.18,2468.76,96.319
1788195720000,2468.76,2470.78,2468.32,2470.49,61.4752
1788195780000,2470.5,2471.7,2469.83,2469.83,72.4453
1788195840000,2469.84,2469.84,2468.36,2469.3,68.3171
1788195900000,2469.3,2470.33,2469.15,2470.31,54.8586
1788195960000,2470.3,2471.32,2469.77,2469.77,84.4351
1788196020000,2469.78,2470.68,2469.22,2469.62,112.6857
1788196080000,2469.62,2471.12,2469.62,2470.62,117.9102
1788196140000,2470.62,2471.47,2469.94,2471.47,112.4192
1788196200000,2471.48,2472.22,2469.94,2469.96,144.3809
1788196260000,2469.95,2471.16,2469.54,2471.16,123.3877
1788196320000,2471.16,2472.66,2471.13,2472.66,103.0729
1788196380000,2472.67,2473.85,2471.9,2471.99,213.4363
1788196440000,2471.98,2472.38,2471.57,2471.69,86.6664
1788196500000,2471.7,2472.05,2470.74,2471.4,192.6516
1788196560000,2471.4,2471.95,2470.02,2470.03,112.7065
1788196620000,2470.03,2470.03,2466.62,2466.62,209.5689
1788196680000,2466.62,2466.96,2465.03,2465.73,297.5575
1788196740000,2465.74,2467.96,2464.24,2467.96,142.2371
1788196800000,2467.96,2469.14,2467.72,2468.03,121.4485
1788196860000,2468.04,2468.91,2467.88,2468.8,124.8049
1788196920000,2468.78,2470.23,2468.47,2470.23,148.8171
1788196980000,2470.23,2470.55,2468.24,2468.87,267.4203
1788197040000,2468.88,2469.31,2467.46,2467.63,118.7578
1788197100000,2467.63,2467.63,2466.42,2467.5,122.2879
1788197160000,2467.5,2467.5,2463.75,2463.76,180.5277
1788197220000,2463.76,2464.34,2462.79,2464.33,218.2347
1788197280000,2464.33,2464.77,2461.93,2462.14,241.6975
1788197340000,2462.14,2463.73,2461.26,2463.73,242.2455
1788197400000,2463.74,2465.19,2463.72,2465.18,98.2223
1788197460000,2465.19,2465.4,2464.32,2464.36,52.6452
1788197520000,2464.36,2464.57,2462.38,2463.68,125.5969
1788197580000,2463.68,2465.11,2463.44,2465.1,57.7595
1788197640000,2465.11,2465.11,2463.37,2463.85,147.546
1788197700000,2463.86,2464.8,2462.44,2463.56,257.397
1788197760000,2463.56,2464.08,2462.7,2464.08,70.4747
1788197820000,2464.08,2465.37,2464.08,2465.36,86.0602
1788197880000,2465.36,2468,2465.06,2468,70.2202
1788197940000,2468,2469.15,2466.92,2469.14,169.3663
1788198000000,2469.15,2469.93,2469,2469.22,151.7555
1788198060000,2469.21,2474.63,2469.21,2470.19,518.1923
1788198120000,2470.18,2472.78,2469.93,2471.79,100.1838
1788198180000,2471.79,2472.12,2471,2471.67,301.0016
1788198240000,2471.67,2471.68,2470.76,2471.28,92.4435
1788198300000,2471.28,2471.95,2470.11,2470.75,144.1848
1788198360000,2470.76,2471.41,2469.61,2471.02,411.7324
1788198420000,2471.02,2471.94,2471.01,2471.94,63.2791
1788198480000,2471.94,2474.83,2471.54,2473.39,279.6757
1788198540000,2473.38,2473.5,2471.81,2472.61,121.9197
1788198600000,2472.61,2474.08,2472.61,2473.17,291.7392
1788198660000,2473.16,2476.08,2473.16,2475.08,217.174
1788198720000,2475.07,2477.37,2474.79,2475.62,228.1204
1788198780000,2475.62,2475.62,2474.48,2474.81,169.662
1788198840000,2474.82,2475.97,2474.82,2475.97,138.0945
1788198900000,2475.96,2476.07,2475.6,2475.85,82.3531
1788198960000,2475.85,2476.16,2475.3,2476.15,112.9094
1788199020000,2476.16,2476.36,2474.82,2475.01,467.7876
1788199080000,2475.01,2475.05,2474.5,2475.04,53.196
1788199140000,2475.05,2476.32,2475.04,2475.42,199.1206
1788199200000,2475.41,2475.41,2473.32,2473.74,276.0709
1788199260000,2473.7,2473.75,2472.48,2473.23,114.5324
1788199320000,2473.22,2473.77,2472.36,2472.61,103.4334
1788199380000,2472.62,2473.07,2470.71,2471.95,197.9201
1788199440000,2471.95,2471.95,2471.05,2471.05,107.0896
1788199500000,2471.06,2471.8,2469.82,2469.82,111.3362
1788199560000,2469.82,2472.17,2469.81,2472.17,57.7321
1788199620000,2472.17,2472.47,2471.82,2472.25,57.9634
1788199680000,2472.25,2472.25,2471.18,2471.19,123.6461
1788199740000,2471.19,2471.89,2470.69,2471.88,73.8606
1788199800000,2471.88,2471.88,2471,2471.59,59.4552
1788199860000,2471.6,2472,2470.68,2472,58.1583
1788199920000,2471.99,2472,2471.2,2471.95,54.7723
1788199980000,2471.95,2472.04,2470.77,2470.78,58.2319
1788200040000,2470.77,2473.77,2470.2,2473.47,194.2095
1788200100000,2473.47,2473.9,2473.12,2473.68,213.522
1788200160000,2473.68,2479.03,2473.2,2479.03,495.5863
1788200220000,2479.03,2479.91,2476.88,2477.86,435.2503
1788200280000,2477.86,2479.94,2477.86,2479.93,253.7546
1788200340000,2479.93,2480.75,2476.99,2478.5,1450.5989
1788200400000,2478.51,2478.51,2477.26,2477.59,293.4251
1788200460000,2477.59,2478.6,2476.74,2476.74,84.0091
1788200520000,2476.72,2476.72,2472.83,2472.83,223.5703
1788200580000,2472.84,2472.84,2470.98,2471.79,171.8133
1788200640000,2471.79,2472.4,2470.6,2470.6,115.1327
1788200700000,2470.6,2470.83,2468.98,2469.59,133.107
1788200760000,2469.59,2470.62,2469.58,2470.25,92.3902
1788200820000,2470.26,2472.29,2469.92,2472.29,389.0426
1788200880000,2472.3,2472.41,2471.93,2471.94,67.7818
1788200940000,2471.94,2471.94,2470.93,2471.09,33.5334
1788201000000,2471.09,2471.09,2470.41,2471.08,41.2893
1788201060000,2471.08,2471.34,2470.24,2471.33,66.7326
1788201120000,2471.34,2472.65,2471.34,2472.65,26.1162
1788201180000,2472.65,2472.65,2471.07,2471.08,67.1045
1788201240000,2471.07,2471.75,2470.95,2471.01,49.8001
1788201300000,2471.01,2472.4,2471,2472.4,90.1594
1788201360000,2472.41,2473.92,2472.4,2473.92,96.3438
1788201420000,2473.92,2476.52,2473.92,2476.51,144.8459
1788201480000,2476.51,2476.52,2474.16,2474.16,251.2516
1788201540000,2474.16,2475,2473.88,2475,104.0129
1788201600000,2474.99,2476.59,2474,2476.59,188.6732
1788201660000,2476.59,2478.99,2476.59,2478.26,327.9512
1788201720000,2478.27,2480.55,2478.27,2480.42,325.4843
1788201780000,2480.41,2480.41,2478.26,2479.87,228.8037
1788201840000,2479.88,2489.89,2479.88,2487.89,2154.8096
1788201900000,2487.89,2487.9,2482.13,2483.44,846.74
1788201960000,2483.44,2483.44,2479.45,2479.55,253.2952
1788202020000,2479.56,2480.52,2478.78,2480.41,239.8371
1788202080000,2480.41,2481.29,2480.36,2480.62,182.3676
1788202140000,2480.61,2481.46,2479.5,2480.44,109.5463
1788202200000,2480.44,2480.62,2479.04,2479.51,62.1707
1788202260000,2479.52,2480.1,2479.33,2480.09,75.563
1788202320000,2480.1,2480.1,2478.43,2478.43,91.7532
1788202380000,2478.42,2478.42,2476.73,2477.27,143.452
1788202440000,2477.26,2477.65,2477.01,2477.53,129.8808
1788202500000,2477.53,2478.85,2476.26,2478.28,139.6093
1788202560000,2478.26,2479.06,2478.19,2479.05,36.0501
1788202620000,2479.06,2479.06,2477.88,2477.88,55.0126
1788202680000,2477.89,2479.27,2477.75,2479.27,50.8018
1788202740000,2479.28,2479.37,2477.47,2477.8,160.3436
1788202800000,2477.81,2479.97,2477.8,2479.96,92.7218
1788202860000,2479.96,2480.31,2479.35,2479.35,198.1098
1788202920000,2479.36,2480.76,2479.35,2480.76,96.77
1788202980000,2480.76,2481.48,2480.3,2480.3,116.6969
1788203040000,2480.31,2481.12,2478.83,2480.79,175.9723
1788203100000,2480.78,2481.85,2480.46,2481.73,149.5705
1788203160000,2481.73,2483,2480.77,2482.87,208.4954
1788203220000,2482.88,2486.56,2482.69,2485.02,919.4644
1788203280000,2485.03,2486.53,2485.03,2485.75,182.6853
1788203340000,2485.75,2486.84,2485.67,2486.46,223.1311
1788203400000,2486.47,2489.95,2486.29,2486.97,676.966
1788203460000,2486.98,2487.65,2485.72,2485.91,188.2646
1788203520000,2485.92,2487.5,2485.92,2487.24,160.317
1788203580000,2487.24,2488.44,2486.4,2488.44,245.7011
1788203640000,2488.44,2489.67,2486.43,2486.44,164.9514
1788203700000,2486.43,2486.44,2484.25,2484.65,199.0231
1788203760000,2484.64,2484.65,2483.62,2484.34,164.8402
1788203820000,2484.35,2484.92,2484.03,2484.07,215.6254
1788203880000,2484.08,2484.1,2482.01,2483.53,321.3993
1788203940000,2483.53,2483.71,2483.03,2483.22,171.6085
1788204000000,2483.22,2483.27,2481.77,2483.07,352.1956
1788204060000,2483.06,2483.08,2482.2,2482.2,88.9442
1788204120000,2482.21,2483.93,2482.2,2483.92,219.5137
1788204180000,2483.93,2485.34,2483.93,2484.87,77.456
1788204240000,2484.88,2485.78,2484.36,2485.68,230.5615
1788204300000,2485.67,2485.67,2483.98,2484,130.119
1788204360000,2484,2484.28,2482.9,2483.29,163.6113
1788204420000,2483.29,2484.19,2482.63,2484.19,116.8485
1788204480000,2484.21,2486.01,2484.21,2485.98,178.6082
1788204540000,2485.98,2485.99,2485.07,2485.53,112.9913
1788204600000,2485.53,2486.05,2483.92,2485.83,159.5957
1788204660000,2485.82,2485.83,2482.6,2482.86,692.6794
1788204720000,2482.85,2483.97,2482.01,2483.86,246.8373
1788204780000,2483.86,2483.86,2482.68,2483.24,173.3305
1788204840000,2483.23,2484.3,2483.23,2484.3,136.0403
1788204900000,2484.3,2485.49,2483.32,2483.33,110.7902
1788204960000,2483.32,2484.86,2483.32,2484.86,131.4241
1788205020000,2484.86,2485.27,2483.65,2483.65,272.8004
1788205080000,2483.65,2484.57,2483.16,2484.17,123.361
1788205140000,2484.18,2484.18,2482.82,2482.82,132.5323
1788205200000,2482.83,2482.83,2480.55,2481.32,142.4973
1788205260000,2481.31,2481.58,2478.79,2479.03,237.3244
1788205320000,2479.03,2479.59,2478.4,2478.99,206.163
1788205380000,2478.99,2480.04,2478.74,2480.04,292.734
1788205440000,2480.05,2480.57,2479.79,2480.37,128.1661
1788205500000,2480.37,2480.7,2479.65,2480.7,127.0459
1788205560000,2480.7,2482.34,2480.7,2482.26,97.9195
1788205620000,2482.25,2482.25,2480.81,2481.19,112.9554
1788205680000,2481.19,2482.22,2480.82,2482.22,113.8073
1788205740000,2482.22,2483.61,2481.8,2483.61,179.39
1788205800000,2483.62,2485.4,2481.75,2481.76,365.4295
1788205860000,2481.75,2482.09,2481.25,2481.69,100.5794
1788205920000,2481.69,2483,2481.3,2481.86,181.8639
1788205980000,2481.85,2482.13,2480.96,2481.05,237.5373
1788206040000,2481.05,2481.05,2480.03,2480.55,245.9369
1788206100000,2480.56,2480.56,2478.26,2478.27,233.2675
1788206160000,2478.27,2479.73,2477.4,2479.73,252.6537
1788206220000,2479.79,2480.96,2479.79,2480.95,72.6259
1788206280000,2480.96,2482.85,2480.96,2482.84,177.7636
1788206340000,2482.84,2483.97,2481.77,2481.84,272.0136
1788206400000,2481.84,2482.74,2480.63,2480.63,117.4801
1788206460000,2480.64,2482.34,2480.12,2482.34,96.1347
1788206520000,2482.34,2483.35,2482.16,2482.33,64.0206
1788206580000,2482.34,2482.34,2480.1,2480.1,102.9082
1788206640000,2480.1,2480.64,2478.81,2479.61,110.8528
1788206700000,2479.61,2479.62,2478.71,2479.09,103.6088
1788206760000,2479.09,2479.9,2479.05,2479.9,53.0487
1788206820000,2479.89,2480.25,2479.47,2480.25,44.8599
1788206880000,2480.25,2480.96,2480.25,2480.74,48.9591
1788206940000,2480.73,2480.73,2478.8,2479.5,40.8322
1788207000000,2479.49,2479.6,2479.12,2479.12,43.0146
1788207060000,2479.12,2479.12,2478.33,2478.33,33.3038
1788207120000,2478.33,2478.82,2478.1,2478.82,30.5419
1788207180000,2478.82,2479.26,2478.81,2479.19,20.0032
1788207240000,2479.19,2480,2479.09,2480,44.6926
1788207300000,2479.99,2480.31,2479.54,2480.3,143.0331
1788207360000,2480.31,2480.31,2480.23,2480.23,31.9225
1788207420000,2480.23,2481.81,2480.23,2481.8,44.1007
1788207480000,2481.81,2483.1,2481.81,2482.63,110.3042
1788207540000,2482.64,2484.18,2482.61,2484.14,104.1415
1788207600000,2484.13,2487,2484.01,2486.02,314.2872
1788207660000,2486.01,2486.01,2483.16,2483.16,110.7831
1788207720000,2483.16,2483.16,2482.05,2482.69,48.2701
1788207780000,2482.68,2482.68,2480.96,2481.35,61.5304
1788207840000,2481.35,2481.55,2481.26,2481.33,41.3317
1788207900000,2481.33,2481.33,2478.7,2479.07,182.6923
1788207960000,2479.07,2479.33,2477.8,2478.7,87.5892
1788208020000,2478.7,2478.98,2478.52,2478.76,18.4903
1788208080000,2478.75,2478.76,2477.8,2477.8,84.3929
1788208140000,2477.8,2477.81,2475.26,2476.12,299.9044
1788208200000,2476.11,2477.54,2474.97,2477.53,163.3435
1788208260000,2477.54,2477.76,2476.69,2476.69,64.0805
1788208320000,2476.69,2477.01,2474.97,2474.97,99.4854
1788208380000,2474.98,2475.45,2473.61,2473.61,188.1673
1788208440000,2473.61,2474.21,2473.13,2473.13,152.9492
1788208500000,2473.14,2473.78,2472.64,2472.64,134.525
1788208560000,2472.65,2472.65,2470.06,2471.28,330.744
1788208620000,2471.27,2472.6,2470.89,2470.9,133.6129
1788208680000,2470.89,2471.5,2470.43,2471.5,71.7495
1788208740000,2471.5,2471.5,2470.65,2470.96,57.6034
1788208800000,2470.97,2472.19,2470.97,2472.06,54.0811
1788208860000,2472.06,2472.18,2472.06,2472.18,27.7254
1788208920000,2472.18,2473.2,2472.17,2473.2,44.3815
1788208980000,2473.19,2475.22,2473.08,2475.22,99.494
1788209040000,2475.21,2475.47,2473.87,2473.87,222.4363
1788209100000,2473.87,2474.67,2473.87,2474.48,35.8256
1788209160000,2474.48,2474.49,2474.03,2474.2,31.7706
1788209220000,2474.2,2474.21,2472.37,2472.48,71.7898
1788209280000,2472.48,2472.61,2470.94,2471.71,246.7668
1788209340000,2471.72,2471.84,2471.54,2471.54,49.846
1788209400000,2471.54,2473.4,2471.05,2472.43,223.0358
1788209460000,2472.42,2472.61,2471.85,2472.61,39.7939
1788209520000,2472.67,2472.79,2472.67,2472.78,61.4267
1788209580000,2472.78,2473.76,2472.78,2473.76,35.6073
1788209640000,2473.75,2474.32,2473.45,2473.71,49.3468
1788209700000,2473.71,2475.06,2473.71,2474.73,95.1037
1788209760000,2474.72,2474.73,2471.71,2471.72,218.2863
1788209820000,2471.72,2472.8,2471.57,2472.55,54.8722
1788209880000,2472.55,2473.31,2472.55,2473.17,65.8608
1788209940000,2473.17,2473.18,2472.47,2472.62,20.2202
1788210000000,2472.63,2473.25,2472.62,2472.83,81.5223
1788210060000,2472.83,2472.83,2472.34,2472.34,31.0468
1788210120000,2472.34,2472.34,2470.5,2470.5,91.0366
1788210180000,2470.5,2471.43,2468.81,2471.43,340.1238
1788210240000,2471.43,2472.45,2471.25,2471.26,89.6265
1788210300000,2471.26,2471.49,2467.64,2469.69,194.4561
1788210360000,2469.69,2474.63,2468.8,2472.86,223.4601
1788210420000,2472.84,2472.84,2470.72,2472.7,180.7084
1788210480000,2472.71,2475.78,2472.71,2475.78,161.3699
1788210540000,2475.77,2476.23,2474.46,2476.23,171.218
1788210600000,2476.22,2476.22,2472.17,2473.5,280.6121
1788210660000,2473.5,2473.5,2472.16,2473.18,63.8914
1788210720000,2473.17,2473.74,2473.15,2473.73,11.0687
1788210780000,2473.73,2473.74,2472.5,2472.51,45.3302
1788210840000,2472.51,2472.65,2472.51,2472.65,23.4036
1788210900000,2472.64,2473.39,2472.34,2472.47,51.286
1788210960000,2472.47,2472.47,2471.19,2471.27,47.9464
1788211020000,2471.27,2471.38,2471.26,2471.26,19.9423
1788211080000,2471.26,2471.89,2471.25,2471.67,26.0513
1788211140000,2471.67,2471.67,2471.2,2471.2,26.0996
1788211200000,2471.2,2473.74,2470.58,2473.51,443.4807
1788211260000,2473.51,2473.74,2472.63,2472.63,50.0824
1788211320000,2472.63,2472.78,2472.62,2472.78,12.8722
1788211380000,2472.78,2473.32,2472.77,2473.32,42.628
1788211440000,2473.32,2473.92,2473.32,2473.91,22.3181
1788211500000,2473.91,2473.92,2472.72,2473.69,66.7352
1788211560000,2473.69,2476.56,2473.69,2476.56,103.2653
1788211620000,2476.55,2477.8,2476.52,2477.29,120.5079
1788211680000,2477.3,2478,2476.68,2477.65,79.7219
1788211740000,2477.65,2478.52,2477.64,2478.51,59.6735
1788211800000,2478.52,2480.57,2478.52,2480.37,267.6728
1788211860000,2480.37,2482.21,2479.45,2479.56,636.1764
1788211920000,2479.56,2479.56,2477.89,2479.01,46.5361
1788211980000,2479.02,2480.66,2479.01,2480.65,21.7421
1788212040000,2480.66,2480.88,2480.33,2480.33,42.6704
1788212100000,2480.33,2481.97,2480.22,2481.58,79.2016
1788212160000,2481.58,2482.81,2481.58,2482.81,43.7445
1788212220000,2482.8,2483.51,2480.94,2480.94,92.7343
1788212280000,2480.95,2481.93,2480.95,2481.31,98.0287
1788212340000,2481.32,2481.32,2479.55,2479.74,81.3633
1788212400000,2479.75,2481.26,2479.75,2480.63,92.9084
1788212460000,2480.62,2480.91,2480,2480.91,49.5504
1788212520000,2480.9,2480.91,2480.1,2480.47,98.646
1788212580000,2480.46,2481.19,2480.12,2481.19,95.2374
1788212640000,2481.19,2481.51,2481.11,2481.48,36.274
1788212700000,2481.48,2483.19,2481.48,2482.73,105.8507
1788212760000,2482.72,2482.72,2480.45,2481.21,75.646
1788212820000,2481.21,2481.34,2480.3,2480.3,63.4859
1788212880000,2480.29,2481.46,2480.03,2480.99,112.7969
1788212940000,2480.99,2480.99,2479.97,2480.52,74.8812
1788213000000,2480.53,2481.05,2479.5,2480.09,100.3584
1788213060000,2480.09,2480.16,2479.38,2479.63,53.9254
1788213120000,2479.63,2481.45,2479.62,2480.3,245.7516
1788213180000,2480.3,2480.3,2479.57,2479.76,25.266
1788213240000,2479.75,2479.76,2478.81,2479.26,85.2407
1788213300000,2479.27,2479.31,2479.11,2479.29,40.9494
1788213360000,2479.29,2479.84,2478.95,2478.96,73.1319
1788213420000,2478.95,2479.54,2478.95,2478.95,127.7067
1788213480000,2478.95,2478.96,2478.95,2478.95,2.7139
1788213540000,2478.95,2478.95,2478.26,2478.27,153.8656
1788213600000,2478.27,2480.91,2478.27,2480.8,81.2378
1788213660000,2480.8,2480.8,2478.26,2478.27,33.9431
1788213720000,2478.27,2478.27,2475.17,2477.63,264.2194
1788213780000,2477.63,2477.92,2476.51,2476.51,66.7526
1788213840000,2476.51,2476.52,2475.17,2475.5,52.1798
1788213900000,2475.51,2477.37,2475.51,2477.37,62.6835
1788213960000,2477.38,2477.86,2477.15,2477.74,70.9507
1788214020000,2477.73,2477.73,2477.52,2477.53,22.2171
1788214080000,2477.52,2477.52,2475.76,2476.89,39.1822
1788214140000,2476.89,2477.49,2476.89,2477.48,7.3346
1788214200000,2477.48,2477.48,2476.01,2476.05,50.8315
1788214260000,2476.06,2477.76,2476.06,2477.52,52.5974
1788214320000,2477.52,2477.52,2476.51,2476.66,42.1052
1788214380000,2476.67,2476.67,2475,2475.01,52.1893
1788214440000,2475.01,2475.22,2474.38,2474.7,58.0554
1788214500000,2474.7,2474.96,2473.53,2474.42,61.142
1788214560000,2474.42,2474.49,2473,2473.03,93.3954
1788214620000,2473.03,2474.14,2473,2473,56.0988
1788214680000,2473.01,2473.09,2473,2473.09,7.6894
1788214740000,2473.08,2473.08,2472.33,2472.33,81.9503
1788214800000,2472.34,2472.55,2471.2,2471.45,119.1593
1788214860000,2471.45,2471.74,2471.44,2471.59,172.1385
1788214920000,2471.58,2471.65,2471.2,2471.61,88.8082
1788214980000,2471.61,2472.09,2471.2,2471.42,198.5417
1788215040000,2471.43,2471.74,2470.91,2470.92,48.863
1788215100000,2470.92,2471.08,2470.91,2471.08,40.185
1788215160000,2471.08,2471.14,2470.99,2470.99,25.218
1788215220000,2471,2471,2470.73,2470.87,15.8268
1788215280000,2470.88,2471.13,2470.87,2471.03,38.9019
1788215340000,2471.02,2471.12,2470.98,2471.12,25.5507
1788215400000,2471.13,2471.86,2471.12,2471.76,79.9946
1788215460000,2471.76,2471.76,2470.98,2470.98,18.902
1788215520000,2470.97,2470.98,2470.13,2470.34,27.9667
1788215580000,2470.34,2471.37,2470.34,2470.59,40.7146
1788215640000,2470.61,2471.26,2469.75,2471.25,57.5486
1788215700000,2471.25,2471.26,2469.85,2469.85,37.7887
1788215760000,2469.85,2470.84,2469.85,2469.86,74.5084
1788215820000,2469.86,2469.86,2468.97,2468.97,46.733
1788215880000,2468.97,2470.13,2468.97,2470.12,19.2562
1788215940000,2470.13,2470.13,2469.74,2469.75,15.2921
1788216000000,2469.75,2469.75,2468.28,2468.49,383.2864
1788216060000,2468.48,2468.7,2468.16,2468.69,60.235
1788216120000,2468.7,2469,2468,2469,79.5079
1788216180000,2469,2469.26,2468.16,2468.89,54.4859
1788216240000,2468.89,2469.57,2468.86,2468.86,28.5889
1788216300000,2468.86,2468.86,2468.49,2468.52,90.6487
1788216360000,2468.51,2468.51,2467.72,2467.73,30.3476
1788216420000,2467.72,2468.84,2467.72,2468.73,76.5575
1788216480000,2468.72,2468.73,2468.68,2468.69,28.4291
1788216540000,2468.68,2468.79,2468.15,2468.52,20.1177
1788216600000,2468.53,2469.36,2468.53,2469.36,42.9372
1788216660000,2469.36,2469.36,2468.65,2468.68,31.9964
1788216720000,2468.67,2468.68,2468.67,2468.67,7.1257
1788216780000,2468.68,2470.68,2468.68,2469.93,224.6514
1788216840000,2469.92,2470.59,2469.92,2470.4,49.9554
1788216900000,2470.42,2470.42,2469.73,2469.73,29.7382
1788216960000,2469.74,2469.89,2469.23,2469.8,94.0851
1788217020000,2469.81,2470.32,2469.76,2470.32,19.7791
1788217080000,2470.31,2470.31,2469.39,2469.45,51.9502
1788217140000,2469.44,2469.45,2469.44,2469.45,12.4483
1788217200000,2469.45,2469.45,2467.31,2467.67,169.0459
1788217260000,2467.67,2468.37,2466.83,2466.84,70.4708
1788217320000,2466.83,2466.83,2462.5,2462.67,515.2748
1788217380000,2462.68,2464.72,2462,2464,163.9023
1788217440000,2464,2464,2462.39,2462.77,199.5679
1788217500000,2462.77,2465.24,2462.76,2464.49,52.9578
1788217560000,2464.48,2465.76,2464.08,2465.33,124.0489
1788217620000,2465.33,2465.76,2465.32,2465.47,30.6328
1788217680000,2465.47,2466.49,2465.47,2466.37,75.3631
1788217740000,2466.37,2466.84,2466.36,2466.83,28.1609
1788217800000,2466.84,2467.05,2465.45,2465.45,83.5505
1788217860000,2465.46,2465.48,2464.99,2465.31,21.081
1788217920000,2465.31,2465.6,2465,2465.6,32.1665
1788217980000,2465.59,2465.6,2465.2,2465.46,44.6697
1788218040000,2465.47,2465.47,2464.4,2464.4,187.3226
1788218100000,2464.41,2464.93,2463.83,2463.84,97.4992
1788218160000,2463.84,2464.7,2463.84,2464.7,27.1771
1788218220000,2464.69,2465.49,2463.43,2464.1,88.0594
1788218280000,2464.17,2465.47,2464.17,2464.74,69.7195
1788218340000,2464.74,2465.97,2464.74,2465.76,101.7028
1788218400000,2465.76,2465.76,2465.55,2465.56,13.8435
1788218460000,2465.56,2465.99,2465.56,2465.74,43.4193
1788218520000,2465.73,2465.73,2465.11,2465.11,17.55
1788218580000,2465.12,2465.51,2465.12,2465.5,17.9423
1788218640000,2465.51,2465.51,2465.5,2465.51,15.6425
1788218700000,2465.51,2466.07,2465.51,2466.06,33.1118
1788218760000,2466.06,2466.8,2466.06,2466.79,15.4503
1788218820000,2466.8,2466.8,2466.49,2466.49,36.7246
1788218880000,2466.49,2466.5,2466.49,2466.5,13.8735
1788218940000,2466.49,2466.5,2466.49,2466.49,9.9513
1788219000000,2466.49,2466.88,2466.49,2466.87,72.8865
1788219060000,2466.87,2467.02,2466.87,2467.02,51.2271
1788219120000,2467.01,2467.02,2467.01,2467.01,8.0049
1788219180000,2467.01,2467.02,2465.83,2466.07,60.022
1788219240000,2466.07,2466.15,2465.62,2466.14,39.6832
1788219300000,2466.14,2466.6,2466.14,2466.59,36.6886
1788219360000,2466.6,2466.6,2465.01,2465.02,20.9455
1788219420000,2465.02,2465.25,2464.52,2465.24,76.3386
1788219480000,2465.24,2465.43,2464.52,2464.8,73.6353
1788219540000,2464.81,2466.24,2464.81,2466.24,36.5543
1788219600000,2466.24,2466.74,2466.24,2466.74,43.6029
1788219660000,2466.73,2467.02,2466.73,2467.01,23.9977
1788219720000,2467.02,2467.02,2467.01,2467.02,29.4223
1788219780000,2467.02,2468.05,2467.02,2467.41,149.6005
1788219840000,2467.42,2467.42,2467.41,2467.41,8.8733
1788219900000,2467.41,2467.42,2467.16,2467.23,47.6149
1788219960000,2467.23,2467.33,2466.93,2466.93,41.7141
1788220020000,2466.93,2466.94,2466.61,2466.61,9.4398
1788220080000,2466.61,2467.05,2466.6,2467.05,64.5036
1788220140000,2467.04,2467.05,2467.04,2467.04,24.5771
1788220200000,2467.04,2467.73,2467.04,2467.72,64.2897
1788220260000,2467.72,2467.73,2467.66,2467.73,64.2307
1788220320000,2467.72,2467.73,2467.72,2467.72,39.6209
1788220380000,2467.72,2467.72,2467.61,2467.61,28.3144
1788220440000,2467.61,2467.61,2466.8,2466.81,110.4551
1788220500000,2466.8,2466.81,2466.43,2466.49,76.1939
1788220560000,2466.5,2466.5,2465.99,2466.24,47.0111
1788220620000,2466.24,2467.56,2466.23,2467.29,81.4105
1788220680000,2467.29,2467.29,2467.28,2467.28,8.6475
1788220740000,2467.28,2468.05,2467.28,2467.65,76.356
1788220800000,2467.64,2467.65,2465.43,2465.44,192.645
1788220860000,2465.44,2467.07,2465.43,2466.68,83.4729
1788220920000,2466.69,2466.69,2465.42,2465.92,65.6683
1788220980000,2465.92,2466.84,2465.91,2466.84,72.7642
1788221040000,2466.83,2467.5,2466.7,2467.5,86.4463
1788221100000,2467.5,2469.69,2467.49,2469.37,121.3484
1788221160000,2469.36,2469.36,2467.55,2467.55,29.4298
1788221220000,2467.55,2469.08,2467.55,2469.07,52.2971
1788221280000,2469.08,2470,2469.07,2470,34.3729
1788221340000,2470,2473.44,2469.99,2472.4,616.1735
1788221400000,2472.4,2473.2,2471.27,2473.19,125.6056
1788221460000,2473.19,2473.8,2472.94,2473.11,50.8805
1788221520000,2473.11,2473.11,2472,2472.01,56.7444
1788221580000,2472,2472.34,2471.62,2472.33,95.327
1788221640000,2472.33,2473.11,2472.33,2472.47,51.5141
1788221700000,2472.47,2472.47,2472.17,2472.19,15.2147
1788221760000,2472.19,2472.55,2471.58,2472.55,74.0011
1788221820000,2472.55,2473.8,2472.54,2473.35,105.6308
1788221880000,2473.34,2475.28,2473,2475.09,212.4926
1788221940000,2475.08,2475.12,2474.21,2475.04,69.4229
1788222000000,2475.03,2475.03,2474.65,2474.86,49.8873
1788222060000,2474.87,2477.31,2474.86,2475.11,159.8921
1788222120000,2475.11,2477.55,2475.11,2475.49,170.9141
1788222180000,2475.49,2477.4,2475.49,2476.65,80.4289
1788222240000,2476.65,2476.65,2476.23,2476.24,45.4025
1788222300000,2476.23,2476.24,2475.72,2475.83,166.4293
1788222360000,2475.82,2476.62,2475.31,2475.32,343.803
1788222420000,2475.31,2477,2475.01,2477,58.8372
1788222480000,2476.99,2477,2475.79,2475.79,56.3821
1788222540000,2475.79,2475.79,2475,2475.49,94.7562
1788222600000,2475.49,2476.8,2475,2475.03,102.3741
1788222660000,2475.03,2475.68,2473.46,2473.47,196.9564
1788222720000,2473.46,2474.44,2470.92,2471.8,298.1859
1788222780000,2471.8,2472.28,2471.15,2471.92,104.6446
1788222840000,2471.92,2474.16,2471.42,2474.16,74.8673
1788222900000,2474.16,2474.33,2473.6,2473.6,104.9549
1788222960000,2473.6,2474.41,2473.6,2473.77,115.2217
1788223020000,2473.76,2475.96,2473.67,2473.67,183.6488
1788223080000,2473.68,2473.91,2473.52,2473.58,103.9323
1788223140000,2473.58,2473.59,2471.62,2471.62,58.0489
1788223200000,2471.61,2472.74,2471.45,2472.74,60.5825
1788223260000,2472.73,2473.35,2472.67,2473.19,70.1291
1788223320000,2473.19,2473.2,2471.71,2471.71,134.5261
1788223380000,2471.72,2471.72,2471.15,2471.56,44.6039
1788223440000,2471.55,2472.25,2471.07,2472.04,180.0635
1788223500000,2472.04,2473,2472.04,2472.98,46.6228
1788223560000,2472.98,2474.16,2472.98,2474.15,32.9031
1788223620000,2474.16,2474.21,2472.46,2472.47,60.7535
1788223680000,2472.46,2474.68,2472.46,2474.68,49.6167
1788223740000,2474.69,2475.89,2474.69,2475.88,90.768
1788223800000,2475.89,2475.9,2473.75,2474.27,197.3575
1788223860000,2474.28,2474.28,2473.45,2473.46,52.696
1788223920000,2473.46,2473.92,2472.95,2472.95,46.7483
1788223980000,2472.96,2472.96,2471.46,2471.47,49.2208
1788224040000,2471.47,2471.79,2471.23,2471.23,78.0481
1788224100000,2471.23,2471.24,2471.01,2471.01,19.33
1788224160000,2471.02,2471.02,2470.81,2470.94,36.8695
1788224220000,2470.94,2471.26,2470.94,2471.26,150.9213
1788224280000,2471.26,2471.26,2469.76,2469.76,75.865
1788224340000,2469.76,2471.84,2468.75,2471.61,297.1124
1788224400000,2471.62,2474.18,2471.62,2472.94,103.5593
1788224460000,2472.95,2473.97,2471.54,2471.54,45.2561
1788224520000,2471.55,2471.55,2469.93,2470.81,51.9879
1788224580000,2470.81,2471.4,2470.45,2471.29,171.6823
1788224640000,2471.29,2472.87,2471.28,2472.86,61.8732
1788224700000,2472.86,2475.5,2472.86,2474.6,275.2338
1788224760000,2474.6,2476.22,2474.6,2475.81,89.928
1788224820000,2475.81,2476.16,2471.86,2472.06,384.2214
1788224880000,2472.06,2472.93,2471.31,2472.93,81.0018
1788224940000,2472.93,2472.93,2472.03,2472.04,32.9516
1788225000000,2472.04,2472.04,2471.34,2471.64,29.1049
1788225060000,2471.63,2471.64,2470.59,2470.6,39.494
1788225120000,2470.59,2471.01,2468.33,2468.33,117.6696
1788225180000,2468.33,2468.66,2467.5,2468.01,128.2462
1788225240000,2468.02,2468.02,2467.01,2467.84,91.369
1788225300000,2467.84,2468.48,2467.03,2467.15,75.1548
1788225360000,2467.18,2468.29,2466.7,2466.7,96.4294
1788225420000,2466.71,2467.07,2465.33,2466.89,250.5029
1788225480000,2466.88,2470.14,2466.88,2469.72,187.2031
1788225540000,2469.72,2470.14,2469.35,2469.6,96.1601
1788225600000,2469.61,2469.72,2469,2469,71.3148
1788225660000,2468.99,2469.67,2467.85,2469.22,90.6638
1788225720000,2469.22,2469.31,2468.41,2468.75,91.8413
1788225780000,2468.75,2469,2467.83,2468.71,48.7333
1788225840000,2468.71,2468.71,2467.31,2467.47,46.2121
1788225900000,2467.46,2467.46,2466.06,2466.07,41.7422
1788225960000,2466.07,2466.07,2458.18,2460.81,935.5269
1788226020000,2460.82,2462.77,2460.76,2462.49,178.9054
1788226080000,2462.5,2463.73,2462.17,2462.62,80.2498
1788226140000,2462.61,2462.62,2460.95,2461.13,122.8465
1788226200000,2461.13,2461.13,2458.27,2460.49,386.3185
1788226260000,2460.48,2461.29,2459.24,2461.28,170.5936
1788226320000,2461.28,2461.48,2460.04,2461.13,159.5637
1788226380000,2461.14,2461.14,2458.92,2459.76,160.3651
1788226440000,2459.76,2462,2459.76,2461.99,84.2515
1788226500000,2461.98,2464.67,2461.78,2464.25,137.1579
1788226560000,2464.26,2464.71,2463.74,2464.42,57.4265
1788226620000,2464.42,2466.07,2464.36,2465.04,133.0732
1788226680000,2465.04,2465.44,2464.04,2464.61,80.4217
1788226740000,2464.61,2466.4,2464.61,2465.8,68.5527
1788226800000,2465.79,2467.52,2465.78,2466.88,130.1513
1788226860000,2466.88,2466.89,2466.07,2466.45,105.6164
1788226920000,2466.45,2466.89,2466.21,2466.65,81.7955
1788226980000,2466.63,2467.9,2466.63,2467.89,46.6475
1788227040000,2467.89,2468,2467.37,2467.4,67.7606
1788227100000,2467.4,2467.8,2465.85,2465.85,39.1454
1788227160000,2465.84,2465.84,2464.63,2464.63,89.6085
1788227220000,2464.63,2467.09,2464.63,2467.05,136.8868
1788227280000,2467.05,2467.05,2465.71,2465.71,55.3399
1788227340000,2465.71,2465.72,2465.57,2465.57,29.0532
1788227400000,2465.57,2465.59,2464.86,2464.87,114.062
1788227460000,2464.86,2464.87,2464.25,2464.26,38.3139
1788227520000,2464.26,2464.79,2463.62,2463.67,93.2616
1788227580000,2463.68,2464,2462.67,2462.73,54.6469
1788227640000,2462.72,2463.21,2462.54,2463.01,162.9585
1788227700000,2463.01,2463.49,2461.92,2463.08,74.6478
1788227760000,2463.08,2463.29,2462.5,2462.5,42.1618
1788227820000,2462.49,2462.5,2461.45,2462.22,41.789
1788227880000,2462.22,2462.22,2462,2462.11,36.021
1788227940000,2462.1,2463,2461.8,2462.86,187.614
1788228000000,2462.85,2462.85,2460.75,2461.07,104.6701
1788228060000,2461.07,2461.07,2460.39,2460.5,60.748
1788228120000,2460.49,2460.49,2459.1,2460.35,204.7509
1788228180000,2460.35,2460.36,2457.05,2458.64,450.7269
1788228240000,2458.64,2460.48,2458.64,2460,66.8396
1788228300000,2460,2461.99,2460,2460.66,112.0842
1788228360000,2460.66,2460.71,2458.43,2459.52,219.9927
1788228420000,2459.53,2460.35,2459.37,2460.35,52.639
1788228480000,2460.34,2460.34,2458.81,2458.82,38.8614
1788228540000,2458.81,2459.53,2458.81,2459.14,46.2453
1788228600000,2459.14,2459.63,2457.51,2459.58,86.3514
1788228660000,2459.57,2459.57,2458.93,2458.93,75.4288
1788228720000,2458.94,2458.94,2456.41,2456.42,100.156
1788228780000,2456.41,2456.64,2454.66,2456.64,425.6532
1788228840000,2456.63,2457.94,2455.15,2457.94,258.0375
1788228900000,2457.94,2458.19,2456.47,2456.76,111.132
1788228960000,2456.76,2456.95,2455.98,2456.1,93.9424
1788229020000,2456.1,2457.54,2455.92,2456.04,116.1327
1788229080000,2456.04,2456.28,2456,2456.28,69.0526
1788229140000,2456.27,2457.48,2455,2457.48,148.2468
1788229200000,2457.58,2458.23,2457.22,2458.13,162.2735
1788229260000,2458.14,2458.88,2457.65,2458.2,249.2529
1788229320000,2458.21,2459.63,2458.21,2459.63,41.081
1788229380000,2459.62,2459.97,2458.52,2459.97,155.4995
1788229440000,2459.96,2460.97,2459.04,2460.76,180.3305
1788229500000,2460.77,2460.77,2459.3,2459.3,229.7499
1788229560000,2459.3,2460.33,2459.29,2460.32,44.481
1788229620000,2460.32,2462.76,2460.32,2461.92,328.5987
1788229680000,2461.92,2462.04,2458.46,2458.46,335.9547
1788229740000,2458.47,2459.39,2458.46,2458.5,127.3729
1788229800000,2458.5,2460.21,2458.5,2459.95,75.8238
1788229860000,2459.94,2461.33,2459.85,2461.1,27.785
1788229920000,2461.11,2463.3,2461.11,2462.14,258.8608
1788229980000,2462.14,2463.29,2461.76,2463.24,183.5209
1788230040000,2463.23,2463.23,2461.89,2462,161.6687
1788230100000,2462,2462.18,2460.65,2460.66,49.2799
1788230160000,2460.66,2461.18,2460.53,2461.18,29.0112
1788230220000,2461.17,2461.17,2459.69,2459.69,39.1312
1788230280000,2459.7,2460.16,2459.69,2460.13,37.0174
1788230340000,2460.12,2460.35,2459.96,2460.09,30.6304
1788230400000,2460.08,2461.08,2459.96,2461.08,23.3559
1788230460000,2461.07,2461.08,2460.53,2460.53,19.5713
1788230520000,2460.54,2461.86,2460.53,2461.86,31.8098
1788230580000,2461.85,2461.85,2460.18,2460.18,51.8043
1788230640000,2460.18,2460.38,2459.98,2460.38,110.4686
1788230700000,2460.37,2461.36,2460.37,2460.52,134.6471
1788230760000,2460.52,2461,2460.11,2460.12,159.8294
1788230820000,2460.11,2460.32,2459.27,2459.98,171.3566
1788230880000,2459.98,2462.6,2459.98,2462.59,156.9384
1788230940000,2462.59,2463.3,2462.29,2462.35,114.2447
1788231000000,2462.35,2462.7,2462.35,2462.7,45.2611
1788231060000,2462.7,2463.05,2462.57,2462.78,68.5671
1788231120000,2462.77,2463.29,2462,2462.2,91.0559
1788231180000,2462.24,2462.6,2462.11,2462.6,31.4158
1788231240000,2462.6,2462.62,2462.34,2462.48,52.2286
1788231300000,2462.49,2464.04,2462.48,2464.04,67.3692
1788231360000,2464.04,2464.51,2463.84,2463.84,132.7431
1788231420000,2463.84,2464.2,2463.77,2464.19,18.9051
1788231480000,2464.18,2464.74,2464.05,2464.74,73.8787
1788231540000,2464.74,2465.34,2464.74,2465.08,71.0936
1788231600000,2465.09,2465.11,2464.88,2464.88,87.8873
1788231660000,2464.88,2465.53,2464.88,2465.27,69.8942
1788231720000,2465.28,2465.28,2465.16,2465.2,53.6577
1788231780000,2465.19,2465.19,2464.83,2464.84,37.4567
1788231840000,2464.83,2466.16,2464.83,2466.16,51.0118
1788231900000,2466.15,2466.36,2465.79,2466.35,84.4536
1788231960000,2466.35,2466.88,2464.63,2464.64,119.0505
1788232020000,2464.64,2465.27,2464.2,2464.28,46.254
1788232080000,2464.27,2464.62,2464.15,2464.34,31.972
1788232140000,2464.33,2465.52,2464.33,2465.51,29.1052
1788232200000,2465.52,2465.53,2464.86,2465.47,46.0525
1788232260000,2465.47,2466.43,2465.47,2466.22,80.0446
1788232320000,2466.21,2467.31,2466.21,2466.45,34.3512
1788232380000,2466.44,2466.45,2464.7,2464.7,34.1821
1788232440000,2464.71,2466.12,2464.71,2466.12,119.8138
1788232500000,2466.11,2466.53,2465.59,2466.53,50.4214
1788232560000,2466.55,2466.96,2466.52,2466.53,22.9508
1788232620000,2466.52,2466.54,2464.5,2464.56,35.4821
1788232680000,2464.57,2465.57,2464.56,2465.4,24.6799
1788232740000,2465.4,2467.31,2465.39,2467.31,51.3136
1788232800000,2467.31,2467.31,2465.5,2465.67,150.1091
1788232860000,2465.67,2465.67,2465,2465.12,21.7711
1788232920000,2465.11,2465.11,2464.05,2464.17,45.8949
1788232980000,2464.16,2464.17,2464.12,2464.12,16.6282
1788233040000,2464.11,2464.51,2464.11,2464.51,21.3989
1788233100000,2464.5,2464.54,2463.3,2464.53,157.9846
1788233160000,2464.53,2464.54,2464.37,2464.54,54.4269
1788233220000,2464.53,2466.91,2464.53,2466.53,63.4624
1788233280000,2466.53,2466.84,2466.34,2466.34,21.6471
1788233340000,2466.34,2466.84,2466.3,2466.8,50.0359
1788233400000,2466.79,2468.09,2466.39,2468.09,142.5992
1788233460000,2468.09,2469.07,2468.09,2469.06,80.801
1788233520000,2469.07,2473.45,2469.06,2471.51,576.2142
1788233580000,2471.52,2474.8,2471.52,2474.36,319.2781
1788233640000,2474.37,2478.48,2474.36,2477.26,472.0906
1788233700000,2477.25,2480.67,2476.68,2478.26,773.2955
1788233760000,2478.26,2482.8,2478.26,2482.49,644.0666
1788233820000,2482.49,2482.5,2477.9,2477.91,368.2358
1788233880000,2477.91,2482.11,2477.9,2479.13,425.0587
1788233940000,2479.14,2480.75,2478.83,2480.24,143.9714
1788234000000,2480.24,2480.85,2478.86,2479.75,114.9305
1788234060000,2479.76,2479.76,2478.16,2478.48,95.3797
1788234120000,2478.49,2479.52,2478.2,2478.21,76.9104
1788234180000,2478.2,2478.71,2477.11,2477.58,643.4628
1788234240000,2477.58,2477.72,2475.92,2476.56,316.2642
1788234300000,2476.55,2476.55,2475.07,2475.72,284.4719
1788234360000,2475.72,2475.72,2474.54,2474.54,123.2413
1788234420000,2474.54,2474.54,2473.27,2474.21,89.6386
1788234480000,2474.21,2474.58,2474.13,2474.58,136.3705
1788234540000,2474.58,2474.89,2474,2474.88,74.4451
1788234600000,2474.88,2474.89,2473.11,2473.98,257.3175
1788234660000,2474.02,2474.61,2474.01,2474.12,84.5455
1788234720000,2474.12,2474.12,2473.58,2473.69,42.1335
1788234780000,2473.7,2474.28,2473.2,2473.2,75.1843
1788234840000,2473.2,2473.32,2472.72,2473.32,78.0758
1788234900000,2473.31,2473.31,2472.46,2472.47,36.6328
1788234960000,2472.47,2472.47,2472.46,2472.46,8.241
1788235020000,2472.46,2472.47,2471.03,2471.4,303.6414
1788235080000,2471.4,2472.01,2471.4,2472.01,29.3404
1788235140000,2472,2472.21,2472,2472.21,14.2289
1788235200000,2472.21,2473.44,2472.21,2473.44,106.2334
1788235260000,2473.44,2473.95,2473.43,2473.94,84.1963
1788235320000,2473.95,2474.07,2473.94,2474.06,35.391
1788235380000,2474.06,2474.07,2471.44,2471.44,240.2319
1788235440000,2471.45,2472.74,2471.45,2471.8,109.034
1788235500000,2471.8,2472.09,2471.36,2471.5,149.0544
1788235560000,2471.51,2471.51,2470.39,2470.41,274.7076
1788235620000,2470.41,2471.26,2470.4,2471.26,22.2992
1788235680000,2471.25,2473.4,2471.25,2473.38,116.6406
1788235740000,2473.38,2473.68,2472.81,2473.66,54.1822
1788235800000,2473.65,2475.18,2473.16,2473.16,131.0782
1788235860000,2473.16,2473.55,2472.6,2472.6,44.9399
1788235920000,2472.6,2472.94,2472.6,2472.7,37.8974
1788235980000,2472.7,2473.15,2471.69,2471.76,83.5972
1788236040000,2471.76,2473.04,2471.76,2473.03,42.9656
1788236100000,2473.04,2475,2473.03,2474.93,301.109
1788236160000,2474.93,2475.47,2474.78,2475.32,46.195
1788236220000,2475.31,2476.63,2475.01,2476.01,81.4077
1788236280000,2476,2476.01,2475.22,2475.8,43.8234
1788236340000,2475.81,2475.81,2474.88,2474.88,56.9731
1788236400000,2474.88,2474.9,2474.54,2474.89,28.9621
1788236460000,2474.9,2475.38,2474.73,2475.09,112.5085
1788236520000,2475.09,2476,2475.08,2475.12,87.0669
1788236580000,2475.13,2476.05,2475.12,2475.38,40.769
1788236640000,2475.38,2475.84,2475.12,2475.65,54.2515
1788236700000,2475.64,2476.63,2475.53,2476.62,54.9959
1788236760000,2476.63,2478.2,2476.63,2477.57,126.2515
1788236820000,2477.57,2477.58,2476.26,2476.27,106.66
1788236880000,2476.26,2476.71,2475.68,2475.97,57.3585
1788236940000,2475.98,2476.87,2475.97,2476.13,32.6426
1788237000000,2476.13,2477,2476.12,2476.29,305.7813
1788237060000,2476.32,2476.58,2475.1,2475.75,67.6451
1788237120000,2475.75,2475.76,2474.82,2474.82,38.0928
1788237180000,2474.8,2474.8,2474.33,2474.37,17.1988
1788237240000,2474.37,2474.76,2473.46,2473.47,35.5834
1788237300000,2473.47,2473.47,2472.52,2473.47,115.6419
1788237360000,2473.47,2473.92,2473.46,2473.52,78.5236
1788237420000,2473.52,2474.34,2473.51,2474.34,74.366
1788237480000,2474.34,2474.34,2473.91,2473.92,49.0488
1788237540000,2473.91,2474.03,2472.88,2473,54.1454
1788237600000,2473,2473.46,2472.87,2472.87,25.2366
1788237660000,2472.88,2473.07,2471.87,2471.93,38.0936
1788237720000,2471.95,2472.09,2470.77,2472.09,197.229
1788237780000,2472.09,2472.28,2471.95,2472.02,51.3445
1788237840000,2472.02,2472.02,2471.21,2471.21,35.1155
1788237900000,2471.21,2471.5,2470.67,2471.5,48.7281
1788237960000,2471.5,2471.5,2470.61,2470.95,35.8901
1788238020000,2470.95,2472,2470.94,2471.92,163.1157
1788238080000,2471.92,2472.27,2471.91,2472.2,32.1142
1788238140000,2472.21,2472.25,2472,2472.24,47.3758
1788238200000,2472.25,2472.3,2470.38,2470.38,82.9596
1788238260000,2470.38,2470.38,2469.38,2470.14,82.2987
1788238320000,2470.13,2471.48,2470.13,2471.27,200.2804
1788238380000,2471.28,2472.49,2470.62,2471.09,221.8229
1788238440000,2471.08,2471.43,2470.57,2470.7,23.9687
1788238500000,2470.69,2470.84,2470.05,2470.05,67.2961
1788238560000,2470.04,2470.15,2469.75,2470.13,40.5859
1788238620000,2470.13,2470.13,2469.01,2469.01,43.7157
1788238680000,2469.01,2469.65,2468.72,2469.07,228.3115
1788238740000,2469.07,2470.2,2468.72,2470.02,657.8569
1788238800000,2470.02,2470.31,2468.95,2469.92,64.2041
1788238860000,2469.92,2470.32,2468.73,2470.31,48.3811
1788238920000,2470.32,2472.17,2470.31,2472.16,64.7773
1788238980000,2472.16,2472.8,2472.16,2472.79,56.41
1788239040000,2472.79,2474.48,2472.79,2474.47,210.4848
1788239100000,2474.48,2476.55,2474.2,2476.55,209.9405
1788239160000,2476.55,2477.01,2475.18,2475.78,293.8247
1788239220000,2475.79,2475.79,2474.39,2474.39,29.2445
1788239280000,2474.39,2476.14,2474.3,2475.12,82.8652
1788239340000,2475.13,2476.26,2475.12,2475.48,170.1214
1788239400000,2475.48,2475.48,2474.2,2474.21,41.9692
1788239460000,2474.2,2474.2,2473.66,2473.67,188.6446
1788239520000,2473.66,2473.66,2472.95,2473.2,57.6286
1788239580000,2473.2,2473.2,2473.08,2473.08,21.3295
1788239640000,2473.09,2473.09,2472.81,2472.82,28.5072
1788239700000,2472.82,2474.66,2472.82,2473.62,126.0076
1788239760000,2473.62,2473.62,2473.01,2473.56,28.2541
1788239820000,2473.56,2473.89,2472.45,2472.89,173.8861
1788239880000,2472.89,2473.92,2472.23,2472.49,92.3301
1788239940000,2472.49,2472.97,2472.22,2472.22,73.8789
1788240000000,2472.22,2472.23,2471.67,2471.68,48.3878
1788240060000,2471.68,2472.07,2471.33,2471.64,92.3646
1788240120000,2471.64,2471.7,2471.56,2471.56,95.8052
1788240180000,2471.57,2472.18,2471.32,2471.33,61.9237
1788240240000,2471.32,2471.32,2470.56,2470.59,74.5418
1788240300000,2470.58,2471.53,2470.58,2471.05,75.738
1788240360000,2471.05,2472.9,2471.05,2472.9,77.5824
1788240420000,2472.9,2474.21,2472.89,2473.46,80.4797
1788240480000,2473.45,2473.88,2473.01,2473.46,69.0257
1788240540000,2473.47,2475.79,2473.46,2475.53,112.2287
1788240600000,2475.53,2476.75,2475.28,2476.75,232.1974
1788240660000,2476.75,2477.72,2476.74,2477.35,86.5056
1788240720000,2477.35,2478.04,2476.23,2478.04,289.2101
1788240780000,2478.04,2478.27,2477.58,2477.64,127.7071
1788240840000,2477.65,2478.27,2477.17,2478.27,79.0821
1788240900000,2478.27,2478.73,2477.84,2478.69,103.3551
1788240960000,2478.68,2479.57,2478.68,2479.24,96.0446
1788241020000,2479.25,2480.46,2479.25,2479.7,322.265
1788241080000,2479.69,2480.35,2479,2480.34,63.6795
1788241140000,2480.34,2481.04,2479.34,2479.45,96.5191
1788241200000,2479.44,2479.45,2477.95,2478.19,85.1596
1788241260000,2478.2,2480.86,2478.2,2480.83,96.1963
1788241320000,2480.83,2482,2480.7,2481.76,116.9021
1788241380000,2481.77,2481.77,2480.79,2481.07,153.5645
1788241440000,2481.06,2482,2481.06,2481.99,96.154
1788241500000,2481.99,2482,2480.47,2480.85,43.7016
1788241560000,2480.85,2480.85,2479.55,2480.03,51.2828
1788241620000,2480.03,2480.04,2479.7,2479.97,67.5741
1788241680000,2479.98,2481.69,2479.98,2481.35,238.6134
1788241740000,2481.36,2485.01,2481.35,2484.32,1492.9233
1788241800000,2484.32,2484.33,2482.94,2482.95,102.4057
1788241860000,2482.96,2483.46,2482.18,2482.5,88.0192
1788241920000,2482.5,2484.54,2482.5,2484.53,201.2728
1788241980000,2484.54,2485.5,2482.64,2482.64,397.1445
1788242040000,2482.63,2484.31,2482.63,2484.31,121.7693
1788242100000,2484.31,2485.05,2484.13,2485.05,54.0624
1788242160000,2485.04,2485.41,2484.05,2484.07,129.9023
1788242220000,2484.07,2484.5,2484.06,2484.08,64.0961
1788242280000,2484.07,2484.27,2484.05,2484.26,169.8593
1788242340000,2484.27,2484.73,2483.32,2484.54,655.3076
1788242400000,2484.54,2484.55,2482.83,2483.31,118.9775
1788242460000,2483.31,2483.76,2482.87,2482.87,67.2228
1788242520000,2482.88,2482.88,2482.44,2482.44,28.3661
1788242580000,2482.44,2482.82,2482.44,2482.64,75.1158
1788242640000,2482.64,2483.74,2482.64,2483.73,103.8952
1788242700000,2483.73,2483.74,2482,2482.78,252.066
1788242760000,2482.78,2482.88,2482,2482,85.0921
1788242820000,2482,2482.01,2480.85,2481.34,347.1429
1788242880000,2481.35,2481.35,2480.99,2481.17,93.0159
1788242940000,2481.16,2481.17,2479.1,2479.2,153.1015
1788243000000,2479.19,2479.85,2478.83,2478.99,73.4634
1788243060000,2479,2479.85,2478.39,2479.85,183.6216
1788243120000,2479.85,2480.32,2478.93,2478.93,61.932
1788243180000,2478.94,2479.05,2478.93,2479.04,32.3183
1788243240000,2479.04,2479.86,2479.04,2479.76,61.3075
1788243300000,2479.76,2479.77,2477.01,2477.13,118.7591
1788243360000,2477.13,2477.48,2477,2477.47,60.787
1788243420000,2477.48,2478.06,2477.47,2477.65,72.4766
1788243480000,2477.65,2477.66,2475.97,2475.97,189.603
1788243540000,2475.97,2476.03,2475.38,2475.96,68.7102
1788243600000,2475.96,2476.67,2475.95,2475.99,37.7776
1788243660000,2475.99,2476.29,2475.98,2476.03,39.8152
1788243720000,2476.03,2476.03,2474.72,2474.73,124.7751
1788243780000,2474.73,2474.73,2473.38,2474,246.4283
1788243840000,2473.99,2474.67,2473.77,2473.83,169.4941
1788243900000,2473.83,2474.86,2473.77,2474.86,86.3942
1788243960000,2474.86,2475.85,2474.86,2475.44,97.353
1788244020000,2475.43,2475.43,2475,2475.42,53.6602
1788244080000,2475.42,2477.07,2475.42,2476.27,267.2761
1788244140000,2476.28,2476.31,2475.68,2475.69,74.1974
1788244200000,2475.68,2477.7,2475.68,2476.24,134.4186
1788244260000,2476.24,2477.28,2476.23,2477.1,77.8911
1788244320000,2477.11,2477.59,2477.1,2477.13,83.1433
1788244380000,2477.13,2477.77,2476.79,2477.77,102.1574
1788244440000,2477.76,2477.77,2476.71,2477.04,93.5671
1788244500000,2477.05,2477.72,2475.99,2476,187.3296
1788244560000,2476,2476,2475.35,2475.58,81.6531
1788244620000,2475.59,2475.77,2475.59,2475.76,69.948
1788244680000,2475.76,2476.79,2475.76,2476.58,87.0169
1788244740000,2476.58,2477.69,2476.57,2477.68,131.9891
1788244800000,2477.68,2477.69,2476.48,2477.16,119.415
1788244860000,2477.17,2477.8,2476.29,2476.87,73.6876
1788244920000,2476.87,2476.89,2476.48,2476.81,22.3416
1788244980000,2476.81,2476.82,2476.48,2476.48,17.159
1788245040000,2476.48,2476.71,2476.23,2476.71,130.138
1788245100000,2476.7,2476.71,2476.56,2476.57,14.622
1788245160000,2476.57,2476.57,2475.86,2475.86,155.3217
1788245220000,2475.86,2475.87,2474.25,2474.26,56.8534
1788245280000,2474.25,2474.88,2474.25,2474.88,69.5133
1788245340000,2474.87,2475.58,2474.87,2475,85.5784
1788245400000,2474.99,2476,2474.99,2476,34.1522
1788245460000,2476,2476,2474.41,2474.47,54.3398
1788245520000,2474.47,2474.55,2474,2474.55,68.6843
1788245580000,2474.55,2474.64,2474.09,2474.63,63.5737
1788245640000,2474.63,2474.64,2473,2473.69,122.7892
1788245700000,2473.69,2473.7,2473.26,2473.32,96.1981
1788245760000,2473.31,2473.32,2472.25,2472.26,69.5502
1788245820000,2472.26,2472.5,2472.23,2472.34,226.4791
1788245880000,2472.34,2472.75,2472.33,2472.33,69.2376
1788245940000,2472.34,2472.34,2471.61,2471.61,72.2411
1788246000000,2471.61,2471.65,2471.29,2471.3,129.1721
1788246060000,2471.3,2473.6,2471.3,2473.41,162.5625
1788246120000,2473.4,2474.66,2473.4,2473.74,96.6466
1788246180000,2473.73,2473.73,2472.09,2473.05,45.0137
1788246240000,2473.06,2474.21,2473.05,2473.72,76.2707
1788246300000,2473.71,2473.71,2473.15,2473.28,47.1952
1788246360000,2473.28,2473.28,2472.01,2472.01,53.5678
1788246420000,2472.01,2475.27,2472,2474.38,319.6665
1788246480000,2474.38,2474.92,2474.2,2474.46,70.2123
1788246540000,2474.43,2474.44,2474,2474,61.0417
1788246600000,2474.01,2474.44,2473.05,2473.05,82.1384
1788246660000,2473.05,2473.16,2472.79,2472.98,75.0979
1788246720000,2472.99,2473.52,2472.98,2472.99,38.9938
1788246780000,2472.98,2473.51,2472.79,2473.51,41.8142
1788246840000,2473.51,2473.97,2473.5,2473.97,114.9959
1788246900000,2473.97,2474.85,2473.97,2474.59,115.0681
1788246960000,2474.58,2476.19,2474.58,2475.35,60.6543
1788247020000,2475.35,2475.35,2475.15,2475.15,28.6413
1788247080000,2475.15,2475.15,2473.73,2473.75,219.0597
1788247140000,2473.75,2475.11,2473.74,2475.11,120.4707
1788247200000,2475.1,2475.27,2474.17,2474.8,83.8085
1788247260000,2474.8,2475.15,2473.96,2475.15,74.5994
1788247320000,2475.15,2476.17,2475.14,2475.6,39.3109
1788247380000,2475.6,2476.26,2475.24,2476.26,86.7958
1788247440000,2476.26,2476.26,2475.51,2475.51,28.9408
1788247500000,2475.51,2476.7,2474.92,2476.7,107.5069
1788247560000,2476.69,2477.22,2476.26,2477.22,91.0412
1788247620000,2477.22,2477.22,2473.82,2473.83,178.0054
1788247680000,2473.82,2474.42,2473.14,2474.42,94.8925
1788247740000,2474.42,2475.5,2474.42,2475.13,56.2009
1788247800000,2475.13,2475.42,2474.3,2474.3,27.0721
1788247860000,2474.3,2475.4,2474.3,2474.65,62.4424
1788247920000,2474.64,2475.22,2474.64,2474.77,82.5917
1788247980000,2474.76,2475.17,2474.64,2474.65,122.2038
1788248040000,2474.64,2475.87,2474.64,2475.71,92.2514
1788248100000,2475.7,2476.02,2475.31,2475.31,71.1468
1788248160000,2475.31,2475.37,2472.88,2472.88,49.3816
1788248220000,2472.88,2472.89,2469.55,2469.82,282.2152
1788248280000,2469.81,2470.5,2468.79,2469.56,305.171
1788248340000,2469.55,2469.56,2466.57,2468.73,547.1192
1788248400000,2468.71,2468.98,2467.64,2467.65,70.5219
1788248460000,2467.64,2467.65,2467.09,2467.28,112.79
1788248520000,2467.27,2470.43,2467.27,2470.14,175.2624
1788248580000,2470.13,2470.78,2469.42,2470.07,89.8443
1788248640000,2470.07,2470.6,2469.51,2470.6,139.8495
1788248700000,2470.59,2470.6,2469.7,2469.7,81.5567
1788248760000,2469.7,2470.14,2468.74,2469.56,90.8865
1788248820000,2469.55,2469.99,2469.19,2469.98,64.7878
1788248880000,2469.98,2470.91,2469.76,2470.91,49.4764
1788248940000,2470.9,2472.64,2470.9,2472.46,93.2208
1788249000000,2472.46,2473.93,2472.46,2472.87,84.5232
1788249060000,2472.87,2473.22,2472.29,2472.3,59.6253
1788249120000,2472.3,2472.89,2471.26,2471.27,49.1186
1788249180000,2471.26,2472.2,2471.26,2472.17,60.789
1788249240000,2472.17,2473.01,2471.88,2472.59,416.4619
1788249300000,2472.58,2473.44,2472.58,2473.05,89.4514
1788249360000,2473.05,2473.06,2472.44,2472.84,49.4992
1788249420000,2472.84,2472.85,2471.68,2472.08,108.5585
1788249480000,2472.08,2472.09,2471.28,2471.92,78.7464
1788249540000,2471.91,2472.72,2471.91,2472.72,28.1181
1788249600000,2472.72,2473.42,2472.51,2473.03,155.579
1788249660000,2473.04,2473.13,2472.49,2472.49,142.2406
1788249720000,2472.49,2473.16,2471.72,2472.83,156.7374
1788249780000,2472.84,2472.84,2470.13,2470.58,146.4379
1788249840000,2470.58,2471.73,2470.14,2471.72,54.8789
1788249900000,2471.72,2473.62,2469.5,2469.51,113.011
1788249960000,2469.5,2469.5,2464.59,2465.62,399.4476
1788250020000,2465.63,2465.98,2463.66,2464.91,334.3757
1788250080000,2464.91,2465.3,2461.43,2463.16,426.2982
1788250140000,2463.16,2465.28,2461.43,2462.28,433.6811
1788250200000,2462.29,2464.37,2462.05,2463.78,492.9445
1788250260000,2463.78,2464.31,2462.24,2464.31,119.8864
1788250320000,2464.3,2465.16,2464.08,2465.15,100.1426
1788250380000,2465.15,2466.03,2463.6,2463.6,85.005
1788250440000,2463.6,2464.19,2463.12,2464.15,202.292
1788250500000,2464.15,2464.9,2463.85,2464.9,102.2708
1788250560000,2464.9,2464.99,2464.22,2464.22,91.7804
1788250620000,2464.21,2464.21,2461.43,2461.44,99.0838
1788250680000,2461.43,2461.43,2456.96,2458.84,725.5983
1788250740000,2458.83,2462.01,2457.61,2461.86,341.9802
1788250800000,2461.86,2464.16,2461.69,2463.98,121.5461
1788250860000,2463.97,2463.97,2460.35,2461.33,142.6612
1788250920000,2461.33,2462.58,2461.32,2461.34,61.6814
1788250980000,2461.33,2462.1,2460,2460,328.9671
1788251040000,2460,2460.5,2458.23,2458.34,323.4827
1788251100000,2458.34,2459.62,2455.88,2456.26,663.0431
1788251160000,2456.26,2456.9,2452.79,2454.02,1075.2354
1788251220000,2454.02,2455.68,2452.98,2454.46,334.5744
1788251280000,2454.45,2454.45,2450,2450.27,927.0952
1788251340000,2450.27,2450.53,2447.83,2448.11,768.393
1788251400000,2448.1,2450.89,2447.76,2450.06,883.4088
1788251460000,2450.05,2450.52,2447.34,2447.34,316.7478
1788251520000,2447.34,2449.07,2444.92,2445.75,856.7995
1788251580000,2445.74,2448.36,2445.18,2448.28,265.3908
1788251640000,2448.28,2452.02,2448.15,2451.68,278.8401
1788251700000,2451.68,2453.04,2450.9,2452.5,270.3369
1788251760000,2452.49,2454.5,2452.07,2453.43,298.3896
1788251820000,2453.43,2455.67,2452.18,2452.64,361.6605
1788251880000,2452.64,2452.74,2451.48,2452.74,207.8937
1788251940000,2452.73,2453.14,2451.97,2452.14,179.4787
1788252000000,2452.14,2452.25,2450.45,2450.53,284.1869
1788252060000,2450.53,2450.65,2447,2448,569.6666
1788252120000,2448,2450.25,2446.9,2450,1051.8194
1788252180000,2450.01,2450.09,2448.66,2449.93,213.7873
1788252240000,2449.93,2451.84,2449.4,2451.65,209.5916
1788252300000,2451.65,2453.04,2450.9,2453.04,336.652
1788252360000,2453.04,2453.73,2452.53,2452.76,382.0063
1788252420000,2452.76,2454.36,2452.49,2454.36,480.8815
1788252480000,2454.36,2454.36,2451.2,2452.01,413.8559
1788252540000,2452.01,2452.01,2448.94,2451.19,333.3741
1788252600000,2451.19,2451.2,2448.23,2448.79,353.5274
1788252660000,2448.8,2448.9,2447.2,2447.29,299.0633
1788252720000,2447.29,2448.5,2446.2,2447.38,839.6924
1788252780000,2447.37,2451.43,2447.37,2449.7,403.5402
1788252840000,2449.7,2451.59,2449.69,2450.19,189.4314
1788252900000,2450.19,2451.5,2449.99,2450.6,175.2966
1788252960000,2450.6,2450.63,2449.99,2450.17,193.5159
1788253020000,2450.17,2450.18,2450.16,2450.16,157.1157
1788253080000,2450.16,2450.17,2449.47,2449.47,610.8305
1788253140000,2449.47,2449.48,2447.81,2448.17,190.893
1788253200000,2448.18,2450.09,2447.89,2447.89,167.5088
1788253260000,2447.89,2448.01,2445.42,2445.43,174.2698
1788253320000,2445.43,2447.29,2444.61,2447.22,221.3246
1788253380000,2447.21,2447.22,2444.76,2445.86,94.1609
1788253440000,2445.86,2448.44,2444.76,2448.43,107.1399
1788253500000,2448.44,2448.82,2443.46,2445.28,247.7017
1788253560000,2445.27,2445.28,2443.44,2444.71,104.1488
1788253620000,2444.71,2447.16,2444.51,2447.15,143.2257
1788253680000,2447.15,2447.49,2446.16,2446.69,82.7206
1788253740000,2446.68,2446.68,2445.74,2445.76,70.8479
1788253800000,2445.8,2447.58,2445.8,2446.22,96.5689
1788253860000,2446.22,2446.22,2444.53,2445.78,74.9929
1788253920000,2445.77,2446.59,2445.32,2446.15,104.1576
1788253980000,2446.15,2446.26,2445.55,2446.26,68.5248
1788254040000,2446.26,2446.47,2444.7,2444.73,222.9655
1788254100000,2444.72,2445.94,2444.25,2444.32,124.1822
1788254160000,2444.33,2445.28,2444.29,2445.17,205.7689
1788254220000,2445.16,2446.82,2445,2445.54,585.7371
1788254280000,2445.53,2445.53,2444.73,2444.83,115.2809
1788254340000,2444.82,2445.4,2444.4,2445.09,197.7213
1788254400000,2445.09,2445.52,2445.09,2445.12,71.6291
1788254460000,2445.12,2448.49,2445.11,2448.04,173.6961
1788254520000,2448.04,2449.48,2448.04,2449.48,80.443
1788254580000,2449.47,2450.28,2449.27,2450.23,108.9179
1788254640000,2450.23,2450.64,2450.07,2450.64,89.2898
1788254700000,2450.64,2451.02,2449.27,2450.74,176.6638
1788254760000,2450.75,2453.1,2450.74,2453.09,481.9664
1788254820000,2453.09,2453.3,2451.59,2451.59,243.8927
1788254880000,2451.58,2453.21,2451.58,2452.39,156.8955
1788254940000,2452.39,2452.85,2451.24,2451.34,99.2576
1788255000000,2451.34,2452.56,2450.57,2450.58,345.0721
1788255060000,2450.58,2451.61,2450.22,2451.61,73.2035
1788255120000,2451.61,2451.99,2451.03,2451.87,112.7903
1788255180000,2451.87,2451.97,2450.79,2450.79,64.5914
1788255240000,2450.79,2452.56,2450.33,2452.55,96.8658
1788255300000,2452.56,2452.56,2450.16,2450.16,71.1811
1788255360000,2450.16,2450.16,2449.15,2449.85,117.189
1788255420000,2449.85,2451.16,2449.59,2450.93,75.517
1788255480000,2450.94,2452.1,2450.6,2451.88,144.2559
1788255540000,2451.89,2451.89,2450.36,2450.76,110.248
1788255600000,2450.76,2451.93,2450.54,2451.8,69.3015
1788255660000,2451.8,2453.13,2451.46,2452.81,82.8662
1788255720000,2452.81,2453.97,2452.66,2453.9,194.2025
1788255780000,2453.91,2455,2453.79,2454.91,121.4238
1788255840000,2454.92,2455,2454.19,2454.65,193.8498
1788255900000,2454.7,2454.92,2452.41,2452.81,284.6098
1788255960000,2452.81,2453.39,2452.07,2452.07,105.474
1788256020000,2452.08,2452.68,2452.08,2452.67,19.205
1788256080000,2452.68,2453.36,2452.22,2452.5,67.4913
1788256140000,2452.5,2453.2,2452,2452.35,54.2932
1788256200000,2452.35,2453.15,2452.29,2452.98,46.2967
1788256260000,2452.93,2453.74,2452.92,2453.52,40.6634
1788256320000,2453.52,2454.17,2452.58,2452.58,88.8065
1788256380000,2452.58,2452.69,2451.83,2452.31,94.7608
1788256440000,2452.32,2452.69,2452.32,2452.35,28.7732
1788256500000,2452.35,2453.4,2452.35,2453.26,120.2355
1788256560000,2453.27,2453.27,2451.74,2452.38,70.8587
1788256620000,2452.38,2453.64,2452.21,2453.64,243.726
1788256680000,2453.63,2453.8,2453.21,2453.21,118.6544
1788256740000,2453.21,2453.35,2452.44,2452.44,133.7985
1788256800000,2452.44,2453.28,2452.06,2453.27,109.3154
1788256860000,2453.27,2454.11,2453.17,2454.11,132.722
1788256920000,2454.11,2454.75,2453.93,2454.47,103.2949
1788256980000,2454.48,2454.48,2453,2453,229.072
1788257040000,2453.01,2453.01,2452.03,2452.03,124.6845
1788257100000,2452.03,2452.99,2451.35,2452.98,81.3963
1788257160000,2452.98,2453.28,2451.7,2451.7,118.6856
1788257220000,2451.71,2453.25,2451.51,2451.52,124.4064
1788257280000,2451.51,2452.9,2451.51,2451.85,174.5734
1788257340000,2451.85,2452.01,2451.27,2451.28,68.6972
1788257400000,2451.28,2451.28,2449.3,2450.35,139.2756
1788257460000,2450.35,2452.31,2450.35,2451.66,90.8773
1788257520000,2451.65,2454.74,2451.43,2454.74,142.5346
1788257580000,2454.74,2455.11,2451.5,2451.5,206.7922
1788257640000,2451.5,2452.68,2451.49,2452.32,405.8645
1788257700000,2452.33,2453.44,2452.33,2453.31,413.4319
1788257760000,2453.31,2453.31,2452.08,2453.02,398.8279
1788257820000,2453.02,2453.13,2450.22,2450.23,421.5406
1788257880000,2450.24,2450.33,2448.35,2449.49,500.5485
1788257940000,2449.49,2453.33,2449.11,2453.33,554.5109
1788258000000,2453.32,2454.02,2453.32,2454.02,321.8712
1788258060000,2454.02,2455.91,2454.01,2455.6,189.8233
1788258120000,2455.6,2455.79,2454.6,2455.78,157.7319
1788258180000,2455.79,2457.56,2455.65,2456.37,366.9155
1788258240000,2456.38,2457.71,2456.38,2457.7,93.0272
1788258300000,2457.71,2459.48,2456.79,2457.46,430.0311
1788258360000,2457.46,2457.82,2457.09,2457.36,91.7707
1788258420000,2457.36,2457.48,2456.05,2456.05,59.1365
1788258480000,2456.05,2456.5,2455.9,2456.4,78.6619
1788258540000,2456.41,2458.02,2456.19,2458.02,54.8865
1788258600000,2458.01,2460.1,2458.01,2460.1,150.5359
1788258660000,2460.1,2460.57,2458.69,2460.57,126.9737
1788258720000,2460.56,2463.35,2460.56,2461.26,227.9349
1788258780000,2461.27,2461.3,2459.75,2459.75,53.7243
1788258840000,2459.76,2461.05,2459.76,2461,142.0031
1788258900000,2461.01,2461.55,2459.6,2460.04,84.7836
1788258960000,2460.05,2461.27,2459.73,2460.08,122.2539
1788259020000,2460.07,2461.63,2460.07,2461.55,36.5384
1788259080000,2461.55,2462.63,2460.85,2462.43,178.7973
1788259140000,2462.43,2463.37,2462.08,2463.37,105.6292
1788259200000,2463.36,2463.46,2462.49,2463.46,124.3313
1788259260000,2463.45,2463.55,2463.25,2463.26,47.1791
1788259320000,2463.26,2463.26,2462.58,2462.61,35.1969
1788259380000,2462.6,2462.6,2461.17,2461.49,153.4853
1788259440000,2461.5,2461.53,2460.49,2460.49,59.0053
1788259500000,2460.5,2461.87,2460.49,2461.8,97.2446
1788259560000,2461.81,2462.27,2461.8,2462.27,78.649
1788259620000,2462.26,2462.61,2460.97,2461.91,137.6677
1788259680000,2461.91,2461.91,2460.3,2460.76,134.4601
1788259740000,2460.76,2460.82,2459.31,2459.47,98.9317
1788259800000,2459.47,2459.76,2458.59,2459.38,111.6303
1788259860000,2459.39,2459.84,2458.01,2458.12,212.2124
1788259920000,2458.11,2458.12,2456.83,2456.97,348.3879
1788259980000,2456.97,2457.09,2456.37,2456.47,131.875
1788260040000,2456.47,2456.59,2456.02,2456.58,75.8564
1788260100000,2456.59,2456.59,2456.1,2456.17,29.5408
1788260160000,2456.18,2457.2,2456.17,2456.51,94.8234
1788260220000,2456.51,2457.52,2456.51,2457.51,30.4907
1788260280000,2457.51,2457.52,2456.68,2457.01,61.2727
1788260340000,2457.01,2457.22,2456.96,2456.97,38.7293
1788260400000,2456.97,2456.97,2453.16,2455.01,562.275
1788260460000,2455.01,2455.01,2453.76,2454.67,200.51
1788260520000,2454.66,2456.15,2454.34,2455.75,61.2542
1788260580000,2455.75,2456.6,2455.75,2456.22,79.693
1788260640000,2456.22,2456.78,2456.22,2456.42,65.9109
1788260700000,2456.42,2457.05,2454.3,2454.81,163.2745
1788260760000,2454.82,2456.84,2454.7,2455.91,67.851
1788260820000,2455.91,2455.91,2454.22,2454.87,85.6252
1788260880000,2454.88,2455.11,2453.67,2454.13,205.6525
1788260940000,2454.14,2454.75,2453.97,2454.75,83.6087
1788261000000,2454.75,2455.07,2454.34,2454.35,80.67
1788261060000,2454.35,2454.43,2454.21,2454.23,78.3299
1788261120000,2454.22,2455.42,2454.22,2455.17,37.9687
1788261180000,2455.16,2455.16,2454.41,2454.95,64.6074
1788261240000,2454.96,2454.96,2454.61,2454.73,68.9956
1788261300000,2454.74,2455.85,2454.74,2455.39,110.1461
1788261360000,2455.39,2455.8,2454.83,2455.8,46.5434
1788261420000,2455.8,2456.21,2455.34,2455.34,63.7696
1788261480000,2455.35,2456.19,2455.34,2456.19,18.8327
1788261540000,2456.18,2456.19,2455.74,2455.75,49.1905
1788261600000,2455.75,2456.08,2455.4,2455.41,43.3436
1788261660000,2455.4,2456.13,2454.16,2454.41,102.879
1788261720000,2454.42,2455.01,2452.77,2454.7,222.1249
1788261780000,2454.7,2456.09,2454.69,2456.09,23.3969
1788261840000,2456.09,2456.55,2454.99,2456.21,61.6597
1788261900000,2456.21,2456.43,2455.45,2455.63,64.4917
1788261960000,2455.62,2455.75,2455.23,2455.58,44.6316
1788262020000,2455.57,2455.57,2454.66,2455.32,44.1621
1788262080000,2455.32,2457.02,2455.32,2456.71,50.711
1788262140000,2456.7,2456.71,2456.37,2456.43,22.6346
1788262200000,2456.44,2456.44,2454.61,2455.93,78.6536
1788262260000,2455.92,2457.94,2455.81,2457.94,144.4368
1788262320000,2457.94,2458.55,2457.83,2458.18,68.9476
1788262380000,2458.18,2459.91,2458.18,2459.25,103.5861
1788262440000,2459.24,2459.39,2458.66,2459.39,47.5902
1788262500000,2459.4,2460.75,2459.4,2460.38,66.7715
1788262560000,2460.38,2461.98,2460.37,2461.98,83.5957
1788262620000,2461.97,2462.32,2460.46,2460.65,96.4449
1788262680000,2460.66,2461.98,2460.37,2460.58,84.2157
1788262740000,2460.58,2463.09,2460.58,2462.75,157.2582
1788262800000,2462.75,2463.56,2462.56,2462.93,69.1967
1788262860000,2462.93,2463.44,2462.51,2462.52,82.949
1788262920000,2462.52,2463,2460.79,2460.84,128.4806
1788262980000,2460.84,2461.79,2460.8,2461.48,68.2325
1788263040000,2461.48,2461.48,2459.96,2460.23,193.8831
1788263100000,2460.23,2462.01,2460.11,2461.46,134.1735
1788263160000,2461.44,2462.16,2461.23,2461.23,83.6495
1788263220000,2461.23,2461.23,2459.96,2460.41,107.0262
1788263280000,2460.4,2460.79,2459.89,2460.68,137.2382
1788263340000,2460.67,2460.68,2459.57,2459.57,77.1181
1788263400000,2459.58,2462.4,2459.57,2462.29,193.0823
1788263460000,2462.29,2463.19,2462.29,2463.08,89.5648
1788263520000,2463.08,2463.7,2463.04,2463.22,117.2046
1788263580000,2463.23,2463.64,2463.22,2463.41,89.2225
1788263640000,2463.41,2464.73,2462.19,2462.27,480.5494
1788263700000,2462.27,2462.46,2460.56,2460.82,198.6169
1788263760000,2460.83,2460.83,2458.14,2458.68,86.4811
1788263820000,2458.68,2459.28,2458.49,2459.27,109.7227
1788263880000,2459.27,2459.28,2458.4,2458.68,65.0401
1788263940000,2458.68,2459.31,2458.68,2459.18,66.6748
1788264000000,2459.18,2459.32,2456.27,2456.75,185.6267
1788264060000,2456.75,2456.94,2454.23,2454.33,251.4991
1788264120000,2454.33,2457.04,2453.39,2456.78,327.5795
1788264180000,2456.78,2457.04,2456.23,2456.52,55.5913
1788264240000,2456.51,2456.91,2456.51,2456.55,45.2572
1788264300000,2456.56,2456.56,2455.68,2456.03,87.3857
1788264360000,2456.03,2457.29,2455.16,2457.24,146.0315
1788264420000,2457.24,2457.94,2456.94,2457.67,102.516
1788264480000,2457.67,2458.29,2457.67,2457.91,105.94
1788264540000,2457.93,2459.09,2456.18,2456.37,256.9791
1788264600000,2456.38,2457.72,2456.37,2457.41,52.3894
1788264660000,2457.41,2457.76,2456.61,2457.08,78.2519
1788264720000,2457.08,2457.08,2454.79,2454.79,167.7075
1788264780000,2454.79,2455.09,2454.33,2454.84,114.2971
1788264840000,2454.84,2455.62,2454.83,2455.61,99.2961
1788264900000,2455.62,2457.1,2455.62,2457.1,112.6425
1788264960000,2457.09,2458.58,2457.09,2458.51,178.363
1788265020000,2458.5,2458.5,2457.24,2457.55,90.363
1788265080000,2457.56,2457.56,2455.4,2455.41,175.635
1788265140000,2455.41,2455.41,2453.43,2453.83,145.801
1788265200000,2453.83,2454.59,2452.2,2454.44,267.7882
1788265260000,2454.44,2454.87,2453.72,2454.87,101.9885
1788265320000,2454.88,2456.21,2453.52,2455.65,118.3602
1788265380000,2455.65,2455.65,2453.92,2455.24,68.2306
1788265440000,2455.24,2455.24,2454.02,2454.08,36.2644
1788265500000,2454.08,2455.73,2454.08,2455.23,71.323
1788265560000,2455.23,2456.72,2455.23,2456.55,37.5084
1788265620000,2456.56,2457.04,2456.41,2457.03,47.2032
1788265680000,2457.04,2457.04,2455.88,2456.43,99.3526
1788265740000,2456.44,2456.44,2455.29,2455.3,47.6291
1788265800000,2455.29,2455.3,2454.03,2454.04,42.6283
1788265860000,2454.03,2454.03,2450.58,2450.58,337.7869
1788265920000,2450.58,2451.67,2448.96,2451.61,342.8744
1788265980000,2451.61,2452.03,2450.11,2450.38,101.3136
1788266040000,2450.37,2450.37,2449,2449,135.0404
1788266100000,2449,2449,2446.71,2448.19,337.5375
1788266160000,2448.19,2448.37,2442.44,2442.69,982.0394
1788266220000,2442.7,2445.22,2442.7,2443.16,435.2002
1788266280000,2443.16,2445.05,2441.5,2445.05,732.6917
1788266340000,2445.04,2447.18,2442.97,2444.06,514.4306
1788266400000,2444.07,2444.19,2438.43,2439.9,1378.9348
1788266460000,2439.89,2444.18,2438.73,2444.18,344.8384
1788266520000,2444.18,2445.73,2443.87,2445.02,302.8256
1788266580000,2445.03,2446.69,2444.45,2446.69,123.414
1788266640000,2446.69,2447.14,2445.5,2446.22,109.9066
1788266700000,2446.22,2446.22,2444.42,2445.04,121.8094
1788266760000,2445.04,2446.4,2445.04,2446.4,131.1833
1788266820000,2446.4,2448.5,2446.39,2448.18,144.2554
1788266880000,2448.18,2449.48,2447.76,2447.85,285.3088
1788266940000,2447.85,2447.85,2445.78,2445.78,148.21
1788267000000,2445.77,2446.92,2445.4,2446.6,110.7121
1788267060000,2446.6,2447.95,2445.51,2446.76,248.7817
1788267120000,2446.76,2447.51,2445.73,2447.51,71.8038
1788267180000,2447.5,2448,2446.56,2446.56,91.3795
1788267240000,2446.56,2447.09,2446.06,2447.09,191.263
1788267300000,2447.09,2448.01,2446.7,2447.62,125.3389
1788267360000,2447.62,2447.96,2446.43,2447.7,297.7591
1788267420000,2447.7,2447.7,2446.46,2447.2,78.1419
1788267480000,2447.2,2447.21,2446.37,2446.52,98.3154
1788267540000,2446.51,2446.85,2446,2446.61,65.4597
1788267600000,2446.62,2447.3,2446.16,2446.31,169.7993
1788267660000,2446.31,2446.32,2442.39,2443.03,271.493
1788267720000,2443.04,2444.78,2441.23,2441.32,211.5381
1788267780000,2441.31,2442.5,2440.05,2440.83,692.4333
1788267840000,2440.83,2442.42,2439.05,2441.12,601.1242
1788267900000,2441.13,2443.15,2439.53,2442.68,254.9979
1788267960000,2442.68,2442.8,2426.58,2434.2,3202.3396
1788268020000,2434.26,2437.37,2433.11,2436.72,788.3941
1788268080000,2436.72,2440.91,2435.4,2440.79,751.6492
1788268140000,2440.79,2441.32,2437.04,2437.66,381.151
1788268200000,2437.65,2442.49,2437.44,2442.11,360.1172
1788268260000,2442.12,2443.49,2440.6,2442.14,254.2792
1788268320000,2442.14,2443.43,2441.22,2441.95,176.3774
1788268380000,2441.95,2441.97,2440.52,2440.69,125.7542
1788268440000,2440.69,2441.64,2440,2441.51,154.3122
1788268500000,2441.51,2442.04,2440.54,2441.44,307.769
1788268560000,2441.44,2441.74,2440.31,2441.74,184.0701
1788268620000,2441.73,2444.51,2441.43,2443.33,269.1764
1788268680000,2443.33,2443.33,2440.44,2441.57,360.3798
1788268740000,2441.57,2441.62,2438.78,2440.69,276.3667
1788268800000,2440.72,2441.2,2439.9,2440.86,152.8889
1788268860000,2440.85,2441.14,2439.32,2441.13,126.2762
1788268920000,2441.14,2441.29,2440.48,2440.87,112.3198
1788268980000,2440.87,2441.11,2439.83,2441,209.9362
1788269040000,2440.99,2440.99,2439.36,2440.38,237.9154
1788269100000,2440.37,2443.02,2439.57,2442.64,165.8703
1788269160000,2442.64,2443.64,2442,2443.64,164.1836
1788269220000,2443.64,2444.02,2440.47,2440.89,93.0716
1788269280000,2440.89,2443.71,2440.89,2443.71,161.3077
1788269340000,2443.71,2445,2443.71,2444.31,190.9543
1788269400000,2444.31,2447.48,2443.8,2446.94,318.4412
1788269460000,2446.95,2450,2445.16,2445.97,577.5778
1788269520000,2445.97,2447.75,2445.37,2445.88,238.6901
1788269580000,2445.88,2446.09,2443.29,2444,226.4399
1788269640000,2444.01,2444.72,2442.64,2443.51,178.318
1788269700000,2443.5,2444.82,2442.08,2442.87,234.1403
1788269760000,2442.87,2442.87,2437.15,2438.59,489.7031
1788269820000,2438.58,2439.1,2437.52,2437.74,208.8667
1788269880000,2437.75,2437.97,2434.08,2435.37,420.9112
1788269940000,2435.37,2437.2,2434.28,2436.95,196.7476
1788270000000,2436.95,2437.56,2434.82,2434.83,259.7576
1788270060000,2434.82,2434.82,2431.5,2433.71,764.7409
1788270120000,2433.72,2437.58,2432.52,2436.81,307.1951
1788270180000,2436.81,2443.97,2436.31,2442.47,920.4568
1788270240000,2442.48,2443.43,2438.72,2442.63,287.9292
1788270300000,2442.63,2443.99,2441.52,2442.62,190.3305
1788270360000,2442.62,2443.68,2440.47,2440.64,199.2005
1788270420000,2440.65,2446.95,2440.65,2445.96,424.3481
1788270480000,2445.97,2449.5,2443.93,2443.93,447.6442
1788270540000,2443.93,2446.1,2442.5,2445.01,296.5474
1788270600000,2445,2448.33,2444.64,2447.95,199.1133
1788270660000,2447.94,2448.16,2445.54,2446.44,341.1682
1788270720000,2446.44,2446.45,2442.3,2443.04,604.4933
1788270780000,2443.04,2444.6,2441.56,2442.29,331.1085
1788270840000,2442.3,2443.14,2441.14,2442.9,134.2458
1788270900000,2442.9,2443.37,2441.66,2441.98,133.1616
1788270960000,2441.98,2443.1,2441.66,2443.09,71.4426
1788271020000,2443.09,2443.1,2441.03,2441.14,137.8197
1788271080000,2441.14,2441.35,2440.79,2441.25,87.2284
1788271140000,2441.24,2444.42,2440.19,2444.41,333.2588
1788271200000,2444.42,2446.89,2442.05,2446.88,366.9413
1788271260000,2446.88,2452.23,2446.86,2450.18,921.9104
1788271320000,2450.18,2451.29,2445.73,2446.93,612.9338
1788271380000,2446.93,2449.17,2446.93,2448.54,372.2825
1788271440000,2448.53,2448.54,2445.56,2448.53,352.7432
1788271500000,2448.54,2450.18,2447.98,2448.91,381.2225
1788271560000,2448.92,2450.83,2448.8,2450.41,357.4609
1788271620000,2450.42,2453.68,2450.41,2453.68,578.6122
1788271680000,2453.67,2453.68,2450.59,2451.78,321.6234
1788271740000,2451.79,2456.65,2451.79,2453.37,1169.5719
1788271800000,2453.37,2455.19,2452.1,2452.85,495.3916
1788271860000,2452.84,2455.34,2452.13,2452.25,527.7328
1788271920000,2452.25,2452.59,2450.92,2450.93,227.3911
1788271980000,2450.93,2452.14,2450.6,2452.13,326.4182
1788272040000,2452.12,2452.13,2450.42,2451.36,290.826
1788272100000,2451.35,2454.79,2451,2454.49,322.4536
1788272160000,2454.49,2454.56,2453,2454.2,199.0688
1788272220000,2454.2,2454.23,2450.95,2450.95,159.903
1788272280000,2450.95,2450.96,2447.29,2447.58,352.1366
1788272340000,2447.57,2448.72,2446.72,2447.85,315.6228
1788272400000,2447.85,2448.98,2447.7,2448.73,139.2079
1788272460000,2448.73,2449.97,2448.43,2448.93,131.2724
1788272520000,2448.94,2450.53,2448,2448.09,184.2302
1788272580000,2448.09,2448.36,2446.68,2448.36,176.8726
1788272640000,2448.35,2449.92,2448.35,2449.92,154.2847
1788272700000,2449.93,2455,2449.93,2453.1,369.7271
1788272760000,2453.09,2454.12,2451.99,2454,359.8804
1788272820000,2453.99,2454.09,2451.44,2453.66,309.8468
1788272880000,2453.66,2453.85,2450.95,2452.1,188.1581
1788272940000,2452.1,2452.1,2451.37,2451.37,73.0391
1788273000000,2451.36,2454.35,2451.04,2453.95,151.5057
1788273060000,2453.95,2454.25,2451.8,2451.8,154.8198
1788273120000,2451.8,2453.3,2451.22,2453.3,83.2105
1788273180000,2453.32,2453.32,2450.19,2452.32,208.1017
1788273240000,2452.33,2454.74,2452.33,2454.27,176.1795
1788273300000,2454.28,2455.83,2453.83,2453.83,347.0457
1788273360000,2453.83,2455.66,2453.63,2454.1,123.3326
1788273420000,2454.1,2454.65,2453.01,2453.36,120.6717
1788273480000,2453.36,2454.69,2453.33,2453.33,193.4347
1788273540000,2453.34,2454.61,2453.34,2453.57,153.7598
1788273600000,2453.56,2453.6,2452.28,2453.6,234.2198
1788273660000,2453.61,2454.12,2451.87,2451.87,357.6244
1788273720000,2451.87,2452.5,2451.5,2452.34,74.7806
1788273780000,2452.33,2452.72,2451.97,2452.46,56.7558
1788273840000,2452.46,2455,2451.72,2455,126.0691
1788273900000,2455,2455.71,2454.26,2454.43,144.2138
1788273960000,2454.43,2455.7,2454.03,2455.69,80.3663
1788274020000,2455.69,2457.64,2455.03,2456.41,271.8788
1788274080000,2456.41,2457.64,2455.53,2455.53,247.627
1788274140000,2455.53,2455.66,2453.86,2453.86,188.0846
1788274200000,2453.86,2454.44,2453.32,2453.86,162.8783
1788274260000,2453.85,2454.66,2452.68,2452.69,157.8987
1788274320000,2452.69,2452.69,2450.73,2451.05,207.1388
1788274380000,2451.05,2454.28,2451.05,2453.44,146.8266
1788274440000,2453.44,2453.45,2451.93,2452.1,125.1072
1788274500000,2452.11,2452.11,2447.44,2449.59,551.031
1788274560000,2449.58,2450.21,2448.38,2449.46,212.7448
1788274620000,2449.46,2450.16,2448,2449.9,158.3369
1788274680000,2449.9,2450.12,2449.22,2449.31,53.7345
1788274740000,2449.31,2449.32,2447.55,2449.29,102.2427
1788274800000,2449.3,2449.58,2443.11,2443.49,503.6219
1788274860000,2443.49,2444.12,2442.6,2443,451.6641
1788274920000,2443,2444.16,2439.19,2440.89,574.0287
1788274980000,2440.88,2441.53,2438.78,2438.78,269.2747
1788275040000,2438.78,2440.02,2438.09,2439.96,326.4003
1788275100000,2439.95,2441.29,2438.97,2439.32,353.2915
1788275160000,2439.32,2440.31,2438.25,2438.92,238.1723
1788275220000,2438.93,2440.63,2438.08,2438.24,364.1995
1788275280000,2438.25,2438.25,2435,2436.57,532.6809
1788275340000,2436.57,2437.24,2435.99,2436,358.1426
1788275400000,2436,2436.21,2435.64,2436.21,321.1911
1788275460000,2436.24,2439.4,2436.24,2436.63,240.3385
1788275520000,2436.64,2438.37,2435.5,2437.68,240.5174
1788275580000,2437.67,2438.78,2437.67,2438.25,87.1736
1788275640000,2438.25,2438.8,2438,2438.01,143.776
1788275700000,2438.01,2439.68,2436.9,2436.9,181.911
1788275760000,2436.91,2438.01,2435.84,2436.75,154.3995
1788275820000,2436.76,2437.26,2435.5,2435.92,142.8079
1788275880000,2435.91,2438.3,2435.91,2437.82,110.0071
1788275940000,2437.83,2439.75,2437.83,2438.05,150.916
1788276000000,2438.04,2440.03,2437.83,2439.09,200.6745
1788276060000,2439.1,2440.07,2438.38,2440.07,229.8126
1788276120000,2440.08,2440.74,2439.31,2439.72,157.3381
1788276180000,2439.71,2440.08,2439.01,2439.01,84.5602
1788276240000,2439.01,2440.64,2439.01,2440.64,138.969
1788276300000,2440.64,2441.24,2439.28,2439.28,148.0285
1788276360000,2439.28,2440.23,2439.28,2439.61,94.3564
1788276420000,2439.6,2440.72,2439.6,2439.92,105.7606
1788276480000,2439.91,2441.99,2439.91,2441.99,207.6936
1788276540000,2442,2443.43,2442,2443.43,174.3442
1788276600000,2443.43,2443.7,2441.44,2441.74,237.9217
1788276660000,2441.73,2442.16,2441.45,2441.61,65.9679
1788276720000,2441.6,2444,2441.6,2443.54,139.2114
1788276780000,2443.54,2446.25,2443.54,2445.57,205.3236
1788276840000,2445.57,2446.26,2444.65,2445.86,140.6812
1788276900000,2445.86,2446.52,2444.62,2446.52,170.251
1788276960000,2446.52,2447.25,2444.83,2445.65,134.8917
1788277020000,2445.64,2445.93,2445.36,2445.37,77.7023
1788277080000,2445.37,2446.39,2445.37,2445.82,155.2473
1788277140000,2445.82,2446.12,2444.78,2444.78,84.3691
1788277200000,2444.79,2445.15,2444.78,2445.14,28.1985
1788277260000,2445.15,2446.81,2445.12,2445.91,148.2874
1788277320000,2445.91,2446.7,2445.22,2445.63,91.7406
1788277380000,2445.62,2447.77,2445.52,2447.17,103.333
1788277440000,2447.16,2449.23,2446.5,2449.22,199.9295
1788277500000,2449.22,2449.23,2448.35,2448.36,160.3151
1788277560000,2448.36,2449,2448.34,2448.34,104.5466
1788277620000,2448.34,2449.16,2448.22,2449.15,71.6233
1788277680000,2449.16,2450.85,2449.15,2450,192.7524
1788277740000,2450.01,2451.22,2450,2451.21,128.7686
1788277800000,2451.22,2452,2450.46,2451.99,130.5222
1788277860000,2452,2454.68,2451.99,2453.41,519.6469
1788277920000,2453.42,2453.42,2451.64,2452.16,119.1749
1788277980000,2452.17,2452.33,2451.42,2452,168.5314
1788278040000,2451.99,2452,2450.77,2450.96,55.348
1788278100000,2450.97,2452.44,2450.97,2451.54,84.748
1788278160000,2451.54,2451.55,2451.02,2451.5,175.2408
1788278220000,2451.5,2451.5,2450.55,2450.55,63.9867
1788278280000,2450.55,2450.55,2449.5,2449.72,86.5455
1788278340000,2449.72,2449.73,2448.95,2448.97,45.9356
1788278400000,2448.97,2449.6,2448.47,2448.64,214.2404
1788278460000,2448.65,2448.65,2445.62,2446.39,356.6113
1788278520000,2446.38,2446.38,2444,2444.01,319.7137
1788278580000,2444.02,2445.49,2444.01,2444.68,156.8715
1788278640000,2444.68,2445.69,2443.57,2445.69,203.5565
1788278700000,2445.7,2448.1,2445.69,2446.79,108.0846
1788278760000,2446.79,2446.8,2443.5,2443.5,149.2482
1788278820000,2443.48,2444.48,2441.68,2442.61,169.4544
1788278880000,2442.61,2443.52,2442.08,2443.38,168.3669
1788278940000,2443.38,2443.62,2440.05,2440.5,268.5594
1788279000000,2440.5,2441.32,2439,2441.31,257.6655
1788279060000,2441.32,2441.66,2439.64,2439.64,101.1886
1788279120000,2439.64,2439.64,2438.52,2439.57,245.4948
1788279180000,2439.57,2439.57,2438.45,2439.15,132.1941
1788279240000,2439.14,2439.14,2434.4,2434.69,665.502
1788279300000,2434.69,2437.5,2434.69,2437.27,389.5009
1788279360000,2437.27,2438.68,2437.27,2437.72,174.2031
1788279420000,2437.73,2437.73,2434.4,2435,218.6801
1788279480000,2434.99,2435.77,2433.65,2433.79,445.8979
1788279540000,2433.79,2434.42,2432.85,2433.24,302.7547
1788279600000,2433.23,2433.31,2430.43,2430.44,299.6634
1788279660000,2430.44,2431,2428.44,2428.89,637.1535
1788279720000,2428.89,2430.07,2426,2428.86,725.5085
1788279780000,2428.86,2432.18,2427.9,2432.17,310.3201
1788279840000,2432.17,2432.17,2428.76,2429.2,282.6553
1788279900000,2429.2,2430.69,2429.16,2430.69,314.8523
1788279960000,2430.69,2434.57,2430.69,2432.83,571.3898
1788280020000,2432.82,2434.12,2432.17,2433.24,230.3545
1788280080000,2433.26,2434.94,2433.26,2434.94,108.9359
1788280140000,2434.94,2435.13,2433,2433.59,123.6288
1788280200000,2433.58,2433.85,2430.05,2430.45,210.6693
1788280260000,2430.46,2430.46,2428.81,2429.51,154.1505
1788280320000,2429.5,2432.42,2428.35,2432.19,245.7123
1788280380000,2432.19,2433.47,2431.6,2432.95,220.3481
1788280440000,2432.95,2433.09,2429.59,2429.59,94.9877
1788280500000,2429.59,2431,2429.58,2430.14,186.6897
1788280560000,2430.14,2430.14,2420.01,2421.12,1434.9783
1788280620000,2421.12,2427.03,2421.12,2427.03,793.8636
1788280680000,2427.03,2429.97,2426.86,2429.42,290.8017
1788280740000,2429.42,2433.4,2429.42,2433.4,305.4816
1788280800000,2433.39,2434.18,2430.46,2431.31,280.354
1788280860000,2431.27,2434.99,2431.27,2434.44,313.7106
1788280920000,2434.43,2435.57,2430.46,2430.84,380.9968
1788280980000,2430.84,2431.48,2429.46,2429.46,158.5432
1788281040000,2429.47,2429.47,2427.79,2429.2,136.7599
1788281100000,2429.2,2430.25,2428.2,2430.25,155.7276
1788281160000,2430.25,2431.86,2430,2431.04,179.4875
1788281220000,2431.04,2432.95,2431.03,2431.8,104.5848
1788281280000,2431.8,2432.52,2431.24,2432.12,94.9225
1788281340000,2432.11,2432.65,2430.44,2431.93,185.057
1788281400000,2431.93,2433.41,2431.92,2433.4,67.0341
1788281460000,2433.41,2433.41,2431.55,2432.16,144.4274
1788281520000,2432.17,2432.68,2431.42,2432.67,72.317
1788281580000,2432.68,2433.75,2432.68,2433.14,83.21
1788281640000,2433.14,2434.76,2433.14,2434.42,178.7554
1788281700000,2434.43,2435,2433.5,2434.24,265.9555
1788281760000,2434.25,2434.25,2432.73,2433.24,70.0187
1788281820000,2433.25,2434.06,2432.99,2433.43,66.3253
1788281880000,2433.42,2434.25,2433.21,2433.22,92.8323
1788281940000,2433.22,2433.38,2432.82,2432.83,41.8468
1788282000000,2432.83,2433.98,2431.72,2432.47,189.9944
1788282060000,2432.48,2434.25,2432.48,2433.18,93.1216
1788282120000,2433.19,2433.63,2432.8,2433.5,38.247
1788282180000,2433.5,2434.7,2433.04,2433.04,50.1235
1788282240000,2433.05,2433.05,2431.93,2431.94,35.3
1788282300000,2431.94,2433.33,2431.94,2432.75,66.9003
1788282360000,2432.75,2432.75,2431.2,2431.7,55.7224
1788282420000,2431.7,2433.13,2431.01,2432.73,123.4445
1788282480000,2432.74,2433.77,2432.29,2433.27,136.8468
1788282540000,2433.27,2434,2432.2,2434,143.5891
1788282600000,2434,2434.3,2432.62,2433.64,175.0709
1788282660000,2433.64,2434.04,2432.9,2433.63,46.9151
1788282720000,2433.62,2433.83,2433.09,2433.71,62.2178
1788282780000,2433.71,2434.05,2433.65,2433.66,44.2642
1788282840000,2433.66,2433.92,2432.91,2432.94,59.567
1788282900000,2432.93,2434.04,2431.77,2431.8,336.1229
1788282960000,2431.79,2432.01,2429.02,2429.02,184.2553
1788283020000,2429.02,2432,2428.46,2432,175.4697
1788283080000,2432.01,2434.08,2432,2433.13,114.1723
1788283140000,2433.13,2433.84,2432.59,2433.31,61.8896
1788283200000,2433.31,2436.91,2433.31,2436.69,162.0914
1788283260000,2436.69,2436.69,2433.3,2434.05,170.022
1788283320000,2434.05,2435.45,2434.05,2435.41,72.8392
1788283380000,2435.41,2436.08,2435.16,2435.17,163.1556
1788283440000,2435.17,2435.91,2435.16,2435.44,82.2888
1788283500000,2435.43,2435.57,2431.75,2434.07,266.088
1788283560000,2434.08,2434.24,2431.75,2431.76,93.842
1788283620000,2431.76,2434.36,2431.76,2434,40.0656
1788283680000,2433.99,2434.48,2432.64,2433.54,81.8451
1788283740000,2433.54,2433.99,2432.99,2432.99,48.6215
1788283800000,2432.99,2436.08,2432.65,2435.86,75.2572
1788283860000,2435.87,2437.1,2435.86,2437.1,50.5382
1788283920000,2437.09,2437.1,2435.53,2435.53,108.7615
1788283980000,2435.52,2436.06,2435.52,2435.68,35.6552
1788284040000,2435.69,2439.53,2435.69,2437.34,195.3246
1788284100000,2437.33,2437.65,2436.8,2436.81,71.0433
1788284160000,2436.81,2436.96,2436.19,2436.96,39.2558
1788284220000,2436.96,2437.5,2435.83,2436.32,57.7995
1788284280000,2436.32,2436.32,2434.7,2434.8,77.907
1788284340000,2434.8,2435.46,2434.49,2435.02,32.4319
1788284400000,2435.03,2436.57,2434.54,2434.58,136.0661
1788284460000,2434.59,2435.76,2434.58,2435.68,43.3991
1788284520000,2435.68,2436.99,2435.68,2436.99,39.7068
1788284580000,2436.99,2436.99,2435.14,2435.14,31.161
1788284640000,2435.14,2435.15,2433.37,2433.37,217.1971
1788284700000,2433.37,2433.37,2431.8,2431.82,488.5742
1788284760000,2431.82,2431.89,2425.01,2426.06,891.3831
1788284820000,2426.06,2428.49,2425.86,2428.49,124.3139
1788284880000,2428.49,2430.99,2427.92,2430.99,135.5872
1788284940000,2430.99,2431,2427.49,2428.01,187.8456
1788285000000,2428.04,2429,2428.04,2428.99,25.1337
1788285060000,2428.99,2429.37,2425.06,2425.2,373.0312
1788285120000,2425.19,2425.19,2421.6,2421.61,467.7352
1788285180000,2421.61,2424.5,2421.61,2423.23,146.0259
1788285240000,2423.23,2424.5,2422.91,2422.91,189.1627
1788285300000,2422.92,2423.73,2422.54,2422.76,110.8994
1788285360000,2422.75,2423.86,2422.41,2422.5,202.4618
1788285420000,2422.5,2423.4,2420.89,2422.56,887.3185
1788285480000,2422.56,2422.87,2419.99,2420.24,2284.3137
1788285540000,2420.25,2421.25,2416.85,2418.18,986.8176
1788285600000,2418.18,2421.98,2418.18,2419.02,718.0153
1788285660000,2419.01,2420.89,2415.6,2416.24,1162.2409
1788285720000,2416.3,2421.09,2416.3,2421.09,456.4239
1788285780000,2421.08,2421.09,2417.54,2417.79,363.7081
1788285840000,2417.78,2417.87,2415.03,2416.61,465.4853
1788285900000,2416.61,2417.09,2415.47,2415.53,326.168
1788285960000,2415.52,2415.52,2413.94,2414.53,902.7034
1788286020000,2414.53,2417.14,2414.53,2416.23,225.1801
1788286080000,2416.23,2416.23,2410.21,2411.09,784.1289
1788286140000,2411.09,2412.14,2408.56,2410.35,958.7254
1788286200000,2410.36,2413.58,2409.64,2412.87,187.3987
1788286260000,2412.87,2414.97,2412.55,2412.71,188.3365
1788286320000,2412.7,2416.81,2412.67,2416,200.6055
1788286380000,2416,2417.33,2415.06,2415.23,149.3517
1788286440000,2415.22,2416.93,2415.21,2416.93,184.1722
1788286500000,2416.92,2418.4,2415.46,2415.46,311.7087
1788286560000,2415.46,2415.47,2413.28,2413.96,168.2176
1788286620000,2413.97,2415.56,2413.97,2414.85,155.3651
1788286680000,2414.84,2414.87,2412.23,2414.87,179.4769
1788286740000,2414.87,2415.07,2412.84,2413.96,142.4957
1788286800000,2413.97,2415.22,2413.85,2414.45,137.8915
1788286860000,2414.45,2414.46,2413.02,2413.21,74.6176
1788286920000,2413.21,2415.76,2413.13,2415.61,93.2848
1788286980000,2415.61,2416.58,2414.99,2416.52,90.3615
1788287040000,2416.52,2416.98,2416.15,2416.62,79.6539
1788287100000,2416.61,2416.62,2414.92,2415.86,140.6228
1788287160000,2415.86,2416.64,2414.5,2415.03,115.4477
1788287220000,2415.02,2415.96,2411.85,2412.24,447.1179
1788287280000,2412.24,2412.24,2401.76,2410.32,2589.6581
1788287340000,2410.31,2416.13,2408.7,2414.8,826.4391
1788287400000,2414.8,2417.13,2411.37,2411.37,818.2803
1788287460000,2411.37,2413.72,2411.16,2411.56,202.9633
1788287520000,2411.55,2412.58,2410.59,2412.14,258.1747
1788287580000,2412.13,2412.43,2410.4,2410.76,121.7025
1788287640000,2410.77,2410.77,2408.53,2409.62,167.3783
1788287700000,2409.6,2411.16,2408.52,2408.52,826.3874
1788287760000,2408.52,2408.53,2402.74,2402.74,749.2614
1788287820000,2402.75,2403.4,2399.64,2400.48,2656.0182
1788287880000,2400.48,2400.77,2394.75,2395.63,2089.1261
1788287940000,2395.62,2396.33,2390,2394.44,1812.5817
1788288000000,2394.43,2397.15,2394.22,2396.03,592.8552
1788288060000,2396.03,2396.6,2394.67,2395.48,289.8414
1788288120000,2395.48,2396.06,2392.11,2392.11,638.678
1788288180000,2392.11,2392.52,2389.33,2390.74,1006.879
1788288240000,2390.75,2392.38,2389.59,2389.76,592.7024
1788288300000,2389.75,2390.8,2383.81,2384.79,1917.9345
1788288360000,2384.78,2388.45,2383.34,2388.3,1217.6728
1788288420000,2388.3,2389.55,2385.07,2389.54,584.2402
1788288480000,2389.55,2391.32,2387.64,2391.32,294.6892
1788288540000,2391.32,2398.58,2391.32,2398.57,771.8093
1788288600000,2398.57,2404.32,2398.1,2404,432.6861
1788288660000,2404,2405,2403.24,2403.29,643.0773
1788288720000,2403.28,2406.8,2403,2406.8,883.7529
1788288780000,2406.79,2409.28,2405.5,2409.27,422.4566
1788288840000,2409.28,2409.77,2406.5,2406.5,258.103
1788288900000,2406.5,2409.56,2405.1,2409.42,530.8807
1788288960000,2409.42,2412.24,2408.76,2411.8,1145.1219
1788289020000,2411.8,2411.97,2410.06,2410.07,307.8046
1788289080000,2410.07,2412,2410.07,2412,498.5827
1788289140000,2412,2413.25,2411.59,2412.83,448.9056
1788289200000,2412.83,2415.42,2412.24,2415.42,665.8537
1788289260000,2415.42,2418.56,2414.37,2416.02,503.8039
1788289320000,2416.03,2416.03,2413.39,2414.02,139.4868
1788289380000,2414.02,2415.64,2412.64,2415.64,308.9519
1788289440000,2415.64,2420.05,2415.64,2419.88,698.1602
1788289500000,2419.87,2420.24,2415.98,2416.31,294.8263
1788289560000,2416.31,2416.81,2414.45,2416.37,243.9705
1788289620000,2416.37,2416.37,2414.95,2416.08,88.9903
1788289680000,2416.07,2416.07,2413.33,2414.26,174.3297
1788289740000,2414.26,2416.06,2413.86,2415.06,191.2114
1788289800000,2415.06,2416.13,2415.02,2416.13,82.3098
1788289860000,2416.15,2417.25,2415.15,2415.15,158.1421
1788289920000,2415.15,2415.17,2414.95,2415.07,62.0035
1788289980000,2415.06,2416.1,2415.06,2415.53,109.8495
1788290040000,2415.52,2416.34,2415.06,2415.62,130.3366
1788290100000,2415.62,2416.67,2412.67,2416.66,402.0509
1788290160000,2416.67,2422.09,2416.67,2419.31,779.7059
1788290220000,2419.3,2419.3,2417.47,2417.47,73.3058
1788290280000,2417.47,2418.32,2415.91,2417.07,142.8199
1788290340000,2417.07,2418.6,2416.02,2416.03,309.5725
1788290400000,2416.02,2418.44,2415.87,2418.43,350.2775
1788290460000,2418.43,2419.66,2417.92,2418.23,554.2924
1788290520000,2418.23,2420.37,2417.16,2420.26,128.3562
1788290580000,2420.26,2424.89,2420.26,2420.94,617.24
1788290640000,2420.94,2420.94,2418.7,2419.84,386.9531
1788290700000,2419.84,2420.89,2419.63,2420.53,98.2299
1788290760000,2420.53,2422.69,2420.5,2422.68,172.7824
1788290820000,2422.69,2424.7,2422.4,2422.4,228.2143
1788290880000,2422.39,2423.15,2421.04,2421.25,167.8794
1788290940000,2421.25,2421.98,2420.51,2420.68,206.6236
1788291000000,2420.67,2422.13,2420.22,2421.99,228.7818
1788291060000,2422,2422.08,2420.36,2420.46,64.2321
1788291120000,2420.47,2420.93,2419.38,2419.38,103.97
1788291180000,2419.38,2419.62,2419.38,2419.62,32.7044
1788291240000,2419.62,2419.64,2419,2419.42,74.3357
1788291300000,2419.42,2420.6,2419.42,2420.6,65.323
1788291360000,2420.6,2420.6,2418.7,2418.7,66.3719
1788291420000,2418.7,2419.85,2418.31,2419.84,116.615
1788291480000,2419.84,2419.84,2417.33,2418.31,174.3137
1788291540000,2418.3,2419,2416.99,2417,48.6092
1788291600000,2416.99,2418.54,2416.99,2418.54,92.3832
1788291660000,2418.53,2419,2418.53,2418.54,23.4745
1788291720000,2418.54,2418.55,2416.99,2417,71.1374
1788291780000,2417,2417.41,2416.86,2416.87,49.2601
1788291840000,2416.87,2417.42,2416.86,2417.42,45.0373
1788291900000,2417.42,2418.71,2417.19,2417.19,68.0848
1788291960000,2417.19,2417.39,2415.92,2415.93,68.3376
1788292020000,2415.93,2416.56,2415.62,2415.72,171.5743
1788292080000,2415.71,2416.36,2415.62,2416.36,84.0366
1788292140000,2416.36,2417.51,2415.62,2416.8,80.4632
1788292200000,2416.79,2416.79,2415.62,2415.63,72.568
1788292260000,2415.63,2416.14,2415.37,2415.37,87.4852
1788292320000,2415.38,2415.53,2414.14,2414.14,137.1287
1788292380000,2414.14,2414.14,2413,2413.01,158.6663
1788292440000,2413.01,2413.76,2413.01,2413.69,136.72
1788292500000,2413.69,2415.5,2413.69,2415.29,115.1567
1788292560000,2415.34,2417.26,2415.34,2415.55,129.5257
1788292620000,2415.56,2415.99,2415.43,2415.89,134.8396
1788292680000,2415.88,2417.64,2415.46,2417.64,150.7807
1788292740000,2417.64,2419.27,2417.22,2419.18,260.8263
1788292800000,2419.19,2419.77,2416.62,2416.83,502.0446
1788292860000,2416.83,2418.71,2416,2416.52,202.3792
1788292920000,2416.52,2416.68,2415.06,2415.06,120.5957
1788292980000,2415.07,2415.27,2414.19,2414.51,112.6242
1788293040000,2414.52,2416.03,2414.19,2415.98,107.8063
1788293100000,2415.99,2419.43,2415.99,2416.54,143.9183
1788293160000,2416.54,2416.64,2414,2414.01,107.1585
1788293220000,2414,2414.95,2414,2414,218.5854
1788293280000,2414.01,2414.22,2413.08,2413.19,157.0917
1788293340000,2413.18,2414.49,2413.07,2413.86,66.7624
1788293400000,2413.86,2415.1,2413.86,2415.1,42.3811
1788293460000,2415.1,2415.1,2414.38,2414.7,59.1609
1788293520000,2414.7,2416.21,2414.7,2416.21,77.5769
1788293580000,2416.2,2419.45,2416.2,2419.45,146.4555
1788293640000,2419.45,2420.4,2418.08,2420.4,364.2852
1788293700000,2420.4,2421.28,2418.6,2418.6,178.2034
1788293760000,2418.6,2419.07,2417.09,2417.35,193.9066
1788293820000,2417.36,2417.69,2416.56,2417.69,110.6038
1788293880000,2417.69,2420.14,2417.69,2420.14,57.6375
1788293940000,2420.13,2421.27,2420.02,2421.27,89.0856
1788294000000,2421.27,2422.43,2420.48,2420.82,315.5726
1788294060000,2420.81,2420.81,2419.59,2419.9,74.9216
1788294120000,2419.9,2419.9,2419.08,2419.24,51.6313
1788294180000,2419.23,2419.23,2419.08,2419.09,15.5861
1788294240000,2419.08,2419.15,2419.08,2419.14,8.0698
1788294300000,2419.14,2420,2418.99,2419.95,92.9714
1788294360000,2419.95,2419.95,2418.25,2418.42,50.9276
1788294420000,2418.41,2418.51,2417.8,2417.81,70.1239
1788294480000,2417.8,2419.83,2416.88,2419.47,268.26
1788294540000,2419.46,2420.16,2418.81,2420.16,116.2196
1788294600000,2420.16,2421.34,2420.16,2420.59,51.1874
1788294660000,2420.58,2420.59,2419.44,2419.5,47.8201
1788294720000,2419.5,2420.35,2419.49,2420.21,77.815
1788294780000,2420.2,2420.93,2419.89,2420.92,57.363
1788294840000,2420.92,2420.93,2420.36,2420.36,41.8625
1788294900000,2420.37,2422.22,2420.36,2422.22,47.9008
1788294960000,2422.21,2423.12,2420.59,2421.47,188.8439
1788295020000,2421.47,2421.99,2421.21,2421.79,87.3903
1788295080000,2421.79,2422.04,2419.32,2420.79,544.2238
1788295140000,2420.79,2422.15,2420.78,2422.15,102.3493
1788295200000,2422.15,2422.15,2419.86,2419.86,51.2715
1788295260000,2419.86,2419.86,2418.58,2418.58,88.0128
1788295320000,2418.59,2420.39,2418.5,2419.48,112.3461
1788295380000,2419.48,2419.49,2418.85,2418.86,30.0326
1788295440000,2418.85,2419.5,2418.85,2419.36,61.4702
1788295500000,2419.36,2419.48,2418.86,2418.86,26.7333
1788295560000,2418.86,2418.87,2417.2,2417.55,104.5803
1788295620000,2417.54,2417.54,2417.06,2417.07,93.3075
1788295680000,2417.08,2417.22,2417.07,2417.22,23.5973
1788295740000,2417.22,2417.34,2417.15,2417.15,33.8255
1788295800000,2417.16,2418.77,2417.16,2417.61,340.796
1788295860000,2417.6,2417.6,2416.9,2416.9,54.488
1788295920000,2416.89,2418.71,2416.88,2418.7,37.6092
1788295980000,2418.7,2419.35,2418.7,2419.34,50.5958
1788296040000,2419.35,2420.36,2419.35,2420.36,51.5688
1788296100000,2420.35,2420.45,2420.01,2420.45,77.4361
1788296160000,2420.45,2421.17,2419.88,2420.79,86.72
1788296220000,2420.79,2421.54,2420.78,2421.53,29.9794
1788296280000,2421.53,2421.53,2420.81,2420.96,71.415
1788296340000,2420.96,2421.56,2420.65,2421.32,199.1322
1788296400000,2421.33,2421.79,2420.28,2421.71,141.6124
1788296460000,2421.7,2423.39,2417.97,2418.79,498.2452
1788296520000,2418.79,2421.32,2418.79,2421.12,49.9585
1788296580000,2421.12,2421.25,2418.56,2418.56,68.1256
1788296640000,2418.55,2419.56,2418.17,2419.12,76.4669
1788296700000,2419.12,2419.13,2415.62,2416.32,304.9066
1788296760000,2416.33,2416.6,2415,2415.01,228.1787
1788296820000,2415,2415.34,2414.93,2414.95,168.0219
1788296880000,2414.95,2416.51,2414.95,2416.51,48.6737
1788296940000,2416.5,2416.51,2414.7,2414.7,94.7686
1788297000000,2414.7,2414.7,2409.92,2409.98,628.6506
1788297060000,2409.99,2409.99,2407.76,2407.76,456.6741
1788297120000,2407.75,2408,2405.38,2406.03,535.48
1788297180000,2406.02,2407.48,2405,2406.81,274.9887
1788297240000,2406.81,2408.76,2406.81,2408.7,99.2792
1788297300000,2408.71,2409.46,2407.71,2408.14,123.7763
1788297360000,2408.13,2408.13,2406.02,2406.22,110.2782
1788297420000,2406.22,2406.32,2400.42,2401.4,566.4428
1788297480000,2401.4,2405.07,2401.38,2404.46,309.0478
1788297540000,2404.46,2406.68,2402.63,2406.17,607.5939
1788297600000,2406.17,2411.74,2406.17,2411.27,596.6718
1788297660000,2411.28,2412.02,2410.31,2410.31,217.0625
1788297720000,2410.32,2415.31,2410.32,2415.31,357.9566
1788297780000,2415.3,2416.32,2414.11,2415.02,200.6873
1788297840000,2415.02,2415.74,2413.33,2415.74,111.4182
1788297900000,2415.74,2417.32,2415.28,2415.28,85.1135
1788297960000,2415.28,2416.69,2415.22,2415.79,66.5895
1788298020000,2415.79,2415.8,2415.4,2415.4,45.8544
1788298080000,2415.4,2415.4,2413.52,2413.52,55.881
1788298140000,2413.51,2414.78,2413.24,2414.78,54.9565
1788298200000,2414.77,2414.78,2413.76,2414,42.9459
1788298260000,2414.01,2414.01,2409.62,2410.28,398.7033
1788298320000,2410.28,2410.28,2408.91,2409.45,137.6049
1788298380000,2409.45,2409.46,2408,2408.41,125.2982
1788298440000,2408.42,2409.02,2407.63,2407.9,266.5769
1788298500000,2407.9,2410,2407.9,2410,97.5935
1788298560000,2410,2410.6,2409.24,2410.34,180.2446
1788298620000,2410.33,2410.33,2409.03,2409.12,86.8195
1788298680000,2409.12,2410.5,2408.67,2410.5,86.9648
1788298740000,2410.5,2412.53,2410.5,2412.53,91.0775
1788298800000,2412.53,2412.83,2410.82,2412.54,128.5958
1788298860000,2412.54,2412.54,2411,2412.3,79.7357
1788298920000,2412.3,2413.06,2411.6,2411.62,117.1749
1788298980000,2411.62,2411.76,2411.07,2411.23,118.1129
1788299040000,2411.23,2413.05,2411.23,2412.49,82.5748
1788299100000,2412.49,2412.81,2412.49,2412.8,49.6779
1788299160000,2412.8,2414.47,2412.8,2414.14,256.7795
1788299220000,2414.13,2414.97,2413.91,2414.06,140.5335
1788299280000,2414.06,2414.85,2413.92,2414.26,78.703
1788299340000,2414.25,2415,2414.25,2414.97,126.2089
1788299400000,2414.98,2415,2414.74,2414.96,116.6133
1788299460000,2414.96,2416.67,2414.86,2416.53,705.0407
1788299520000,2416.53,2417.06,2416.21,2416.93,95.45
1788299580000,2416.94,2417.29,2416.2,2416.2,57.8133
1788299640000,2416.2,2416.61,2415.69,2416.37,191.5244
1788299700000,2416.36,2417.61,2416.36,2417.12,73.0869
1788299760000,2417.12,2417.66,2417,2417.04,80.0278
1788299820000,2417.04,2417.04,2415.19,2415.63,72.9221
1788299880000,2415.63,2415.63,2415.01,2415.01,108.7314
1788299940000,2415.01,2415.47,2414.31,2415.46,83.359
1788300000000,2415.46,2415.47,2414.09,2415.29,151.4881
1788300060000,2415.29,2416.73,2414.41,2414.42,83.3917
1788300120000,2414.41,2416.62,2414.41,2416.41,127.8896
1788300180000,2416.41,2418.62,2415.79,2418.35,186.0348
1788300240000,2418.36,2418.7,2416.96,2416.96,113.8118
1788300300000,2416.96,2416.96,2415.19,2415.3,57.4556
1788300360000,2415.3,2415.3,2413.82,2414.54,171.2925
1788300420000,2414.53,2415.63,2413.91,2415.24,69.9453
1788300480000,2415.24,2417.16,2415.24,2416.59,99.0879
1788300540000,2416.59,2416.59,2415.76,2416.43,26.3414
1788300600000,2416.42,2416.66,2416.41,2416.66,30.2355
1788300660000,2416.66,2417.39,2416.66,2417.37,30.1053
1788300720000,2417.37,2417.5,2417.06,2417.07,35.6807
1788300780000,2417.07,2417.08,2416.34,2416.35,22.4385
1788300840000,2416.35,2416.35,2416.34,2416.35,10.1292
1788300900000,2416.35,2416.35,2414.5,2414.5,898.136
1788300960000,2414.5,2414.54,2414.1,2414.33,74.3487
1788301020000,2414.32,2414.98,2414.32,2414.98,28.7933
1788301080000,2414.99,2414.99,2413.97,2414.7,69.8784
1788301140000,2414.7,2415.19,2413.99,2415.01,163.9303
1788301200000,2415.01,2415.02,2414.85,2414.86,11.5531
1788301260000,2414.85,2414.86,2413.29,2413.29,700.6817
1788301320000,2413.29,2413.3,2410.32,2410.33,265.4153
1788301380000,2410.33,2410.8,2409.94,2410.8,107.0385
1788301440000,2410.8,2412.16,2410.22,2410.56,975.6704
1788301500000,2410.57,2411.42,2409.96,2409.96,149.1836
1788301560000,2409.97,2410.39,2409.81,2410.19,89.1872
1788301620000,2410.19,2411.02,2409.46,2409.46,154.181
1788301680000,2409.47,2409.72,2408.9,2409.46,124.2526
1788301740000,2409.47,2409.47,2407.23,2407.66,270.9588
1788301800000,2407.65,2409.66,2405.85,2409.45,1502.8183
1788301860000,2409.46,2409.49,2407.48,2408.85,240.9918
1788301920000,2408.85,2408.85,2407.04,2407.25,66.8413
1788301980000,2407.24,2407.91,2407.06,2407.21,87.0534
1788302040000,2407.21,2407.69,2407,2407.62,627.2453
1788302100000,2407.63,2408.78,2407.63,2408.77,115.846
1788302160000,2408.77,2410.04,2408.46,2408.51,281.0159
1788302220000,2408.52,2409.18,2408.23,2409.08,78.4727
1788302280000,2409.09,2409.22,2407.63,2408,87.2288
1788302340000,2407.99,2408,2407.63,2407.64,37.5171
1788302400000,2407.64,2407.64,2406.42,2406.42,757.0227
1788302460000,2406.43,2407.06,2406.43,2407.06,128.385
1788302520000,2407.05,2407.08,2406.5,2406.51,811.125
1788302580000,2406.51,2408.46,2405.9,2408.31,313.697
1788302640000,2408.31,2408.31,2407.27,2407.76,69.4553
1788302700000,2407.75,2410.28,2407.75,2410.02,71.8546
1788302760000,2410.01,2410.84,2410.01,2410.84,123.1288
1788302820000,2410.84,2411.55,2410.84,2411.54,83.6884
1788302880000,2411.54,2413.83,2411.54,2413.82,170.5581
1788302940000,2413.83,2414.64,2413.19,2414.64,149.2984
1788303000000,2414.65,2415.88,2414.65,2414.96,197.4046
1788303060000,2414.96,2415.87,2414.03,2414.03,384.3368
1788303120000,2414.03,2414.44,2413.56,2413.98,46.0584
1788303180000,2413.99,2415.15,2413.99,2414.33,58.2767
1788303240000,2414.33,2414.33,2413.22,2413.23,58.0284
1788303300000,2413.23,2414.19,2413.23,2413.46,240.9425
1788303360000,2413.45,2413.46,2413.29,2413.3,22.7678
1788303420000,2413.29,2413.74,2413,2413.74,72.4182
1788303480000,2413.73,2413.74,2413.19,2413.2,77.4021
1788303540000,2413.2,2413.21,2413.17,2413.18,18.3216
1788303600000,2413.17,2413.35,2411.55,2413.35,241.654
1788303660000,2413.36,2414.29,2413.35,2413.35,45.1244
1788303720000,2413.35,2413.62,2412.39,2412.4,110.3107
1788303780000,2412.4,2413.2,2412.39,2413.2,74.2066
1788303840000,2413.2,2413.2,2411.11,2411.11,61.346
1788303900000,2411.1,2412.35,2411,2412.34,73.0406
1788303960000,2412.35,2414.02,2412.34,2413.77,59.6841
1788304020000,2413.77,2414.59,2413.77,2413.93,71.387
1788304080000,2413.92,2414.92,2413.76,2414.92,87.2285
1788304140000,2414.91,2414.91,2414.13,2414.15,121.7665
1788304200000,2414.15,2414.47,2412.96,2414.25,92.1061
1788304260000,2414.25,2414.3,2413.94,2414.29,46.7497
1788304320000,2414.3,2414.3,2414.24,2414.24,28.1302
1788304380000,2414.25,2414.25,2412.72,2412.72,15.7365
1788304440000,2412.72,2412.99,2412.72,2412.98,27.5171
1788304500000,2412.98,2413.89,2412.98,2413.62,52.4695
1788304560000,2413.62,2413.69,2413.46,2413.52,21.8434
1788304620000,2413.53,2414.52,2413.53,2414.52,28.8906
1788304680000,2414.51,2414.51,2413.18,2414.39,234.6537
1788304740000,2414.4,2415,2414.39,2415,17.4761
1788304800000,2414.99,2415.12,2414.65,2415.12,66.2169
1788304860000,2415.11,2415.11,2413,2413,175.0832
1788304920000,2413,2414.32,2412.8,2414.32,42.8303
1788304980000,2414.32,2414.32,2413.6,2413.61,17.3723
1788305040000,2413.6,2414.54,2413.6,2414.54,72.7389
1788305100000,2414.55,2414.83,2414.55,2414.83,21.3162
1788305160000,2414.83,2415.18,2414.31,2414.31,141.4197
1788305220000,2414.31,2415.04,2413.84,2415.03,99.8451
1788305280000,2415.04,2416.99,2414.62,2416.99,318.9751
1788305340000,2416.98,2417.25,2416.47,2417.25,76.6747
1788305400000,2417.24,2418,2417.24,2417.85,148.397
1788305460000,2417.84,2417.84,2416.55,2416.55,48.6338
1788305520000,2416.55,2419.9,2416.55,2419.56,124.3731
1788305580000,2419.57,2420.55,2419.56,2420.3,227.6772
1788305640000,2420.29,2420.29,2418.72,2419.64,73.8469
1788305700000,2419.64,2422.23,2419.62,2421.96,348.8485
1788305760000,2421.96,2427.15,2421.89,2427.14,1258.9988
1788305820000,2427.14,2427.15,2424.05,2424.05,202.9614
1788305880000,2424.04,2424.2,2423.23,2423.24,172.9139
1788305940000,2423.23,2423.24,2422.86,2423.1,81.4672
1788306000000,2423.11,2424.1,2423.11,2423.65,89.5804
1788306060000,2423.64,2425.22,2423.64,2424.64,97.1744
1788306120000,2424.64,2424.87,2424.17,2424.18,56.4239
1788306180000,2424.18,2424.18,2423.24,2423.24,28.8516
1788306240000,2423.25,2423.25,2423.24,2423.24,54.4359
1788306300000,2423.23,2423.44,2422.07,2422.07,74.5532
1788306360000,2422.07,2423.12,2421.93,2422.98,161.4065
1788306420000,2422.99,2422.99,2422.52,2422.67,64.811
1788306480000,2422.68,2425.59,2422.68,2425.57,233.2789
1788306540000,2425.57,2425.58,2423.99,2423.99,103.1006
1788306600000,2424,2424.66,2423.49,2423.49,81.0286
1788306660000,2423.49,2423.5,2418.41,2419.33,875.2109
1788306720000,2419.33,2420.31,2419.33,2420.1,113.7668
1788306780000,2420.11,2420.39,2419.53,2419.53,99.2262
1788306840000,2419.54,2419.54,2418.9,2419.35,144.909
1788306900000,2419.34,2419.35,2419.16,2419.16,119.7617
1788306960000,2419.17,2419.17,2418.57,2418.58,19.0862
1788307020000,2418.58,2419.28,2418.57,2419.28,69.2319
1788307080000,2419.27,2419.28,2419.21,2419.21,13.0513
1788307140000,2419.21,2419.22,2418.57,2418.57,23.2822
1788307200000,2418.58,2420.99,2418.58,2420.45,235.6571
1788307260000,2420.45,2420.55,2418.74,2418.89,56.3784
1788307320000,2418.89,2418.89,2417.85,2417.85,114.7497
1788307380000,2417.85,2417.86,2416.91,2417.32,152.694
1788307440000,2417.33,2418.71,2417.32,2418.26,83.1484
1788307500000,2418.25,2420.07,2418.25,2419.37,136.6286
1788307560000,2419.37,2419.38,2418.23,2418.39,58.9774
1788307620000,2418.39,2420.41,2418.39,2419.35,57.5491
1788307680000,2419.35,2419.36,2418.94,2419.34,49.6668
1788307740000,2419.35,2420.1,2419.35,2419.65,46.6562
1788307800000,2419.64,2419.64,2418.79,2418.94,70.6815
1788307860000,2418.94,2419.39,2418.94,2419.06,38.0271
1788307920000,2419.05,2419.08,2418.3,2419.03,57.4962
1788307980000,2419.02,2420.06,2419.02,2420.06,40.246
1788308040000,2420.05,2420.38,2420.05,2420.15,55.2109
1788308100000,2420.15,2421.79,2420.14,2420.73,125.7339
1788308160000,2420.73,2420.73,2420.05,2420.06,44.4834
1788308220000,2420.05,2421.75,2420.05,2421.5,57.8337
1788308280000,2421.5,2422.32,2421.38,2422.32,144.8206
1788308340000,2422.31,2422.31,2419.54,2419.97,133.262
1788308400000,2419.97,2419.97,2418.19,2418.95,61.0436
1788308460000,2418.95,2418.95,2417.86,2417.86,43.604
1788308520000,2417.81,2421.12,2416.91,2419.9,218.6795
1788308580000,2419.85,2420.16,2418.73,2418.75,80.8506
1788308640000,2418.75,2419.53,2418.43,2418.6,68.0848
1788308700000,2418.6,2418.6,2417.65,2417.66,75.9763
1788308760000,2417.66,2417.67,2416.98,2416.99,57.1171
1788308820000,2416.99,2416.99,2415.01,2415.62,214.4677
1788308880000,2415.63,2415.63,2414.35,2414.91,188.197
1788308940000,2414.92,2414.92,2410.86,2412.34,486.1038
1788309000000,2412.33,2412.55,2410.04,2412.01,235.4105
1788309060000,2412.01,2414.89,2411.01,2414.76,66.7209
1788309120000,2414.76,2415.53,2413.77,2415.27,91.333
1788309180000,2415.27,2415.28,2413.05,2413.27,253.3617
1788309240000,2413.27,2414.95,2411.93,2411.93,80.1819
1788309300000,2411.93,2413.65,2411.93,2413.46,117.8192
1788309360000,2413.46,2413.5,2411.35,2411.35,58.7494
1788309420000,2411.35,2413.39,2411.34,2413.28,100.4497
1788309480000,2413.27,2413.27,2408.79,2409.34,259.2229
1788309540000,2409.34,2409.75,2407.97,2409.37,227.3037
1788309600000,2409.38,2409.38,2407.52,2407.52,198.4793
1788309660000,2407.51,2410,2405.87,2406.87,659.3896
1788309720000,2406.87,2408.63,2406.87,2408.63,73.0947
1788309780000,2408.62,2411.07,2408.62,2411.06,93.3613
1788309840000,2411.06,2411.07,2408.14,2409.14,178.1595
1788309900000,2409.14,2410.12,2409.14,2410.12,95.7136
1788309960000,2410.11,2410.83,2409.15,2410.38,183.1695
1788310020000,2410.38,2410.51,2409.28,2410.07,66.625
1788310080000,2410.06,2410.09,2409.17,2409.3,46.3502
1788310140000,2409.3,2410.88,2409.3,2410.87,134.9681
1788310200000,2410.87,2410.87,2406.96,2408.07,164.2667
1788310260000,2408.07,2409.91,2408.07,2409.88,68.8736
1788310320000,2409.88,2409.88,2408.55,2409.39,231.2471
1788310380000,2409.38,2409.58,2408.58,2409.46,65.5992
1788310440000,2409.46,2409.47,2408,2408,17.126
1788310500000,2408.01,2409.09,2408,2409.09,52.9726
1788310560000,2409.08,2411.47,2409.08,2411.47,57.0504
1788310620000,2411.46,2411.75,2410.69,2410.69,44.7598
1788310680000,2410.69,2410.74,2410.19,2410.19,40.9578
1788310740000,2410.19,2410.19,2408.84,2408.85,57.5271
1788310800000,2408.84,2410.33,2407.95,2410.33,102.4947
1788310860000,2410.33,2410.33,2409.17,2409.82,54.12
1788310920000,2409.81,2409.97,2409,2409.49,64.0104
1788310980000,2409.48,2410.38,2408.76,2410.37,76.2789
1788311040000,2410.37,2410.37,2408.82,2409.16,88.8797
1788311100000,2409.16,2409.16,2407.3,2409.1,411.4216
1788311160000,2409.09,2409.18,2408.29,2408.29,56.8825
1788311220000,2408.29,2409.46,2408.29,2409.46,49.0087
1788311280000,2409.46,2409.46,2407.06,2407.58,100.7067
1788311340000,2407.59,2409.46,2407.58,2409.46,118.2537
1788311400000,2409.46,2412.1,2409.46,2412.1,141.6848
1788311460000,2412.1,2412.1,2410.69,2411.55,260.3284
1788311520000,2411.56,2415,2410.78,2414.46,239.2268
1788311580000,2414.46,2414.47,2411.31,2412.87,238.0586
1788311640000,2412.87,2413.72,2412.87,2413.14,77.1989
1788311700000,2413.14,2413.14,2410.32,2412.06,114.1026
1788311760000,2412.06,2412.06,2410.51,2410.87,124.436
1788311820000,2410.88,2412,2410.3,2412,77.2156
1788311880000,2412,2414.9,2412,2413.98,272.1052
1788311940000,2413.97,2413.97,2412.3,2413.75,152.5592
1788312000000,2413.76,2413.8,2412.42,2412.43,66.2758
1788312060000,2412.42,2412.96,2412.31,2412.77,72.9097
1788312120000,2412.76,2413.16,2411.94,2412.41,74.6935
1788312180000,2412.42,2412.55,2411.18,2412.54,102.7889
1788312240000,2412.55,2415,2412.55,2414.86,284.2966
1788312300000,2414.86,2414.94,2411.95,2412.17,245.7206
1788312360000,2412.17,2412.4,2411.32,2411.34,104.3826
1788312420000,2411.34,2411.34,2410,2410.58,59.2197
1788312480000,2410.58,2410.58,2408.99,2409.45,118.043
1788312540000,2409.45,2410.27,2409.2,2409.21,144.3079
1788312600000,2409.21,2410.59,2408.28,2408.64,248.3732
1788312660000,2408.64,2410.01,2408.64,2410.01,76.1439
1788312720000,2410,2411.64,2409.57,2411.14,231.6656
1788312780000,2411.13,2411.13,2409.24,2409.24,79.9175
1788312840000,2409.23,2409.23,2405.89,2406.21,281.63
1788312900000,2406.22,2406.22,2404.6,2405.11,279.3214
1788312960000,2405.12,2405.68,2403.44,2403.87,324.0817
1788313020000,2403.87,2403.87,2402.65,2403.2,209.4715
1788313080000,2403.2,2403.2,2402,2402.55,230.8387
1788313140000,2402.55,2402.93,2400.96,2400.96,290.3901
1788313200000,2400.96,2401.25,2391.09,2397.65,2087.6842
1788313260000,2397.64,2400.47,2396.01,2400.47,411.5227
1788313320000,2400.46,2401.15,2400.13,2401.08,253.8439
1788313380000,2401.07,2401.31,2399.1,2399.1,125.0112
1788313440000,2399.08,2399.08,2394.08,2395.15,275.5535
1788313500000,2395.16,2397.68,2394.05,2397.05,256.5572
1788313560000,2397.08,2398.27,2397,2397.33,139.1987
1788313620000,2397.32,2397.32,2392.44,2392.87,307.2388
1788313680000,2392.87,2394.48,2390.4,2394.31,916.1112
1788313740000,2394.31,2395.65,2391.96,2392.36,273.6694
1788313800000,2392.35,2392.35,2386.74,2390.26,1087.3352
1788313860000,2390.27,2390.59,2386.95,2387.21,292.3483
1788313920000,2387.21,2390.6,2386.74,2390.4,310.3037
1788313980000,2390.41,2393.07,2390.41,2390.8,204.9431
1788314040000,2390.79,2392.79,2390.79,2391.88,250.3144
1788314100000,2391.86,2396.05,2391.38,2396.04,302.0349
1788314160000,2396.04,2397.1,2395.27,2396.14,160.7248
1788314220000,2396.13,2396.77,2395.61,2396.27,159.1018
1788314280000,2396.28,2399.63,2396.28,2398.97,442.2301
1788314340000,2398.98,2400.79,2398.98,2399.32,212.5196
1788314400000,2399.32,2400.46,2398.11,2398.11,175.6803
1788314460000,2398.12,2399.71,2396.91,2399.7,134.0469
1788314520000,2399.69,2401.06,2398.83,2400.55,186.5494
1788314580000,2400.54,2400.54,2397.71,2397.97,93.0601
1788314640000,2397.96,2398.45,2396.3,2396.69,158.0154
1788314700000,2396.65,2396.99,2395,2396.76,298.474
1788314760000,2396.76,2403.9,2396.32,2402.18,426.0357
1788314820000,2402.17,2406,2401.93,2401.96,199.5356
1788314880000,2401.97,2402.83,2400.9,2401.67,237.4308
1788314940000,2401.67,2401.68,2400.05,2400.21,95.4217
1788315000000,2400.22,2400.98,2399.86,2400.42,67.0938
1788315060000,2400.43,2400.91,2399.76,2400.7,191.6314
1788315120000,2400.7,2404.39,2400.7,2404.27,132.7861
1788315180000,2404.28,2404.85,2402.29,2402.29,346.5905
1788315240000,2402.28,2402.28,2400.92,2402.06,102.1088
1788315300000,2402.07,2404.06,2401.37,2403.21,80.6582
1788315360000,2403.21,2406.06,2403.16,2405.15,232.2676
1788315420000,2405.15,2405.8,2404.17,2404.58,102.0202
1788315480000,2404.58,2404.65,2403.54,2403.7,127.2588
1788315540000,2403.69,2404.5,2402.4,2404.48,308.6379
1788315600000,2404.49,2407.31,2404.48,2406.85,161.3777
1788315660000,2406.85,2407.63,2405.05,2405.43,272.4212
1788315720000,2405.43,2407.38,2405.43,2406.25,84.0631
1788315780000,2406.24,2406.54,2405.26,2406.54,87.5763
1788315840000,2406.54,2407.84,2406.54,2407.78,101.7498
1788315900000,2407.77,2408.54,2406.48,2406.79,384.2549
1788315960000,2406.79,2406.79,2405.69,2406.38,40.3401
1788316020000,2406.38,2408.18,2406.37,2408.18,193.1988
1788316080000,2408.18,2411.01,2408.17,2410.72,464.0751
1788316140000,2410.73,2410.73,2409.19,2409.97,177.2165
1788316200000,2409.96,2409.96,2407,2407.02,115.129
1788316260000,2407.02,2409.06,2406.37,2409.06,280.551
1788316320000,2409.05,2409.34,2408.07,2408.61,82.1388
1788316380000,2408.6,2409.32,2407.97,2409.27,105.646
1788316440000,2409.28,2409.86,2408.59,2409.25,88.2368
1788316500000,2409.24,2409.24,2407.74,2409.19,81.4361
1788316560000,2409.19,2410.53,2408.66,2409.22,365.7346
1788316620000,2409.21,2409.9,2407.26,2407.26,279.2949
1788316680000,2407.25,2408.52,2406.75,2408.52,218.8199
1788316740000,2408.54,2408.89,2407.4,2407.4,69.4242
1788316800000,2407.41,2408.21,2407.38,2407.38,68.7152
1788316860000,2407.39,2407.39,2405.8,2405.8,93.4212
1788316920000,2405.8,2406.25,2405,2405,252.742
1788316980000,2405,2405.85,2404.49,2405.75,163.0003
1788317040000,2405.75,2407.25,2405.33,2406.96,237.4957
1788317100000,2406.96,2407.24,2406.51,2407.24,73.131
1788317160000,2407.24,2407.66,2406.31,2406.31,86.9758
1788317220000,2406.32,2407.61,2406.32,2407.13,45.2521
1788317280000,2407.12,2407.46,2406.98,2407.21,60.2943
1788317340000,2407.21,2407.72,2406.95,2407.71,67.5745
1788317400000,2407.7,2407.7,2406.81,2406.81,85.9809
1788317460000,2406.8,2407.98,2406.26,2407.98,57.6463
1788317520000,2407.97,2408.33,2407.63,2407.63,60.448
1788317580000,2407.64,2408.15,2407.63,2407.94,92.4909
1788317640000,2407.93,2408.47,2407.84,2407.84,55.1035
1788317700000,2407.84,2408.66,2407.07,2408.66,163.0251
1788317760000,2408.66,2408.66,2407.85,2407.86,48.5224
1788317820000,2407.86,2409.43,2407.85,2409.3,45.2656
1788317880000,2409.3,2409.3,2407.83,2408.94,200.5809
1788317940000,2408.95,2409.93,2408.94,2409.92,95.8291
1788318000000,2409.93,2409.93,2408.64,2409.64,56.0179
1788318060000,2409.64,2412,2409.64,2411.32,457.7875
1788318120000,2411.31,2411.32,2409.85,2409.85,54.9409
1788318180000,2409.86,2411.47,2409.85,2411.47,62.2964
1788318240000,2411.48,2411.88,2411.31,2411.87,83.7971
1788318300000,2411.88,2412,2411.25,2411.69,98.6277
1788318360000,2411.69,2412,2410.19,2411.94,173.4266
1788318420000,2411.93,2412.29,2411.7,2411.92,271.9966
1788318480000,2411.93,2412.81,2411.92,2412.35,513.0793
1788318540000,2412.35,2414.61,2411.88,2412.04,274.1792
1788318600000,2412.04,2415.91,2412.04,2414.86,539.7105
1788318660000,2414.86,2420.56,2414.86,2415.66,750.9992
1788318720000,2415.66,2416.25,2414.21,2415.46,239.1703
1788318780000,2415.45,2415.99,2414.65,2414.9,276.9998
1788318840000,2414.89,2415.61,2414.31,2415.61,199.1994
1788318900000,2415.62,2416.45,2414.88,2414.88,120.6562
1788318960000,2414.88,2414.88,2412.8,2414.01,1119.235
1788319020000,2414.01,2417.28,2414.01,2417.05,245.6656
1788319080000,2417.05,2418.33,2416.7,2417.73,176.7161
1788319140000,2417.73,2419.62,2416.18,2416.18,218.5171
1788319200000,2416.19,2419.49,2416.18,2418.51,529.8124
1788319260000,2418.51,2419.01,2417.97,2418.38,149.3731
1788319320000,2418.39,2418.39,2417.52,2417.71,64.9225
1788319380000,2417.7,2418.05,2417.14,2417.34,91.929
1788319440000,2417.34,2417.85,2417.34,2417.85,44.8991
1788319500000,2417.85,2422.66,2417.69,2422.01,791.066
1788319560000,2422,2424.3,2422,2422.94,546.7835
1788319620000,2422.94,2422.94,2420.55,2421.47,201.559
1788319680000,2421.48,2421.48,2421,2421.11,29.3117
1788319740000,2421.12,2421.38,2420,2420,125.8647
1788319800000,2420,2420.3,2418.7,2418.7,168.1217
1788319860000,2418.71,2418.71,2417.72,2417.72,71.1593
1788319920000,2417.72,2418.16,2417.01,2417.49,175.8413
1788319980000,2417.5,2417.5,2416.56,2416.67,97.2863
1788320040000,2416.67,2416.74,2416.02,2416.74,83.9534
1788320100000,2416.73,2417,2416.04,2416.83,41.673
1788320160000,2416.8,2416.8,2415.29,2416.37,105.2888
1788320220000,2416.37,2416.87,2416.36,2416.87,45.5733
1788320280000,2416.87,2416.99,2415.32,2415.64,178.2813
1788320340000,2415.64,2419.53,2415.64,2419.53,101.9185
1788320400000,2419.53,2419.53,2417.39,2417.39,55.6269
1788320460000,2417.39,2418.55,2417.1,2417.1,77.0261
1788320520000,2417.08,2417.08,2415.09,2415.36,165.8272
1788320580000,2415.36,2415.36,2413.92,2414.47,303.4496
1788320640000,2414.47,2416.15,2414.28,2414.77,279.9287
1788320700000,2414.76,2417.24,2414.76,2417.14,131.0793
1788320760000,2417.14,2417.14,2415.48,2415.65,92.3634
1788320820000,2415.66,2416.35,2415.63,2415.63,78.9859
1788320880000,2415.62,2416.33,2414.92,2415.25,183.1516
1788320940000,2415.26,2416.84,2415.26,2416.83,129.0247
1788321000000,2416.83,2416.84,2414.46,2414.87,327.4741
1788321060000,2414.87,2414.87,2413.23,2413.29,100.0258
1788321120000,2413.28,2414.68,2413.28,2414.19,80.0749
1788321180000,2414.18,2414.42,2414.18,2414.42,25.2107
1788321240000,2414.41,2414.44,2414.04,2414.44,53.1663
1788321300000,2414.44,2414.7,2413.69,2413.69,52.8839
1788321360000,2413.69,2413.7,2412.04,2412.05,154.4825
1788321420000,2412.04,2413.96,2412.04,2413.96,220.671
1788321480000,2413.95,2414.88,2413.95,2414.87,34.1006
1788321540000,2414.88,2414.88,2414.41,2414.42,29.5383
1788321600000,2414.42,2414.42,2412.88,2412.89,60.5847
1788321660000,2412.88,2412.9,2412.05,2412.65,123.4795
1788321720000,2412.64,2412.84,2412.32,2412.82,197.2959
1788321780000,2412.82,2415.46,2412.82,2415.23,211.2779
1788321840000,2415.22,2415.23,2414.66,2414.67,53.2933
1788321900000,2414.66,2415.03,2412.84,2412.85,394.8345
1788321960000,2412.85,2413.46,2412.85,2413.46,40.6784
1788322020000,2413.45,2413.46,2412.04,2412.04,155.6669
1788322080000,2412.04,2412.05,2411.22,2411.95,115.8819
1788322140000,2411.95,2412.06,2408.1,2408.88,363.5715
1788322200000,2408.88,2409.28,2408.46,2408.9,90.709
1788322260000,2408.9,2409.17,2407.88,2407.89,84.3023
1788322320000,2407.88,2408.14,2407.88,2407.95,54.0501
1788322380000,2407.95,2408.12,2406.52,2408.12,241.1781
1788322440000,2408.12,2408.89,2408.12,2408.17,195.6209
1788322500000,2408.16,2409.45,2408.16,2409.45,88.1817
1788322560000,2409.46,2409.7,2405.44,2405.78,189.7267
1788322620000,2405.78,2407.72,2405.78,2407.72,68.3197
1788322680000,2407.71,2409.46,2407.7,2409.45,55.8686
1788322740000,2409.46,2410.31,2409.27,2410.3,130.2238
1788322800000,2410.31,2410.68,2410.31,2410.68,65.3874
1788322860000,2410.69,2411.75,2410.67,2411.2,137.2609
1788322920000,2411.21,2412.26,2409.68,2409.68,283.9317
1788322980000,2409.68,2410.88,2409.68,2410.75,65.864
1788323040000,2410.74,2412.2,2410.74,2412.09,64.0887
1788323100000,2412.09,2412.16,2411.62,2411.73,95.1103
1788323160000,2411.72,2412.03,2410.91,2412.02,182.6913
1788323220000,2412.03,2412.55,2412.03,2412.54,66.6607
1788323280000,2412.55,2413.43,2412.53,2412.54,96.1324
1788323340000,2412.53,2413.08,2412.26,2412.44,124.2251
1788323400000,2412.45,2413.72,2412.01,2413.71,156.1307
1788323460000,2413.71,2414.53,2413.28,2414.53,340.9669
1788323520000,2414.53,2415.3,2414.52,2415.16,157.9253
1788323580000,2415.16,2415.63,2413.8,2413.82,178.4659
1788323640000,2413.82,2415.37,2413.82,2415.37,101.655
1788323700000,2415.36,2415.36,2413.9,2414.2,284.2816
1788323760000,2414.21,2414.36,2414.17,2414.17,73.1135
1788323820000,2414.18,2415.34,2414.17,2414.18,139.7004
1788323880000,2414.18,2415,2414.18,2415,132.0861
1788323940000,2415,2416,2415,2416,56.6444
1788324000000,2416,2416.46,2414.65,2414.65,129.6551
1788324060000,2414.65,2415.6,2414.3,2414.79,102.8833
1788324120000,2414.79,2415.53,2414.79,2415.53,29.6467
1788324180000,2415.52,2415.84,2415.15,2415.37,148.8801
1788324240000,2415.37,2416,2415.36,2415.69,45.1864
1788324300000,2415.69,2415.94,2414.8,2415.44,56.679
1788324360000,2415.44,2415.93,2415.43,2415.66,37.9101
1788324420000,2415.65,2415.77,2415.65,2415.67,56.5851
1788324480000,2415.66,2416.07,2415.66,2416.06,74.5146
1788324540000,2416.07,2416.49,2415.82,2415.83,173.3751
1788324600000,2415.83,2416.17,2415.11,2415.11,96.7049
1788324660000,2415.12,2415.12,2414.65,2415.06,106.942
1788324720000,2415.05,2415.36,2414.68,2414.68,48.9008
1788324780000,2414.69,2415.25,2414.68,2414.97,54.4266
1788324840000,2414.97,2415.84,2414.72,2414.73,70.226
1788324900000,2414.73,2414.73,2414.24,2414.31,163.3737
1788324960000,2414.31,2415.63,2414.3,2415.63,80.8777
1788325020000,2415.63,2415.93,2415.51,2415.52,16.8862
1788325080000,2415.51,2415.71,2414.64,2415.71,95.7028
1788325140000,2415.71,2415.83,2415.05,2415.23,53.0727
1788325200000,2415.23,2416.33,2415.05,2415.36,84.6721
1788325260000,2415.36,2415.36,2413.81,2413.82,41.7913
1788325320000,2413.81,2413.81,2411.92,2411.93,233.3586
1788325380000,2411.93,2412.77,2411.92,2412.77,44.5008
1788325440000,2412.77,2413.56,2411.85,2411.86,303.6173
1788325500000,2411.86,2412.37,2410.16,2410.68,136.8788
1788325560000,2410.68,2411.06,2409.63,2409.63,69.1662
1788325620000,2409.63,2410.69,2409.45,2410.61,145.8001
1788325680000,2410.61,2411.33,2410.44,2411.23,100.2878
1788325740000,2411.23,2411.58,2410.77,2410.77,47.9366
1788325800000,2410.78,2411.61,2410.77,2411.25,96.5729
1788325860000,2411.25,2412.45,2411.07,2411.49,230.0878
1788325920000,2411.49,2411.92,2411.45,2411.91,59.9734
1788325980000,2411.92,2415.15,2411.66,2415.15,72.1358
1788326040000,2415.15,2415.32,2414.75,2415.3,70.9039
1788326100000,2415.3,2417.05,2415.08,2416.6,134.2158
1788326160000,2416.6,2421.09,2416.59,2421.08,526.4794
1788326220000,2421.08,2423.23,2418.23,2420.47,448.0248
1788326280000,2420.46,2420.47,2417.7,2417.71,171.5216
1788326340000,2417.71,2418.71,2417.71,2418.53,39.6827
1788326400000,2418.54,2420.02,2418.54,2420.02,100.1404
1788326460000,2420.01,2421.78,2419.75,2420.71,114.239
1788326520000,2420.71,2420.71,2419.4,2420.07,86.8313
1788326580000,2420.07,2421.13,2418.97,2420.64,62.3806
1788326640000,2420.64,2421.45,2420.04,2421.42,85.5517
1788326700000,2421.42,2421.67,2420,2420.41,86.4172
1788326760000,2420.41,2420.86,2419.64,2419.9,66.509
1788326820000,2419.91,2421.4,2419.89,2421.4,100.5163
1788326880000,2421.4,2422.5,2421.06,2422.5,118.5212
1788326940000,2422.49,2423.33,2422.23,2422.52,115.7892
1788327000000,2422.52,2423.23,2420.03,2420.58,90.0394
1788327060000,2420.58,2421.79,2420.56,2421.07,59.4618
1788327120000,2421.08,2422.14,2420.78,2421.1,77.4598
1788327180000,2421.1,2421.1,2419.74,2419.74,54.2367
1788327240000,2419.74,2420.42,2419.55,2419.55,133.4739
1788327300000,2419.55,2420.67,2419.54,2420.02,45.7815
1788327360000,2420.02,2420.46,2419.77,2420.45,35.7975
1788327420000,2420.45,2421.23,2419.74,2419.74,338.3757
1788327480000,2419.73,2420.22,2419.73,2420.09,71.3988
1788327540000,2420.09,2420.44,2420.09,2420.36,20.4431
1788327600000,2420.37,2421.06,2420.36,2421.01,34.9454
1788327660000,2421,2421.61,2421,2421.33,42.0022
1788327720000,2421.33,2422.38,2421.33,2421.85,102.1121
1788327780000,2421.85,2421.85,2420,2421.43,266.29
1788327840000,2421.44,2421.44,2420.51,2420.77,60.9838
1788327900000,2420.78,2421.79,2420.77,2421.06,26.6941
1788327960000,2421.07,2422.8,2420.9,2422.73,123.907
1788328020000,2422.73,2423.94,2422.67,2423.91,209.8211
1788328080000,2423.91,2425,2422.29,2423.71,293.7047
1788328140000,2423.72,2424.31,2423.68,2423.68,45.1958
1788328200000,2423.68,2423.95,2422.04,2422.35,51.2473
1788328260000,2422.35,2423.39,2422.35,2423.34,31.5061
1788328320000,2423.34,2423.35,2423.14,2423.24,32.2657
1788328380000,2423.23,2423.35,2422.34,2423.35,77.4854
1788328440000,2423.36,2423.48,2422.35,2422.88,60.3163
1788328500000,2422.88,2423.2,2420.46,2422.3,194.0672
1788328560000,2422.3,2422.73,2421.68,2421.68,57.4824
1788328620000,2421.67,2422.05,2420.74,2421.14,86.3834
1788328680000,2421.14,2422.01,2421.13,2422.01,24.1239
1788328740000,2422,2422.63,2421.76,2422.53,152.1808
1788328800000,2422.53,2423.47,2422.44,2423.03,47.8501
1788328860000,2423.02,2424.18,2423.02,2424.18,211.0378
1788328920000,2424.19,2424.72,2423,2423.01,201.567
1788328980000,2423,2423,2420.52,2421.45,353.5922
1788329040000,2421.45,2423.16,2421.45,2421.61,87.3969
1788329100000,2421.62,2422.4,2421.62,2422.4,42.3264
1788329160000,2422.4,2422.42,2419.31,2419.74,199.0907
1788329220000,2419.74,2421.67,2419.71,2421.36,167.8333
1788329280000,2421.36,2421.54,2419.72,2420.31,172.5398
1788329340000,2420.31,2420.65,2420.31,2420.55,32.1392
1788329400000,2420.54,2421.42,2420.53,2420.64,102.5526
1788329460000,2420.64,2422.53,2420.64,2422.29,164.4227
1788329520000,2422.28,2422.39,2422.01,2422.38,81.5187
1788329580000,2422.38,2422.53,2418.93,2418.93,265.5862
1788329640000,2418.92,2419.48,2418.48,2418.55,137.7352
1788329700000,2418.55,2419.91,2418.55,2419.7,34.4196
1788329760000,2419.7,2419.94,2419.53,2419.78,39.8942
1788329820000,2419.78,2419.93,2418.1,2418.78,92.9118
1788329880000,2418.78,2418.78,2417.85,2417.86,126.1462
1788329940000,2417.85,2417.96,2416.4,2416.41,505.6775
1788330000000,2416.41,2418.41,2416.4,2418.4,197.5733
1788330060000,2418.4,2418.41,2417.76,2417.76,32.6721
1788330120000,2417.76,2417.77,2417,2417.12,59.1196
1788330180000,2417.12,2417.57,2417.1,2417.57,13.114
1788330240000,2417.56,2418.43,2417.56,2418.43,19.8339
1788330300000,2418.43,2420.35,2418.42,2420.34,31.4988
1788330360000,2420.35,2420.86,2420.35,2420.86,58.3454
1788330420000,2420.86,2422.53,2419.89,2420.13,358.138
1788330480000,2420.14,2421.29,2420.1,2420.31,95.6597
1788330540000,2420.31,2420.31,2418.26,2418.3,25.0217
1788330600000,2418.3,2418.3,2415.63,2417.07,371.9223
1788330660000,2417.08,2417.65,2416.17,2416.61,107.2453
1788330720000,2416.62,2417.13,2416.17,2416.39,100.9115
1788330780000,2416.39,2416.8,2415.89,2416.02,77.255
1788330840000,2416.03,2418.14,2414.98,2417.96,415.9654
1788330900000,2417.96,2417.96,2417.13,2417.84,41.9537
1788330960000,2417.83,2418.59,2417.83,2418.22,243.1326
1788331020000,2418.21,2418.21,2417,2417.6,36.4687
1788331080000,2417.61,2418.71,2417.61,2418.7,46.7075
1788331140000,2418.7,2420.34,2418.7,2420.33,161.5307
1788331200000,2420.34,2423.57,2420.34,2423.36,257.1753
1788331260000,2423.35,2423.36,2421.54,2422.85,187.1977
1788331320000,2422.84,2423.6,2422.82,2423.34,111.9241
1788331380000,2423.34,2425.5,2423.34,2423.64,510.6574
1788331440000,2423.56,2423.59,2422.17,2422.44,107.7036
1788331500000,2422.44,2422.44,2421.5,2421.65,263.9446
1788331560000,2421.66,2422.89,2421.59,2421.6,67.816
1788331620000,2421.6,2422.2,2421.36,2422.01,99.212
1788331680000,2422.01,2422.46,2421.6,2422.03,65.8438
1788331740000,2422.03,2422.32,2421.17,2421.17,113.4415
1788331800000,2421.16,2421.16,2420.78,2421.13,64.1267
1788331860000,2421.14,2421.79,2420.06,2420.28,81.0324
1788331920000,2420.28,2420.66,2419.41,2419.41,96.9592
1788331980000,2419.42,2419.42,2418.3,2418.6,137.8607
1788332040000,2418.59,2418.76,2418.55,2418.56,46.5323
1788332100000,2418.55,2418.55,2417.04,2417.04,192.2146
1788332160000,2417.03,2419.19,2417.03,2419.18,421.886
1788332220000,2419.18,2419.67,2419.18,2419.55,23.5271
1788332280000,2419.56,2420.3,2419.54,2420.26,34.3558
1788332340000,2420.26,2420.91,2420.26,2420.73,46.0628
1788332400000,2420.73,2422.28,2420.44,2422.08,92.5501
1788332460000,2422.07,2422.07,2421.67,2421.78,33.2279
1788332520000,2421.78,2422.28,2421.78,2421.89,42.4575
1788332580000,2421.88,2422.25,2421.01,2422.23,55.6257
1788332640000,2422.23,2422.24,2421.06,2421.07,41.781
1788332700000,2421.06,2421.41,2421.03,2421.41,60.1932
1788332760000,2421.41,2421.62,2421.4,2421.43,25.4577
1788332820000,2421.43,2421.79,2421.43,2421.58,31.1049
1788332880000,2421.57,2421.63,2420.87,2421.11,55.232
1788332940000,2421.11,2422.32,2421.11,2422.32,80.1621
1788333000000,2422.32,2423.99,2422.32,2423.99,127.9264
1788333060000,2423.99,2428.77,2423.99,2426.55,1192.3459
1788333120000,2426.55,2427.77,2426.51,2427.49,117.3158
1788333180000,2427.5,2429,2427.5,2428.11,157.3433
1788333240000,2428.11,2428.11,2425.48,2426.69,179.0361
1788333300000,2426.69,2426.69,2425.23,2425.23,116.85
1788333360000,2425.23,2425.75,2423.79,2424.59,124.3213
1788333420000,2424.6,2424.6,2423.42,2423.43,109.3014
1788333480000,2423.43,2424.03,2423.25,2423.77,107.2921
1788333540000,2423.78,2424.87,2423.78,2424.05,89.8066
1788333600000,2424.04,2424.85,2424,2424.01,116.678
1788333660000,2424.01,2425.99,2424,2425.3,117.9849
1788333720000,2425.29,2425.29,2423.25,2423.26,86.016
1788333780000,2423.25,2424,2422.7,2423.17,72.4608
1788333840000,2423.17,2423.5,2422.36,2422.79,111.1004
1788333900000,2422.78,2422.78,2421.24,2421.24,107.2571
1788333960000,2421.25,2422.4,2421.24,2422.11,82.0294
1788334020000,2422.11,2423.28,2422,2422,41.1407
1788334080000,2422.01,2422.13,2421.95,2421.96,75.5816
1788334140000,2421.96,2422.24,2421.78,2421.79,39.7866
1788334200000,2421.79,2422.24,2421.78,2422.24,31.5562
1788334260000,2422.24,2423.79,2422.24,2423.73,36.6286
1788334320000,2423.74,2423.82,2423.06,2423.36,140.974
1788334380000,2423.37,2423.37,2420.88,2421.79,89.5176
1788334440000,2421.78,2422.3,2421.45,2422.29,41.0642
1788334500000,2422.3,2423.26,2422.26,2422.52,93.6729
1788334560000,2422.51,2422.52,2421.89,2421.89,19.848
1788334620000,2421.89,2422.97,2421.89,2422.87,61.8452
1788334680000,2422.87,2423.05,2422.83,2422.83,67.7193
1788334740000,2422.84,2423,2422.3,2422.99,75.1429
1788334800000,2422.99,2423.77,2422.98,2423.77,34.8202
1788334860000,2423.77,2424.25,2423.47,2424.25,76.7225
1788334920000,2424.26,2424.8,2424.25,2424.71,106.8583
1788334980000,2424.71,2424.72,2423.02,2423.02,71.0276
1788335040000,2423.03,2423.23,2421.74,2421.74,112.8281
1788335100000,2421.74,2422.78,2420.88,2421.82,175.8561
1788335160000,2421.83,2422.65,2421.63,2422.65,59.9687
1788335220000,2422.66,2422.85,2422.24,2422.83,83.5922
1788335280000,2422.84,2422.84,2421.73,2422.03,96.8358
1788335340000,2422.03,2422.68,2421.13,2421.28,152.2136
1788335400000,2421.28,2422.67,2421.28,2422.18,66.9675
1788335460000,2422.18,2422.29,2421.61,2422.28,64.3243
1788335520000,2422.29,2422.29,2419.16,2419.52,114.0225
1788335580000,2419.52,2420.15,2419.52,2420.14,42.4204
1788335640000,2420.15,2420.15,2419.8,2420.04,38.1542
1788335700000,2420.05,2421,2420.04,2421,19.1193
1788335760000,2421,2421.23,2420.1,2421.23,173.6256
1788335820000,2421.23,2421.31,2419.08,2419.58,125.6868
1788335880000,2419.58,2419.58,2417.6,2417.63,337.1997
1788335940000,2417.64,2417.91,2417.63,2417.9,28.9858
1788336000000,2417.9,2418.71,2417.9,2418.7,72.5449
1788336060000,2418.7,2419.17,2416.63,2416.64,140.6361
1788336120000,2416.63,2417.13,2415.2,2415.21,146.0603
1788336180000,2415.2,2417.41,2414.89,2417.4,174.7314
1788336240000,2417.41,2419.14,2417.4,2419.14,79.4895
1788336300000,2419.14,2419.78,2418.46,2419.63,108.1206
1788336360000,2419.63,2420.32,2419.06,2420.31,38.8396
1788336420000,2420.31,2420.51,2418.6,2420.32,708.62
1788336480000,2420.32,2420.64,2418.82,2419,89.0772
1788336540000,2419,2419.15,2418.27,2419.15,57.597
1788336600000,2419.15,2419.91,2419.14,2419.48,61.8081
1788336660000,2419.48,2419.48,2417.1,2417.1,540.3163
1788336720000,2417.11,2417.11,2416.19,2417.03,83.2751
1788336780000,2417.03,2418,2417,2418,149.6042
1788336840000,2417.99,2418.34,2417.12,2417.45,47.6635
1788336900000,2417.46,2418.71,2417.46,2418.4,71.8208
1788336960000,2418.4,2419.1,2417.46,2419.09,127.762
1788337020000,2419.1,2419.1,2417.62,2417.62,26.2588
1788337080000,2417.62,2417.99,2417.03,2417.03,49.1955
1788337140000,2417,2417.01,2415.82,2415.82,15.7794
1788337200000,2415.82,2415.82,2414.89,2414.9,129.1724
1788337260000,2414.89,2415,2414,2414.4,260.2215
1788337320000,2414.4,2414.41,2413.63,2413.98,329.8946
1788337380000,2413.99,2414.73,2413.83,2414.35,300.4611
1788337440000,2414.36,2415.59,2414.35,2414.73,217.0243
1788337500000,2414.73,2415.25,2414.71,2415.25,157.1297
1788337560000,2415.25,2415.25,2414.86,2415.21,51.4998
1788337620000,2415.22,2416.02,2415.21,2416.02,29.797
1788337680000,2416.02,2416.27,2415.49,2415.5,21.2878
1788337740000,2415.5,2416.02,2414,2414.01,134.4597
1788337800000,2414,2414.01,2411,2411.75,755.4687
1788337860000,2411.75,2411.96,2410.5,2410.57,670.9207
1788337920000,2410.58,2410.58,2409.45,2409.45,88.8482
1788337980000,2409.45,2409.46,2407.88,2407.89,212.3433
1788338040000,2407.89,2408.24,2407.88,2407.89,30.8661
