timestamp,open,high,low,close,volume
1785985200000,0.008048,0.008486,0.008044,0.008261,100978096
1785986100000,0.008261,0.008539,0.008157,0.008467,43798108
1785987000000,0.008466,0.008481,0.008184,0.008275,58806924
1785987900000,0.00827,0.008423,0.007911,0.007985,53387069
1785988800000,0.007994,0.00803,0.007764,0.007951,64060415
1785989700000,0.007947,0.007998,0.00774,0.007785,35041671
1785990600000,0.007784,0.00789,0.007783,0.007851,21353003
1785991500000,0.007846,0.007846,0.007763,0.007808,10324247
1785992400000,0.007806,0.007808,0.007477,0.007578,68254023
1785993300000,0.007579,0.007624,0.007537,0.007577,14350735
1785994200000,0.007574,0.007577,0.007471,0.007493,26429016
1785995100000,0.007492,0.007549,0.007455,0.0075,15991616
1785996000000,0.007501,0.007555,0.007461,0.007481,20997365
1785996900000,0.007478,0.007531,0.007436,0.007527,15406955
1785997800000,0.007526,0.007558,0.00745,0.007494,15160820
1785998700000,0.007491,0.007566,0.007491,0.007494,11711906
1785999600000,0.007492,0.007576,0.007484,0.007542,13672417
1786000500000,0.007541,0.007588,0.007531,0.007583,5904534
1786001400000,0.007582,0.007586,0.007541,0.007555,8619029
1786002300000,0.007555,0.007683,0.007551,0.007683,27828374
1786003200000,0.007679,0.007682,0.007507,0.007509,20896660
1786004100000,0.007511,0.007555,0.007452,0.007525,21336668
1786005000000,0.007524,0.007586,0.007494,0.007547,15152601
1786005900000,0.007547,0.007655,0.007517,0.007622,10353443
1786006800000,0.007627,0.007656,0.007591,0.0076,13204098
1786007700000,0.007599,0.007623,0.007504,0.007582,15843069
1786008600000,0.007583,0.007678,0.007564,0.007615,16723677
1786009500000,0.007617,0.007791,0.007553,0.007749,29614502
1786010400000,0.007748,0.007748,0.007613,0.007616,15936914
1786011300000,0.007617,0.007678,0.007598,0.00766,8563874
1786012200000,0.00766,0.007721,0.00762,0.007665,7371339
1786013100000,0.007666,0.007699,0.007653,0.007678,4671152
1786014000000,0.007678,0.007713,0.0076,0.007676,10611992
1786014900000,0.007675,0.007719,0.00766,0.007692,7083007
1786015800000,0.007693,0.007705,0.007642,0.007692,9305730
1786016700000,0.007692,0.00771,0.007635,0.007637,8979094
1786017600000,0.007637,0.007682,0.007608,0.007678,9391169
1786018500000,0.007678,0.007705,0.007635,0.007651,6267609
1786019400000,0.007651,0.007665,0.007577,0.007608,9834256
1786020300000,0.007608,0.007639,0.007584,0.007591,4987916
1786021200000,0.007595,0.007595,0.007521,0.007526,8733332
1786022100000,0.007525,0.007547,0.007501,0.007506,7203046
1786023000000,0.007506,0.007507,0.00742,0.007459,17211688
1786023900000,0.007461,0.007481,0.007434,0.007455,11379495
1786024800000,0.007455,0.007481,0.007341,0.007472,21593659
1786025700000,0.007471,0.007514,0.007455,0.007487,10474467
1786026600000,0.007485,0.007502,0.007451,0.007472,9400798
1786027500000,0.007472,0.00754,0.007457,0.007521,8070060
1786028400000,0.007523,0.007599,0.007502,0.007555,10595196
1786029300000,0.007553,0.007618,0.007541,0.007588,7528806
1786030200000,0.007588,0.00761,0.007541,0.007609,6262090
1786031100000,0.00761,0.007622,0.007497,0.007519,8331401
1786032000000,0.00752,0.007607,0.007497,0.007583,8578476
1786032900000,0.007585,0.007642,0.00757,0.007588,5915680
1786033800000,0.007587,0.007636,0.007547,0.00756,7272814
1786034700000,0.007561,0.007579,0.00753,0.007544,6219579
1786035600000,0.007544,0.007547,0.007411,0.007436,17794669
1786036500000,0.007433,0.007447,0.0074,0.007422,4802238
1786037400000,0.007422,0.007454,0.007382,0.007391,7975893
1786038300000,0.007391,0.00745,0.007385,0.007396,5707662
1786039200000,0.007395,0.007405,0.007317,0.007323,10921218
1786040100000,0.007322,0.007335,0.007281,0.007313,7901464
1786041000000,0.007314,0.007325,0.007272,0.007304,11127706
1786041900000,0.007304,0.007357,0.007296,0.007321,8688950
1786042800000,0.007321,0.007328,0.007292,0.007322,5990489
1786043700000,0.007322,0.007336,0.007308,0.007331,3211894
1786044600000,0.00733,0.00733,0.007272,0.007274,5893439
1786045500000,0.007274,0.007283,0.007249,0.007275,9577169
1786046400000,0.007275,0.007335,0.007275,0.007317,6700226
1786047300000,0.007316,0.007316,0.007241,0.007261,4828773
1786048200000,0.00726,0.007299,0.007252,0.007258,4876482
1786049100000,0.007259,0.007273,0.007227,0.007263,4390503
1786050000000,0.007262,0.007293,0.007227,0.007268,4820133
1786050900000,0.007268,0.007321,0.007254,0.007276,6714218
1786051800000,0.007276,0.00729,0.007264,0.007266,2973167
1786052700000,0.007265,0.007265,0.007239,0.007256,2360754
1786053600000,0.007256,0.007277,0.007243,0.007251,4127689
1786054500000,0.007251,0.007274,0.007246,0.007257,2991442
1786055400000,0.007257,0.007266,0.007184,0.007206,11136654
1786056300000,0.007207,0.007231,0.007191,0.007192,3000192
1786057200000,0.007192,0.007211,0.007158,0.007205,6690414
1786058100000,0.007205,0.007228,0.007175,0.007195,6792185
1786059000000,0.007195,0.007195,0.00716,0.007172,6082084
1786059900000,0.007173,0.007264,0.007167,0.007228,7630608
1786060800000,0.007228,0.007305,0.007174,0.007253,17204788
1786061700000,0.007254,0.00736,0.007141,0.007216,26591263
1786062600000,0.007217,0.007255,0.007171,0.007181,11086557
1786063500000,0.00718,0.007235,0.00717,0.007221,4404263
1786064400000,0.007222,0.007287,0.0072,0.00723,7135527
1786065300000,0.007229,0.00734,0.007183,0.007217,16219136
1786066200000,0.007216,0.007435,0.007207,0.007389,24629478
1786067100000,0.007389,0.007516,0.007342,0.007485,14115891
1786068000000,0.007484,0.007587,0.007446,0.00754,19879997
1786068900000,0.007539,0.00756,0.007449,0.00751,15098870
1786069800000,0.007511,0.007595,0.00748,0.007546,11134037
1786070700000,0.007549,0.007551,0.007359,0.007449,12504163
1786071600000,0.007449,0.007526,0.007424,0.007515,7015212
1786072500000,0.007518,0.007732,0.007515,0.007632,24356100
1786073400000,0.007627,0.007811,0.007615,0.007793,10444836
1786074300000,0.007796,0.007851,0.007648,0.007728,19480769
1786075200000,0.007723,0.007748,0.007506,0.007508,24048356
1786076100000,0.007507,0.007512,0.007412,0.007436,13461193
1786077000000,0.007433,0.007475,0.0074,0.00745,7670185
1786077900000,0.007451,0.007532,0.007431,0.007453,5463149
1786078800000,0.007453,0.007514,0.007412,0.007457,6122634
1786079700000,0.007458,0.007507,0.0074,0.00741,4875435
1786080600000,0.007409,0.007415,0.007328,0.00736,8952757
1786081500000,0.007363,0.007457,0.007359,0.007381,7216422
1786082400000,0.00738,0.007415,0.00733,0.00733,3647531
1786083300000,0.00733,0.007365,0.007285,0.007327,3145380
1786084200000,0.007329,0.007346,0.007283,0.00732,2915938
1786085100000,0.00732,0.007335,0.007289,0.00731,2988387
1786086000000,0.007313,0.007357,0.0073,0.007321,3036819
1786086900000,0.007321,0.007345,0.007291,0.007329,3037159
1786087800000,0.00732,0.00734,0.007162,0.007264,11780361
1786088700000,0.007264,0.007312,0.007242,0.007278,6556439
1786089600000,0.007278,0.007318,0.007216,0.007244,11708708
1786090500000,0.007244,0.007269,0.007222,0.00725,2615121
1786091400000,0.007253,0.007297,0.00724,0.007271,2290838
1786092300000,0.007271,0.007308,0.007235,0.007246,2838102
1786093200000,0.007247,0.007314,0.007226,0.007303,3618801
1786094100000,0.007303,0.00731,0.007238,0.007246,3906268
1786095000000,0.007243,0.007355,0.007234,0.007289,15700361
1786095900000,0.007293,0.007454,0.007276,0.007374,6284441
1786096800000,0.007373,0.007401,0.007348,0.007367,3121317
1786097700000,0.007368,0.00742,0.007326,0.007379,4918051
1786098600000,0.007379,0.00743,0.007278,0.007318,10909963
1786099500000,0.007316,0.007342,0.007273,0.007298,4758876
1786100400000,0.007298,0.00731,0.007236,0.007257,3346892
1786101300000,0.007255,0.007296,0.007237,0.007296,4170218
1786102200000,0.007295,0.007313,0.007239,0.007278,3086857
1786103100000,0.007278,0.007314,0.007274,0.007299,1761755
1786104000000,0.007301,0.007306,0.007238,0.007254,6444558
1786104900000,0.007253,0.007267,0.007207,0.007216,4862732
1786105800000,0.007216,0.007263,0.007213,0.007217,6131579
1786106700000,0.007217,0.00722,0.007187,0.007199,3209203
1786107600000,0.007199,0.007312,0.007194,0.007234,11955257
1786108500000,0.007234,0.007257,0.007226,0.007243,2508069
1786109400000,0.007242,0.007307,0.007226,0.007288,3802435
1786110300000,0.007289,0.007311,0.007252,0.007311,2156270
1786111200000,0.007311,0.007333,0.00727,0.00727,3182915
1786112100000,0.007269,0.007317,0.007257,0.007317,2686606
1786113000000,0.007313,0.007333,0.007252,0.007253,2335494
1786113900000,0.007254,0.007328,0.007242,0.007313,1791855
1786114800000,0.00731,0.007338,0.007279,0.007334,2285949
1786115700000,0.007333,0.007333,0.007271,0.007305,1961255
1786116600000,0.007306,0.007324,0.007285,0.007312,3533686
1786117500000,0.00731,0.007351,0.007262,0.007297,2859884
1786118400000,0.007297,0.007312,0.007267,0.007312,3107776
1786119300000,0.007312,0.007312,0.007272,0.007304,2971116
1786120200000,0.0073,0.007348,0.007292,0.007302,3091644
1786121100000,0.007303,0.007317,0.007272,0.007287,1604109
1786122000000,0.007286,0.007309,0.007277,0.007297,1637043
1786122900000,0.007291,0.007291,0.007218,0.007221,1826432
1786123800000,0.007222,0.007265,0.007217,0.007262,2345400
1786124700000,0.007263,0.007271,0.007234,0.007238,1132178
1786125600000,0.007238,0.007297,0.007229,0.007291,2231898
1786126500000,0.007293,0.007326,0.00727,0.007305,1844561
1786127400000,0.007302,0.00734,0.007276,0.007303,2616838
1786128300000,0.007298,0.007325,0.007285,0.007291,1231048
1786129200000,0.007289,0.00733,0.007283,0.007327,1809518
1786130100000,0.007324,0.007337,0.007293,0.007315,2500221
1786131000000,0.007314,0.007332,0.007285,0.007326,2651081
1786131900000,0.007324,0.007329,0.007309,0.007313,1390913
1786132800000,0.00731,0.00731,0.007261,0.00729,3892835
1786133700000,0.007289,0.007312,0.007277,0.007286,2316642
1786134600000,0.007286,0.007294,0.007248,0.007286,3268951
1786135500000,0.007287,0.00733,0.007287,0.00732,1140904
1786136400000,0.007318,0.007336,0.007308,0.007322,1093161
1786137300000,0.007325,0.007329,0.007261,0.007284,1517334
1786138200000,0.007283,0.007327,0.007269,0.007283,1455309
1786139100000,0.007282,0.007302,0.007265,0.007285,2155113
1786140000000,0.007285,0.007403,0.007285,0.007401,2409566
1786140900000,0.0074,0.007557,0.007394,0.007488,4540468
1786141800000,0.007486,0.007503,0.007423,0.007436,4334923
1786142700000,0.007435,0.00744,0.007407,0.007418,2622952
1786143600000,0.007419,0.007433,0.007392,0.007408,1821465
1786144500000,0.007403,0.007404,0.007372,0.007393,1531230
1786145400000,0.007393,0.007393,0.007329,0.007342,2872075
1786146300000,0.007343,0.007356,0.007308,0.00735,3333671
1786147200000,0.007351,0.00737,0.007268,0.007333,5682316
1786148100000,0.007333,0.007333,0.007276,0.007287,1785419
1786149000000,0.007287,0.007311,0.007234,0.007304,6700511
1786149900000,0.007303,0.00732,0.007275,0.007303,1802238
1786150800000,0.007301,0.00731,0.007196,0.007244,4747893
1786151700000,0.007245,0.007264,0.007208,0.007253,2766002
1786152600000,0.007252,0.007257,0.007217,0.007232,1794070
1786153500000,0.007224,0.007251,0.007198,0.007246,819618
1786154400000,0.007246,0.007252,0.007185,0.007235,1582846
1786155300000,0.007233,0.007252,0.007185,0.007219,2884924
1786156200000,0.007218,0.00725,0.007213,0.007243,1739330
1786157100000,0.007242,0.007249,0.007217,0.007221,1392556
1786158000000,0.00722,0.007252,0.007215,0.007252,1253703
1786158900000,0.007252,0.007268,0.007213,0.007246,3171954
1786159800000,0.007244,0.007263,0.00724,0.007246,1283688
1786160700000,0.007246,0.007343,0.007246,0.007289,3759322
1786161600000,0.007288,0.007329,0.007274,0.0073,2738540
1786162500000,0.0073,0.007328,0.007242,0.007251,5711565
1786163400000,0.00725,0.007273,0.007233,0.007248,1882957
1786164300000,0.007245,0.007257,0.007231,0.007257,814568
1786165200000,0.007256,0.007274,0.007251,0.00726,1212938
1786166100000,0.00726,0.007312,0.007254,0.007283,3555177
1786167000000,0.007283,0.007335,0.007278,0.007333,1700768
1786167900000,0.007332,0.007352,0.007319,0.00733,4012421
1786168800000,0.007329,0.007365,0.007314,0.007338,5433374
1786169700000,0.007337,0.007349,0.007325,0.007336,2165673
1786170600000,0.007336,0.007353,0.007314,0.007342,2695424
1786171500000,0.007342,0.007487,0.007342,0.007412,10987067
1786172400000,0.00741,0.007488,0.007404,0.007463,5905113
1786173300000,0.00746,0.007484,0.007436,0.007446,3040104
1786174200000,0.007446,0.007489,0.007382,0.007471,3812629
1786175100000,0.007465,0.007472,0.007422,0.007454,1864281
1786176000000,0.007454,0.007492,0.007443,0.007478,2003686
1786176900000,0.007478,0.007498,0.007433,0.007477,3604395
1786177800000,0.007479,0.007554,0.007476,0.00753,4331483
1786178700000,0.007535,0.007548,0.007504,0.007536,2334569
1786179600000,0.007536,0.007598,0.007491,0.007508,7908915
1786180500000,0.007507,0.007526,0.007438,0.007459,4715606
1786181400000,0.007462,0.007535,0.007443,0.007468,3300803
1786182300000,0.007469,0.007542,0.007449,0.007528,2516173
1786183200000,0.007531,0.007615,0.007519,0.007608,7049170
1786184100000,0.007613,0.007633,0.007561,0.007589,4383464
1786185000000,0.007589,0.007637,0.007588,0.007598,2755059
1786185900000,0.007598,0.007619,0.00756,0.007586,1481723
1786186800000,0.007586,0.007717,0.007575,0.007607,6759267
1786187700000,0.007609,0.007631,0.007574,0.007617,4838459
1786188600000,0.007618,0.007701,0.007601,0.007636,4908506
1786189500000,0.007637,0.007832,0.007625,0.00772,20139967
1786190400000,0.007713,0.007859,0.007707,0.00772,10878184
1786191300000,0.00772,0.007764,0.007676,0.007691,2856181
1786192200000,0.007695,0.007759,0.007583,0.007606,8099036
1786193100000,0.007607,0.007612,0.007508,0.007541,7633786
1786194000000,0.007541,0.007548,0.007503,0.007539,3939686
1786194900000,0.007538,0.007552,0.007509,0.007524,1286070
1786195800000,0.007524,0.007559,0.007519,0.007544,2115688
1786196700000,0.007547,0.007571,0.00754,0.007558,1127537
1786197600000,0.007556,0.007612,0.007534,0.007597,3364039
1786198500000,0.007602,0.007616,0.007572,0.007582,1268020
1786199400000,0.007578,0.007578,0.00748,0.007485,5820931
1786200300000,0.007486,0.007528,0.007479,0.007523,2006366
1786201200000,0.007521,0.007528,0.007421,0.007507,5894118
1786202100000,0.007504,0.007531,0.007495,0.007504,1480367
1786203000000,0.007509,0.007531,0.007484,0.007524,1280677
1786203900000,0.00753,0.007559,0.007529,0.007536,1359179
1786204800000,0.007537,0.007644,0.007531,0.007624,4066878
1786205700000,0.007624,0.007633,0.007594,0.007615,1487001
1786206600000,0.007618,0.007638,0.007616,0.007638,944800
1786207500000,0.007635,0.007641,0.007621,0.007629,819074
1786208400000,0.007629,0.007634,0.007598,0.007618,1375067
1786209300000,0.007613,0.007618,0.007576,0.007586,1328318
1786210200000,0.007584,0.007611,0.007581,0.007606,857425
1786211100000,0.007605,0.007639,0.007601,0.007616,1192827
1786212000000,0.007615,0.007617,0.007565,0.007602,2764060
1786212900000,0.007602,0.00762,0.007592,0.00762,286590
1786213800000,0.007618,0.007629,0.007589,0.007619,943836
1786214700000,0.007618,0.007634,0.007614,0.007625,532927
1786215600000,0.007624,0.007629,0.007576,0.007609,1337340
1786216500000,0.007612,0.007627,0.007603,0.007622,652253
1786217400000,0.007622,0.007627,0.007566,0.007626,2644348
1786218300000,0.007622,0.00763,0.007607,0.00761,450919
1786219200000,0.007609,0.007619,0.007565,0.007606,1741281
1786220100000,0.007606,0.00763,0.007601,0.007614,948998
1786221000000,0.007614,0.007638,0.007607,0.007626,1522788
1786221900000,0.007626,0.007668,0.007609,0.007668,2765951
1786222800000,0.007666,0.007811,0.007655,0.007731,7711991
1786223700000,0.00773,0.007747,0.007704,0.007747,974928
1786224600000,0.007746,0.00781,0.007691,0.007733,1621509
1786225500000,0.00773,0.007764,0.007714,0.007742,2404444
1786226400000,0.007746,0.007785,0.007716,0.007718,1626385
1786227300000,0.007717,0.007732,0.007697,0.007703,1088557
1786228200000,0.007702,0.007752,0.007685,0.007738,2775681
1786229100000,0.007738,0.007761,0.00772,0.007752,927422
1786230000000,0.007749,0.007774,0.007736,0.007758,1752490
1786230900000,0.007758,0.00784,0.007755,0.007803,1241677
1786231800000,0.007807,0.007824,0.00777,0.007776,1324881
1786232700000,0.007777,0.007789,0.007758,0.007765,827329
1786233600000,0.007766,0.007932,0.007766,0.007886,12378912
1786234500000,0.007885,0.008033,0.007858,0.007916,20488515
1786235400000,0.007921,0.007973,0.007887,0.007907,4605733
1786236300000,0.007908,0.007917,0.007857,0.00787,3139945
1786237200000,0.007872,0.007872,0.00767,0.007742,16617387
1786238100000,0.007743,0.007753,0.007712,0.007712,1560096
1786239000000,0.007717,0.007772,0.007703,0.007738,3174612
1786239900000,0.007737,0.00774,0.007656,0.007669,5733304
1786240800000,0.007668,0.007668,0.007579,0.007592,4402420
1786241700000,0.007591,0.00761,0.007575,0.007603,1861231
1786242600000,0.007603,0.007605,0.007544,0.007586,5993644
1786243500000,0.007586,0.007603,0.007553,0.007584,3932794
1786244400000,0.007589,0.007628,0.007585,0.007606,2462328
1786245300000,0.007605,0.007616,0.007585,0.007601,1264046
1786246200000,0.007605,0.007678,0.007594,0.007675,5075811
1786247100000,0.007675,0.007714,0.007655,0.007668,5837562
1786248000000,0.007657,0.007694,0.007648,0.007675,2420425
1786248900000,0.007676,0.007677,0.007646,0.007654,866490
1786249800000,0.007654,0.007679,0.007636,0.007668,1893291
1786250700000,0.007667,0.007678,0.007633,0.007644,1500671
1786251600000,0.007643,0.007755,0.007641,0.007724,3393148
1786252500000,0.007722,0.007811,0.007722,0.007736,3899798
1786253400000,0.007732,0.007811,0.00773,0.007752,2984029
1786254300000,0.007753,0.007826,0.007752,0.007773,1784903
1786255200000,0.007772,0.007794,0.007763,0.007763,1349489
1786256100000,0.007764,0.007941,0.007759,0.007837,10908759
1786257000000,0.007841,0.007906,0.007841,0.007904,2063637
1786257900000,0.007904,0.007906,0.007863,0.00787,1875322
1786258800000,0.007869,0.007869,0.007772,0.007799,4242061
1786259700000,0.007797,0.007816,0.007761,0.007788,1473923
1786260600000,0.00779,0.007901,0.00778,0.007878,2816276
1786261500000,0.007877,0.007899,0.007831,0.007899,1439312
1786262400000,0.007896,0.007977,0.007882,0.007882,3218619
1786263300000,0.007884,0.007897,0.007849,0.007864,2357511
1786264200000,0.00786,0.007899,0.007831,0.007851,2835015
1786265100000,0.007854,0.007894,0.007854,0.007883,811998
1786266000000,0.007879,0.008003,0.007874,0.007948,3629459
1786266900000,0.007948,0.007997,0.007918,0.007973,1655611
1786267800000,0.007972,0.008029,0.007946,0.007957,3236388
1786268700000,0.007952,0.007961,0.007882,0.007952,2599729
1786269600000,0.007947,0.008016,0.007915,0.007932,4258642
1786270500000,0.007936,0.008066,0.007923,0.007954,9047680
1786271400000,0.007954,0.007966,0.007922,0.007948,3000179
1786272300000,0.007949,0.007974,0.007901,0.007923,1862847
1786273200000,0.007923,0.007923,0.007859,0.007894,3182312
1786274100000,0.007888,0.00791,0.007854,0.00791,730708
1786275000000,0.00791,0.00791,0.007808,0.007831,2340844
1786275900000,0.007834,0.007895,0.007814,0.007873,1120052
1786276800000,0.007872,0.007911,0.007832,0.007897,2327910
1786277700000,0.007896,0.007901,0.007867,0.007899,948402
1786278600000,0.007898,0.00791,0.007878,0.007878,1886680
1786279500000,0.007879,0.0079,0.007802,0.007809,2018120
1786280400000,0.007805,0.007851,0.007787,0.007828,3005668
1786281300000,0.007828,0.00784,0.007788,0.007807,2007128
1786282200000,0.007805,0.007862,0.007775,0.007831,2780456
1786283100000,0.007834,0.007837,0.007793,0.007797,1271782
1786284000000,0.007794,0.007811,0.007681,0.007701,5044537
1786284900000,0.007704,0.007826,0.007694,0.007815,5811374
1786285800000,0.007813,0.00791,0.007798,0.007894,2868572
1786286700000,0.007894,0.007916,0.007839,0.007839,1211783
1786287600000,0.007838,0.007904,0.007801,0.007869,3002331
1786288500000,0.007868,0.007889,0.007855,0.007883,1079189
1786289400000,0.007882,0.007927,0.007865,0.007877,931294
1786290300000,0.007875,0.007875,0.007819,0.007826,1136205
1786291200000,0.007826,0.007893,0.007824,0.007874,1714621
1786292100000,0.007874,0.007917,0.007874,0.00791,797753
1786293000000,0.007908,0.007908,0.007846,0.007868,1204959
1786293900000,0.007869,0.007884,0.007845,0.007848,622974
1786294800000,0.007845,0.007867,0.007844,0.007861,929885
1786295700000,0.007861,0.007911,0.007855,0.007904,403614
1786296600000,0.007905,0.007979,0.007905,0.007956,1724705
1786297500000,0.007959,0.007973,0.007895,0.007941,2142432
1786298400000,0.007939,0.007945,0.007901,0.00793,1880638
1786299300000,0.00793,0.007942,0.007908,0.007916,887331
1786300200000,0.007917,0.007936,0.007906,0.00792,752788
1786301100000,0.00792,0.007928,0.007908,0.007917,441199
1786302000000,0.007916,0.007961,0.007916,0.007942,1245865
1786302900000,0.007939,0.007949,0.007924,0.007947,428802
1786303800000,0.007946,0.007947,0.007911,0.007911,1264332
1786304700000,0.00791,0.007938,0.007896,0.007913,2117974
1786305600000,0.007913,0.007927,0.007867,0.007891,2989215
1786306500000,0.007892,0.007908,0.007875,0.007901,701841
1786307400000,0.007901,0.007912,0.007882,0.007911,1126261
1786308300000,0.007912,0.007926,0.007909,0.007922,703338
1786309200000,0.007922,0.007932,0.007888,0.007894,1787645
1786310100000,0.007894,0.007904,0.007884,0.007898,426555
1786311000000,0.007898,0.007903,0.007861,0.00787,1163037
1786311900000,0.00787,0.007885,0.007866,0.007874,571909
1786312800000,0.007872,0.007921,0.007865,0.007921,1460384
1786313700000,0.007922,0.007927,0.007912,0.00792,608646
1786314600000,0.007921,0.007973,0.007916,0.00794,1776804
1786315500000,0.007943,0.007952,0.007929,0.00793,1033979
1786316400000,0.007931,0.008013,0.007931,0.007959,2882131
1786317300000,0.00796,0.008013,0.007921,0.007923,1828518
1786318200000,0.007923,0.007996,0.007903,0.007945,3050179
1786319100000,0.007941,0.007943,0.007921,0.007928,800996
1786320000000,0.007927,0.008071,0.007916,0.008022,4298813
1786320900000,0.008022,0.008022,0.007946,0.007958,2142126
1786321800000,0.007966,0.007975,0.007837,0.007839,3884676
1786322700000,0.007835,0.007879,0.007825,0.007854,2388298
1786323600000,0.007854,0.007879,0.007826,0.007865,2981640
1786324500000,0.007864,0.007903,0.007849,0.007849,1669732
1786325400000,0.007843,0.007848,0.007787,0.007814,1201743
1786326300000,0.007816,0.007834,0.007732,0.007756,2349562
1786327200000,0.007756,0.007819,0.007737,0.007806,2543675
1786328100000,0.007807,0.007808,0.00776,0.00777,1267108
1786329000000,0.00777,0.007808,0.007676,0.007796,4602261
1786329900000,0.007795,0.007856,0.007786,0.007847,3691143
1786330800000,0.007844,0.007849,0.007799,0.007805,1600437
1786331700000,0.007798,0.007822,0.007782,0.0078,897623
1786332600000,0.007794,0.007832,0.007786,0.007802,405867
1786333500000,0.007807,0.007816,0.007785,0.007799,341703
1786334400000,0.007794,0.007838,0.007794,0.00783,960466
1786335300000,0.00783,0.007848,0.007815,0.007819,1353351
1786336200000,0.007825,0.007915,0.007815,0.007818,3856629
1786337100000,0.007816,0.007863,0.007807,0.007856,1080280
1786338000000,0.007853,0.007936,0.00784,0.007918,2366331
1786338900000,0.007919,0.008006,0.007891,0.007971,2533754
1786339800000,0.007971,0.007996,0.007938,0.007967,2080642
1786340700000,0.007967,0.007967,0.007856,0.007865,3991209
1786341600000,0.007865,0.007898,0.007864,0.007885,1178422
1786342500000,0.007883,0.007902,0.007858,0.007884,761391
1786343400000,0.007884,0.007912,0.00788,0.007908,608817
1786344300000,0.007907,0.007917,0.007895,0.007909,463029
1786345200000,0.007909,0.00792,0.007871,0.007888,562071
1786346100000,0.007882,0.007943,0.00788,0.007918,3555542
1786347000000,0.007924,0.008043,0.007921,0.007999,3720703
1786347900000,0.007997,0.008077,0.007994,0.008023,2593282
1786348800000,0.008022,0.008046,0.007921,0.007925,9644599
1786349700000,0.007922,0.007938,0.007777,0.007788,10024158
1786350600000,0.007782,0.007789,0.007715,0.007717,4888091
1786351500000,0.007717,0.007781,0.007702,0.007749,2733031
1786352400000,0.007751,0.007777,0.007719,0.007734,2751295
1786353300000,0.007735,0.007735,0.007675,0.007684,3600945
1786354200000,0.00769,0.007738,0.007611,0.007642,6455767
1786355100000,0.007647,0.007656,0.007602,0.007615,1553868
1786356000000,0.007615,0.007632,0.007594,0.007594,2657379
1786356900000,0.007598,0.007658,0.007591,0.007609,2141574
1786357800000,0.007615,0.007816,0.007595,0.007756,12132114
1786358700000,0.00776,0.008016,0.00774,0.007945,12436543
1786359600000,0.007967,0.00798,0.007884,0.007909,6321237
1786360500000,0.007899,0.00802,0.007873,0.007963,9949745
1786361400000,0.007963,0.00801,0.007933,0.007957,3616006
1786362300000,0.007956,0.007968,0.007866,0.007867,2166041
1786363200000,0.007876,0.007882,0.00782,0.00785,3239620
1786364100000,0.007839,0.007864,0.007726,0.007737,2191590
1786365000000,0.007729,0.007769,0.007708,0.007754,4286661
1786365900000,0.007755,0.007798,0.007721,0.00773,2726262
1786366800000,0.007739,0.007812,0.007726,0.007795,1711519
1786367700000,0.007792,0.007808,0.007768,0.007786,483783
1786368600000,0.007779,0.007779,0.007662,0.007666,2976125
1786369500000,0.007662,0.007728,0.007636,0.007698,2571465
1786370400000,0.007699,0.007746,0.007697,0.007723,1519980
1786371300000,0.007722,0.00774,0.007702,0.007725,527211
1786372200000,0.007729,0.007841,0.007728,0.00779,3563471
1786373100000,0.007786,0.007792,0.0077,0.007703,3108833
1786374000000,0.007704,0.007731,0.007642,0.007663,4079828
1786374900000,0.007659,0.007688,0.007659,0.007688,1090091
1786375800000,0.007686,0.007761,0.007686,0.007749,2195770
1786376700000,0.00775,0.007761,0.007737,0.00776,676789
1786377600000,0.007765,0.007825,0.007684,0.007791,4099325
1786378500000,0.00779,0.007791,0.007743,0.007754,1005225
1786379400000,0.007758,0.007785,0.007749,0.00778,1502834
1786380300000,0.007782,0.007801,0.007762,0.007768,538196
1786381200000,0.007773,0.007791,0.007745,0.007773,957411
1786382100000,0.007773,0.00778,0.007743,0.007757,796936
1786383000000,0.007758,0.007764,0.007706,0.007723,1400855
1786383900000,0.007726,0.007786,0.007711,0.007763,2159847
1786384800000,0.007765,0.007769,0.007694,0.007723,2086511
1786385700000,0.00772,0.007803,0.00772,0.00778,2447863
1786386600000,0.007781,0.007789,0.007708,0.007709,1071278
1786387500000,0.007709,0.007723,0.007697,0.007701,1324778
1786388400000,0.007708,0.007743,0.007691,0.007734,1184939
1786389300000,0.007734,0.007791,0.00773,0.007775,1630352
1786390200000,0.007774,0.007792,0.007763,0.007784,714847
1786391100000,0.007785,0.007786,0.007735,0.007758,902941
1786392000000,0.007756,0.007807,0.007756,0.007773,1165607
1786392900000,0.007769,0.00781,0.007751,0.007798,726765
1786393800000,0.007796,0.007811,0.007783,0.007805,701123
1786394700000,0.007805,0.007807,0.007783,0.0078,267985
1786395600000,0.0078,0.007809,0.007776,0.007781,855885
1786396500000,0.007781,0.007792,0.007761,0.007776,392226
1786397400000,0.007776,0.007807,0.007774,0.007799,867617
1786398300000,0.00779,0.007807,0.007779,0.007784,178864
1786399200000,0.007776,0.0078,0.007775,0.007784,682216
1786400100000,0.007791,0.007794,0.007754,0.007762,328452
1786401000000,0.007765,0.007769,0.007746,0.007753,641308
1786401900000,0.007761,0.007819,0.007759,0.007788,1515419
1786402800000,0.007785,0.007789,0.007742,0.007757,545041
1786403700000,0.007757,0.007763,0.007696,0.007722,2477798
1786404600000,0.007727,0.007761,0.007674,0.007761,3632013
1786405500000,0.007762,0.007802,0.007761,0.007794,1222259
1786406400000,0.007789,0.00779,0.007722,0.007775,2523185
1786407300000,0.007777,0.007806,0.007777,0.007783,395901
1786408200000,0.007781,0.007801,0.007751,0.007797,930794
1786409100000,0.007794,0.007794,0.007762,0.007775,543049
1786410000000,0.007769,0.007782,0.007734,0.007745,1421062
1786410900000,0.007748,0.007753,0.007724,0.007727,811237
1786411800000,0.007727,0.007727,0.007656,0.007663,4859999
1786412700000,0.00766,0.00767,0.007571,0.007611,3473628
1786413600000,0.00761,0.007688,0.007608,0.007657,2117049
1786414500000,0.007655,0.007676,0.00763,0.007654,1074699
1786415400000,0.007665,0.007678,0.007652,0.007659,547960
1786416300000,0.007661,0.007667,0.007637,0.007644,320266
1786417200000,0.007645,0.007673,0.00764,0.007664,639607
1786418100000,0.007669,0.007669,0.007573,0.007579,2269815
1786419000000,0.007579,0.007689,0.007562,0.007684,16914037
1786419900000,0.007684,0.007753,0.007668,0.007744,1373563
1786420800000,0.007743,0.007837,0.007724,0.007813,4119891
1786421700000,0.007811,0.007965,0.007795,0.007855,8902032
1786422600000,0.007853,0.007902,0.007827,0.00787,2182461
1786423500000,0.007878,0.007905,0.00774,0.007806,5554879
1786424400000,0.007811,0.007837,0.007737,0.007757,2289811
1786425300000,0.00776,0.007789,0.007744,0.007758,1845709
1786426200000,0.007754,0.007772,0.007719,0.007727,1844177
1786427100000,0.007724,0.00775,0.007724,0.00773,706160
1786428000000,0.007731,0.007754,0.007715,0.007724,849516
1786428900000,0.007724,0.007747,0.007703,0.007722,1023707
1786429800000,0.007722,0.007728,0.007683,0.007683,821659
1786430700000,0.007684,0.007739,0.00763,0.00769,7284609
1786431600000,0.007693,0.007769,0.00767,0.007764,4742657
1786432500000,0.007762,0.007915,0.00771,0.007853,9088951
1786433400000,0.007851,0.007875,0.007794,0.007854,2720523
1786434300000,0.007854,0.007872,0.007818,0.007848,1078590
1786435200000,0.007848,0.007868,0.007801,0.007841,2433501
1786436100000,0.007831,0.007848,0.007659,0.007676,10174687
1786437000000,0.007678,0.007755,0.007674,0.007715,3826546
1786437900000,0.007714,0.007833,0.007687,0.007696,18520087
1786438800000,0.007715,0.007809,0.007706,0.007748,4202445
1786439700000,0.007748,0.007838,0.007737,0.007775,2078517
1786440600000,0.00777,0.007788,0.007695,0.007726,2161691
1786441500000,0.007725,0.007743,0.007699,0.007705,654170
1786442400000,0.007705,0.007705,0.007623,0.007633,3860037
1786443300000,0.007627,0.007668,0.007591,0.007654,1384353
1786444200000,0.007651,0.007654,0.007614,0.007617,724634
1786445100000,0.007615,0.007647,0.007615,0.00763,466513
1786446000000,0.007631,0.007662,0.007631,0.007647,596435
1786446900000,0.007646,0.007674,0.007642,0.007652,642518
1786447800000,0.007654,0.007675,0.007642,0.007651,1343725
1786448700000,0.007651,0.007702,0.007633,0.007658,2744690
1786449600000,0.007658,0.007672,0.007637,0.007663,1468064
1786450500000,0.00766,0.007667,0.007577,0.007584,1033234
1786451400000,0.007581,0.007625,0.007559,0.007576,1697717
1786452300000,0.007574,0.007625,0.007524,0.007563,1640154
1786453200000,0.007561,0.007568,0.007537,0.007542,1180638
1786454100000,0.007542,0.007557,0.007533,0.007553,526986
1786455000000,0.007554,0.007602,0.007553,0.007578,1087829
1786455900000,0.007581,0.007651,0.00756,0.007634,2919186
1786456800000,0.007634,0.00765,0.007627,0.007642,1218562
1786457700000,0.007646,0.007657,0.007529,0.007568,7139246
1786458600000,0.007581,0.007592,0.007536,0.007577,2096201
1786459500000,0.007574,0.007577,0.00748,0.007521,2903710
1786460400000,0.007529,0.007587,0.007526,0.007579,2917432
1786461300000,0.007578,0.007592,0.00757,0.007572,770690
1786462200000,0.007574,0.00758,0.007451,0.007473,1893534
1786463100000,0.007477,0.00751,0.007477,0.007492,1891327
1786464000000,0.00749,0.007504,0.007463,0.007498,1545462
1786464900000,0.0075,0.007509,0.007467,0.007472,498610
1786465800000,0.007473,0.007526,0.00747,0.007512,1508403
1786466700000,0.007518,0.00753,0.007488,0.007513,629774
1786467600000,0.007512,0.007532,0.007492,0.007493,460896
1786468500000,0.007493,0.007506,0.007472,0.007481,1067598
1786469400000,0.00748,0.007486,0.007441,0.007465,688070
1786470300000,0.00746,0.007481,0.007427,0.007438,1202483
1786471200000,0.007436,0.007453,0.007427,0.007447,609528
1786472100000,0.00745,0.007455,0.00743,0.007437,201157
1786473000000,0.007438,0.007458,0.007402,0.007454,1653647
1786473900000,0.007457,0.007459,0.007432,0.007443,184172
1786474800000,0.00744,0.007447,0.007404,0.007411,716138
1786475700000,0.007411,0.007427,0.007406,0.007413,284096
1786476600000,0.007415,0.007418,0.007388,0.00741,1384923
1786477500000,0.007413,0.007426,0.007405,0.00742,150034
1786478400000,0.007422,0.007432,0.007398,0.007416,1331136
1786479300000,0.007417,0.007452,0.007415,0.007451,836448
1786480200000,0.007455,0.007458,0.007421,0.007439,879369
1786481100000,0.00744,0.007451,0.007433,0.007436,246980
1786482000000,0.007432,0.007434,0.007412,0.007422,926484
1786482900000,0.007422,0.007442,0.007404,0.007438,277636
1786483800000,0.00744,0.007453,0.007392,0.007406,1060627
1786484700000,0.007396,0.007424,0.007391,0.007391,194900
1786485600000,0.007411,0.007431,0.007389,0.007413,975956
1786486500000,0.007414,0.007433,0.0074,0.007402,837425
1786487400000,0.007415,0.007435,0.007411,0.007433,450004
1786488300000,0.007436,0.007458,0.007433,0.007453,580056
1786489200000,0.007451,0.007457,0.007395,0.007416,1790103
1786490100000,0.007411,0.00743,0.007399,0.007407,650225
1786491000000,0.0074,0.007419,0.007392,0.007415,941055
1786491900000,0.007414,0.007414,0.00733,0.007375,4200036
1786492800000,0.007375,0.007385,0.007326,0.007385,3347795
1786493700000,0.007381,0.007403,0.007363,0.007393,1260226
1786494600000,0.007398,0.007409,0.007352,0.007382,1430105
1786495500000,0.007382,0.007382,0.00733,0.007353,1202603
1786496400000,0.007351,0.007398,0.007345,0.007391,732796
1786497300000,0.007391,0.007393,0.007365,0.00737,286472
1786498200000,0.007366,0.007377,0.007361,0.007376,891670
1786499100000,0.007377,0.0074,0.007372,0.007391,379022
1786500000000,0.007394,0.007406,0.007364,0.007364,1249470
1786500900000,0.007369,0.007376,0.007263,0.007354,7235647
1786501800000,0.007355,0.007416,0.007342,0.007364,6493935
1786502700000,0.007364,0.007461,0.007357,0.007439,3919185
1786503600000,0.007446,0.007458,0.007378,0.007392,4388375
1786504500000,0.007388,0.007407,0.007375,0.00739,1647793
1786505400000,0.00739,0.007418,0.00736,0.007377,2836233
1786506300000,0.007389,0.007399,0.007316,0.00733,3103236
1786507200000,0.007331,0.007377,0.00728,0.007296,4913882
1786508100000,0.007302,0.007328,0.007299,0.007313,741360
1786509000000,0.00731,0.00731,0.007204,0.007245,5802671
1786509900000,0.00725,0.007272,0.007238,0.007252,1245293
1786510800000,0.007252,0.00726,0.007229,0.007244,1390693
1786511700000,0.007244,0.007254,0.007234,0.007252,557529
1786512600000,0.007254,0.007284,0.007231,0.007248,6014749
1786513500000,0.007249,0.007255,0.007209,0.007224,1999066
1786514400000,0.007223,0.007244,0.007194,0.007213,2145075
1786515300000,0.007213,0.00722,0.007207,0.007215,415612
1786516200000,0.007217,0.007246,0.007212,0.007227,919167
1786517100000,0.007229,0.007233,0.007122,0.007173,5158433
1786518000000,0.007173,0.007187,0.007133,0.007133,2116708
1786518900000,0.007136,0.007183,0.00713,0.007174,3903045
1786519800000,0.007172,0.007176,0.007122,0.007142,1168452
1786520700000,0.007142,0.007171,0.007138,0.007164,466859
1786521600000,0.007163,0.007168,0.007115,0.007129,2886029
1786522500000,0.007128,0.007149,0.007115,0.007115,572075
1786523400000,0.007116,0.007121,0.007095,0.007101,1915194
1786524300000,0.007101,0.00712,0.007099,0.007109,1024577
1786525200000,0.00711,0.007184,0.00711,0.007139,3555132
1786526100000,0.007148,0.007178,0.007142,0.00716,1674160
1786527000000,0.007157,0.007171,0.007152,0.007162,1456145
1786527900000,0.007162,0.007183,0.00716,0.007164,400219
1786528800000,0.007163,0.007175,0.00712,0.00712,1375393
1786529700000,0.007124,0.007147,0.007109,0.007112,693765
1786530600000,0.007115,0.007145,0.007115,0.007141,984601
1786531500000,0.007137,0.007152,0.007127,0.00713,739543
1786532400000,0.007133,0.007173,0.007113,0.007156,6098620
1786533300000,0.007154,0.007243,0.007142,0.00724,4830297
1786534200000,0.00724,0.007256,0.00717,0.007224,5955477
1786535100000,0.007224,0.007233,0.007158,0.007222,5180521
1786536000000,0.007226,0.007243,0.00721,0.007215,1697671
1786536900000,0.007218,0.007263,0.007212,0.007248,1432327
1786537800000,0.007247,0.007256,0.007195,0.007239,3234737
1786538700000,0.007239,0.007269,0.00722,0.007246,2697561
1786539600000,0.007248,0.007281,0.007246,0.007247,3169470
1786540500000,0.007248,0.007265,0.007221,0.007221,885497
1786541400000,0.007229,0.007326,0.007219,0.007297,4099790
1786542300000,0.007293,0.007332,0.007277,0.007299,888057
1786543200000,0.0073,0.007322,0.007297,0.007308,1592522
1786544100000,0.007308,0.007309,0.007289,0.007297,475688
1786545000000,0.007297,0.007323,0.00727,0.007287,2378115
1786545900000,0.007286,0.007305,0.007283,0.007293,825173
1786546800000,0.007296,0.007325,0.007293,0.0073,1398678
1786547700000,0.007305,0.007318,0.007293,0.007299,429570
1786548600000,0.007301,0.007316,0.007218,0.007233,3224656
1786549500000,0.007232,0.007245,0.007223,0.007238,622779
1786550400000,0.007237,0.007255,0.007229,0.007245,1824638
1786551300000,0.007247,0.007326,0.007247,0.007311,2556925
1786552200000,0.007311,0.007326,0.007292,0.007314,2196846
1786553100000,0.007317,0.007324,0.007301,0.007314,999786
1786554000000,0.007314,0.007454,0.007312,0.007421,11718049
1786554900000,0.007421,0.007425,0.007346,0.007378,1884098
1786555800000,0.007378,0.007447,0.007375,0.007411,2892562
1786556700000,0.007413,0.007415,0.007302,0.007341,5179432
1786557600000,0.007332,0.00735,0.007296,0.007306,1221127
1786558500000,0.007306,0.00731,0.007275,0.007303,1510052
1786559400000,0.007302,0.007368,0.0073,0.007357,1151198
1786560300000,0.007355,0.007356,0.007275,0.007294,3944172
1786561200000,0.007298,0.007304,0.007251,0.007275,3208657
1786562100000,0.007275,0.007279,0.007254,0.007257,535109
1786563000000,0.00726,0.007264,0.007217,0.007217,1443774
1786563900000,0.007219,0.007222,0.007206,0.007215,726241
1786564800000,0.007212,0.007226,0.00719,0.007193,1237636
1786565700000,0.007194,0.007214,0.007182,0.007211,605644
1786566600000,0.007211,0.007211,0.007186,0.007204,816722
1786567500000,0.007203,0.007203,0.007182,0.007196,326999
1786568400000,0.007193,0.007224,0.007193,0.007208,777833
1786569300000,0.007208,0.00725,0.007188,0.007207,1306616
1786570200000,0.007198,0.007222,0.007196,0.007211,888676
1786571100000,0.007207,0.007237,0.007181,0.007187,474555
1786572000000,0.007184,0.007203,0.007176,0.007196,770782
1786572900000,0.007199,0.007215,0.007199,0.007213,196917
1786573800000,0.007211,0.00728,0.007211,0.007264,1033442
1786574700000,0.007264,0.007269,0.007211,0.007229,1192569
1786575600000,0.007229,0.007254,0.007222,0.007227,1041023
1786576500000,0.007227,0.007253,0.007222,0.007253,579490
1786577400000,0.007256,0.007332,0.007248,0.007278,3323170
1786578300000,0.007278,0.00728,0.007263,0.00728,499747
1786579200000,0.00728,0.00735,0.007263,0.007332,2119179
1786580100000,0.007328,0.007425,0.007328,0.007425,2093949
1786581000000,0.007421,0.007435,0.007369,0.007389,2510408
1786581900000,0.007387,0.00741,0.007375,0.007382,1138785
1786582800000,0.007375,0.007414,0.007375,0.007385,1308830
1786583700000,0.007385,0.007419,0.007372,0.007408,564863
1786584600000,0.007404,0.00741,0.007378,0.007404,1170757
1786585500000,0.007401,0.007447,0.007388,0.0074,712919
1786586400000,0.007398,0.007398,0.00737,0.007384,2311789
1786587300000,0.007379,0.007388,0.007293,0.007346,2225369
1786588200000,0.007344,0.007344,0.007274,0.007298,3111296
1786589100000,0.007301,0.007309,0.007291,0.0073,425775
1786590000000,0.007294,0.007298,0.007241,0.007295,2947878
1786590900000,0.007289,0.007309,0.007278,0.007303,399265
1786591800000,0.007302,0.007311,0.007254,0.007261,1330076
1786592700000,0.007263,0.007305,0.007259,0.007283,278240
1786593600000,0.007282,0.007288,0.007248,0.007258,1255528
1786594500000,0.007261,0.007272,0.007253,0.007263,149294
1786595400000,0.007262,0.007262,0.00723,0.007243,1514272
1786596300000,0.007237,0.007323,0.007219,0.007268,10159584
1786597200000,0.007274,0.0073,0.007214,0.007295,9670083
1786598100000,0.007295,0.007341,0.007258,0.007289,7608990
1786599000000,0.007286,0.007331,0.007247,0.007305,4952907
1786599900000,0.007296,0.007345,0.007296,0.007322,2084197
1786600800000,0.007321,0.007332,0.007303,0.007328,919111
1786601700000,0.007329,0.007348,0.007324,0.007335,490047
1786602600000,0.007336,0.007421,0.007254,0.007281,6991133
1786603500000,0.007281,0.007295,0.007274,0.007274,608234
1786604400000,0.007275,0.00728,0.007239,0.007262,1283420
1786605300000,0.007263,0.007263,0.00725,0.007256,210353
1786606200000,0.007256,0.007257,0.007238,0.00725,853989
1786607100000,0.00725,0.007258,0.007232,0.007233,275141
1786608000000,0.007235,0.00724,0.007171,0.007213,4527846
1786608900000,0.00721,0.007221,0.007203,0.00721,236494
1786609800000,0.007206,0.007212,0.007179,0.007193,1289591
1786610700000,0.007192,0.007199,0.007173,0.007187,401536
1786611600000,0.007184,0.00719,0.007148,0.00716,1673031
1786612500000,0.007158,0.007207,0.007149,0.007192,6477484
1786613400000,0.007187,0.007218,0.007141,0.007208,2613593
1786614300000,0.00721,0.007222,0.007192,0.007198,1126263
1786615200000,0.007198,0.007206,0.007078,0.007101,3562496
1786616100000,0.007099,0.007181,0.007099,0.007127,4114997
1786617000000,0.007126,0.007131,0.007106,0.007117,807199
1786617900000,0.007117,0.007126,0.007111,0.007116,286869
1786618800000,0.007115,0.007143,0.007103,0.007119,1114005
1786619700000,0.007119,0.00712,0.00711,0.007116,272912
1786620600000,0.007116,0.007162,0.007104,0.007152,1757889
1786621500000,0.007148,0.007156,0.00714,0.007148,341871
1786622400000,0.007147,0.007151,0.007059,0.007085,8834650
1786623300000,0.007084,0.007114,0.007083,0.0071,687453
1786624200000,0.0071,0.0071,0.007069,0.007093,1327130
1786625100000,0.007093,0.007095,0.007086,0.00709,301375
1786626000000,0.007087,0.007143,0.007087,0.007112,1632053
1786626900000,0.007116,0.007119,0.007093,0.007093,396018
1786627800000,0.0071,0.007129,0.007073,0.007125,974360
1786628700000,0.007118,0.007129,0.007105,0.007128,614107
1786629600000,0.007124,0.007174,0.007106,0.007165,1465092
1786630500000,0.007166,0.007188,0.007165,0.007178,1019954
1786631400000,0.007175,0.007225,0.007173,0.007214,1717916
1786632300000,0.007214,0.00722,0.007147,0.007189,735607
1786633200000,0.007182,0.007191,0.007141,0.007146,941219
1786634100000,0.007144,0.007144,0.007099,0.007109,1702792
1786635000000,0.007105,0.007125,0.007096,0.007103,886310
1786635900000,0.007104,0.007109,0.007075,0.00708,470314
1786636800000,0.007079,0.007122,0.007072,0.007092,1594505
1786637700000,0.007098,0.007112,0.007068,0.007084,1864499
1786638600000,0.007084,0.007102,0.006944,0.007003,9855079
1786639500000,0.007006,0.007013,0.006988,0.00701,1894409
1786640400000,0.007008,0.007077,0.007004,0.007073,1596960
1786641300000,0.007068,0.007078,0.007023,0.007077,1779895
1786642200000,0.007077,0.007077,0.007039,0.007063,1633197
1786643100000,0.007069,0.007071,0.007029,0.007054,994542
1786644000000,0.00705,0.007067,0.007018,0.007025,1043908
1786644900000,0.007025,0.007028,0.00696,0.006963,613073
1786645800000,0.006963,0.00699,0.006956,0.006989,831069
1786646700000,0.00699,0.007003,0.006977,0.006997,670602
1786647600000,0.007,0.007038,0.007,0.007018,1663010
1786648500000,0.007018,0.007025,0.00698,0.006984,608236
1786649400000,0.006978,0.007027,0.006971,0.006978,1968217
1786650300000,0.006978,0.006992,0.006941,0.006948,1384883
1786651200000,0.006945,0.006954,0.006911,0.006941,2738459
1786652100000,0.006941,0.006954,0.006934,0.006939,670577
1786653000000,0.006939,0.006967,0.006928,0.00695,1209158
1786653900000,0.006955,0.007011,0.006955,0.007001,1833640
1786654800000,0.006998,0.007013,0.006988,0.006999,759770
1786655700000,0.006999,0.007079,0.006991,0.007059,1885358
1786656600000,0.007061,0.007076,0.007018,0.007049,2729976
1786657500000,0.007042,0.007052,0.006991,0.006998,750634
1786658400000,0.007,0.007022,0.006976,0.00701,1199951
1786659300000,0.007006,0.007018,0.006999,0.007015,828218
1786660200000,0.007011,0.00702,0.006958,0.006962,1612602
1786661100000,0.006964,0.006996,0.006964,0.006994,794329
1786662000000,0.00699,0.006999,0.00698,0.006983,481546
1786662900000,0.006987,0.006993,0.006976,0.006983,229049
1786663800000,0.006984,0.00702,0.006982,0.007008,762097
1786664700000,0.00701,0.007028,0.007004,0.007007,903742
1786665600000,0.007008,0.007041,0.006966,0.007012,7141251
1786666500000,0.007011,0.007028,0.006953,0.007008,4528078
1786667400000,0.007005,0.007029,0.006958,0.007027,1899700
1786668300000,0.007027,0.007027,0.007002,0.007002,461272
1786669200000,0.007004,0.007016,0.00699,0.006995,534730
1786670100000,0.006991,0.007006,0.00699,0.007001,269765
1786671000000,0.007003,0.00701,0.006992,0.007004,357556
1786671900000,0.007003,0.007019,0.006995,0.007008,422292
1786672800000,0.007015,0.007037,0.00701,0.007022,717808
1786673700000,0.00702,0.007021,0.007008,0.007008,590687
1786674600000,0.007008,0.00703,0.007004,0.007027,782509
1786675500000,0.007027,0.007028,0.00697,0.006972,888985
1786676400000,0.006971,0.006981,0.006961,0.006973,325322
1786677300000,0.006973,0.006985,0.00694,0.006946,1359665
1786678200000,0.006946,0.006984,0.006938,0.006953,964195
1786679100000,0.006957,0.006977,0.006945,0.006945,333291
1786680000000,0.006945,0.006963,0.006941,0.006958,437669
1786680900000,0.006959,0.006969,0.006875,0.006909,1612610
1786681800000,0.006909,0.006961,0.006905,0.006955,1030910
1786682700000,0.006955,0.006958,0.006934,0.006956,418691
1786683600000,0.006958,0.006969,0.006927,0.006928,877535
1786684500000,0.006927,0.006949,0.006925,0.006934,457492
1786685400000,0.006938,0.006949,0.006933,0.006946,525191
1786686300000,0.006937,0.006956,0.006937,0.006938,375072
1786687200000,0.006942,0.006964,0.006936,0.006942,906671
1786688100000,0.006941,0.006947,0.006935,0.006946,301622
1786689000000,0.006945,0.00695,0.006938,0.006943,375010
1786689900000,0.006942,0.006945,0.006904,0.006915,958829
1786690800000,0.006908,0.006936,0.006905,0.006928,376439
1786691700000,0.006927,0.006948,0.006919,0.006939,275249
1786692600000,0.006939,0.006947,0.00692,0.00692,962262
1786693500000,0.00692,0.006929,0.006898,0.006908,995109
1786694400000,0.006914,0.006953,0.006905,0.006953,2174333
1786695300000,0.00695,0.006963,0.006933,0.006961,466663
1786696200000,0.006936,0.007101,0.006936,0.006981,8420748
1786697100000,0.006978,0.006984,0.006958,0.006971,911492
1786698000000,0.00697,0.006986,0.006937,0.006937,1139765
1786698900000,0.006938,0.006938,0.006907,0.006916,1048476
1786699800000,0.006915,0.006935,0.0069,0.006904,936134
1786700700000,0.006904,0.006919,0.006883,0.006896,542072
1786701600000,0.00689,0.006916,0.006884,0.006916,1800373
1786702500000,0.006915,0.006924,0.006884,0.006885,976562
1786703400000,0.006885,0.006922,0.006885,0.006918,1036581
1786704300000,0.006918,0.006967,0.006907,0.006958,1021010
1786705200000,0.006963,0.006998,0.006943,0.006945,1941810
1786706100000,0.00695,0.007043,0.006942,0.006955,4595274
1786707000000,0.006959,0.007004,0.006946,0.006969,2314660
1786707900000,0.00697,0.00697,0.00689,0.006928,3877409
1786708800000,0.006928,0.006933,0.006886,0.006919,2787824
1786709700000,0.006916,0.006934,0.006908,0.006924,546485
1786710600000,0.006923,0.006965,0.00692,0.00694,995783
1786711500000,0.006939,0.006944,0.006912,0.006912,991780
1786712400000,0.006915,0.006961,0.006914,0.006959,2121775
1786713300000,0.006948,0.006965,0.006945,0.006955,388885
1786714200000,0.006954,0.006984,0.006948,0.006948,1449237
1786715100000,0.006949,0.006973,0.006947,0.006947,982679
1786716000000,0.00695,0.006955,0.006927,0.00693,1238529
1786716900000,0.006929,0.006988,0.006921,0.006977,805455
1786717800000,0.006984,0.007005,0.006969,0.00697,1401709
1786718700000,0.006968,0.006975,0.006935,0.006949,798887
1786719600000,0.006954,0.006969,0.006929,0.006956,2103091
1786720500000,0.006958,0.006958,0.006918,0.006946,1051732
1786721400000,0.006947,0.006998,0.006944,0.006998,1565950
1786722300000,0.006994,0.007027,0.006966,0.007014,1865793
1786723200000,0.007013,0.007125,0.007001,0.00707,5999796
1786724100000,0.007072,0.007095,0.007055,0.007077,1212607
1786725000000,0.007079,0.007153,0.007073,0.007146,3040349
1786725900000,0.007147,0.007186,0.007103,0.007147,6275767
1786726800000,0.007148,0.007247,0.007126,0.007193,6826022
1786727700000,0.007191,0.007198,0.007161,0.007179,1648023
1786728600000,0.007171,0.007255,0.007168,0.007192,2515600
1786729500000,0.007192,0.007203,0.007159,0.0072,1971376
1786730400000,0.0072,0.007214,0.007152,0.007158,1184500
1786731300000,0.007158,0.007164,0.007151,0.007155,388454
1786732200000,0.007155,0.00716,0.007132,0.007142,1565602
1786733100000,0.007143,0.007177,0.007139,0.007173,796839
1786734000000,0.007168,0.007187,0.007142,0.007146,1424076
1786734900000,0.007144,0.007187,0.007136,0.007149,952135
1786735800000,0.007148,0.00717,0.007139,0.007148,879218
1786736700000,0.00715,0.00716,0.007141,0.007153,357207
1786737600000,0.007155,0.007184,0.007148,0.007168,2117920
1786738500000,0.007168,0.007177,0.007085,0.007087,7094669
1786739400000,0.007094,0.007101,0.007059,0.007098,2785295
1786740300000,0.007098,0.007098,0.007059,0.00707,1675469
1786741200000,0.007068,0.007104,0.00706,0.007092,1884064
1786742100000,0.007092,0.007113,0.00708,0.007105,819022
1786743000000,0.0071,0.007105,0.007064,0.007067,1020554
1786743900000,0.007064,0.007068,0.00705,0.007059,947930
1786744800000,0.007065,0.007067,0.007055,0.007061,754038
1786745700000,0.007061,0.00707,0.007043,0.007063,2320042
1786746600000,0.007064,0.007068,0.007043,0.007055,1519596
1786747500000,0.007052,0.007063,0.007048,0.00705,438722
1786748400000,0.007051,0.007056,0.00703,0.007044,2013816
1786749300000,0.007046,0.007048,0.006993,0.007002,2427494
1786750200000,0.007009,0.007019,0.006984,0.006996,1223912
1786751100000,0.006998,0.007008,0.006988,0.006999,1878125
1786752000000,0.007,0.007001,0.006955,0.006967,3004483
1786752900000,0.006971,0.006978,0.006959,0.006975,549706
1786753800000,0.006973,0.006974,0.006921,0.006936,2543759
1786754700000,0.006936,0.00695,0.006925,0.00693,692201
1786755600000,0.00693,0.006949,0.006919,0.006949,1453058
1786756500000,0.006942,0.006942,0.006923,0.006925,294413
1786757400000,0.006923,0.006955,0.006919,0.006947,1430236
1786758300000,0.006949,0.006962,0.006939,0.006939,1145971
1786759200000,0.00694,0.006952,0.006929,0.00694,1180467
1786760100000,0.006937,0.006943,0.00692,0.006929,570489
1786761000000,0.006928,0.006948,0.006908,0.006935,2311073
1786761900000,0.006934,0.006949,0.006932,0.006936,422426
1786762800000,0.006937,0.00709,0.006931,0.007058,3478435
1786763700000,0.007058,0.007065,0.006959,0.006973,2347832
1786764600000,0.006973,0.006989,0.006936,0.006957,1635010
1786765500000,0.006961,0.006967,0.006936,0.006941,1180391
1786766400000,0.00694,0.006996,0.006939,0.006993,1797440
1786767300000,0.006991,0.007054,0.006991,0.007044,1920049
1786768200000,0.007044,0.007119,0.007044,0.007098,3935381
1786769100000,0.007097,0.0071,0.007082,0.007093,824784
1786770000000,0.007093,0.007131,0.007083,0.007114,2976765
1786770900000,0.007116,0.007179,0.007109,0.007125,5399902
1786771800000,0.007125,0.007198,0.007118,0.007149,2826000
1786772700000,0.007151,0.007161,0.007112,0.007115,1405747
1786773600000,0.00712,0.00716,0.007102,0.007132,2300140
1786774500000,0.007132,0.007146,0.007125,0.007136,294712
1786775400000,0.007135,0.007206,0.007132,0.007196,1912901
1786776300000,0.007192,0.007197,0.007149,0.007154,922054
1786777200000,0.007156,0.007221,0.007152,0.007212,2760296
1786778100000,0.007216,0.007218,0.007186,0.007193,526611
1786779000000,0.007194,0.007221,0.007189,0.007213,1414147
1786779900000,0.007209,0.007235,0.007203,0.007218,675081
1786780800000,0.007219,0.007245,0.007187,0.007192,2017074
1786781700000,0.007188,0.007199,0.007162,0.007162,552586
1786782600000,0.007168,0.007241,0.007158,0.007231,3070727
1786783500000,0.007232,0.007286,0.007226,0.007254,2230342
1786784400000,0.00726,0.007278,0.007242,0.00725,1698737
1786785300000,0.007248,0.007269,0.007211,0.007251,1119369
1786786200000,0.007257,0.00729,0.007244,0.007272,3975992
1786787100000,0.007276,0.007289,0.007263,0.007289,736282
1786788000000,0.007287,0.007364,0.007274,0.007307,3868148
1786788900000,0.007309,0.007312,0.00728,0.007287,985343
1786789800000,0.007291,0.007311,0.007223,0.007225,2633790
1786790700000,0.00723,0.007246,0.007194,0.007214,1359271
1786791600000,0.007211,0.007245,0.007204,0.007204,1349490
1786792500000,0.007208,0.007229,0.007205,0.007223,826615
1786793400000,0.007224,0.007237,0.007202,0.007218,872546
1786794300000,0.007219,0.007225,0.007212,0.007221,232460
1786795200000,0.007224,0.007254,0.007208,0.007254,1858799
1786796100000,0.007254,0.007274,0.007237,0.007242,846888
1786797000000,0.00724,0.007246,0.007149,0.007155,4126359
1786797900000,0.007154,0.007157,0.00714,0.007151,700398
1786798800000,0.00715,0.007151,0.007125,0.007125,917847
1786799700000,0.007125,0.007167,0.007102,0.007145,1701141
1786800600000,0.007145,0.007148,0.007117,0.007117,888107
1786801500000,0.007116,0.007133,0.007116,0.007127,450802
1786802400000,0.007122,0.007144,0.007121,0.007137,970224
1786803300000,0.007135,0.007135,0.007109,0.007117,365351
1786804200000,0.007118,0.00715,0.007114,0.00715,838452
1786805100000,0.007146,0.007182,0.007142,0.007182,1756652
1786806000000,0.007182,0.007225,0.007172,0.007196,2463897
1786806900000,0.007198,0.007202,0.007167,0.007185,1027438
1786807800000,0.007181,0.007218,0.007178,0.007214,605191
1786808700000,0.007212,0.007213,0.007187,0.007196,604298
1786809600000,0.00719,0.007205,0.007175,0.007186,704672
1786810500000,0.007187,0.007224,0.007171,0.007183,2144232
1786811400000,0.007182,0.007264,0.007159,0.007258,7156139
1786812300000,0.007257,0.007281,0.007235,0.007278,1084272
1786813200000,0.007278,0.007293,0.007231,0.007292,3217506
1786814100000,0.007291,0.007341,0.00726,0.00728,3715330
1786815000000,0.00728,0.00728,0.007195,0.007195,2179135
1786815900000,0.007196,0.007223,0.007148,0.007175,2651777
1786816800000,0.007171,0.007217,0.007163,0.007178,1647221
1786817700000,0.007175,0.007177,0.007138,0.00714,523190
1786818600000,0.007145,0.007169,0.007139,0.007148,845399
1786819500000,0.007146,0.007157,0.00713,0.007139,643144
1786820400000,0.007134,0.007154,0.007121,0.007122,787942
1786821300000,0.007124,0.007129,0.007116,0.007116,351044
1786822200000,0.007123,0.007186,0.007121,0.007184,2023510
1786823100000,0.007185,0.007189,0.007166,0.007183,257645
1786824000000,0.007185,0.007185,0.007162,0.007182,619585
1786824900000,0.00718,0.007187,0.007164,0.007173,641558
1786825800000,0.007173,0.007182,0.00716,0.007164,658046
1786826700000,0.007161,0.007176,0.007145,0.007161,1092099
1786827600000,0.007158,0.007165,0.00714,0.007146,783089
1786828500000,0.007145,0.007178,0.007135,0.007175,439816
1786829400000,0.007184,0.007187,0.007153,0.007154,696740
1786830300000,0.007156,0.007174,0.007146,0.007152,314217
1786831200000,0.007141,0.007164,0.007127,0.007164,571970
1786832100000,0.00716,0.007181,0.00716,0.007164,432881
1786833000000,0.007162,0.007166,0.007143,0.007162,469538
1786833900000,0.007162,0.007162,0.007111,0.007145,2491119
1786834800000,0.007143,0.007148,0.007123,0.007131,1241000
1786835700000,0.007122,0.007124,0.00711,0.007117,322009
1786836600000,0.007117,0.00712,0.00711,0.007112,489404
1786837500000,0.00711,0.007116,0.007105,0.007106,159970
1786838400000,0.007107,0.007109,0.007056,0.007096,2306348
1786839300000,0.007096,0.007098,0.007075,0.007079,411574
1786840200000,0.007076,0.007085,0.007066,0.007076,551037
1786841100000,0.007076,0.007098,0.007063,0.007088,666919
1786842000000,0.007087,0.007101,0.007081,0.0071,1244480
1786842900000,0.0071,0.00711,0.007092,0.007101,274593
1786843800000,0.007101,0.007104,0.007075,0.007094,627633
1786844700000,0.007096,0.007097,0.007063,0.007068,482572
1786845600000,0.007066,0.007078,0.007062,0.007067,539120
1786846500000,0.007067,0.007068,0.007056,0.007058,394633
1786847400000,0.007056,0.007056,0.007016,0.007039,2208018
1786848300000,0.007038,0.007059,0.007009,0.007059,868337
1786849200000,0.007053,0.007069,0.007044,0.007063,1238665
1786850100000,0.007056,0.007118,0.007056,0.00709,1381686
1786851000000,0.007087,0.007088,0.007058,0.007063,475273
1786851900000,0.00706,0.007082,0.007051,0.007051,668443
1786852800000,0.007051,0.007069,0.00705,0.007069,715217
1786853700000,0.007066,0.00708,0.007054,0.007074,452108
1786854600000,0.007077,0.007085,0.007041,0.007071,1870195
1786855500000,0.007072,0.007087,0.007052,0.007055,971754
1786856400000,0.007053,0.007073,0.00703,0.007068,1007995
1786857300000,0.007073,0.007092,0.007063,0.007063,365906
1786858200000,0.007057,0.007068,0.007045,0.007055,613246
1786859100000,0.007058,0.007077,0.007054,0.007059,437415
1786860000000,0.007058,0.007069,0.007042,0.007044,723108
1786860900000,0.007042,0.007044,0.007031,0.007038,516126
1786861800000,0.007038,0.007051,0.00703,0.00705,470553
1786862700000,0.00705,0.007061,0.007046,0.007052,382631
1786863600000,0.007051,0.00709,0.007049,0.007086,768236
1786864500000,0.00708,0.007138,0.007078,0.007125,884884
1786865400000,0.007125,0.007139,0.007094,0.007132,1683425
1786866300000,0.007137,0.007139,0.007092,0.007094,568502
1786867200000,0.007091,0.007113,0.007071,0.007109,798855
1786868100000,0.007105,0.007114,0.007097,0.00711,426789
1786869000000,0.007108,0.007123,0.007097,0.007123,331596
1786869900000,0.00712,0.007147,0.007116,0.007141,717180
1786870800000,0.007137,0.007164,0.007126,0.007138,1012560
1786871700000,0.007138,0.007158,0.007135,0.007142,650735
1786872600000,0.007142,0.007164,0.007139,0.007163,532670
1786873500000,0.007161,0.007161,0.007138,0.007157,541274
1786874400000,0.007153,0.007165,0.007138,0.007152,813674
1786875300000,0.007152,0.007158,0.007144,0.007153,294566
1786876200000,0.007153,0.007162,0.007129,0.007139,643446
1786877100000,0.007139,0.007153,0.007134,0.007148,252289
1786878000000,0.007146,0.007182,0.007143,0.007156,2021784
1786878900000,0.007157,0.007157,0.00709,0.007097,2003372
1786879800000,0.0071,0.007114,0.007093,0.007112,1005414
1786880700000,0.00711,0.007119,0.007106,0.007112,938107
1786881600000,0.007112,0.007117,0.007086,0.007091,1391927
1786882500000,0.007091,0.007101,0.007082,0.007086,614289
1786883400000,0.007093,0.007099,0.007083,0.007097,379052
1786884300000,0.007094,0.007107,0.007093,0.007098,215681
1786885200000,0.007096,0.007116,0.007085,0.007103,1161993
1786886100000,0.007105,0.007116,0.007098,0.007111,589763
1786887000000,0.007112,0.007121,0.007088,0.007088,914609
1786887900000,0.007088,0.007098,0.007083,0.007085,295331
1786888800000,0.007083,0.007094,0.007076,0.007081,611827
1786889700000,0.007082,0.007111,0.00708,0.007102,448040
1786890600000,0.007098,0.007104,0.007093,0.007095,883007
1786891500000,0.007092,0.007108,0.007087,0.007102,1148669
1786892400000,0.007102,0.007107,0.007093,0.0071,1233136
1786893300000,0.007103,0.007104,0.007098,0.007104,368399
1786894200000,0.007104,0.007111,0.007095,0.007099,760879
1786895100000,0.007101,0.007104,0.007089,0.007096,495907
1786896000000,0.007095,0.007096,0.007083,0.00709,1396816
1786896900000,0.007088,0.00711,0.007086,0.007105,849892
1786897800000,0.007105,0.007108,0.007099,0.007102,939004
1786898700000,0.007099,0.007113,0.007099,0.007109,736020
1786899600000,0.007107,0.007117,0.007105,0.007108,909628
1786900500000,0.007108,0.007114,0.007104,0.007108,645674
1786901400000,0.007108,0.00711,0.007097,0.007097,863375
1786902300000,0.007098,0.007098,0.007076,0.007077,584239
1786903200000,0.007076,0.007078,0.007067,0.007072,1640274
1786904100000,0.007072,0.007074,0.007059,0.00706,742505
1786905000000,0.007061,0.007074,0.00706,0.007073,621836
1786905900000,0.007073,0.007078,0.007065,0.007067,451828
1786906800000,0.007066,0.007075,0.007058,0.007073,1167420
1786907700000,0.007074,0.007081,0.007071,0.007078,497533
1786908600000,0.007077,0.007077,0.007055,0.007063,1180197
1786909500000,0.007062,0.007074,0.007057,0.007057,488750
1786910400000,0.007056,0.00706,0.007042,0.007052,1482502
1786911300000,0.007053,0.007059,0.007043,0.007059,472122
1786912200000,0.007056,0.00709,0.007049,0.007085,1553158
1786913100000,0.007085,0.007089,0.007075,0.007076,407301
1786914000000,0.007073,0.007073,0.007048,0.007062,1027359
1786914900000,0.007059,0.007068,0.007046,0.007056,555916
1786915800000,0.007065,0.007065,0.006984,0.006995,1454828
1786916700000,0.006986,0.007004,0.006976,0.006991,656170
1786917600000,0.006988,0.007019,0.006968,0.006986,939958
1786918500000,0.006986,0.007008,0.006978,0.007008,696101
1786919400000,0.007005,0.007005,0.006972,0.006984,979959
1786920300000,0.006986,0.00699,0.006947,0.006967,1623831
1786921200000,0.006966,0.007019,0.006966,0.007,1259842
1786922100000,0.006998,0.007013,0.006989,0.006994,365630
1786923000000,0.006992,0.006994,0.006951,0.00696,2550405
1786923900000,0.006962,0.006977,0.006928,0.006945,1847783
1786924800000,0.006946,0.007029,0.006941,0.006986,4770623
1786925700000,0.006983,0.007003,0.006968,0.006991,1345185
1786926600000,0.006992,0.006992,0.00696,0.006988,916672
1786927500000,0.006988,0.006988,0.00697,0.00698,209876
1786928400000,0.006982,0.007058,0.006979,0.007051,1339861
1786929300000,0.007051,0.007064,0.007022,0.007028,681834
1786930200000,0.007029,0.007049,0.007008,0.007027,1323046
1786931100000,0.007027,0.007039,0.007009,0.007009,577848
1786932000000,0.007012,0.007041,0.007008,0.007009,762409
1786932900000,0.007011,0.007022,0.006981,0.007003,1482681
1786933800000,0.007008,0.00706,0.007001,0.007033,1384578
1786934700000,0.007036,0.007059,0.007034,0.007043,303675
1786935600000,0.007041,0.007108,0.007041,0.007104,1462467
1786936500000,0.007101,0.007108,0.007059,0.007061,2847872
1786937400000,0.007061,0.007088,0.007054,0.00707,734975
1786938300000,0.007076,0.007082,0.007068,0.007068,412726
1786939200000,0.00707,0.007094,0.007064,0.007094,1256198
1786940100000,0.007098,0.007102,0.007052,0.007066,660132
1786941000000,0.007067,0.007113,0.007065,0.0071,1131944
1786941900000,0.0071,0.007102,0.007077,0.007082,313483
1786942800000,0.007081,0.007081,0.007051,0.007062,1420069
1786943700000,0.007061,0.007074,0.007054,0.007071,331028
1786944600000,0.007072,0.007082,0.007064,0.007064,299596
1786945500000,0.007063,0.007093,0.007063,0.007088,1250706
1786946400000,0.007089,0.007109,0.007071,0.007077,877920
1786947300000,0.00708,0.007085,0.00707,0.007077,459291
1786948200000,0.007077,0.007077,0.007032,0.007041,885043
1786949100000,0.007042,0.007055,0.007038,0.00705,335897
1786950000000,0.007049,0.007133,0.007045,0.007121,4710503
1786950900000,0.007114,0.007122,0.007064,0.007065,2732856
1786951800000,0.00707,0.007086,0.007056,0.007056,1088966
1786952700000,0.007056,0.007071,0.007035,0.007068,319663
1786953600000,0.00707,0.007079,0.007043,0.007043,656531
1786954500000,0.007044,0.007079,0.007041,0.007058,802436
1786955400000,0.007058,0.007091,0.007055,0.007086,612929
1786956300000,0.007087,0.007095,0.007064,0.007078,383070
1786957200000,0.007082,0.007143,0.007078,0.007135,1595096
1786958100000,0.007137,0.00716,0.007098,0.007145,1475605
1786959000000,0.007146,0.00716,0.007115,0.007124,2453192
1786959900000,0.007121,0.007152,0.007113,0.007145,751765
1786960800000,0.007148,0.007167,0.007084,0.007084,1955948
1786961700000,0.007084,0.007108,0.007073,0.007089,679659
1786962600000,0.00709,0.007133,0.00709,0.007099,985021
1786963500000,0.0071,0.0071,0.007081,0.007085,243318
1786964400000,0.007086,0.00711,0.007064,0.007067,952791
1786965300000,0.00707,0.007081,0.00706,0.007072,390063
1786966200000,0.007073,0.007079,0.007055,0.007068,967962
1786967100000,0.007068,0.007075,0.007053,0.007053,180266
1786968000000,0.007055,0.007163,0.007055,0.007114,3432536
1786968900000,0.007113,0.00713,0.007088,0.007094,883906
1786969800000,0.007099,0.007158,0.007092,0.007119,1621728
1786970700000,0.007116,0.007144,0.00711,0.007136,420937
1786971600000,0.007143,0.007146,0.007092,0.007098,1062916
1786972500000,0.007095,0.007117,0.007078,0.00711,1136324
1786973400000,0.007111,0.007147,0.007078,0.007084,1539360
1786974300000,0.007093,0.007114,0.007062,0.007062,935010
1786975200000,0.007068,0.007112,0.00706,0.007112,1522929
1786976100000,0.007115,0.007116,0.007078,0.007097,948865
1786977000000,0.007097,0.007103,0.007075,0.007081,1051142
1786977900000,0.007079,0.007103,0.007061,0.007067,1180982
1786978800000,0.007069,0.007117,0.007048,0.007049,1996840
1786979700000,0.007056,0.007058,0.007022,0.007036,1678570
1786980600000,0.00704,0.007084,0.007013,0.00708,3792858
1786981500000,0.007078,0.007079,0.007019,0.007023,1515945
1786982400000,0.007022,0.007073,0.007022,0.007042,2051142
1786983300000,0.007042,0.007067,0.007042,0.007067,360082
1786984200000,0.007067,0.00707,0.00705,0.00706,767231
1786985100000,0.007059,0.007071,0.007049,0.007054,670436
1786986000000,0.007054,0.007094,0.007053,0.007075,1086891
1786986900000,0.007074,0.007102,0.007074,0.007088,324340
1786987800000,0.007086,0.007086,0.007047,0.007048,1023205
1786988700000,0.00705,0.007068,0.007037,0.007037,444033
1786989600000,0.007045,0.007057,0.007023,0.007025,1023523
1786990500000,0.007025,0.007047,0.007023,0.007039,799742
1786991400000,0.007035,0.007044,0.007014,0.00704,1079176
1786992300000,0.00704,0.007047,0.007022,0.007041,863367
1786993200000,0.007039,0.007062,0.007027,0.007045,1164656
1786994100000,0.007046,0.00705,0.007031,0.007031,138543
1786995000000,0.007031,0.007031,0.007005,0.007023,971061
1786995900000,0.007019,0.007036,0.007018,0.007029,350216
1786996800000,0.007029,0.00703,0.006984,0.006996,1708470
1786997700000,0.006993,0.007022,0.006988,0.007012,732211
1786998600000,0.007015,0.007038,0.007013,0.007037,678656
1786999500000,0.007037,0.007079,0.007024,0.007049,1559346
1787000400000,0.007048,0.007048,0.006982,0.007013,1572075
1787001300000,0.007014,0.007054,0.007009,0.007033,586109
1787002200000,0.00704,0.007045,0.007001,0.007032,1035366
1787003100000,0.007033,0.007037,0.007012,0.007024,340182
1787004000000,0.007024,0.007035,0.007007,0.007018,640639
1787004900000,0.00702,0.007026,0.007003,0.007006,322047
1787005800000,0.007,0.007019,0.006999,0.007016,415143
1787006700000,0.007016,0.007017,0.006993,0.007002,873331
1787007600000,0.007002,0.00702,0.007001,0.00702,468104
1787008500000,0.00702,0.007025,0.00701,0.007017,104847
1787009400000,0.007017,0.007042,0.007011,0.007014,649918
1787010300000,0.007015,0.007018,0.007007,0.007018,347435
1787011200000,0.007016,0.007064,0.007015,0.007045,5130656
1787012100000,0.007041,0.007061,0.007024,0.007024,358590
1787013000000,0.007024,0.007058,0.007018,0.007052,2126460
1787013900000,0.007048,0.007064,0.007041,0.007058,480428
1787014800000,0.007058,0.007058,0.007014,0.007022,1051119
1787015700000,0.007026,0.007038,0.007012,0.007017,988078
1787016600000,0.007023,0.007032,0.007005,0.007005,665185
1787017500000,0.007007,0.007007,0.006991,0.006996,613126
1787018400000,0.006999,0.007029,0.006987,0.007,1245044
1787019300000,0.006993,0.007007,0.006984,0.006994,404049
1787020200000,0.006985,0.006987,0.006958,0.006959,1052145
1787021100000,0.006964,0.006966,0.0069,0.006923,1654313
1787022000000,0.006929,0.006952,0.006906,0.00691,1438723
1787022900000,0.006916,0.006935,0.006909,0.006915,650803
1787023800000,0.006915,0.006917,0.006885,0.006902,1051779
1787024700000,0.006899,0.006905,0.006892,0.006901,348710
1787025600000,0.006899,0.006945,0.006895,0.006907,4353131
1787026500000,0.006906,0.006906,0.006868,0.006886,2747310
1787027400000,0.006883,0.006909,0.006873,0.00689,1080669
1787028300000,0.006895,0.0069,0.006882,0.006897,351373
1787029200000,0.006896,0.006923,0.006892,0.006898,3894081
1787030100000,0.006898,0.006902,0.006873,0.006886,1295817
1787031000000,0.00688,0.006908,0.006875,0.006899,564558
1787031900000,0.006903,0.006936,0.006898,0.006931,524507
1787032800000,0.006932,0.00694,0.006898,0.006918,1663092
1787033700000,0.006916,0.006924,0.0069,0.006919,411154
1787034600000,0.006917,0.006943,0.006913,0.006933,480760
1787035500000,0.006936,0.006938,0.006913,0.006925,215193
1787036400000,0.006924,0.006955,0.006913,0.006928,1409283
1787037300000,0.006929,0.006973,0.006925,0.006966,520769
1787038200000,0.006968,0.006975,0.006911,0.00692,1882305
1787039100000,0.006922,0.006927,0.006906,0.006908,307856
1787040000000,0.006908,0.006912,0.006889,0.006907,684125
1787040900000,0.006906,0.006908,0.006881,0.006899,1976681
1787041800000,0.006899,0.006907,0.006891,0.006891,475049
1787042700000,0.006895,0.006993,0.006895,0.006952,3663955
1787043600000,0.006956,0.006965,0.006936,0.006961,1342991
1787044500000,0.006963,0.006985,0.006962,0.006976,662198
1787045400000,0.00698,0.006981,0.006946,0.006951,725999
1787046300000,0.00695,0.007011,0.006935,0.006956,5603080
1787047200000,0.006958,0.006982,0.006929,0.006965,3286455
1787048100000,0.006959,0.006966,0.006916,0.006916,1380789
1787049000000,0.006916,0.006942,0.006902,0.006902,1406617
1787049900000,0.006903,0.00691,0.006887,0.00689,509549
1787050800000,0.006896,0.006964,0.006896,0.006952,3457204
1787051700000,0.006951,0.006965,0.006942,0.006951,410053
1787052600000,0.006946,0.006979,0.006941,0.006972,853499
1787053500000,0.006975,0.006976,0.006953,0.006964,412553
1787054400000,0.006968,0.007049,0.006962,0.007008,2808772
1787055300000,0.00701,0.00712,0.006975,0.007085,8394901
1787056200000,0.007083,0.007102,0.007044,0.00705,2384283
1787057100000,0.007052,0.007052,0.007039,0.007044,1159926
1787058000000,0.007043,0.007102,0.007036,0.00707,2048901
1787058900000,0.007064,0.007078,0.007057,0.007073,867590
1787059800000,0.007073,0.007113,0.007059,0.007062,780875
1787060700000,0.007063,0.007077,0.007048,0.007054,516240
1787061600000,0.007055,0.007087,0.007049,0.007056,1433003
1787062500000,0.007051,0.00708,0.007042,0.00708,495340
1787063400000,0.007079,0.007085,0.00705,0.007064,1221526
1787064300000,0.007056,0.007078,0.007052,0.007064,459267
1787065200000,0.007068,0.007086,0.007055,0.007077,1201349
1787066100000,0.007082,0.007166,0.007073,0.007107,2766465
1787067000000,0.007107,0.007127,0.007069,0.007078,1929282
1787067900000,0.007078,0.007092,0.007063,0.007077,426127
1787068800000,0.007076,0.007088,0.007053,0.007075,871913
1787069700000,0.007076,0.007085,0.007063,0.00707,590859
1787070600000,0.00707,0.007093,0.007065,0.007093,701886
1787071500000,0.007088,0.00712,0.007086,0.007117,644536
1787072400000,0.007119,0.007128,0.007071,0.007084,2587896
1787073300000,0.007084,0.007086,0.00705,0.00705,190566
1787074200000,0.007054,0.007062,0.007039,0.007062,624309
1787075100000,0.007063,0.007064,0.007047,0.007051,92614
1787076000000,0.007042,0.007061,0.007041,0.007056,405951
1787076900000,0.007055,0.007067,0.007052,0.00706,269955
1787077800000,0.007059,0.007059,0.007036,0.007041,470788
1787078700000,0.007043,0.007056,0.007036,0.007044,284709
1787079600000,0.007047,0.007073,0.00704,0.00705,593981
1787080500000,0.007047,0.007051,0.007034,0.00704,220576
1787081400000,0.007041,0.007085,0.007038,0.007064,1033582
1787082300000,0.007065,0.007071,0.007056,0.007058,232117
1787083200000,0.007062,0.007135,0.007056,0.007131,2227450
1787084100000,0.007133,0.007143,0.007028,0.007069,25449019
1787085000000,0.007068,0.007098,0.007049,0.007056,18465604
1787085900000,0.007057,0.007058,0.007023,0.007033,930255
1787086800000,0.007032,0.007038,0.007002,0.00701,1144094
1787087700000,0.007004,0.007023,0.006993,0.007006,998469
1787088600000,0.00701,0.007018,0.006972,0.007003,1582486
1787089500000,0.007002,0.007023,0.00699,0.007023,235217
1787090400000,0.007028,0.007028,0.006991,0.006999,1075862
1787091300000,0.006999,0.007004,0.006984,0.006986,294614
1787092200000,0.006988,0.006999,0.006977,0.006984,559558
1787093100000,0.006983,0.006989,0.006973,0.006983,410840
1787094000000,0.006986,0.007003,0.006975,0.007003,1443732
1787094900000,0.007001,0.007005,0.00699,0.00699,355251
1787095800000,0.006995,0.006995,0.006965,0.006983,1741777
1787096700000,0.006985,0.007024,0.006982,0.007024,455148
1787097600000,0.007022,0.007022,0.006992,0.007015,904402
1787098500000,0.007014,0.007024,0.007003,0.007023,582572
1787099400000,0.007023,0.007043,0.007014,0.007014,597381
1787100300000,0.007007,0.007036,0.007004,0.00703,480359
1787101200000,0.007029,0.007056,0.007019,0.007051,562891
1787102100000,0.007052,0.007059,0.007028,0.007059,521894
1787103000000,0.007061,0.00707,0.007035,0.007049,756908
1787103900000,0.00705,0.007064,0.007044,0.007046,569957
1787104800000,0.007048,0.007054,0.007024,0.007029,1350943
1787105700000,0.007035,0.007038,0.007024,0.00703,312677
1787106600000,0.007033,0.007035,0.007012,0.007018,297170
1787107500000,0.007015,0.007031,0.007014,0.007022,311831
1787108400000,0.007026,0.007035,0.007004,0.007031,504777
1787109300000,0.007034,0.007049,0.007028,0.007042,238205
1787110200000,0.007045,0.007056,0.007043,0.007056,344771
1787111100000,0.007054,0.007056,0.007026,0.007027,210292
1787112000000,0.007029,0.007038,0.007007,0.007015,1033056
1787112900000,0.007015,0.007022,0.007011,0.007016,422899
1787113800000,0.007015,0.007015,0.007,0.007011,467074
1787114700000,0.00701,0.007038,0.006998,0.007034,619392
1787115600000,0.007031,0.007031,0.007002,0.007023,943759
1787116500000,0.007023,0.007035,0.007012,0.007023,309397
1787117400000,0.007024,0.007036,0.006976,0.006994,1767881
1787118300000,0.006991,0.007002,0.006977,0.00699,937095
1787119200000,0.006992,0.006992,0.006966,0.006972,878691
1787120100000,0.006972,0.006985,0.006934,0.006955,1951305
1787121000000,0.006954,0.006959,0.006924,0.006938,1508628
1787121900000,0.006939,0.006942,0.006916,0.006917,715200
1787122800000,0.00692,0.006932,0.00691,0.006911,842303
1787123700000,0.006914,0.006937,0.006907,0.006929,316555
1787124600000,0.00693,0.006935,0.006916,0.006919,483158
1787125500000,0.006917,0.006923,0.006914,0.006917,461073
1787126400000,0.006918,0.006953,0.006916,0.006937,1214221
1787127300000,0.006938,0.006971,0.006936,0.006951,972627
1787128200000,0.006952,0.006982,0.006951,0.006975,828068
1787129100000,0.006974,0.006978,0.006966,0.006968,283582
1787130000000,0.00697,0.006998,0.006968,0.006989,1449896
1787130900000,0.006986,0.006995,0.00696,0.006965,463916
1787131800000,0.006967,0.006982,0.006942,0.006946,3981386
1787132700000,0.006947,0.006975,0.006936,0.00694,3469256
1787133600000,0.006944,0.006951,0.006931,0.00694,602187
1787134500000,0.006938,0.00694,0.00693,0.006931,326981
1787135400000,0.006934,0.006961,0.006934,0.006961,537473
1787136300000,0.006957,0.006959,0.006947,0.006952,511710
1787137200000,0.006952,0.00704,0.006951,0.007025,2294696
1787138100000,0.007028,0.007028,0.006944,0.006954,1356064
1787139000000,0.006958,0.006967,0.006938,0.006958,701089
1787139900000,0.006957,0.006998,0.006957,0.006974,942949
1787140800000,0.006974,0.006975,0.006941,0.006972,974774
1787141700000,0.006971,0.006977,0.006966,0.006966,145568
1787142600000,0.006966,0.00699,0.006966,0.006986,877805
1787143500000,0.006987,0.007003,0.00698,0.006985,615891
1787144400000,0.006984,0.006991,0.006979,0.006987,632861
1787145300000,0.006985,0.006985,0.006974,0.006979,385754
1787146200000,0.006976,0.007005,0.006975,0.006992,907122
1787147100000,0.006991,0.00703,0.006979,0.00703,1639108
1787148000000,0.007028,0.00704,0.007006,0.007036,829650
1787148900000,0.007031,0.007044,0.00702,0.007027,1155382
1787149800000,0.007031,0.007053,0.007015,0.007053,1506386
1787150700000,0.007054,0.007143,0.007053,0.007101,6018231
1787151600000,0.007107,0.007165,0.007093,0.007157,2875517
1787152500000,0.007157,0.007289,0.007155,0.007249,6332919
1787153400000,0.007255,0.007284,0.007223,0.007237,3970634
1787154300000,0.007234,0.007234,0.007156,0.007176,3506195
1787155200000,0.007176,0.007199,0.007159,0.007174,2366152
1787156100000,0.007177,0.007206,0.007162,0.007201,1420314
1787157000000,0.007204,0.007288,0.007195,0.007261,6133604
1787157900000,0.007261,0.007298,0.007247,0.007256,2692142
1787158800000,0.007259,0.007259,0.007204,0.007207,1531217
1787159700000,0.007208,0.00722,0.007178,0.007194,845720
1787160600000,0.007192,0.007194,0.007134,0.007153,2486810
1787161500000,0.007154,0.007172,0.007148,0.007152,731137
1787162400000,0.007153,0.007193,0.007149,0.007157,2284594
1787163300000,0.007157,0.007169,0.007149,0.007159,327751
1787164200000,0.00716,0.007163,0.00713,0.007156,1448597
1787165100000,0.007157,0.007169,0.007155,0.007169,284185
1787166000000,0.007167,0.007172,0.007141,0.007148,716366
1787166900000,0.007148,0.007194,0.007148,0.007187,328662
1787167800000,0.007184,0.007233,0.007174,0.007232,4585755
1787168700000,0.007233,0.007293,0.007231,0.007283,1656897
1787169600000,0.00728,0.007294,0.007261,0.007291,1139383
1787170500000,0.00729,0.007293,0.007274,0.007281,695212
1787171400000,0.007282,0.007289,0.007251,0.007263,1061174
1787172300000,0.007264,0.00737,0.007261,0.007351,2838875
1787173200000,0.007348,0.007427,0.007343,0.007391,2993784
1787174100000,0.007397,0.007406,0.007351,0.007398,1804971
1787175000000,0.007396,0.007427,0.007392,0.007411,2652249
1787175900000,0.007411,0.007443,0.00739,0.007407,1032914
1787176800000,0.007406,0.007406,0.007309,0.007315,2296054
1787177700000,0.007322,0.007333,0.007317,0.007317,564582
1787178600000,0.007322,0.007361,0.007322,0.007356,2025285
1787179500000,0.007352,0.007353,0.007323,0.007335,1240686
1787180400000,0.007338,0.00736,0.007325,0.00735,999241
1787181300000,0.007353,0.007361,0.007331,0.007335,472402
1787182200000,0.007329,0.007347,0.007314,0.007341,1175565
1787183100000,0.007341,0.007348,0.007332,0.007343,357684
1787184000000,0.007341,0.007374,0.007337,0.007346,1347233
1787184900000,0.007348,0.007423,0.007346,0.007413,1262673
1787185800000,0.007413,0.007443,0.007401,0.007417,2976308
1787186700000,0.007414,0.007417,0.007387,0.007395,1168023
1787187600000,0.007397,0.007427,0.007384,0.007384,1846969
1787188500000,0.007385,0.007391,0.007369,0.007383,458195
1787189400000,0.007379,0.00741,0.007365,0.007397,963716
1787190300000,0.007402,0.007408,0.007394,0.007401,316749
1787191200000,0.007396,0.007404,0.007381,0.007388,828585
1787192100000,0.007387,0.007393,0.007367,0.007371,235324
1787193000000,0.00737,0.007377,0.007357,0.00736,814373
1787193900000,0.00736,0.007381,0.007335,0.007345,932710
1787194800000,0.007339,0.00736,0.007268,0.007304,11585780
1787195700000,0.007302,0.007307,0.007203,0.007272,16201059
1787196600000,0.007269,0.007272,0.007246,0.007258,1263308
1787197500000,0.00726,0.007264,0.007253,0.007256,291503
1787198400000,0.007256,0.007261,0.007245,0.007256,931675
1787199300000,0.007254,0.007269,0.007237,0.007256,869805
1787200200000,0.007254,0.007255,0.007239,0.007246,964928
1787201100000,0.007247,0.007272,0.007246,0.007267,574941
1787202000000,0.007272,0.007273,0.007248,0.007259,930774
1787202900000,0.007259,0.00727,0.007255,0.007255,384797
1787203800000,0.007255,0.007261,0.007227,0.007245,807997
1787204700000,0.007248,0.00725,0.007234,0.007242,453154
1787205600000,0.007238,0.007238,0.007197,0.007214,1350521
1787206500000,0.007215,0.007236,0.007215,0.007235,485267
1787207400000,0.007234,0.007253,0.007219,0.007249,1004032
1787208300000,0.007248,0.00726,0.007243,0.007255,405964
1787209200000,0.007257,0.007258,0.007231,0.007246,1150825
1787210100000,0.007242,0.007242,0.007221,0.00723,454299
1787211000000,0.007228,0.007228,0.007196,0.007207,1025752
1787211900000,0.007207,0.00721,0.007171,0.007185,1964133
1787212800000,0.007188,0.00729,0.007187,0.007279,1592953
1787213700000,0.007287,0.007297,0.007232,0.007296,2219852
1787214600000,0.007299,0.007303,0.007282,0.007292,1424356
1787215500000,0.007291,0.007368,0.007284,0.007368,1430067
1787216400000,0.007368,0.007538,0.007326,0.007502,12119717
1787217300000,0.007505,0.007524,0.007483,0.007489,4828598
1787218200000,0.007488,0.007488,0.007402,0.007424,3713962
1787219100000,0.007429,0.007437,0.007386,0.007418,2823306
1787220000000,0.007418,0.007456,0.007409,0.007444,1449997
1787220900000,0.007445,0.007457,0.007417,0.007446,1712109
1787221800000,0.007441,0.007457,0.007427,0.007436,1471619
1787222700000,0.007432,0.007445,0.007425,0.007431,365712
1787223600000,0.007429,0.007457,0.007422,0.007445,1256292
1787224500000,0.007446,0.00746,0.007441,0.007448,696476
1787225400000,0.007445,0.007503,0.007445,0.007495,1446526
1787226300000,0.007492,0.007584,0.007485,0.007497,11312689
1787227200000,0.007496,0.007508,0.007426,0.007457,3636207
1787228100000,0.007458,0.007472,0.007436,0.007461,948779
1787229000000,0.007462,0.007477,0.007435,0.007448,923034
1787229900000,0.007454,0.007467,0.007432,0.007457,507636
1787230800000,0.007462,0.007473,0.007433,0.007449,743350
1787231700000,0.007449,0.00745,0.007426,0.007435,350668
1787232600000,0.007434,0.007435,0.007359,0.0074,4932336
1787233500000,0.007402,0.007422,0.007388,0.007417,722272
1787234400000,0.007418,0.00743,0.007402,0.007406,1225491
1787235300000,0.007406,0.007406,0.007381,0.007388,702189
1787236200000,0.007385,0.007407,0.007374,0.007384,1110891
1787237100000,0.007384,0.007398,0.007377,0.007398,837914
1787238000000,0.007397,0.007477,0.007394,0.007458,1919179
1787238900000,0.007459,0.007493,0.007458,0.00749,1278657
1787239800000,0.007494,0.007535,0.007457,0.007457,1656465
1787240700000,0.007454,0.007543,0.007444,0.007522,2945559
1787241600000,0.007516,0.007537,0.007503,0.007529,2171209
1787242500000,0.007529,0.007534,0.007488,0.007528,1371858
1787243400000,0.007532,0.007582,0.007525,0.007561,2586203
1787244300000,0.007561,0.007587,0.007535,0.007578,2322276
1787245200000,0.007583,0.007588,0.007569,0.007575,1228327
1787246100000,0.007577,0.007601,0.007559,0.007589,3723159
1787247000000,0.007591,0.007613,0.007563,0.007563,1519431
1787247900000,0.00756,0.007576,0.007536,0.007566,1234896
1787248800000,0.00757,0.007578,0.007526,0.007553,1485918
1787249700000,0.007549,0.007558,0.007538,0.007543,1200050
1787250600000,0.007534,0.007538,0.00749,0.007509,2786593
1787251500000,0.007511,0.007515,0.007491,0.007491,814184
1787252400000,0.00749,0.00761,0.007487,0.007586,2339776
1787253300000,0.007587,0.007596,0.007549,0.007556,357506
1787254200000,0.007558,0.007575,0.007551,0.007552,987071
1787255100000,0.007552,0.007562,0.007544,0.007545,253805
1787256000000,0.007548,0.007572,0.00754,0.00756,566975
1787256900000,0.007557,0.007623,0.007553,0.007613,879112
1787257800000,0.007622,0.007657,0.007612,0.007634,733551
1787258700000,0.007637,0.007659,0.0076,0.007651,771261
1787259600000,0.007649,0.007711,0.007632,0.007711,1028876
1787260500000,0.007713,0.007742,0.007694,0.007699,1578226
1787261400000,0.007692,0.007934,0.007688,0.007876,17217727
1787262300000,0.007876,0.007886,0.007778,0.007809,2769987
1787263200000,0.007814,0.007831,0.007773,0.007804,2097598
1787264100000,0.007806,0.007815,0.00779,0.007797,1720238
1787265000000,0.007795,0.007842,0.007786,0.007833,1348348
1787265900000,0.00783,0.007847,0.007821,0.007827,755085
1787266800000,0.00783,0.007836,0.007809,0.007811,1092260
1787267700000,0.007811,0.007838,0.007789,0.007838,1521166
1787268600000,0.007837,0.00784,0.007782,0.007797,510865
1787269500000,0.007799,0.007809,0.007761,0.007767,2923674
1787270400000,0.007767,0.007794,0.007725,0.007756,3883293
1787271300000,0.007764,0.007811,0.007756,0.007771,1548369
1787272200000,0.007771,0.007791,0.007748,0.007754,1503082
1787273100000,0.007751,0.007778,0.007745,0.007752,545028
1787274000000,0.007748,0.007801,0.007739,0.00778,2227575
1787274900000,0.007777,0.007807,0.007726,0.007766,6523076
1787275800000,0.007765,0.007795,0.007754,0.007779,1261139
1787276700000,0.007772,0.007831,0.007772,0.007799,1525432
1787277600000,0.007799,0.007812,0.007775,0.007804,658240
1787278500000,0.007806,0.007817,0.007785,0.00781,591691
1787279400000,0.007811,0.007832,0.007787,0.007826,1005279
1787280300000,0.007826,0.007827,0.007777,0.007814,4263531
1787281200000,0.007814,0.007817,0.007763,0.007788,1187001
1787282100000,0.007785,0.007788,0.007764,0.007776,441763
1787283000000,0.007774,0.007801,0.007769,0.007787,1725833
1787283900000,0.007787,0.00783,0.007786,0.007794,1240519
1787284800000,0.007799,0.007828,0.007796,0.00781,320298
1787285700000,0.007808,0.007828,0.007802,0.007804,657490
1787286600000,0.007802,0.007857,0.007802,0.007857,666194
1787287500000,0.007855,0.007865,0.007843,0.007846,490894
1787288400000,0.007845,0.007848,0.007821,0.007833,332114
1787289300000,0.007833,0.00785,0.007823,0.007836,859246
1787290200000,0.007836,0.007911,0.007831,0.007906,2545192
1787291100000,0.007913,0.007931,0.0079,0.007902,1142256
1787292000000,0.007909,0.007924,0.00788,0.007886,1135530
1787292900000,0.007886,0.007904,0.00787,0.007899,744076
1787293800000,0.007899,0.007925,0.007898,0.007905,839013
1787294700000,0.007905,0.007947,0.007899,0.007941,736034
1787295600000,0.007941,0.007983,0.007941,0.007968,1684002
1787296500000,0.007972,0.008003,0.007939,0.007965,4173944
1787297400000,0.007965,0.008086,0.007949,0.008074,6131806
1787298300000,0.008071,0.008074,0.00801,0.008018,3455318
1787299200000,0.008022,0.008063,0.007998,0.008034,2866566
1787300100000,0.008033,0.008057,0.007988,0.007989,2122577
1787301000000,0.007988,0.008002,0.007962,0.007985,3082388
1787301900000,0.007985,0.00806,0.00798,0.008038,8648186
1787302800000,0.008041,0.008041,0.007839,0.007913,8213306
1787303700000,0.007902,0.00792,0.007882,0.007919,2008194
1787304600000,0.007917,0.007977,0.007908,0.007956,2447961
1787305500000,0.007958,0.007976,0.007888,0.00792,1866465
1787306400000,0.007929,0.007956,0.007905,0.007939,1363226
1787307300000,0.007935,0.00796,0.007935,0.007955,2943305
1787308200000,0.007955,0.007966,0.007929,0.007966,3293270
1787309100000,0.007972,0.007995,0.007948,0.007986,1211387
1787310000000,0.007983,0.007995,0.007941,0.007983,1005376
1787310900000,0.007984,0.008023,0.007955,0.008016,2282092
1787311800000,0.008016,0.008021,0.007957,0.008013,1480957
1787312700000,0.008013,0.008043,0.00789,0.008024,7793157
1787313600000,0.00802,0.008049,0.007991,0.008033,2290351
1787314500000,0.008035,0.008084,0.008021,0.008078,2102145
1787315400000,0.008081,0.00821,0.008076,0.008199,5134728
1787316300000,0.00819,0.008235,0.008173,0.008188,3008122
1787317200000,0.008193,0.008216,0.008183,0.008197,1794467
1787318100000,0.008201,0.00821,0.008128,0.008139,1908082
1787319000000,0.00814,0.008194,0.00811,0.00817,4644541
1787319900000,0.008177,0.008191,0.00816,0.00818,883222
1787320800000,0.008181,0.008261,0.008181,0.008197,2913121
1787321700000,0.008206,0.008263,0.008168,0.008262,1698661
1787322600000,0.008256,0.008291,0.008213,0.008248,1996576
1787323500000,0.00824,0.008332,0.008239,0.008308,2341786
1787324400000,0.008301,0.008381,0.008301,0.00836,3183612
1787325300000,0.008367,0.008385,0.008331,0.008368,1935960
1787326200000,0.008366,0.008396,0.008314,0.008314,2138782
1787327100000,0.008322,0.008364,0.008264,0.008285,2569622
1787328000000,0.008285,0.008309,0.008241,0.008269,1755457
1787328900000,0.008266,0.008306,0.008246,0.008266,2361780
1787329800000,0.00826,0.008266,0.008229,0.008245,1685661
1787330700000,0.008243,0.008255,0.008134,0.008175,8304781
1787331600000,0.008178,0.008232,0.008169,0.008221,2212628
1787332500000,0.008222,0.008223,0.008142,0.008154,1183538
1787333400000,0.008156,0.008173,0.008115,0.008122,1492216
1787334300000,0.008127,0.008168,0.008112,0.008145,2017167
1787335200000,0.008147,0.008168,0.008135,0.008155,757927
1787336100000,0.008155,0.008175,0.008137,0.008156,1205293
1787337000000,0.008159,0.008164,0.008097,0.008098,970507
1787337900000,0.008099,0.008141,0.008029,0.008128,2761189
1787338800000,0.008138,0.008148,0.008079,0.008135,1610346
1787339700000,0.008135,0.008147,0.008112,0.008146,409344
1787340600000,0.008147,0.008154,0.008105,0.008108,1248516
1787341500000,0.008105,0.00812,0.008093,0.008105,437234
1787342400000,0.008106,0.008166,0.008083,0.008165,1377009
1787343300000,0.008166,0.008205,0.008113,0.008163,1108686
1787344200000,0.008163,0.008205,0.008163,0.008172,768539
1787345100000,0.008172,0.008217,0.008172,0.008217,859893
1787346000000,0.008217,0.008238,0.008197,0.008227,1407349
1787346900000,0.008227,0.008258,0.008213,0.008242,915709
1787347800000,0.008242,0.008264,0.008237,0.008259,624830
1787348700000,0.008259,0.008319,0.008259,0.008299,2830495
1787349600000,0.008299,0.008324,0.008296,0.008308,1524852
1787350500000,0.008308,0.008313,0.008273,0.008284,973293
1787351400000,0.008284,0.008299,0.008227,0.008288,620889
1787352300000,0.008288,0.008322,0.008259,0.008297,1115709
1787353200000,0.008297,0.008338,0.008297,0.008297,1218697
1787354100000,0.008297,0.00834,0.008297,0.008311,599195
1787355000000,0.008311,0.008321,0.008291,0.008318,1005065
1787355900000,0.008318,0.008318,0.008258,0.0083,2577899
1787356800000,0.0083,0.008346,0.008291,0.008312,2166850
1787357700000,0.008311,0.008382,0.008301,0.008335,825825
1787358600000,0.008334,0.008409,0.008147,0.008171,31342143
1787359500000,0.008173,0.008205,0.008104,0.008173,5912560
1787360400000,0.008178,0.008235,0.008126,0.008139,5361762
1787361300000,0.008133,0.008175,0.008105,0.00812,4689389
1787362200000,0.008122,0.008171,0.008104,0.008106,4029793
1787363100000,0.008114,0.0082,0.008106,0.008169,2451705
1787364000000,0.008168,0.00825,0.008156,0.008239,998259
1787364900000,0.008244,0.008275,0.008214,0.008246,1876885
1787365800000,0.00826,0.008365,0.008231,0.008337,4061758
1787366700000,0.008333,0.008373,0.008321,0.008362,2654749
1787367600000,0.008365,0.008404,0.008346,0.008352,2067384
1787368500000,0.008353,0.008432,0.008345,0.008383,3041819
1787369400000,0.008382,0.008456,0.008374,0.008435,2595054
1787370300000,0.008439,0.00849,0.008406,0.008449,3929882
1787371200000,0.008449,0.008454,0.008378,0.008432,2945570
1787372100000,0.008429,0.00846,0.008424,0.008459,2066136
1787373000000,0.008459,0.008584,0.008442,0.008541,10517958
1787373900000,0.008536,0.008588,0.008494,0.008586,9598082
1787374800000,0.008581,0.008646,0.007687,0.008192,40130204
1787375700000,0.008196,0.008228,0.007909,0.008158,14390337
1787376600000,0.008155,0.008236,0.008093,0.00813,5615315
1787377500000,0.008135,0.008259,0.008133,0.008205,2883555
1787378400000,0.008196,0.008211,0.008107,0.008136,3352285
1787379300000,0.008141,0.008215,0.008141,0.008187,1672568
1787380200000,0.008177,0.008251,0.00812,0.008226,1633999
1787381100000,0.008237,0.008254,0.008216,0.008244,1213962
1787382000000,0.008241,0.008297,0.008241,0.008284,3933470
1787382900000,0.008284,0.008306,0.008251,0.008298,1323059
1787383800000,0.008302,0.008337,0.008293,0.008337,1877571
1787384700000,0.008333,0.008349,0.008299,0.008336,1481159
1787385600000,0.008337,0.008373,0.008317,0.008356,1868427
1787386500000,0.008349,0.008355,0.008202,0.008221,2317366
1787387400000,0.008221,0.008233,0.008174,0.008231,2228048
1787388300000,0.008228,0.008265,0.00821,0.00824,1033413
1787389200000,0.008265,0.008266,0.008161,0.00822,1299429
1787390100000,0.008216,0.008245,0.008204,0.008237,673262
1787391000000,0.008234,0.008249,0.008214,0.008236,429954
1787391900000,0.008238,0.008242,0.00818,0.008199,1294686
1787392800000,0.0082,0.008202,0.008054,0.008078,1963606
1787393700000,0.00807,0.008102,0.007972,0.008032,4443470
1787394600000,0.00804,0.008112,0.008026,0.008099,1930816
1787395500000,0.008108,0.008109,0.008055,0.008062,1052834
1787396400000,0.008069,0.00808,0.008008,0.008046,1551544
1787397300000,0.008043,0.008087,0.008022,0.008066,1679182
1787398200000,0.008083,0.008169,0.008067,0.008161,1412577
1787399100000,0.008157,0.008176,0.008133,0.008152,372705
1787400000000,0.008161,0.008173,0.0081,0.00813,1586074
1787400900000,0.008128,0.008157,0.008127,0.008157,272713
1787401800000,0.008155,0.008155,0.008079,0.008101,1456772
1787402700000,0.008096,0.008116,0.008067,0.008077,1298626
1787403600000,0.008064,0.008082,0.00802,0.008071,2417683
1787404500000,0.008077,0.008084,0.008021,0.008044,716569
1787405400000,0.008045,0.008046,0.007998,0.008018,1234325
1787406300000,0.008018,0.008048,0.007993,0.00804,838059
1787407200000,0.008032,0.008051,0.007998,0.008037,1740441
1787408100000,0.008036,0.008098,0.008022,0.008035,3535295
1787409000000,0.00804,0.008061,0.008021,0.008023,991342
1787409900000,0.008021,0.008028,0.007993,0.008015,1696891
1787410800000,0.008015,0.008027,0.007997,0.008001,578921
1787411700000,0.007997,0.008015,0.007988,0.008015,930732
1787412600000,0.008014,0.008042,0.007996,0.008026,869294
1787413500000,0.008025,0.008031,0.007979,0.007991,4370030
1787414400000,0.007987,0.008007,0.007984,0.008004,1131660
1787415300000,0.00801,0.008044,0.008009,0.008012,1742967
1787416200000,0.008012,0.008051,0.007993,0.00805,969115
1787417100000,0.008045,0.00806,0.008027,0.008028,513701
1787418000000,0.008028,0.008045,0.008006,0.008045,1087532
1787418900000,0.008042,0.008064,0.008017,0.008018,583138
1787419800000,0.008021,0.008038,0.008015,0.008035,1031457
1787420700000,0.008036,0.008063,0.008032,0.008056,314660
1787421600000,0.008057,0.008063,0.007997,0.008002,994279
1787422500000,0.007998,0.008044,0.007996,0.008018,595136
1787423400000,0.008023,0.008031,0.007995,0.008023,997625
1787424300000,0.008023,0.008026,0.007991,0.008016,1184773
1787425200000,0.008013,0.008018,0.007971,0.007982,936774
1787426100000,0.007983,0.007985,0.007927,0.007939,739911
1787427000000,0.007935,0.007986,0.007935,0.007984,675002
1787427900000,0.007979,0.008,0.007972,0.007974,364087
1787428800000,0.007973,0.007986,0.007945,0.007961,836465
1787429700000,0.007962,0.007965,0.007893,0.007939,1656370
1787430600000,0.007939,0.007945,0.007901,0.007928,948666
1787431500000,0.007922,0.007939,0.007914,0.007922,362926
1787432400000,0.007921,0.007921,0.007826,0.007838,2269293
1787433300000,0.007844,0.007895,0.007844,0.00788,916153
1787434200000,0.007887,0.007902,0.007789,0.007806,1675581
1787435100000,0.007828,0.007828,0.007769,0.007776,992969
1787436000000,0.007778,0.007827,0.007755,0.007809,1932705
1787436900000,0.007811,0.007846,0.007808,0.007843,508610
1787437800000,0.007846,0.007889,0.007814,0.007881,1158860
1787438700000,0.007881,0.007891,0.007847,0.00785,309987
1787439600000,0.007851,0.007857,0.007812,0.00782,447544
1787440500000,0.007821,0.007828,0.007805,0.007805,278581
1787441400000,0.00781,0.007822,0.007787,0.007817,398452
1787442300000,0.007816,0.007842,0.007812,0.007818,210863
1787443200000,0.007824,0.007872,0.007824,0.007869,1126220
1787444100000,0.007873,0.007936,0.007869,0.007915,856898
1787445000000,0.007914,0.008007,0.007869,0.007946,2617039
1787445900000,0.00795,0.007998,0.007946,0.007977,1007412
1787446800000,0.007974,0.007975,0.007915,0.007938,1567403
1787447700000,0.007938,0.00794,0.007906,0.007914,359501
1787448600000,0.007914,0.007918,0.007841,0.00787,1871601
1787449500000,0.007873,0.007896,0.00784,0.007856,1456384
1787450400000,0.007856,0.007859,0.007742,0.007751,1937745
1787451300000,0.007755,0.007788,0.007706,0.007741,1464445
1787452200000,0.007738,0.007778,0.007733,0.007755,1134697
1787453100000,0.007755,0.007825,0.007738,0.007744,2485154
1787454000000,0.007774,0.007774,0.007723,0.007741,1494794
1787454900000,0.007741,0.00775,0.007694,0.007696,660305
1787455800000,0.0077,0.00771,0.007637,0.007638,3652767
1787456700000,0.007638,0.007689,0.007638,0.007662,710191
1787457600000,0.007659,0.007663,0.007582,0.007662,2719133
1787458500000,0.007669,0.007675,0.007625,0.007656,657685
1787459400000,0.007657,0.00766,0.007626,0.007644,1015350
1787460300000,0.007647,0.007647,0.0076,0.007621,1436711
1787461200000,0.007627,0.007649,0.0076,0.0076,1265206
1787462100000,0.007609,0.007682,0.007547,0.007623,3067431
1787463000000,0.007626,0.007643,0.007591,0.007602,1079922
1787463900000,0.007604,0.007619,0.007572,0.007572,413179
1787464800000,0.007577,0.007593,0.007546,0.007582,1273202
1787465700000,0.007582,0.007606,0.007577,0.007604,1217125
1787466600000,0.007605,0.007638,0.007601,0.007612,862410
1787467500000,0.007615,0.007619,0.007598,0.00761,574589
1787468400000,0.007613,0.007663,0.007603,0.007657,1276668
1787469300000,0.007657,0.007673,0.007634,0.007644,2202894
1787470200000,0.007645,0.007658,0.007634,0.007642,826333
1787471100000,0.00764,0.007684,0.00764,0.00765,732890
1787472000000,0.007652,0.007713,0.007647,0.007702,1296467
1787472900000,0.007698,0.007711,0.007682,0.007685,652521
1787473800000,0.007686,0.007724,0.007684,0.007706,960399
1787474700000,0.007705,0.00771,0.007691,0.007697,544161
1787475600000,0.007695,0.007748,0.007695,0.007748,1220961
1787476500000,0.007745,0.007783,0.007745,0.007748,997032
1787477400000,0.007752,0.007766,0.007727,0.007748,2039063
1787478300000,0.007749,0.007793,0.007743,0.007786,671442
1787479200000,0.007787,0.00783,0.007779,0.007826,1417922
1787480100000,0.007826,0.007828,0.007805,0.007814,943630
1787481000000,0.007814,0.007857,0.007805,0.007852,1451468
1787481900000,0.007855,0.007855,0.007814,0.007825,687174
1787482800000,0.007826,0.007851,0.007811,0.007838,1297818
1787483700000,0.007841,0.007879,0.007832,0.007873,1036121
1787484600000,0.007874,0.007922,0.007865,0.007901,1395538
1787485500000,0.007902,0.007938,0.007899,0.007908,723632
1787486400000,0.007905,0.007905,0.007842,0.007855,3323671
1787487300000,0.007858,0.007871,0.007846,0.007857,521900
1787488200000,0.007857,0.007898,0.007849,0.007896,897944
1787489100000,0.007902,0.007904,0.007872,0.007884,403599
1787490000000,0.007883,0.007905,0.00787,0.007882,1580989
1787490900000,0.007886,0.007952,0.007883,0.007916,1170102
1787491800000,0.007923,0.007958,0.007918,0.007947,819803
1787492700000,0.007943,0.007968,0.007938,0.007964,1162770
1787493600000,0.007965,0.007986,0.007949,0.007978,1461583
1787494500000,0.00798,0.007992,0.007967,0.007978,991337
1787495400000,0.007975,0.007992,0.007851,0.007868,2407168
1787496300000,0.007872,0.007961,0.007872,0.007958,1096841
1787497200000,0.007967,0.008,0.007919,0.007972,892015
1787498100000,0.007969,0.008004,0.007935,0.007965,574791
1787499000000,0.008007,0.008054,0.007965,0.008054,1026865
1787499900000,0.00805,0.008099,0.008036,0.008036,1369516
1787500800000,0.00804,0.008055,0.00803,0.008045,1023277
1787501700000,0.008045,0.00811,0.008031,0.008104,859749
1787502600000,0.008107,0.008112,0.008073,0.008109,883700
1787503500000,0.008102,0.008126,0.008087,0.008125,572519
1787504400000,0.008121,0.008176,0.008064,0.008146,2122376
1787505300000,0.008143,0.008143,0.008111,0.008117,519372
1787506200000,0.008116,0.008154,0.008101,0.008127,1508083
1787507100000,0.008125,0.00814,0.008107,0.008116,456591
1787508000000,0.008116,0.008136,0.008089,0.008121,1414134
1787508900000,0.008124,0.008158,0.008102,0.008137,695110
1787509800000,0.008141,0.008157,0.0081,0.00814,1268859
1787510700000,0.008139,0.008172,0.008136,0.00816,447206
1787511600000,0.008163,0.008167,0.008138,0.008158,1209525
1787512500000,0.008156,0.008196,0.008139,0.008196,629524
1787513400000,0.008197,0.008201,0.008162,0.008179,1646850
1787514300000,0.008174,0.008191,0.008128,0.008128,905283
1787515200000,0.008132,0.008135,0.008097,0.008121,874522
1787516100000,0.008123,0.008165,0.008123,0.008148,445457
1787517000000,0.008141,0.008163,0.008126,0.008134,815284
1787517900000,0.008136,0.008147,0.008118,0.008132,450286
1787518800000,0.008132,0.00818,0.00813,0.008169,1040648
1787519700000,0.008169,0.008209,0.008167,0.008209,362418
1787520600000,0.008208,0.008247,0.008176,0.00824,1552652
1787521500000,0.008236,0.008276,0.008232,0.008269,1585366
1787522400000,0.008276,0.008339,0.008274,0.008293,5172979
1787523300000,0.008293,0.008295,0.00812,0.008137,7729544
1787524200000,0.008137,0.008154,0.008105,0.008105,2727014
1787525100000,0.008113,0.008149,0.008093,0.008142,2824031
1787526000000,0.00814,0.00822,0.008112,0.008123,6615165
1787526900000,0.008124,0.008147,0.008082,0.0081,2137316
1787527800000,0.008101,0.008134,0.008044,0.008046,3141904
1787528700000,0.008046,0.008104,0.008046,0.008096,1999071
1787529600000,0.008093,0.008094,0.008028,0.008056,3643733
1787530500000,0.008049,0.00805,0.007967,0.008005,1560507
1787531400000,0.008005,0.008014,0.007944,0.007955,1904944
1787532300000,0.007962,0.007995,0.007902,0.007993,3059825
1787533200000,0.007985,0.007985,0.007934,0.007934,1253870
1787534100000,0.007934,0.007935,0.00787,0.007883,1234835
1787535000000,0.00788,0.007929,0.007837,0.007851,1521657
1787535900000,0.007848,0.007858,0.007806,0.007807,894487
1787536800000,0.007811,0.007819,0.007761,0.007812,2409440
1787537700000,0.007808,0.007832,0.007773,0.00782,1681791
1787538600000,0.007826,0.007863,0.00782,0.007836,1288031
1787539500000,0.007836,0.007836,0.007773,0.007806,2184458
1787540400000,0.007803,0.007813,0.007766,0.007767,1046161
1787541300000,0.007768,0.00777,0.007732,0.007736,1651141
1787542200000,0.007732,0.00776,0.007702,0.007733,2096045
1787543100000,0.007738,0.007771,0.007728,0.007736,687977
1787544000000,0.007738,0.007774,0.007734,0.007758,925051
1787544900000,0.007762,0.007799,0.007762,0.007787,310081
1787545800000,0.007787,0.007818,0.007766,0.007797,1169460
1787546700000,0.007797,0.007805,0.007723,0.007775,1351666
1787547600000,0.007772,0.007824,0.007752,0.007824,1913529
1787548500000,0.007826,0.007826,0.007768,0.00777,799333
1787549400000,0.007768,0.007796,0.007731,0.007789,1585570
1787550300000,0.007783,0.0078,0.00776,0.007777,700031
1787551200000,0.007775,0.007791,0.007724,0.007758,1447513
1787552100000,0.007761,0.007765,0.007736,0.007758,739151
1787553000000,0.007753,0.007757,0.007632,0.007656,4409225
1787553900000,0.00765,0.007722,0.007648,0.007704,1596740
1787554800000,0.007705,0.007747,0.00769,0.007721,2279413
1787555700000,0.007726,0.007764,0.007721,0.007742,1765725
1787556600000,0.007742,0.007767,0.007737,0.007753,1969107
1787557500000,0.007751,0.007776,0.007741,0.007762,1555216
1787558400000,0.007766,0.007771,0.007703,0.007758,2692506
1787559300000,0.007757,0.007757,0.007667,0.007683,2041049
1787560200000,0.007688,0.007755,0.007688,0.007755,2501454
1787561100000,0.007757,0.007792,0.007739,0.007778,1580001
1787562000000,0.007779,0.007858,0.007766,0.007855,3554296
1787562900000,0.007855,0.007987,0.007846,0.007972,6299237
1787563800000,0.007969,0.008027,0.007929,0.008002,5722596
1787564700000,0.008001,0.008102,0.007989,0.008093,4653200
1787565600000,0.008092,0.008164,0.008087,0.008152,4523729
1787566500000,0.008151,0.008194,0.007987,0.008017,24823177
1787567400000,0.008016,0.008067,0.007979,0.008038,3745647
1787568300000,0.008037,0.008066,0.007993,0.008045,2878369
1787569200000,0.008045,0.008053,0.007956,0.008013,3839017
1787570100000,0.008013,0.008026,0.007886,0.0079,3470566
1787571000000,0.0079,0.007988,0.007895,0.007967,3909751
1787571900000,0.007965,0.007966,0.007901,0.007949,2714566
1787572800000,0.00795,0.00795,0.007869,0.007928,11843338
1787573700000,0.007925,0.007941,0.007848,0.007901,3605849
1787574600000,0.007902,0.007988,0.007864,0.007948,5183729
1787575500000,0.00794,0.008004,0.00793,0.007984,4442133
1787576400000,0.007984,0.007987,0.007944,0.007976,2111807
1787577300000,0.007962,0.007967,0.007907,0.007908,1365390
1787578200000,0.007911,0.007915,0.007833,0.007861,4982594
1787579100000,0.007847,0.007853,0.007768,0.007834,2796558
1787580000000,0.007808,0.007894,0.007808,0.007887,2495497
1787580900000,0.007887,0.007942,0.007842,0.007927,2470583
1787581800000,0.007929,0.007964,0.007893,0.007918,2550383
1787582700000,0.007929,0.007953,0.007886,0.007943,1033730
1787583600000,0.007943,0.008029,0.007923,0.007971,2396363
1787584500000,0.007978,0.008027,0.007969,0.008004,964310
1787585400000,0.008011,0.008011,0.007891,0.007917,1994529
1787586300000,0.007914,0.007984,0.007893,0.007901,2631732
1787587200000,0.007909,0.007959,0.007909,0.007919,1000866
1787588100000,0.007921,0.007959,0.007921,0.00795,631378
1787589000000,0.007949,0.007964,0.007903,0.007946,1338255
1787589900000,0.007949,0.007959,0.00787,0.00789,1463043
1787590800000,0.007893,0.007902,0.007842,0.007856,1852212
1787591700000,0.007853,0.007892,0.00775,0.007771,5203007
1787592600000,0.007768,0.007794,0.00774,0.007771,1575241
1787593500000,0.007764,0.007791,0.007756,0.007781,898679
1787594400000,0.007787,0.007828,0.007774,0.007799,2044802
1787595300000,0.007802,0.007824,0.00778,0.007815,549616
1787596200000,0.007819,0.007831,0.007788,0.007828,1073421
1787597100000,0.007825,0.007856,0.007777,0.007783,864198
1787598000000,0.007781,0.007828,0.007728,0.00778,1547881
1787598900000,0.007778,0.007794,0.007736,0.007774,679594
1787599800000,0.007783,0.007821,0.00777,0.007783,1194547
1787600700000,0.00779,0.007804,0.007774,0.007787,548810
1787601600000,0.007797,0.007803,0.007763,0.007774,538259
1787602500000,0.007765,0.00777,0.007735,0.007741,457457
1787603400000,0.007742,0.007774,0.007727,0.007753,1322704
1787604300000,0.007755,0.007823,0.00775,0.007811,1883334
1787605200000,0.007807,0.007829,0.007777,0.007792,2482130
1787606100000,0.007794,0.007817,0.007761,0.007772,2134930
1787607000000,0.007794,0.00782,0.007787,0.007797,779467
1787607900000,0.007798,0.007839,0.007765,0.007795,4746460
1787608800000,0.007794,0.007809,0.007772,0.007778,501423
1787609700000,0.007782,0.007791,0.007763,0.007766,180962
1787610600000,0.007766,0.007791,0.007761,0.007774,550909
1787611500000,0.007771,0.007779,0.007754,0.007762,976527
1787612400000,0.007758,0.007762,0.007721,0.007726,1317148
1787613300000,0.007727,0.00776,0.00772,0.007748,674058
1787614200000,0.007746,0.007775,0.007735,0.007755,783902
1787615100000,0.007756,0.007771,0.007745,0.007759,885279
1787616000000,0.007761,0.007799,0.007721,0.007762,5561346
1787616900000,0.007764,0.007773,0.007714,0.007766,1042630
1787617800000,0.007764,0.007798,0.007732,0.007786,2595713
1787618700000,0.007791,0.007882,0.00778,0.007851,3412560
1787619600000,0.007849,0.007868,0.007812,0.007857,1551177
1787620500000,0.007854,0.007859,0.007832,0.007839,855874
1787621400000,0.007841,0.007845,0.007813,0.007814,664987
1787622300000,0.00781,0.007828,0.007798,0.007822,306200
1787623200000,0.007822,0.007839,0.007785,0.007802,1379005
1787624100000,0.007803,0.0079,0.007792,0.007897,3514297
1787625000000,0.007899,0.007982,0.007882,0.007941,2518968
1787625900000,0.00793,0.007949,0.007884,0.007893,3039898
1787626800000,0.007892,0.007931,0.00787,0.007911,875283
1787627700000,0.007912,0.007916,0.007877,0.007896,653489
1787628600000,0.007896,0.007934,0.007893,0.007902,762108
1787629500000,0.007893,0.007893,0.007851,0.007875,1335361
1787630400000,0.007867,0.007886,0.007838,0.007886,1095219
1787631300000,0.007888,0.007891,0.007846,0.007874,1066539
1787632200000,0.007871,0.00789,0.007846,0.007862,1740115
1787633100000,0.007868,0.007895,0.007861,0.007895,979096
1787634000000,0.007892,0.007923,0.007878,0.007917,1059641
1787634900000,0.007917,0.007975,0.007909,0.00797,728442
1787635800000,0.007964,0.007995,0.007942,0.007942,3445807
1787636700000,0.007935,0.007958,0.007933,0.007947,364160
1787637600000,0.007946,0.007953,0.007923,0.007945,807650
1787638500000,0.007944,0.007972,0.007943,0.007945,575248
1787639400000,0.007944,0.007944,0.007905,0.007931,632046
1787640300000,0.007931,0.007942,0.007895,0.007911,394243
1787641200000,0.007906,0.007927,0.007901,0.007902,443485
1787642100000,0.007902,0.007938,0.007898,0.007911,304368
1787643000000,0.007906,0.007923,0.007896,0.007899,568523
1787643900000,0.007906,0.007916,0.007769,0.00782,3264821
1787644800000,0.007812,0.007858,0.007768,0.00781,3428600
1787645700000,0.00781,0.007869,0.00781,0.007858,666550
1787646600000,0.007861,0.007861,0.007816,0.007826,652591
1787647500000,0.00783,0.007849,0.007791,0.007806,748876
1787648400000,0.007807,0.007857,0.007794,0.007857,2074238
1787649300000,0.007848,0.007966,0.007837,0.007928,2877351
1787650200000,0.00794,0.008046,0.00794,0.00804,3290673
1787651100000,0.008039,0.008053,0.007965,0.008012,4211589
1787652000000,0.00801,0.008132,0.007942,0.008088,14350230
1787652900000,0.00809,0.0081,0.007998,0.007998,4531286
1787653800000,0.007998,0.008053,0.007998,0.008053,4246597
1787654700000,0.008062,0.008139,0.008019,0.008118,9302442
1787655600000,0.008121,0.008182,0.00808,0.00814,3847951
1787656500000,0.008146,0.00825,0.008141,0.008238,3327266
1787657400000,0.008241,0.008354,0.007982,0.008036,42661329
1787658300000,0.008036,0.008069,0.008002,0.008026,2478628
1787659200000,0.008024,0.008028,0.007953,0.008005,4719517
1787660100000,0.008003,0.008003,0.007817,0.007874,4699682
1787661000000,0.007875,0.007909,0.007851,0.007889,3553521
1787661900000,0.007885,0.007945,0.007885,0.0079,1958515
1787662800000,0.007908,0.007928,0.007859,0.007864,1471155
1787663700000,0.00786,0.00787,0.007796,0.007816,1877611
1787664600000,0.00781,0.007894,0.00781,0.007874,1506511
1787665500000,0.007865,0.007868,0.007787,0.007839,3186566
1787666400000,0.007838,0.007935,0.007831,0.007911,1882179
1787667300000,0.00791,0.00794,0.007898,0.007921,900416
1787668200000,0.007912,0.007971,0.007879,0.007922,1993359
1787669100000,0.007928,0.007944,0.007914,0.007924,446896
1787670000000,0.007915,0.007928,0.007851,0.007856,847596
1787670900000,0.007847,0.007885,0.007837,0.007869,839499
1787671800000,0.007867,0.007896,0.007852,0.007864,1350722
1787672700000,0.007866,0.007898,0.007846,0.007898,559610
1787673600000,0.00789,0.00791,0.007835,0.007835,1404701
1787674500000,0.007835,0.00786,0.007826,0.007855,1525740
1787675400000,0.00785,0.007885,0.007844,0.007871,1010163
1787676300000,0.00787,0.007889,0.007852,0.007869,890133
1787677200000,0.007861,0.007868,0.007811,0.007825,2003971
1787678100000,0.007826,0.00785,0.007771,0.007773,1656329
1787679000000,0.007776,0.007825,0.007772,0.007818,1349584
1787679900000,0.00782,0.007842,0.007817,0.007841,386317
1787680800000,0.00784,0.007859,0.007804,0.007853,2211323
1787681700000,0.007846,0.007856,0.007834,0.007835,593898
1787682600000,0.00784,0.007908,0.00782,0.007904,2469641
1787683500000,0.007898,0.007904,0.007826,0.007839,873483
1787684400000,0.007833,0.007855,0.007823,0.00784,768527
1787685300000,0.007841,0.007843,0.007798,0.007798,357833
1787686200000,0.007795,0.007799,0.007736,0.007741,1384487
1787687100000,0.007744,0.007809,0.007739,0.007777,1897668
1787688000000,0.007777,0.007784,0.007707,0.007766,1560811
1787688900000,0.007771,0.007779,0.007736,0.007738,1773092
1787689800000,0.007731,0.007754,0.007685,0.007689,970865
1787690700000,0.007693,0.007707,0.007644,0.007644,1434995
1787691600000,0.007644,0.007667,0.007557,0.007621,2535377
1787692500000,0.007622,0.007639,0.007577,0.007617,1091849
1787693400000,0.007619,0.007663,0.007616,0.00765,1065773
1787694300000,0.007652,0.007669,0.007638,0.007653,652641
1787695200000,0.007648,0.007714,0.007643,0.007705,933752
1787696100000,0.0077,0.007716,0.007674,0.00768,544599
1787697000000,0.00768,0.007708,0.007679,0.007698,586168
1787697900000,0.007698,0.00771,0.007686,0.007705,193767
1787698800000,0.007705,0.007728,0.007698,0.007723,580003
1787699700000,0.007723,0.007746,0.00769,0.007714,682019
1787700600000,0.007715,0.007718,0.00768,0.007683,645350
1787701500000,0.007688,0.007702,0.007642,0.00769,2003243
1787702400000,0.007683,0.007733,0.007667,0.007682,4911834
1787703300000,0.007681,0.007691,0.007636,0.007666,3554375
1787704200000,0.007662,0.007712,0.007662,0.007692,2073225
1787705100000,0.007696,0.007752,0.007689,0.007737,1187645
1787706000000,0.00772,0.007765,0.007719,0.007752,880406
1787706900000,0.007747,0.007787,0.007743,0.007751,613380
1787707800000,0.007748,0.007808,0.007748,0.007796,963010
1787708700000,0.007798,0.007827,0.007796,0.007807,329955
1787709600000,0.007814,0.007831,0.007799,0.007809,474952
1787710500000,0.007803,0.007844,0.0078,0.007843,364136
1787711400000,0.007843,0.007861,0.00783,0.007847,605541
1787712300000,0.007836,0.007857,0.007829,0.007829,412046
1787713200000,0.007828,0.007838,0.007801,0.007829,655141
1787714100000,0.007823,0.007833,0.007802,0.007816,337418
1787715000000,0.00781,0.007816,0.007788,0.007792,456316
1787715900000,0.007788,0.007799,0.007771,0.007783,574946
1787716800000,0.00778,0.007795,0.007757,0.007785,863304
1787717700000,0.007779,0.007803,0.007774,0.007779,358980
1787718600000,0.007777,0.007792,0.007769,0.007789,609079
1787719500000,0.007776,0.007784,0.007754,0.007759,344202
1787720400000,0.007757,0.007761,0.007736,0.007742,747327
1787721300000,0.007738,0.007761,0.007716,0.007761,289589
1787722200000,0.007756,0.007775,0.007749,0.007768,525225
1787723100000,0.007769,0.007802,0.007763,0.007802,633875
1787724000000,0.007804,0.007811,0.007786,0.007795,547773
1787724900000,0.007796,0.007798,0.007768,0.00778,462207
1787725800000,0.007772,0.007779,0.007756,0.007779,482729
1787726700000,0.007774,0.007791,0.00777,0.007776,402694
1787727600000,0.00777,0.007796,0.007759,0.007782,872813
1787728500000,0.007782,0.007795,0.007769,0.007787,174145
1787729400000,0.007783,0.007806,0.007779,0.007801,1261631
1787730300000,0.007799,0.007814,0.007794,0.007803,843532
1787731200000,0.007806,0.007837,0.00778,0.007825,920437
1787732100000,0.007824,0.007833,0.00779,0.00782,741786
1787733000000,0.00782,0.007896,0.007806,0.007879,952026
1787733900000,0.007879,0.007948,0.007871,0.007902,1472531
1787734800000,0.007908,0.007943,0.007877,0.007881,1604807
1787735700000,0.007877,0.007878,0.007812,0.007814,2453925
1787736600000,0.007819,0.007833,0.007787,0.007788,1768854
1787737500000,0.007788,0.007848,0.00778,0.007839,1506436
1787738400000,0.007843,0.007843,0.007812,0.007827,1299236
1787739300000,0.007827,0.007894,0.007827,0.007893,1168077
1787740200000,0.007892,0.007981,0.007885,0.007976,3959998
1787741100000,0.007977,0.008005,0.007952,0.00797,962463
1787742000000,0.007972,0.008076,0.007883,0.007997,7612183
1787742900000,0.008,0.008006,0.007976,0.007976,686655
1787743800000,0.007985,0.007985,0.007926,0.00795,780467
1787744700000,0.007949,0.007976,0.007911,0.007916,1505416
1787745600000,0.007912,0.007944,0.007886,0.007892,1216030
1787746500000,0.007897,0.007938,0.007886,0.007937,959072
1787747400000,0.007937,0.007937,0.00783,0.007847,3735873
1787748300000,0.00785,0.00788,0.007839,0.007864,845991
1787749200000,0.007854,0.007864,0.00781,0.007819,1271483
1787750100000,0.007822,0.007832,0.007761,0.007761,1243226
1787751000000,0.007772,0.007799,0.007761,0.007766,1529927
1787751900000,0.007772,0.007775,0.007731,0.007759,453024
1787752800000,0.007762,0.007798,0.007744,0.007776,1460671
1787753700000,0.007774,0.007798,0.007746,0.007754,673282
1787754600000,0.007749,0.007778,0.007711,0.007717,1162195
1787755500000,0.007711,0.007718,0.007664,0.007674,1109472
1787756400000,0.007674,0.007681,0.007614,0.007656,2600779
1787757300000,0.007655,0.007719,0.007636,0.00771,1022011
1787758200000,0.007719,0.007739,0.007678,0.007733,1166891
1787759100000,0.007733,0.007772,0.007733,0.007743,830158
1787760000000,0.007745,0.007752,0.007714,0.007747,1029163
1787760900000,0.007747,0.007755,0.007715,0.007724,523475
1787761800000,0.007722,0.007728,0.007672,0.007676,1124271
1787762700000,0.007673,0.007745,0.007673,0.007732,1176474
1787763600000,0.007727,0.007752,0.007721,0.00775,404925
1787764500000,0.007746,0.007795,0.007746,0.007792,652367
1787765400000,0.007795,0.007806,0.007776,0.007776,286003
1787766300000,0.007772,0.007772,0.007748,0.007754,443053
1787767200000,0.007753,0.007787,0.007734,0.007773,847339
1787768100000,0.007773,0.007816,0.007763,0.007798,670252
1787769000000,0.007798,0.0078,0.007768,0.00777,328036
1787769900000,0.007774,0.007871,0.007774,0.007863,1426431
1787770800000,0.00786,0.007899,0.007856,0.00787,907641
1787771700000,0.007876,0.007933,0.007858,0.007918,1391769
1787772600000,0.007918,0.007938,0.007871,0.007871,1105606
1787773500000,0.007871,0.00788,0.007846,0.007854,890608
1787774400000,0.007851,0.00791,0.00784,0.007901,1982871
1787775300000,0.007901,0.007924,0.007867,0.007923,795064
1787776200000,0.007916,0.008226,0.007906,0.008182,39116931
1787777100000,0.008187,0.008194,0.008083,0.008104,6393848
1787778000000,0.008102,0.008112,0.008035,0.008061,4499478
1787778900000,0.008061,0.008129,0.008017,0.008112,5867419
1787779800000,0.008115,0.008154,0.008058,0.008136,3002836
1787780700000,0.008134,0.008217,0.008107,0.008216,2047464
1787781600000,0.00821,0.008262,0.008198,0.008246,1893719
1787782500000,0.008253,0.008327,0.008244,0.00832,1742446
1787783400000,0.008316,0.008389,0.008299,0.008388,5978065
1787784300000,0.008383,0.008519,0.00838,0.008475,18044217
1787785200000,0.008477,0.008581,0.008399,0.008517,11364183
1787786100000,0.008521,0.008666,0.008489,0.008606,11088537
1787787000000,0.00861,0.008618,0.008481,0.00851,6133102
1787787900000,0.008501,0.008539,0.008459,0.008533,3089337
1787788800000,0.008534,0.008553,0.008472,0.008487,3633055
1787789700000,0.008489,0.008516,0.008454,0.008498,1540436
1787790600000,0.008503,0.008503,0.008377,0.008397,3234585
1787791500000,0.008403,0.008404,0.008357,0.008357,959932
1787792400000,0.008357,0.008366,0.008311,0.008339,2064519
1787793300000,0.008337,0.00838,0.008325,0.008371,1037317
1787794200000,0.008374,0.008385,0.008305,0.008315,1510859
1787795100000,0.008309,0.008353,0.008305,0.008336,920440
1787796000000,0.008327,0.008336,0.00831,0.00832,999309
1787796900000,0.008317,0.008322,0.008292,0.008301,615126
1787797800000,0.008301,0.00831,0.008255,0.008266,1908749
1787798700000,0.008263,0.008283,0.008242,0.00825,1164871
1787799600000,0.008249,0.00825,0.008233,0.00824,587684
1787800500000,0.008241,0.008307,0.008223,0.008305,1378798
1787801400000,0.008305,0.008306,0.008233,0.00824,3051192
1787802300000,0.008234,0.008258,0.008214,0.008258,1531873
1787803200000,0.008262,0.008288,0.008245,0.008287,1022518
1787804100000,0.008282,0.008296,0.008262,0.008262,394367
1787805000000,0.008253,0.00827,0.008222,0.008265,879553
1787805900000,0.008265,0.008409,0.008238,0.008337,6429940
1787806800000,0.008335,0.00842,0.008328,0.008408,2408472
1787807700000,0.008403,0.008463,0.008384,0.008405,2049934
1787808600000,0.008402,0.008403,0.008234,0.008305,6471351
1787809500000,0.008305,0.008362,0.0083,0.008342,644750
1787810400000,0.00834,0.008343,0.008298,0.008305,875405
1787811300000,0.008307,0.008352,0.008302,0.008331,391844
1787812200000,0.008337,0.008369,0.008313,0.00832,2904105
1787813100000,0.008328,0.008404,0.008318,0.008355,4191800
1787814000000,0.008359,0.00836,0.008314,0.008321,1476705
1787814900000,0.008323,0.008324,0.008242,0.008283,2370758
1787815800000,0.008279,0.008303,0.008259,0.008292,1455404
1787816700000,0.008292,0.008331,0.008292,0.00832,686630
1787817600000,0.00833,0.008408,0.008327,0.008374,1113923
1787818500000,0.008372,0.00841,0.008354,0.00841,672299
1787819400000,0.00841,0.008546,0.008408,0.008534,4798251
1787820300000,0.008536,0.008562,0.008486,0.00853,1968559
1787821200000,0.008531,0.008533,0.008442,0.008486,3245745
1787822100000,0.008478,0.008582,0.008465,0.008542,2915166
1787823000000,0.008532,0.008532,0.008469,0.008469,1407001
1787823900000,0.008464,0.008507,0.008452,0.008505,2022685
1787824800000,0.00851,0.008565,0.008484,0.008561,2429407
1787825700000,0.008561,0.008579,0.008425,0.008488,4287993
1787826600000,0.008485,0.008542,0.008455,0.008533,2130489
1787827500000,0.008536,0.008639,0.00853,0.008612,2120944
1787828400000,0.008617,0.00868,0.008617,0.008651,4671720
1787829300000,0.008655,0.008699,0.008631,0.00868,4150097
1787830200000,0.008685,0.008793,0.008648,0.008786,5329675
1787831100000,0.008783,0.008828,0.008701,0.008809,4524682
1787832000000,0.00881,0.008907,0.008713,0.008778,23835164
1787832900000,0.008787,0.008837,0.008737,0.008737,9239967
1787833800000,0.008737,0.008756,0.008671,0.008681,3710813
1787834700000,0.008675,0.008717,0.008659,0.00867,2361290
1787835600000,0.008681,0.008753,0.008677,0.008739,2880726
1787836500000,0.008744,0.00884,0.008739,0.008812,6294644
1787837400000,0.008808,0.008813,0.008743,0.008768,2846223
1787838300000,0.008766,0.008807,0.008708,0.008807,1152340
1787839200000,0.008795,0.00885,0.008726,0.008795,6998234
1787840100000,0.008806,0.008854,0.008641,0.008677,10297321
1787841000000,0.008676,0.008783,0.00867,0.008732,2713241
1787841900000,0.008732,0.008776,0.008679,0.008755,3878599
1787842800000,0.008767,0.008815,0.008742,0.00879,3341606
1787843700000,0.008787,0.008891,0.00878,0.00878,3957699
1787844600000,0.00878,0.00892,0.008773,0.008892,4953249
1787845500000,0.008891,0.008935,0.008827,0.008908,5054690
1787846400000,0.008908,0.009017,0.008906,0.008985,6597702
1787847300000,0.008981,0.009176,0.008966,0.009102,13006734
1787848200000,0.009099,0.009107,0.008971,0.009054,6678112
1787849100000,0.009052,0.00913,0.009,0.009127,8134797
1787850000000,0.009119,0.009132,0.009053,0.009095,3048868
1787850900000,0.009091,0.009134,0.008935,0.009029,9695418
1787851800000,0.009034,0.009119,0.009005,0.009052,5964871
1787852700000,0.009059,0.009075,0.008983,0.009058,4327253
1787853600000,0.009065,0.00911,0.009015,0.009039,6048717
1787854500000,0.009031,0.009073,0.00896,0.009041,5138176
1787855400000,0.009031,0.009069,0.008982,0.009063,3881269
1787856300000,0.009068,0.009093,0.009016,0.009049,2499712
1787857200000,0.009051,0.009168,0.009048,0.009145,4815715
1787858100000,0.009148,0.009247,0.009138,0.009222,9805813
1787859000000,0.00922,0.009276,0.009218,0.009262,5243516
1787859900000,0.00926,0.009405,0.009251,0.009362,13385378
1787860800000,0.009359,0.009442,0.009296,0.009434,10849255
1787861700000,0.009425,0.009504,0.009364,0.009486,17600227
1787862600000,0.009486,0.009673,0.009468,0.009611,18132026
1787863500000,0.009615,0.009768,0.009588,0.009757,35270547
1787864400000,0.009757,0.01016,0.009665,0.009927,101663535
1787865300000,0.009927,0.010286,0.009876,0.010154,94556259
1787866200000,0.010153,0.010215,0.009719,0.009834,85705926
1787867100000,0.009834,0.010358,0.009817,0.010117,42303591
1787868000000,0.010113,0.010265,0.010006,0.010123,28515948
1787868900000,0.010119,0.010417,0.0101,0.010378,19019157
1787869800000,0.010376,0.010405,0.010089,0.010246,28721584
1787870700000,0.01025,0.010326,0.010099,0.010245,23020423
1787871600000,0.010236,0.010385,0.010164,0.0103,17740822
1787872500000,0.010304,0.010349,0.010036,0.010162,26844068
1787873400000,0.010161,0.010298,0.01016,0.010194,12592602
1787874300000,0.010203,0.010376,0.010172,0.010324,14498733
1787875200000,0.010337,0.012379,0.010322,0.012126,503254401
1787876100000,0.012124,0.012528,0.011701,0.011786,379609783
1787877000000,0.011785,0.012076,0.01136,0.011895,273573913
1787877900000,0.011893,0.01252,0.011831,0.012349,229262455
1787878800000,0.012355,0.012471,0.01167,0.011899,233901620
1787879700000,0.011901,0.012196,0.011757,0.012,145569422
1787880600000,0.011998,0.012067,0.011537,0.011885,193985757
1787881500000,0.011894,0.012666,0.011818,0.012209,356416872
1787882400000,0.012209,0.012229,0.011175,0.01127,293815226
1787883300000,0.011277,0.011298,0.010756,0.010933,340326160
1787884200000,0.010925,0.010972,0.010412,0.010479,245051458
1787885100000,0.010481,0.010919,0.010444,0.010854,145341679
1787886000000,0.010855,0.01098,0.010709,0.010868,147737208
1787886900000,0.010857,0.010927,0.0107,0.010816,81604033
1787887800000,0.010818,0.010857,0.010689,0.010698,49179299
1787888700000,0.010699,0.01087,0.010438,0.010696,134874088
1787889600000,0.010696,0.010838,0.010601,0.010629,85726819
1787890500000,0.010621,0.010771,0.010457,0.010755,92175063
1787891400000,0.010755,0.011076,0.010731,0.010924,150684719
1787892300000,0.010933,0.011096,0.010856,0.010949,97967791
1787893200000,0.010951,0.011268,0.010846,0.011238,139243724
1787894100000,0.01123,0.011335,0.011048,0.01118,122050498
1787895000000,0.01118,0.011223,0.010081,0.010405,306286935
1787895900000,0.010406,0.010475,0.010291,0.010392,97629150
1787896800000,0.010391,0.010658,0.010333,0.010648,82726405
1787897700000,0.01064,0.010768,0.010469,0.010577,79038401
1787898600000,0.010577,0.010678,0.01038,0.010467,68459801
1787899500000,0.01047,0.010597,0.010421,0.010548,41651451
1787900400000,0.010554,0.010821,0.01055,0.010639,70258361
1787901300000,0.010634,0.010811,0.010542,0.01075,60211048
1787902200000,0.010751,0.010818,0.010538,0.010637,67888228
1787903100000,0.010638,0.010756,0.010569,0.010707,34181305
1787904000000,0.010712,0.01077,0.010539,0.010742,50763759
1787904900000,0.010742,0.010796,0.010622,0.010736,40915598
1787905800000,0.010743,0.010745,0.010382,0.010453,70810269
1787906700000,0.010458,0.010597,0.010403,0.010584,29718546
1787907600000,0.010589,0.01069,0.010361,0.010644,62330886
1787908500000,0.010652,0.010727,0.010411,0.010516,47288459
1787909400000,0.010511,0.010536,0.010183,0.010362,83757953
1787910300000,0.010349,0.010449,0.010171,0.010437,51746238
1787911200000,0.01044,0.010468,0.010302,0.01038,26654118
1787912100000,0.010377,0.010535,0.010341,0.010504,22617731
1787913000000,0.010506,0.010547,0.01038,0.010512,30279625
1787913900000,0.01051,0.010738,0.010466,0.010709,60637055
1787914800000,0.010704,0.010764,0.010597,0.010647,42806255
1787915700000,0.010652,0.010732,0.01056,0.010655,32472074
1787916600000,0.010655,0.010706,0.010411,0.010496,50518424
1787917500000,0.010494,0.01066,0.010476,0.010577,22941523
1787918400000,0.010584,0.010663,0.010424,0.010439,29524187
1787919300000,0.010445,0.01045,0.010258,0.010266,46355268
1787920200000,0.010271,0.010399,0.009864,0.009909,157875674
1787921100000,0.009906,0.010061,0.009737,0.009902,147602071
1787922000000,0.009905,0.009951,0.009767,0.009831,57926639
1787922900000,0.009834,0.009856,0.009731,0.009774,44372733
1787923800000,0.009768,0.00979,0.009378,0.009402,101591729
1787924700000,0.009398,0.009419,0.009235,0.009309,94937918
1787925600000,0.009309,0.009377,0.009182,0.009212,62926955
1787926500000,0.009217,0.009409,0.009174,0.009387,53248863
1787927400000,0.00938,0.00956,0.00934,0.009471,50763071
1787928300000,0.009471,0.009496,0.009394,0.009406,28724550
1787929200000,0.009412,0.009543,0.009307,0.009352,29817755
1787930100000,0.009358,0.009396,0.009273,0.009273,19374228
1787931000000,0.009279,0.009321,0.009157,0.009219,42664185
1787931900000,0.009217,0.009249,0.009135,0.009172,21942443
1787932800000,0.009172,0.009176,0.009029,0.009034,37163126
1787933700000,0.009039,0.009062,0.008858,0.008946,39871661
1787934600000,0.008945,0.009089,0.008893,0.009076,26810662
1787935500000,0.009071,0.009117,0.009022,0.009025,12613206
1787936400000,0.009027,0.009087,0.008955,0.009063,18089913
1787937300000,0.00906,0.009095,0.008994,0.008994,9186835
1787938200000,0.008995,0.009034,0.008973,0.008979,9672173
1787939100000,0.00898,0.009069,0.008979,0.009004,7961701
1787940000000,0.009009,0.009024,0.008956,0.008963,6217452
1787940900000,0.008968,0.008975,0.008898,0.008921,9505543
1787941800000,0.00892,0.008968,0.008907,0.008951,7544170
1787942700000,0.00895,0.008982,0.008903,0.008965,6709545
1787943600000,0.008969,0.009052,0.008969,0.009046,7772953
1787944500000,0.009047,0.009089,0.009016,0.00908,5582326
1787945400000,0.00908,0.009087,0.009011,0.009054,8556496
1787946300000,0.009054,0.009123,0.009026,0.009054,9308402
1787947200000,0.009056,0.009094,0.009033,0.009057,4688029
1787948100000,0.009061,0.009061,0.009013,0.009028,5417480
1787949000000,0.009028,0.009084,0.00902,0.00906,6748801
1787949900000,0.009054,0.009077,0.009042,0.009058,2159422
1787950800000,0.009062,0.009118,0.009054,0.009116,6577921
1787951700000,0.009118,0.009118,0.009036,0.009054,4767840
1787952600000,0.009053,0.009154,0.009053,0.009143,4817257
1787953500000,0.009144,0.009144,0.009064,0.009095,3534398
1787954400000,0.009097,0.009243,0.009097,0.00921,13582522
1787955300000,0.009214,0.009227,0.009154,0.00917,8779977
1787956200000,0.009169,0.009262,0.009139,0.009193,8841816
1787957100000,0.009193,0.009236,0.009185,0.009219,5360914
1787958000000,0.009221,0.009344,0.009154,0.009344,13159948
1787958900000,0.009343,0.009343,0.009236,0.009282,13645843
1787959800000,0.009275,0.009339,0.009263,0.009314,4384339
1787960700000,0.009308,0.009376,0.009278,0.009293,9446322
1787961600000,0.009289,0.009361,0.009236,0.009347,11695836
1787962500000,0.009348,0.009415,0.009201,0.009211,16856511
1787963400000,0.009215,0.009272,0.009145,0.009268,18607603
1787964300000,0.009268,0.009305,0.009203,0.009289,6203782
1787965200000,0.009285,0.009436,0.009278,0.009429,19645684
1787966100000,0.009426,0.009457,0.009333,0.009343,10767517
1787967000000,0.009344,0.009498,0.009335,0.009414,14649691
1787967900000,0.009412,0.009546,0.009339,0.009383,19652830
1787968800000,0.009383,0.009494,0.009355,0.009461,16402656
1787969700000,0.00946,0.009551,0.009451,0.009495,10606019
1787970600000,0.009494,0.009722,0.009489,0.009683,25997809
1787971500000,0.009688,0.009722,0.00953,0.00956,15278953
1787972400000,0.009555,0.009674,0.009538,0.009641,12952269
1787973300000,0.009638,0.009673,0.009558,0.009572,6812170
1787974200000,0.009567,0.009627,0.009535,0.009615,5275336
1787975100000,0.009616,0.009692,0.009548,0.009586,14169491
1787976000000,0.009586,0.010015,0.009582,0.009922,48336123
1787976900000,0.009933,0.010091,0.00989,0.010077,21124639
1787977800000,0.010071,0.010103,0.00991,0.009915,23235475
1787978700000,0.009931,0.010021,0.009907,0.009924,15615264
1787979600000,0.009934,0.010028,0.00983,0.009833,13212341
1787980500000,0.009838,0.010003,0.009832,0.009914,11678571
1787981400000,0.009916,0.010148,0.009846,0.010103,18744464
1787982300000,0.010105,0.010145,0.009992,0.010127,11655568
1787983200000,0.010117,0.010988,0.01004,0.010691,183324513
1787984100000,0.01068,0.010795,0.010134,0.01035,72205359
1787985000000,0.01035,0.010548,0.01026,0.01037,33946387
1787985900000,0.010368,0.010714,0.010243,0.010602,38876365
1787986800000,0.010601,0.010863,0.010552,0.010663,50417808
1787987700000,0.010671,0.01085,0.010567,0.010716,34698701
1787988600000,0.010733,0.010775,0.010444,0.010568,51066415
1787989500000,0.010578,0.010668,0.010464,0.010499,41246541
1787990400000,0.010499,0.010529,0.00967,0.009767,112184876
1787991300000,0.009773,0.009943,0.009716,0.009906,48362855
1787992200000,0.009905,0.009913,0.009768,0.009861,18153013
1787993100000,0.009855,0.009934,0.009707,0.009727,22298260
1787994000000,0.00973,0.00983,0.009676,0.009723,18124121
1787994900000,0.009723,0.009727,0.009582,0.009703,22204416
1787995800000,0.009705,0.009807,0.009682,0.00974,8994585
1787996700000,0.00974,0.00977,0.009688,0.009734,4687427
1787997600000,0.009736,0.009808,0.009698,0.009794,9324151
1787998500000,0.009791,0.00981,0.009703,0.009783,8927777
1787999400000,0.009785,0.009933,0.009764,0.009928,12675446
1788000300000,0.009924,0.009958,0.00978,0.00988,16676159
1788001200000,0.009881,0.009937,0.009878,0.009896,5912638
1788002100000,0.009891,0.009954,0.00983,0.009833,6933589
1788003000000,0.009838,0.00986,0.009822,0.009835,3799670
1788003900000,0.009838,0.009844,0.00976,0.009778,7864089
1788004800000,0.009785,0.009788,0.0097,0.009749,7911658
1788005700000,0.009751,0.009759,0.009714,0.009727,3440609
1788006600000,0.009724,0.009939,0.009721,0.009858,15133461
1788007500000,0.009856,0.01019,0.009835,0.010024,29980179
1788008400000,0.010031,0.010036,0.009868,0.009891,12672598
1788009300000,0.009887,0.010006,0.009875,0.009972,6172838
1788010200000,0.009966,0.009978,0.009847,0.00989,11347289
1788011100000,0.009896,0.009931,0.00984,0.00984,6524108
1788012000000,0.009839,0.009863,0.009695,0.009738,15647780
1788012900000,0.009745,0.009922,0.009739,0.009857,10769105
1788013800000,0.009864,0.009885,0.00983,0.009839,4003967
1788014700000,0.009845,0.009929,0.009792,0.009885,8299815
1788015600000,0.009888,0.010047,0.009858,0.01004,12679508
1788016500000,0.01004,0.010154,0.010001,0.010074,11528888
1788017400000,0.010072,0.010259,0.010057,0.01016,14271361
1788018300000,0.010156,0.010218,0.010093,0.010113,13165125
1788019200000,0.01011,0.01043,0.010108,0.010405,22857035
1788020100000,0.010404,0.01046,0.010305,0.010395,30521748
1788021000000,0.010402,0.010591,0.010326,0.010543,38765124
1788021900000,0.010534,0.010566,0.010105,0.01015,47081996
1788022800000,0.010155,0.010234,0.010022,0.010187,32984396
1788023700000,0.010192,0.010264,0.010141,0.010233,9236901
1788024600000,0.010232,0.010452,0.010182,0.010388,16601510
1788025500000,0.010391,0.010432,0.010303,0.010348,8108776
1788026400000,0.010347,0.01041,0.01033,0.010361,8721588
1788027300000,0.01036,0.010429,0.010311,0.010337,6884794
1788028200000,0.010339,0.010586,0.010324,0.010516,15514281
1788029100000,0.010522,0.010623,0.010494,0.010547,16544764
1788030000000,0.010546,0.010721,0.010476,0.010684,23132065
1788030900000,0.010684,0.010787,0.010602,0.010778,18291114
1788031800000,0.010779,0.010819,0.01066,0.010759,25655351
1788032700000,0.01076,0.010929,0.010758,0.010813,32245690
1788033600000,0.010813,0.010879,0.010706,0.010846,21999300
1788034500000,0.010844,0.010869,0.010558,0.010636,34703509
1788035400000,0.010636,0.010771,0.010636,0.01071,13887680
1788036300000,0.010709,0.010723,0.010596,0.010651,10844960
1788037200000,0.010646,0.010956,0.010641,0.010934,28997574
1788038100000,0.01093,0.010955,0.01068,0.01082,18706826
1788039000000,0.01082,0.010862,0.01074,0.010787,7513853
1788039900000,0.010783,0.010786,0.01067,0.010704,5941739
1788040800000,0.010704,0.010766,0.010636,0.010675,8806744
1788041700000,0.010679,0.010734,0.010517,0.010534,14584363
1788042600000,0.010536,0.010548,0.010383,0.010485,22027880
1788043500000,0.010491,0.01068,0.01048,0.010674,10643160
1788044400000,0.010671,0.010943,0.01066,0.010937,23385575
1788045300000,0.010936,0.011071,0.010866,0.011054,29686623
1788046200000,0.011054,0.011266,0.010973,0.011116,57320228
1788047100000,0.01111,0.011144,0.010971,0.01107,20209495
1788048000000,0.01107,0.0112,0.010976,0.011102,28011202
1788048900000,0.011103,0.012139,0.01105,0.012081,172665025
1788049800000,0.012085,0.012116,0.011089,0.011167,244483202
1788050700000,0.011164,0.011414,0.010944,0.011238,78055156
1788051600000,0.011238,0.01127,0.010823,0.010966,57843953
1788052500000,0.010969,0.010999,0.010712,0.010994,42745661
1788053400000,0.010997,0.01132,0.01095,0.011256,43312470
1788054300000,0.011251,0.011545,0.011224,0.011331,37725561
1788055200000,0.011329,0.011608,0.011278,0.011543,34995335
1788056100000,0.011537,0.011688,0.011458,0.011673,29347297
1788057000000,0.011671,0.01199,0.011518,0.011972,53884827
1788057900000,0.011974,0.012041,0.011816,0.01189,57188733
1788058800000,0.011896,0.012057,0.011576,0.011579,60183447
1788059700000,0.011584,0.012078,0.011366,0.011557,107362981
1788060600000,0.011553,0.011834,0.01153,0.011707,44846737
1788061500000,0.01171,0.01215,0.011637,0.011955,57515909
1788062400000,0.011953,0.012084,0.011841,0.011971,77485854
1788063300000,0.01197,0.012533,0.011615,0.011768,162518548
1788064200000,0.01177,0.01178,0.011423,0.011503,61856445
1788065100000,0.0115,0.011677,0.011445,0.011586,32859691
1788066000000,0.011583,0.01188,0.011571,0.011868,41476789
1788066900000,0.011868,0.013088,0.011867,0.012946,180528153
1788067800000,0.012939,0.014168,0.012781,0.013993,485652714
1788068700000,0.013988,0.014196,0.01303,0.01349,447106237
1788069600000,0.0135,0.013856,0.013348,0.01349,184275487
1788070500000,0.013492,0.013548,0.013075,0.013328,133966211
1788071400000,0.013327,0.013349,0.012721,0.012899,177585093
1788072300000,0.012894,0.013055,0.012842,0.012895,58800649
1788073200000,0.012894,0.01347,0.012778,0.013203,133759260
1788074100000,0.013204,0.01333,0.012848,0.013009,80990950
1788075000000,0.013013,0.013292,0.0129,0.012973,63341780
1788075900000,0.012975,0.01302,0.01254,0.012991,127656719
1788076800000,0.012991,0.013027,0.012679,0.012841,65436635
1788077700000,0.012833,0.013208,0.012759,0.013036,55556685
1788078600000,0.013036,0.0134,0.01292,0.01321,79475944
1788079500000,0.013204,0.013398,0.013108,0.013304,73117002
1788080400000,0.013304,0.013643,0.012959,0.013194,153092226
1788081300000,0.013204,0.013653,0.013118,0.01357,80420075
1788082200000,0.013565,0.013935,0.013483,0.013811,126718204
1788083100000,0.013819,0.015552,0.01362,0.015417,419808680
1788084000000,0.015418,0.015838,0.01512,0.015698,430716336
1788084900000,0.0157,0.016249,0.015623,0.015849,366290746
1788085800000,0.015844,0.015931,0.015191,0.015476,270193162
1788086700000,0.015471,0.015549,0.0148,0.01496,279294614
1788087600000,0.014958,0.015092,0.014401,0.014731,255844883
1788088500000,0.014731,0.015121,0.014456,0.014981,195868906
1788089400000,0.014982,0.01537,0.014751,0.015201,176290735
1788090300000,0.015201,0.015635,0.014844,0.015394,209686274
1788091200000,0.015398,0.015426,0.014756,0.014921,164201796
1788092100000,0.014926,0.015146,0.014684,0.015141,104114937
1788093000000,0.01514,0.016964,0.015045,0.016877,525663729
1788093900000,0.016871,0.016906,0.016227,0.016263,411736073
1788094800000,0.016271,0.016335,0.01594,0.016084,294152340
1788095700000,0.016084,0.016486,0.015955,0.016128,278722545
1788096600000,0.016135,0.016178,0.01561,0.01581,250486213
1788097500000,0.015809,0.015944,0.01557,0.015747,161498826
1788098400000,0.015741,0.016124,0.015721,0.015982,173945898
1788099300000,0.015979,0.016718,0.015859,0.016477,306455330
1788100200000,0.016476,0.016556,0.015142,0.015474,447965182
1788101100000,0.01548,0.01578,0.015435,0.015675,145746342
1788102000000,0.015677,0.016461,0.015677,0.016155,243421057
1788102900000,0.016155,0.016765,0.015961,0.016104,206760150
1788103800000,0.016113,0.016377,0.015771,0.016249,188485406
1788104700000,0.016252,0.016594,0.016051,0.016134,181903318
1788105600000,0.016139,0.016939,0.016007,0.016627,292057707
1788106500000,0.016625,0.017276,0.016527,0.016807,436165253
1788107400000,0.016804,0.01742,0.016797,0.017145,249211935
1788108300000,0.017143,0.017525,0.017137,0.017334,262909049
1788109200000,0.017332,0.018166,0.017245,0.017921,386918428
1788110100000,0.017922,0.017984,0.017165,0.017239,361900392
1788111000000,0.017241,0.017488,0.016923,0.01709,241419541
1788111900000,0.017091,0.017588,0.017079,0.01745,165519499
1788112800000,0.017448,0.01778,0.017265,0.017653,198660314
1788113700000,0.017648,0.018078,0.017524,0.017931,219650454
1788114600000,0.017933,0.01948,0.017851,0.019399,618146469
1788115500000,0.019399,0.019753,0.018711,0.019247,502946404
1788116400000,0.019247,0.019473,0.018925,0.019004,271192079
1788117300000,0.018996,0.019439,0.018516,0.018888,382947846
1788118200000,0.01888,0.019254,0.01874,0.019239,209262390
1788119100000,0.019241,0.020741,0.019129,0.020525,708594814
1788120000000,0.020519,0.02167,0.020027,0.021041,695858237
1788120900000,0.021045,0.02127,0.020519,0.020849,323682921
1788121800000,0.020847,0.023311,0.020564,0.023042,733562240
1788122700000,0.023038,0.0243,0.02256,0.023225,916305708
1788123600000,0.023215,0.0235,0.022602,0.022965,418193719
1788124500000,0.022967,0.023166,0.0218,0.022224,544240187
1788125400000,0.022224,0.023117,0.022143,0.022821,261001815
1788126300000,0.022825,0.023415,0.022122,0.022784,258924376
1788127200000,0.02279,0.023188,0.02203,0.022507,235035278
1788128100000,0.022517,0.024214,0.022421,0.023797,333550193
1788129000000,0.023809,0.024009,0.023041,0.023405,240758188
1788129900000,0.023404,0.025382,0.023199,0.024885,458500668
1788130800000,0.024868,0.025108,0.023854,0.024344,342883569
1788131700000,0.024351,0.024956,0.024021,0.024317,222032928
1788132600000,0.024315,0.024852,0.023342,0.024809,286395160
1788133500000,0.024803,0.025706,0.024024,0.024246,405612936
1788134400000,0.024256,0.024485,0.021988,0.022267,920814093
1788135300000,0.02226,0.023131,0.021235,0.021853,548204032
1788136200000,0.021853,0.023299,0.021611,0.022869,337090739
1788137100000,0.022863,0.024738,0.022702,0.024069,435865550
1788138000000,0.024067,0.025249,0.023245,0.02357,469240443
1788138900000,0.023582,0.024449,0.02312,0.024161,277276126
1788139800000,0.024161,0.03099,0.024031,0.030596,1315543231
1788140700000,0.030596,0.033667,0.029003,0.030165,1200725704
1788141600000,0.030164,0.031247,0.028223,0.030903,858270464
1788142500000,0.030891,0.032644,0.030056,0.032524,567057875
1788143400000,0.032523,0.033287,0.030022,0.031433,599269444
1788144300000,0.031427,0.032,0.029489,0.02981,433286488
1788145200000,0.029819,0.031747,0.029363,0.031432,456184155
1788146100000,0.031439,0.031657,0.0304,0.030558,233596514
1788147000000,0.030553,0.034856,0.030485,0.032933,715104374
1788147900000,0.032939,0.033368,0.031519,0.032036,319782294
1788148800000,0.03203,0.032386,0.029625,0.030598,491401089
1788149700000,0.030594,0.031576,0.030422,0.030981,274480423
1788150600000,0.030989,0.031788,0.025432,0.026622,903342972
1788151500000,0.026617,0.027648,0.024648,0.027166,615227563
1788152400000,0.027168,0.027265,0.0247,0.025747,589777533
1788153300000,0.02575,0.027291,0.025656,0.026255,299101908
1788154200000,0.026266,0.027645,0.02554,0.026708,356721765
1788155100000,0.026717,0.028712,0.026685,0.027921,439033461
1788156000000,0.027922,0.02805,0.026561,0.027085,337180413
1788156900000,0.027095,0.027885,0.026748,0.027457,214026552
1788157800000,0.027453,0.027777,0.0257,0.02638,279071239
1788158700000,0.02638,0.026825,0.026258,0.026476,164093263
1788159600000,0.026476,0.026532,0.024339,0.025522,559351778
1788160500000,0.025515,0.026255,0.025356,0.025655,240792175
1788161400000,0.025657,0.026872,0.025386,0.026371,260781135
1788162300000,0.026375,0.027147,0.02613,0.02665,233992114
1788163200000,0.026647,0.027045,0.025575,0.026434,333856459
1788164100000,0.026436,0.026518,0.023528,0.024073,655712966
1788165000000,0.024073,0.024245,0.022375,0.022886,655043573
1788165900000,0.022876,0.023333,0.022471,0.02318,426583235
1788166800000,0.023178,0.023799,0.022222,0.022779,505740907
1788167700000,0.02279,0.023619,0.022001,0.023337,417081264
1788168600000,0.023345,0.023358,0.022565,0.022694,243389204
1788169500000,0.022699,0.023464,0.022658,0.023146,224142388
1788170400000,0.023137,0.024092,0.0217,0.022132,501091147
1788171300000,0.022137,0.023502,0.021802,0.023259,352071738
1788172200000,0.023256,0.025355,0.023131,0.024931,618730747
1788173100000,0.024933,0.025522,0.024382,0.025007,481398567
1788174000000,0.025006,0.026536,0.024674,0.025606,536991378
1788174900000,0.025606,0.028293,0.025404,0.027293,716016709
1788175800000,0.027289,0.0279,0.026027,0.027141,628320004
1788176700000,0.027142,0.027957,0.026401,0.026829,398804914
1788177600000,0.026825,0.027444,0.025555,0.026321,496207873
1788178500000,0.026321,0.02698,0.025253,0.025654,338620196
1788179400000,0.025649,0.026435,0.02552,0.025724,266393159
1788180300000,0.025717,0.025841,0.024815,0.025108,345590169
1788181200000,0.025112,0.026229,0.024566,0.026127,449782007
1788182100000,0.026127,0.027769,0.025662,0.02691,596875581
1788183000000,0.026895,0.027831,0.026418,0.027575,382616385
1788183900000,0.027576,0.028965,0.027323,0.028785,778667757
1788184800000,0.028777,0.02969,0.028276,0.029034,752281224
1788185700000,0.029033,0.029759,0.028618,0.02923,502193426
1788186600000,0.029236,0.029897,0.028722,0.029295,414926184
1788187500000,0.029293,0.03021,0.028312,0.029328,684172886
1788188400000,0.02934,0.030066,0.026557,0.02702,889260006
1788189300000,0.027026,0.028378,0.026721,0.028261,397688428
1788190200000,0.028261,0.029261,0.02766,0.029059,434958485
1788191100000,0.029064,0.029399,0.028206,0.028492,330187946
1788192000000,0.028491,0.028505,0.02685,0.027334,466194645
1788192900000,0.027338,0.029655,0.02728,0.029284,415760588
1788193800000,0.029294,0.029999,0.028733,0.029898,381908702
1788194700000,0.0299,0.030449,0.02937,0.02983,440832357
1788195600000,0.029842,0.029895,0.029001,0.02946,286835718
1788196500000,0.02947,0.029561,0.028225,0.028498,262752816
1788197400000,0.028499,0.028865,0.028198,0.028672,183607631
1788198300000,0.028675,0.028738,0.027703,0.028048,219329259
1788199200000,0.028044,0.028791,0.027228,0.027629,363033286
1788200100000,0.027633,0.027794,0.026251,0.027438,374333893
1788201000000,0.027449,0.028088,0.027144,0.027545,232843050
1788201900000,0.027546,0.028634,0.026933,0.027251,270288161
1788202800000,0.027258,0.0285,0.026801,0.028031,231806055
1788203700000,0.028013,0.028297,0.027474,0.027916,188029318
1788204600000,0.027919,0.027938,0.027329,0.027854,104578192
1788205500000,0.027854,0.028091,0.027105,0.027234,142697043
1788206400000,0.027242,0.02744,0.026044,0.026552,229522326
1788207300000,0.026552,0.026618,0.025718,0.026108,215112698
1788208200000,0.026114,0.026999,0.025711,0.02689,197059004
1788209100000,0.026891,0.027342,0.026712,0.027264,136211113
1788210000000,0.027264,0.029373,0.027178,0.028922,313677403
1788210900000,0.028915,0.029021,0.027822,0.027921,241924644
1788211800000,0.027916,0.028639,0.027801,0.028133,157234485
1788212700000,0.028134,0.028498,0.027981,0.028364,83198095
1788213600000,0.028371,0.029554,0.027953,0.028793,249067334
1788214500000,0.028793,0.028977,0.028379,0.028827,118880982
1788215400000,0.028828,0.029296,0.028158,0.02854,128111746
1788216300000,0.02854,0.029312,0.028461,0.028727,119532488
1788217200000,0.028732,0.028957,0.028059,0.028937,106885317
1788218100000,0.028937,0.029115,0.02801,0.028708,130818228
1788219000000,0.028705,0.028825,0.027944,0.028013,97026858
1788219900000,0.028011,0.028257,0.0275,0.028047,132979106
1788220800000,0.028047,0.030081,0.027708,0.029504,426882297
1788221700000,0.029496,0.029946,0.028454,0.028712,219004958
1788222600000,0.028714,0.030587,0.028032,0.028717,345853591
1788223500000,0.028718,0.029257,0.028369,0.02919,145092025
1788224400000,0.02919,0.030796,0.028547,0.029899,277688041
1788225300000,0.0299,0.031182,0.02902,0.030464,307303209
1788226200000,0.03047,0.032,0.030168,0.03077,330414997
1788227100000,0.030771,0.031931,0.030449,0.0314,227681442
1788228000000,0.0314,0.031412,0.029769,0.030218,253572844
1788228900000,0.030218,0.030675,0.029511,0.03003,168091711
1788229800000,0.030027,0.030448,0.029303,0.029577,158335209
1788230700000,0.029576,0.029976,0.02925,0.029555,111560285
1788231600000,0.029554,0.030195,0.029253,0.030058,109235767
1788232500000,0.030059,0.030187,0.028445,0.029062,204192118
1788233400000,0.029063,0.030107,0.02874,0.029669,122390747
1788234300000,0.029666,0.029988,0.029169,0.029375,105722577
1788235200000,0.029376,0.029391,0.028035,0.028855,157005664
1788236100000,0.02885,0.028922,0.027327,0.02764,214281634
1788237000000,0.027639,0.028365,0.027608,0.027831,115635583
1788237900000,0.027832,0.028896,0.027701,0.028862,105401008
1788238800000,0.02887,0.028944,0.028294,0.028414,95020297
1788239700000,0.028414,0.028938,0.028,0.028825,96144482
1788240600000,0.028825,0.02973,0.028701,0.02907,161252073
1788241500000,0.029072,0.030998,0.028794,0.029435,278273768
1788242400000,0.029436,0.029654,0.02837,0.028504,135758154
1788243300000,0.028504,0.028789,0.028071,0.028697,91582734
1788244200000,0.028696,0.028697,0.028182,0.028272,62780685
1788245100000,0.028274,0.028613,0.028108,0.028496,71188084
1788246000000,0.028496,0.028512,0.02782,0.028394,114993937
1788246900000,0.028396,0.02886,0.028214,0.028223,87972276
1788247800000,0.028223,0.028453,0.028092,0.028298,52432666
1788248700000,0.028299,0.0292,0.028034,0.028382,125054502
1788249600000,0.028361,0.028641,0.028101,0.028122,74203893
1788250500000,0.028116,0.028116,0.024612,0.025781,417125218
1788251400000,0.025769,0.0271,0.025759,0.026898,194392190
1788252300000,0.026894,0.027121,0.026414,0.026734,134676639
1788253200000,0.026737,0.026756,0.025444,0.026378,204080670
1788254100000,0.026382,0.027195,0.026148,0.026645,181824746
1788255000000,0.026646,0.026689,0.025937,0.026416,117819841
1788255900000,0.026421,0.026691,0.02527,0.026031,175739990
1788256800000,0.026032,0.026404,0.025217,0.025913,176686991
1788257700000,0.025914,0.026082,0.024338,0.024969,205325768
1788258600000,0.02498,0.025599,0.024863,0.025422,108404725
1788259500000,0.025422,0.0262,0.025345,0.025981,116103510
1788260400000,0.025981,0.026008,0.024973,0.025163,105994665
1788261300000,0.025159,0.025572,0.024805,0.025319,75314504
1788262200000,0.025322,0.025894,0.02523,0.025737,78081616
1788263100000,0.02574,0.026334,0.025544,0.025828,108897974
1788264000000,0.025839,0.025852,0.023612,0.023788,235846023
1788264900000,0.023787,0.02409,0.023245,0.023891,235919139
1788265800000,0.02389,0.024368,0.023648,0.024169,108969841
1788266700000,0.024169,0.024561,0.02372,0.023847,121560294
1788267600000,0.023852,0.024174,0.022904,0.024066,206415402
1788268500000,0.024071,0.024698,0.023862,0.024423,118037418
1788269400000,0.024423,0.025161,0.024355,0.025083,135779252
1788270300000,0.025084,0.0251,0.024102,0.024146,89270005
1788271200000,0.024151,0.024477,0.023899,0.024243,102468734
1788272100000,0.024245,0.024262,0.023606,0.023914,103869588
1788273000000,0.023907,0.024289,0.02355,0.024054,85890915
1788273900000,0.024054,0.024369,0.023912,0.024122,70120608
1788274800000,0.024119,0.024168,0.023665,0.0238,83196826
1788275700000,0.0238,0.02399,0.023557,0.023711,81898343
1788276600000,0.023713,0.02525,0.023656,0.024838,186115247
1788277500000,0.024834,0.024976,0.023472,0.023635,146471175
1788278400000,0.023632,0.023959,0.023124,0.02324,123233245
1788279300000,0.023239,0.023698,0.023112,0.023305,106274174
1788280200000,0.023305,0.023432,0.02275,0.023131,117875937
1788281100000,0.023131,0.023565,0.022806,0.023214,104934153
1788282000000,0.023217,0.023354,0.022717,0.02289,96841869
1788282900000,0.022889,0.02296,0.022318,0.022364,107988886
1788283800000,0.022364,0.023196,0.022252,0.022666,109896300
1788284700000,0.022658,0.022683,0.0222,0.022509,114954187
1788285600000,0.022509,0.02295,0.022362,0.022581,75217973
1788286500000,0.022581,0.02308,0.022512,0.022546,58004012
1788287400000,0.022546,0.022933,0.022389,0.022478,50484049
1788288300000,0.022478,0.022703,0.022201,0.022516,67350003
1788289200000,0.022517,0.022813,0.02246,0.022525,39914846
1788290100000,0.022529,0.022734,0.022478,0.022597,31473018
1788291000000,0.022597,0.022655,0.022147,0.022262,53288311
1788291900000,0.022266,0.022764,0.022265,0.022697,33506977
1788292800000,0.022701,0.022956,0.022484,0.022776,58364792
1788293700000,0.022778,0.023344,0.022627,0.023275,65422749
1788294600000,0.023276,0.023469,0.022983,0.023077,60824226
1788295500000,0.023081,0.023124,0.022727,0.022936,39934000
1788296400000,0.022936,0.023223,0.022638,0.022638,31213450
1788297300000,0.022647,0.023665,0.02258,0.023465,56102845
1788298200000,0.023474,0.023585,0.02291,0.023143,32756519
1788299100000,0.023144,0.023276,0.022956,0.022994,17829372
1788300000000,0.022993,0.023446,0.02287,0.023299,30245501
1788300900000,0.023299,0.02353,0.023083,0.023135,35953209
1788301800000,0.023133,0.023243,0.02296,0.022997,24299399
1788302700000,0.022997,0.023117,0.022603,0.022748,32585274
1788303600000,0.022749,0.022949,0.022281,0.022384,41407141
1788304500000,0.022382,0.022584,0.021881,0.022113,68978115
1788305400000,0.022112,0.022478,0.021813,0.022109,66513628
1788306300000,0.022108,0.022495,0.022097,0.022284,39988870
1788307200000,0.022289,0.023333,0.022006,0.022409,184783296
1788308100000,0.022413,0.022891,0.021521,0.022107,120314270
1788309000000,0.022106,0.022415,0.020243,0.020347,222987460
1788309900000,0.020348,0.020678,0.020013,0.020562,155901492
1788310800000,0.020563,0.020577,0.019718,0.020074,187854067
1788311700000,0.020074,0.020228,0.019247,0.019496,151268025
1788312600000,0.019495,0.020636,0.019338,0.020628,187174101
1788313500000,0.020623,0.020952,0.020179,0.020712,146772109
1788314400000,0.020715,0.021661,0.020264,0.020516,214424391
1788315300000,0.020521,0.021218,0.020324,0.020999,132522306
1788316200000,0.021,0.024917,0.0209,0.024732,374722892
1788317100000,0.024733,0.025,0.023,0.023517,320440846
1788318000000,0.023524,0.025464,0.023453,0.024019,298368979
1788318900000,0.024013,0.025106,0.02374,0.02467,174842022
1788319800000,0.024665,0.024801,0.022607,0.022626,204486911
1788320700000,0.022618,0.022846,0.022055,0.022357,172959476
1788321600000,0.022358,0.022965,0.021838,0.022192,181612224
1788322500000,0.022193,0.023192,0.02193,0.023051,112502761
1788323400000,0.02305,0.02306,0.021968,0.022617,102443059
1788324300000,0.022627,0.022998,0.022393,0.022909,49999502
1788325200000,0.022908,0.023931,0.022748,0.022821,149374886
1788326100000,0.022818,0.023318,0.022597,0.02317,70185540
1788327000000,0.023172,0.024047,0.023159,0.023554,94138551
1788327900000,0.023555,0.023886,0.023179,0.0235,67027279
1788328800000,0.023496,0.024134,0.023033,0.023092,96842414
1788329700000,0.023089,0.023931,0.022944,0.023842,75733707
1788330600000,0.023836,0.02437,0.021379,0.021629,240819217
1788331500000,0.021626,0.022338,0.021486,0.022015,134253550
1788332400000,0.022022,0.0223,0.021911,0.022186,73317959
1788333300000,0.022186,0.022434,0.02173,0.022179,83628431
1788334200000,0.022172,0.022172,0.020807,0.02128,173614743
1788335100000,0.021279,0.021725,0.021165,0.021563,81558628
1788336000000,0.021564,0.021959,0.021245,0.021928,83569400
1788336900000,0.021927,0.02203,0.021511,0.021543,41089791
1788337800000,0.021544,0.021838,0.021327,0.021529,55262800
1788338700000,0.021535,0.021552,0.02126,0.021378,41027267
1788339600000,0.021371,0.022396,0.021367,0.021997,89379782
1788340500000,0.021996,0.022161,0.021643,0.021744,42634468
1788341400000,0.021745,0.022019,0.021599,0.021667,31570529
1788342300000,0.021663,0.021771,0.021163,0.021188,57274655
1788343200000,0.021196,0.021527,0.021196,0.021328,47802574
1788344100000,0.021329,0.021426,0.02084,0.021,56478145
1788345000000,0.020998,0.021119,0.020743,0.020954,50732970
1788345900000,0.020954,0.021063,0.020762,0.020905,51942594
1788346800000,0.020913,0.021163,0.020789,0.020836,38423044
1788347700000,0.020843,0.021336,0.020676,0.021115,68135832
1788348600000,0.021114,0.02124,0.020809,0.020884,41550611
1788349500000,0.020883,0.021435,0.02063,0.02132,52445114
1788350400000,0.021321,0.021689,0.021049,0.021259,62917673
1788351300000,0.021259,0.02179,0.021232,0.021634,45937565
1788352200000,0.021621,0.022429,0.02157,0.022166,83818941
1788353100000,0.022167,0.022814,0.021964,0.022481,93833676
1788354000000,0.022498,0.022946,0.022381,0.022715,75020027
1788354900000,0.022715,0.023234,0.02259,0.023059,81557889
1788355800000,0.023038,0.023093,0.022244,0.022972,91590551
1788356700000,0.022974,0.023352,0.022728,0.022911,72167609
1788357600000,0.022911,0.023486,0.022807,0.023311,50049898
1788358500000,0.023311,0.023408,0.02286,0.023021,44615756
1788359400000,0.02302,0.023547,0.022872,0.023104,48355635
1788360300000,0.023103,0.023213,0.02268,0.022746,57119734
1788361200000,0.022762,0.023348,0.022393,0.023062,122570080
1788362100000,0.023063,0.023312,0.022621,0.023182,46538133
1788363000000,0.023189,0.023437,0.022777,0.023382,32015755
1788363900000,0.023385,0.024854,0.023105,0.024559,97468619
1788364800000,0.024563,0.024947,0.023725,0.024407,134066202
1788365700000,0.02442,0.025287,0.023723,0.023854,199057458
1788366600000,0.023843,0.024313,0.023397,0.024206,146773786
1788367500000,0.024206,0.024267,0.023438,0.023614,53175030
1788368400000,0.023615,0.023943,0.023514,0.023673,38497825
1788369300000,0.023673,0.023913,0.023374,0.023596,43420827
1788370200000,0.023592,0.024396,0.022807,0.022827,85778625
1788371100000,0.022832,0.023439,0.022551,0.02335,76365436
1788372000000,0.02336,0.023881,0.023004,0.023334,62844484
1788372900000,0.02333,0.023487,0.022949,0.023105,42061133
1788373800000,0.023105,0.023205,0.022705,0.022975,33414928
1788374700000,0.022985,0.023078,0.022527,0.02276,30937606
1788375600000,0.022756,0.022903,0.022508,0.022864,33266478
1788376500000,0.022873,0.023052,0.022511,0.022549,39946086
1788377400000,0.022549,0.022755,0.02233,0.022733,27644764
1788378300000,0.022735,0.023214,0.02267,0.023092,32245781
1788379200000,0.023093,0.02311,0.022829,0.02298,21955271
1788380100000,0.022989,0.024119,0.022875,0.02407,88507400
1788381000000,0.024078,0.024081,0.023118,0.023748,108409349
1788381900000,0.023748,0.023773,0.023354,0.023549,68667106
1788382800000,0.023546,0.024023,0.022829,0.023524,96789791
1788383700000,0.023523,0.023637,0.023002,0.02351,38435739
1788384600000,0.023517,0.024558,0.023264,0.024132,38554180
1788385500000,0.024126,0.024131,0.023401,0.023464,23328009
1788386400000,0.023478,0.024119,0.023461,0.023648,27533613
1788387300000,0.023661,0.023883,0.023413,0.023645,26494564
1788388200000,0.023652,0.023692,0.02346,0.023541,13624417
1788389100000,0.023541,0.023625,0.023053,0.023152,19241508
1788390000000,0.023167,0.023406,0.023,0.023231,23597597
1788390900000,0.02323,0.023345,0.022899,0.022926,19270138
1788391800000,0.022925,0.022959,0.02259,0.022603,25430321
1788392700000,0.022605,0.023011,0.022477,0.022951,32478838
1788393600000,0.022944,0.023405,0.02254,0.02304,65132440
1788394500000,0.023034,0.023171,0.022483,0.022996,35900502
1788395400000,0.022997,0.02305,0.02257,0.022916,25304250
1788396300000,0.022928,0.023831,0.022662,0.02293,66654871
1788397200000,0.022929,0.023575,0.022793,0.023146,48868611
1788398100000,0.023139,0.023592,0.022858,0.023116,46097061
1788399000000,0.023102,0.023389,0.021904,0.022149,97003815
1788399900000,0.022149,0.022478,0.021792,0.022361,53604999
1788400800000,0.022361,0.02261,0.022138,0.022572,25380767
1788401700000,0.022571,0.022701,0.021389,0.021463,51662910
1788402600000,0.021462,0.022058,0.021317,0.021785,44090283
1788403500000,0.02179,0.021973,0.021581,0.021652,28905125
1788404400000,0.021652,0.022314,0.021428,0.021862,60158928
1788405300000,0.021862,0.021883,0.021428,0.021566,26571443
1788406200000,0.021567,0.021647,0.021348,0.021363,24033483
1788407100000,0.021373,0.021783,0.021141,0.021652,34305889
1788408000000,0.021644,0.021729,0.0215,0.021566,20681216
1788408900000,0.021571,0.021817,0.021435,0.021588,24835370
1788409800000,0.021582,0.021615,0.021337,0.021362,23229145
1788410700000,0.021362,0.021457,0.021149,0.021324,28497328
1788411600000,0.021324,0.021599,0.021244,0.021589,20502565
1788412500000,0.021588,0.0216,0.021132,0.02127,24140031
1788413400000,0.021266,0.021345,0.02092,0.021172,30705006
1788414300000,0.021176,0.021192,0.020586,0.02092,57140536
1788415200000,0.020918,0.021105,0.020827,0.020982,19159187
1788416100000,0.020982,0.0213,0.020982,0.02114,15185099
1788417000000,0.021144,0.021231,0.020974,0.021111,14596988
1788417900000,0.021111,0.021297,0.020941,0.021169,23551331
1788418800000,0.021169,0.0218,0.021099,0.021642,43381430
1788419700000,0.021642,0.021707,0.021072,0.021174,32715032
1788420600000,0.021174,0.02132,0.020966,0.021043,21430350
1788421500000,0.021044,0.021359,0.020973,0.021253,23284330
1788422400000,0.021261,0.021641,0.021091,0.021484,33044069
1788423300000,0.021487,0.021529,0.020752,0.02091,77182148
1788424200000,0.020916,0.020944,0.02033,0.020357,83090265
1788425100000,0.020358,0.020656,0.020055,0.020371,81604319
1788426000000,0.020371,0.02061,0.020108,0.02026,41683878
1788426900000,0.02026,0.020331,0.020058,0.020112,47425233
1788427800000,0.020112,0.020277,0.020017,0.020261,33975954
1788428700000,0.020262,0.020534,0.020081,0.020352,45177378
1788429600000,0.020353,0.020707,0.020316,0.020379,35910516
1788430500000,0.020379,0.020523,0.020203,0.020341,18421030
1788431400000,0.020339,0.0206,0.020307,0.020481,16530843
1788432300000,0.020478,0.020692,0.020459,0.020514,14572022
1788433200000,0.020517,0.020579,0.020381,0.02042,11798892
1788434100000,0.02042,0.020451,0.020292,0.020402,12237998
1788435000000,0.020407,0.020418,0.020195,0.020258,19267218
1788435900000,0.020259,0.020396,0.020204,0.020347,18637989
1788436800000,0.020347,0.020477,0.020213,0.020258,16805971
1788437700000,0.020258,0.020453,0.020215,0.020372,14382072
1788438600000,0.020378,0.0206,0.020322,0.020448,24613991
1788439500000,0.020443,0.020561,0.020147,0.020176,28656830
1788440400000,0.020175,0.020179,0.019773,0.020015,59444100
1788441300000,0.020013,0.020054,0.01981,0.019899,20883037
1788442200000,0.019907,0.019956,0.019655,0.019673,25707977
1788443100000,0.019672,0.019777,0.019603,0.01969,26272795
1788444000000,0.01969,0.019718,0.019513,0.019557,23771945
1788444900000,0.019555,0.019866,0.019545,0.019667,21017911
1788445800000,0.019665,0.01968,0.019468,0.019512,25569122
1788446700000,0.019511,0.019831,0.019455,0.019803,26334630
1788447600000,0.019807,0.019922,0.019622,0.019636,27094244
1788448500000,0.019643,0.019974,0.019612,0.019952,19284841
1788449400000,0.019956,0.01996,0.019614,0.019729,18562813
1788450300000,0.019729,0.019987,0.01972,0.019933,16216777
1788451200000,0.019933,0.019981,0.019659,0.019708,19800074
1788452100000,0.019707,0.019875,0.019356,0.019475,36670235
1788453000000,0.01947,0.01955,0.019125,0.019214,34169575
1788453900000,0.019214,0.019438,0.019193,0.019321,23477623
1788454800000,0.019321,0.019484,0.019271,0.019377,15534021
1788455700000,0.019381,0.019401,0.019167,0.019176,21146556
1788456600000,0.019178,0.019347,0.019137,0.019202,17833633
1788457500000,0.019202,0.019462,0.019147,0.019329,25607134
1788458400000,0.019327,0.019908,0.019261,0.019661,33303188
1788459300000,0.019661,0.020299,0.019661,0.019945,38696732
1788460200000,0.019944,0.020357,0.019665,0.019883,57523720
1788461100000,0.019883,0.019999,0.019688,0.019743,16868505
1788462000000,0.019741,0.019856,0.019623,0.019645,13079508
1788462900000,0.01965,0.019783,0.019444,0.019596,16493017
1788463800000,0.019586,0.019602,0.019363,0.019433,16443072
1788464700000,0.019433,0.019448,0.019322,0.019377,16202326
1788465600000,0.019378,0.019402,0.018936,0.019146,33203914
1788466500000,0.019149,0.019536,0.018747,0.01936,73188898
1788467400000,0.019357,0.019361,0.019069,0.0191,17481823
1788468300000,0.0191,0.019293,0.019027,0.019293,12141770
1788469200000,0.019293,0.019493,0.019211,0.019398,20090037
1788470100000,0.019388,0.019629,0.019355,0.019613,11004972
1788471000000,0.01962,0.02006,0.019522,0.019996,18670749
1788471900000,0.019997,0.020681,0.019818,0.020073,59716287
1788472800000,0.020077,0.020217,0.019611,0.019844,30268276
1788473700000,0.019845,0.019867,0.019501,0.019644,15457088
1788474600000,0.019643,0.01996,0.019564,0.019777,20141761
1788475500000,0.019777,0.019937,0.019708,0.019787,13056318
1788476400000,0.019784,0.019784,0.019283,0.019428,25267309
1788477300000,0.01943,0.019593,0.019414,0.019469,8450554
1788478200000,0.019469,0.019952,0.019469,0.019734,21417224
1788479100000,0.019734,0.020216,0.019563,0.020173,25535774
1788480000000,0.020174,0.02035,0.019677,0.020163,34446571
1788480900000,0.020166,0.02017,0.019616,0.019803,18277097
1788481800000,0.019804,0.0201,0.019697,0.019813,19749118
1788482700000,0.019815,0.019947,0.019507,0.019572,15961158
1788483600000,0.019573,0.019721,0.019252,0.019636,26640682
1788484500000,0.019636,0.019657,0.019054,0.019215,24866957
1788485400000,0.019216,0.01936,0.018957,0.019327,26254553
1788486300000,0.019326,0.019543,0.018948,0.01907,28101116
1788487200000,0.019069,0.019392,0.019012,0.019224,19132152
1788488100000,0.019225,0.019291,0.01912,0.019167,13532869
1788489000000,0.019168,0.020342,0.019113,0.020111,62062895
1788489900000,0.020111,0.020195,0.01987,0.019988,27291307
1788490800000,0.019995,0.019995,0.019324,0.019404,30745009
1788491700000,0.01941,0.020595,0.019306,0.019728,57673182
1788492600000,0.019729,0.021274,0.019592,0.020889,90887768
1788493500000,0.020889,0.020961,0.019756,0.020302,98289699
1788494400000,0.020296,0.020363,0.019936,0.02009,31115131
1788495300000,0.020084,0.020092,0.019712,0.019817,25216029
1788496200000,0.019817,0.020291,0.01978,0.020083,22110430
1788497100000,0.020083,0.020216,0.019761,0.019812,18142688
1788498000000,0.019818,0.019939,0.019652,0.019695,17664017
1788498900000,0.019696,0.019759,0.019482,0.019623,20109543
1788499800000,0.019624,0.0197,0.019499,0.019622,15756396
1788500700000,0.01962,0.019974,0.019592,0.019671,15871473
1788501600000,0.019668,0.019983,0.019622,0.019664,14708715
1788502500000,0.019665,0.019834,0.01945,0.019805,18987028
1788503400000,0.019804,0.020294,0.019787,0.019834,37549685
1788504300000,0.019834,0.020112,0.019782,0.020042,12398475
1788505200000,0.020042,0.020714,0.020042,0.020526,44351106
1788506100000,0.020526,0.0212,0.020495,0.020718,56112024
1788507000000,0.020726,0.021761,0.020544,0.02165,49367471
1788507900000,0.021649,0.021871,0.021053,0.021435,73474406
1788508800000,0.021445,0.021892,0.021298,0.021388,47042194
1788509700000,0.021388,0.022716,0.021174,0.022014,90397837
1788510600000,0.022013,0.02274,0.021468,0.022431,65823941
1788511500000,0.022434,0.02274,0.021666,0.021848,80381298
1788512400000,0.021843,0.021858,0.021071,0.021108,99436772
1788513300000,0.021098,0.02398,0.020777,0.02363,197733130
1788514200000,0.023616,0.023722,0.023009,0.023619,99896464
1788515100000,0.023619,0.02483,0.023576,0.024524,139751200
1788516000000,0.024525,0.024819,0.023847,0.024157,104893191
1788516900000,0.024159,0.024402,0.023501,0.024021,81038067
1788517800000,0.024012,0.024078,0.022112,0.022121,111520480
1788518700000,0.022128,0.022178,0.021458,0.02157,77099290
1788519600000,0.021569,0.022165,0.021509,0.021863,47458021
1788520500000,0.021868,0.022055,0.021415,0.021662,37706414
1788521400000,0.021668,0.021888,0.021496,0.021684,23703314
1788522300000,0.021681,0.02172,0.021088,0.021511,45873074
1788523200000,0.021507,0.021572,0.021314,0.021458,19817031
1788524100000,0.021458,0.021552,0.021211,0.021247,23724050
1788525000000,0.021247,0.021256,0.020564,0.02062,67481559
1788525900000,0.02062,0.020724,0.020418,0.020571,34165004
1788526800000,0.020574,0.020772,0.020554,0.020659,20561861
1788527700000,0.020661,0.021128,0.020603,0.021008,27796104
1788528600000,0.021012,0.021107,0.020767,0.020887,22430406
1788529500000,0.02089,0.020971,0.020679,0.020733,12444203
1788530400000,0.020737,0.020896,0.020549,0.020607,17763691
1788531300000,0.020607,0.020631,0.02046,0.02058,13323364
1788532200000,0.02058,0.020672,0.02018,0.020279,22781940
1788533100000,0.02028,0.020424,0.019865,0.020247,38821944
1788534000000,0.020246,0.020515,0.020192,0.020415,18510932
1788534900000,0.020415,0.020599,0.020363,0.020575,11321274
1788535800000,0.020574,0.020645,0.020443,0.020522,9092325
1788536700000,0.020524,0.020825,0.020485,0.020676,13999073
1788537600000,0.020677,0.020911,0.020571,0.020844,14229435
1788538500000,0.020845,0.021664,0.020822,0.021184,65203630
1788539400000,0.021189,0.022709,0.02116,0.021801,102370209
1788540300000,0.021796,0.023021,0.021603,0.02255,71025871
1788541200000,0.022548,0.022963,0.021989,0.022596,58878720
1788542100000,0.022602,0.022641,0.022209,0.022524,37612305
1788543000000,0.022524,0.023084,0.022385,0.022761,44010941
1788543900000,0.022757,0.023339,0.022201,0.023116,66179883
1788544800000,0.023106,0.023636,0.022899,0.023274,67393213
1788545700000,0.023265,0.023512,0.022293,0.022363,51794192
1788546600000,0.022365,0.022878,0.022014,0.022713,42028234
1788547500000,0.022712,0.022718,0.022252,0.022557,22817440
1788548400000,0.022567,0.022591,0.021779,0.021847,29202977
1788549300000,0.021846,0.021974,0.021633,0.021916,15583368
1788550200000,0.021915,0.021944,0.021452,0.021499,18445319
1788551100000,0.021503,0.021677,0.02147,0.021565,11428608
1788552000000,0.021564,0.021735,0.021337,0.021375,14915121
1788552900000,0.021376,0.021623,0.021351,0.021542,8861111
1788553800000,0.021548,0.022086,0.021548,0.021871,21400384
1788554700000,0.02187,0.022022,0.021771,0.021983,8797989
1788555600000,0.021984,0.022192,0.021782,0.021912,14490440
1788556500000,0.021907,0.021963,0.021597,0.021803,11536418
1788557400000,0.021805,0.021824,0.021603,0.021672,6687298
1788558300000,0.021672,0.021801,0.021553,0.021773,8185389
1788559200000,0.021777,0.022182,0.021698,0.022172,13970595
1788560100000,0.022172,0.022412,0.02209,0.022139,13156252
1788561000000,0.022138,0.022308,0.022044,0.022136,10303450
1788561900000,0.022136,0.022223,0.0221,0.022129,5402447
1788562800000,0.02213,0.022155,0.021802,0.021838,10320639
1788563700000,0.021839,0.022082,0.021825,0.021858,6688311
1788564600000,0.021847,0.021864,0.021626,0.021652,9345032
1788565500000,0.021658,0.021799,0.02159,0.021767,7807864
1788566400000,0.021772,0.022185,0.021637,0.02212,21552117
1788567300000,0.022123,0.022499,0.021963,0.022152,19665796
1788568200000,0.022149,0.022459,0.022068,0.02222,13650137
1788569100000,0.022223,0.022242,0.02147,0.021778,19040286
1788570000000,0.021779,0.021788,0.021358,0.021371,15252726
1788570900000,0.02137,0.021695,0.021304,0.021442,13860664
1788571800000,0.021435,0.021801,0.021393,0.021724,8796400
1788572700000,0.021712,0.022298,0.02155,0.022193,18049787
1788573600000,0.022189,0.02225,0.021792,0.021855,19864912
1788574500000,0.021849,0.02189,0.021449,0.021504,11046769
1788575400000,0.021496,0.021672,0.021405,0.021542,11780581
1788576300000,0.021541,0.021684,0.021186,0.0214,12904990
